time,open,high,low,close,Volume,STR-001 Signal,Breakout,Volume OK,Market OK,Close,Prior 252 High,Volume,Volume SMA20,ATR14
2000-11-28,28.57142857,28.57142857,28.57142857,28.57142857,14577.5,0,0,1,1,28.57142857,,14577.5,8383.76,2.623907040714284
2000-11-29,28.57142857,28.57142857,28.57142857,28.57142857,11696.3,0,0,1,1,28.57142857,,11696.3,8966.86,2.623907040714284
2000-11-30,28.57142857,32.65305857,28.57142857,28.57142857,25796.4,0,0,1,1,28.57142857,,25796.4,10256.54,2.9154520407142845
2000-12-01,28.57142857,28.57142857,28.57142857,28.57142857,14875.7,0,0,1,1,28.57142857,,14875.7,10998.61,2.9154520407142845
2000-12-04,30.61224571,30.61224571,28.57142857,28.57142857,22687,0,0,1,1,28.57142857,,22687,12084.94,2.915452039999998
2000-12-05,30.61224571,30.61224571,28.57142857,28.57142857,20561.1,0,0,1,1,28.57142857,,20561.1,13095.845,2.9154521421428554
2000-12-06,30.61224571,30.61224571,28.57142857,28.57142857,34808.9,0,0,1,1,28.57142857,,34808.9,14822.570000000002,2.915452244285713
2000-12-07,28.57142857,30.61224571,28.57142857,28.57142857,25722.9,0,0,1,1,28.57142857,,25722.9,16105.285,2.623907039999999
2000-12-08,28.57142857,28.57142857,26.53061143,28.57142857,20699,0,0,1,1,28.57142857,,20699,17105.935,2.332361835714284
2001-02-15,36.73469286,36.73469286,36.73469286,36.73469286,110.6,0,0,0,1,36.73469286,,110.6,17102.890000000003,2.6239068364285703
2001-02-20,36.73469286,36.73469286,36.73469286,36.73469286,10290,0,0,0,1,36.73469286,,10290,17564.225,2.332361632142856
2001-07-18,22.44897857,22.44897857,22.44897857,22.44897857,171.5,0,0,0,0,22.44897857,,171.5,17401.3,3.0612245914285703
2001-10-17,22.44897857,22.44897857,22.44897857,22.44897857,34.3,0,0,0,0,22.44897857,,34.3,16960.545000000002,2.769679387142856
2001-10-22,24.48979571,24.48979571,24.48979571,24.48979571,68.6,0,0,0,0,24.48979571,,68.6,16039.590000000002,2.769679387142856
2001-10-25,16.32653,16.32653,16.32653,16.32653,1200.5,0,0,0,1,16.32653,,1200.5,15200.990000000002,3.352769794999998
2001-10-29,18.36734571,20.40816286,18.36734571,20.40816286,171.5,0,0,0,1,20.40816286,,171.5,14456.680000000002,3.6443149992857125
2001-11-01,26.53061143,26.53061143,26.53061143,26.53061143,343,0,0,0,1,26.53061143,,343,13802.040000000003,3.7900877542857123
2001-11-07,22.44897857,22.44897857,22.44897857,22.44897857,171.5,0,0,0,1,22.44897857,,171.5,12620.895,4.0816329585714275
2001-11-26,26.53061143,26.53061143,26.53061143,26.53061143,102.9,0,0,0,1,26.53061143,,102.9,11513.005000000001,4.227405509999998
2001-11-27,28.57142857,32.65305857,28.57142857,30.61224571,1179.5,0,0,0,1,30.61224571,,1179.5,10263.435000000001,4.518950509999998
2001-11-28,34.69387571,34.69387571,34.69387571,34.69387571,2709.7,0,0,0,1,34.69387571,,2709.7,9670.045000000002,4.664722857142855
2001-11-29,32.65305857,34.69387571,32.65305857,34.69387571,994.7,0,0,0,1,34.69387571,,994.7,9134.965,4.664722857142855
2001-12-03,36.73469286,36.73469286,36.73469286,36.73469286,377.3,0,0,0,1,36.73469286,,377.3,7864.01,4.664722857857141
2001-12-04,38.77551,38.77551,36.73469286,36.73469286,2778.3,0,0,0,1,36.73469286,,2778.3,7259.139999999999,4.227405204285712
2001-12-05,34.69387571,34.69387571,34.69387571,34.69387571,343,0,0,0,1,34.69387571,,343,6141.9400000000005,4.373177857857141
2001-12-06,36.73469286,36.73469286,32.65305857,32.65305857,274.4,0,0,0,1,32.65305857,,274.4,5127.6050000000005,3.644315000714283
2001-12-07,34.69387571,34.69387571,30.61224571,32.65305857,291.2,0,0,0,1,32.65305857,,291.2,3401.7200000000003,3.935860000714283
2001-12-10,34.69387571,34.69387571,34.69387571,34.69387571,34.3,0,0,0,1,34.69387571,,34.3,2117.290000000002,3.935860000714283
2001-12-13,32.65305857,32.65305857,30.61224571,30.61224571,788.9,0,0,0,1,30.61224571,,788.9,1121.7850000000012,3.6443145928571417
2001-12-14,32.65305857,32.65305857,28.57142857,28.57142857,240.1,0,0,0,1,28.57142857,,240.1,1128.2600000000007,3.6443143885714266
2001-12-24,20.40816286,20.40816286,20.40816286,20.40816286,686,0,0,1,1,20.40816286,,686,648.0599999999994,3.7900870414285697
2001-12-31,26.53061143,28.57142857,26.53061143,28.57142857,35416.5,0,0,1,1,28.57142857,,35416.5,2410.309999999998,4.081632244999999
2002-01-01,28.57142857,28.57142857,26.53061143,26.53061143,47829.6,0,0,1,1,26.53061143,,47829.6,4800.074999999999,3.9358596935714267
2002-01-02,28.57142857,28.57142857,26.53061143,28.57142857,32258.1,0,0,1,1,28.57142857,,32258.1,6409.549999999997,3.6443146935714266
2002-01-03,28.57142857,28.57142857,26.53061143,28.57142857,35096.6,0,0,1,1,28.57142857,,35096.6,8104.354999999999,3.498542346428569
2002-01-04,28.57142857,28.57142857,28.57142857,28.57142857,39167.1,0,0,1,1,28.57142857,,39167.1,10054.134999999998,3.352769693571426
2002-01-07,28.57142857,30.61224571,28.57142857,28.57142857,34785.8,0,0,1,1,28.57142857,,34785.8,11776.275,3.3527696928571404
2002-01-08,28.57142857,28.57142857,26.53061143,26.53061143,46853.8,0,0,1,1,26.53061143,,46853.8,14110.390000000003,3.3527696928571404
2002-01-09,28.57142857,28.57142857,26.53061143,26.53061143,37425.5,0,0,1,1,26.53061143,,37425.5,15976.52,3.3527696921428545
2002-01-10,28.57142857,28.57142857,26.53061143,26.53061143,28867.3,0,0,1,1,26.53061143,,28867.3,17360.91,3.206997038571426
2002-01-11,28.57142857,28.57142857,26.53061143,26.53061143,35163.1,0,0,1,1,26.53061143,,35163.1,18983.579999999998,3.0612246914285683
2002-01-14,28.57142857,30.61224571,28.57142857,30.61224571,50985.9,0,0,1,1,30.61224571,,50985.9,21483.14,3.2069973442857114
2002-01-15,32.65305857,32.65305857,28.57142857,28.57142857,38389.4,0,0,1,1,28.57142857,,38389.4,23383.745,3.2069973442857114
2002-01-16,30.61224571,30.61224571,28.57142857,30.61224571,47201.7,0,0,1,1,30.61224571,,47201.7,25604.915,3.0612249971428542
2002-01-17,30.61224571,30.61224571,28.57142857,28.57142857,27449.8,0,0,1,1,28.57142857,,27449.8,26960.254999999997,2.6239072421428546
2002-01-18,30.61224571,30.61224571,28.57142857,28.57142857,50177.4,0,0,1,1,28.57142857,,50177.4,29455.405,2.186589487142854
2002-01-21,30.61224571,30.61224571,28.57142857,28.57142857,26149.2,0,0,0,1,28.57142857,,26149.2,30748.305,2.1865894871428546
2002-01-22,30.61224571,30.61224571,28.57142857,28.57142857,33577.6,0,0,1,1,28.57142857,,33577.6,32425.47,2.1865894871428546
2002-01-23,28.57142857,30.61224571,28.57142857,28.57142857,40641.3,0,0,1,1,28.57142857,,40641.3,34418.09,2.186589487142855
2002-01-24,28.57142857,28.57142857,28.57142857,28.57142857,45543.4,0,0,1,1,28.57142857,,45543.4,36683.255,2.186589487142855
2002-01-25,28.57142857,30.61224571,28.57142857,28.57142857,35007,0,0,0,1,28.57142857,,35007,38399.305,2.186589487142855
2002-01-28,30.61224571,30.61224571,28.57142857,28.57142857,40915,0,0,1,0,28.57142857,,40915,38674.229999999996,2.1865894871428555
2002-01-29,30.61224571,30.61224571,28.57142857,30.61224571,77968.8,0,0,1,0,30.61224571,,77968.8,40181.19,2.186589487142856
2002-01-30,32.65305857,32.65305857,28.57142857,28.57142857,51158.8,0,0,1,0,28.57142857,,51158.8,41126.225,2.332361834285713
2002-01-31,30.61224571,30.61224571,28.57142857,28.57142857,86360.4,0,0,1,1,28.57142857,,86360.4,43689.41500000001,2.3323618342857135
2002-02-01,30.61224571,30.61224571,28.57142857,28.57142857,50208.2,0,0,1,1,28.57142857,,50208.2,44241.47000000001,2.186589181428571
2002-02-04,28.57142857,28.57142857,28.57142857,28.57142857,68866,0,0,1,1,28.57142857,,68866,45945.48,1.8950441814285708
2002-02-05,28.57142857,28.57142857,26.53061143,26.53061143,84107.8,0,0,1,1,26.53061143,,84107.8,47808.18000000001,1.8950441814285706
2002-02-06,26.53061143,28.57142857,26.53061143,26.53061143,76234.2,0,0,1,1,26.53061143,,76234.2,49748.615000000005,1.8950441814285703
2002-02-07,26.53061143,26.53061143,26.53061143,26.53061143,64423.1,0,0,1,1,26.53061143,,64423.1,51526.405000000006,1.7492715285714273
2002-02-08,26.53061143,26.53061143,26.53061143,26.53061143,61450.2,0,0,1,1,26.53061143,,61450.2,52840.76000000001,1.6034988757142845
2002-02-11,26.53061143,26.53061143,26.53061143,26.53061143,62125,0,0,1,1,26.53061143,,62125,53397.715000000004,1.4577262228571415
2002-02-12,26.53061143,26.53061143,22.44897857,24.48979571,83595.4,0,0,1,1,24.48979571,,83595.4,55658.015,1.6034987742857125
2002-02-13,24.48979571,26.53061143,22.44897857,24.48979571,75381.6,0,0,1,1,24.48979571,,75381.6,57067.01000000001,1.8950439785714264
2002-02-14,24.48979571,26.53061143,24.48979571,24.48979571,75497.1,0,0,1,1,24.48979571,,75497.1,59469.375000000015,1.8950438771428553
2002-02-15,26.53061143,26.53061143,24.48979571,24.48979571,90633.9,0,0,1,1,24.48979571,,90633.9,61492.20000000001,1.8950437757142835
2002-02-20,24.48979571,24.48979571,24.48979571,24.48979571,83768.3,0,0,1,1,24.48979571,,83768.3,64373.155000000006,1.7492711228571405
2002-02-21,24.48979571,24.48979571,24.48979571,24.48979571,95019.4,0,0,1,1,24.48979571,,95019.4,67445.24500000001,1.4577261228571405
2002-02-22,24.48979571,24.48979571,24.48979571,24.48979571,82002.9,0,0,1,1,24.48979571,,82002.9,69513.32500000001,1.3119534699999975
2002-02-25,24.48979571,28.57142857,24.48979571,26.53061143,106379.7,0,0,1,1,26.53061143,,106379.7,72555.14,1.4577260214285688
2002-02-26,28.57142857,28.57142857,26.53061143,26.53061143,106670.2,0,0,1,1,26.53061143,,106670.2,76138.30000000002,1.6034986742857116
2002-02-27,28.57142857,28.57142857,26.53061143,26.53061143,130029.9,0,0,1,1,26.53061143,,130029.9,80594.04500000001,1.6034986742857116
2002-02-28,26.53061143,28.57142857,26.53061143,28.57142857,201294.8,0,0,1,1,28.57142857,,201294.8,86760.345,1.6034986742857116
2002-03-01,28.57142857,30.61224571,28.57142857,28.57142857,129997,0,0,1,1,28.57142857,,129997,90702.25499999999,1.7492713271428546
2002-03-04,28.57142857,28.57142857,28.57142857,28.57142857,114312.8,0,0,1,1,28.57142857,,114312.8,92099.87499999999,1.7492713271428546
2002-03-05,28.57142857,28.57142857,28.57142857,28.57142857,98698.6,0,0,1,1,28.57142857,,98698.6,94524.39499999999,1.7492713271428548
2002-03-06,28.57142857,28.57142857,28.57142857,28.57142857,95652.2,0,0,0,1,28.57142857,,95652.2,95863.70499999999,1.4577261228571405
2002-03-07,28.57142857,28.57142857,28.57142857,28.57142857,99006.6,0,0,1,1,28.57142857,,99006.6,96608.64499999999,1.166180918571426
2002-03-08,28.57142857,28.57142857,28.57142857,28.57142857,118477.1,0,0,1,1,28.57142857,,118477.1,98720.79,1.0204083671428545
2002-03-11,28.57142857,28.57142857,28.57142857,28.57142857,128142.7,0,0,1,1,28.57142857,,128142.7,101906.76999999999,0.8746358157142832
2002-03-12,28.57142857,28.57142857,26.53061143,28.57142857,121916.2,0,0,1,1,28.57142857,,121916.2,104930.06999999999,1.0204084685714259
2002-03-13,28.57142857,28.57142857,28.57142857,28.57142857,125230.7,0,0,1,1,28.57142857,,125230.7,108085.35499999998,1.0204084685714259
2002-03-14,28.57142857,28.57142857,26.53061143,26.53061143,61259.8,0,0,0,1,26.53061143,,61259.8,106968.575,1.1661811214285684
2002-03-15,26.53061143,28.57142857,26.53061143,26.53061143,91826,0,0,0,1,26.53061143,,91826,107790.795,1.020408569999997
2002-03-18,26.53061143,28.57142857,26.53061143,26.53061143,77179.9,0,0,0,1,26.53061143,,77179.9,107874.93499999998,1.020408569999997
2002-03-19,26.53061143,26.53061143,26.53061143,26.53061143,78115.8,0,0,0,1,26.53061143,,78115.8,107249.02999999998,0.8746359171428544
2002-03-20,26.53061143,26.53061143,24.48979571,26.53061143,56980,0,0,0,1,26.53061143,,56980,105909.61499999999,0.8746358157142833
2002-03-21,26.53061143,26.53061143,24.48979571,26.53061143,48043.8,0,0,0,1,26.53061143,,48043.8,103560.83499999999,0.8746357142857117
2002-03-22,26.53061143,26.53061143,24.48979571,26.53061143,67943.4,0,0,0,1,26.53061143,,67943.4,102857.85999999999,1.020408265714283
2002-03-26,26.53061143,26.53061143,26.53061143,26.53061143,57342.6,0,0,0,1,26.53061143,,57342.6,100406.00499999998,1.020408265714283
2002-03-27,26.53061143,26.53061143,24.48979571,24.48979571,52650.5,0,0,0,1,24.48979571,,52650.5,97705.01999999999,1.1661808171428547
2002-04-01,26.53061143,26.53061143,24.48979571,24.48979571,2481.5,0,0,0,1,24.48979571,,2481.5,91327.59999999999,1.3119533685714262
2002-04-02,26.53061143,26.53061143,24.48979571,24.48979571,9234.4,0,0,0,1,24.48979571,,9234.4,81724.57999999999,1.4577259199999975
2002-04-03,24.48979571,26.53061143,24.48979571,24.48979571,5539.1,0,0,0,1,24.48979571,,5539.1,75501.68499999998,1.6034984714285692
2002-04-04,22.44897857,24.48979571,22.44897857,24.48979571,11850.3,0,0,0,1,24.48979571,,11850.3,70378.55999999998,1.6034984714285692
2002-04-05,24.48979571,24.48979571,24.48979571,24.48979571,4462.5,0,0,0,1,24.48979571,,4462.5,65666.75499999998,1.6034984714285692
2002-04-08,24.48979571,24.48979571,24.48979571,24.48979571,7408.8,0,0,0,1,24.48979571,,7408.8,61254.584999999985,1.4577258185714261
2002-04-09,24.48979571,24.48979571,22.44897857,24.48979571,8992.9,0,0,0,1,24.48979571,,8992.9,56753.89999999999,1.4577258185714261
2002-04-10,22.44897857,24.48979571,22.44897857,24.48979571,4109,0,0,0,1,24.48979571,,4109,51035.49499999998,1.4577258185714261
2002-04-11,24.48979571,24.48979571,22.44897857,24.48979571,5724.6,0,0,0,1,24.48979571,,5724.6,44914.589999999975,1.6034984714285692
2002-04-12,24.48979571,24.48979571,22.44897857,22.44897857,10701.6,0,0,0,1,22.44897857,,10701.6,39353.85999999997,1.6034985728571403
2002-04-15,24.48979571,24.48979571,22.44897857,22.44897857,8488.9,0,0,0,1,22.44897857,,8488.9,33516.769999999975,1.6034986742857116
2002-04-16,22.44897857,24.48979571,22.44897857,22.44897857,6458.2,0,0,0,1,22.44897857,,6458.2,30776.68999999998,1.6034987757142827
2002-04-17,24.48979571,24.48979571,22.44897857,22.44897857,6122.9,0,0,0,1,22.44897857,,6122.9,26491.534999999974,1.7492714285714253
2002-04-18,24.48979571,24.48979571,24.48979571,24.48979571,9402.4,0,0,0,1,24.48979571,,9402.4,23102.659999999967,1.7492715299999964
2002-04-19,24.48979571,24.48979571,22.44897857,22.44897857,6758.5,0,0,0,0,22.44897857,,6758.5,19534.794999999966,1.7492716314285677
2002-04-22,24.48979571,24.48979571,22.44897857,22.44897857,7701.4,0,0,0,0,22.44897857,,7701.4,17070.864999999972,1.7492717328571388
2002-04-23,22.44897857,22.44897857,22.44897857,22.44897857,9356.9,0,0,0,0,22.44897857,,9356.9,15136.519999999979,1.6034991814285673
2002-04-24,22.44897857,22.44897857,22.44897857,22.44897857,2246.3,0,0,0,0,22.44897857,,2246.3,11851.66499999998,1.4577265285714245
2002-04-25,22.44897857,22.44897857,22.44897857,22.44897857,6283.2,0,0,0,0,22.44897857,,6283.2,9298.694999999985,1.4577265285714245
2002-04-26,22.44897857,22.44897857,22.44897857,22.44897857,3292.8,0,0,0,0,22.44897857,,3292.8,6830.809999999988,1.4577265285714245
2002-04-29,22.44897857,24.48979571,22.44897857,24.48979571,8934.8,0,0,1,0,24.48979571,,8934.8,7153.475,1.4577265285714245
2002-04-30,24.48979571,26.53061143,22.44897857,24.48979571,10113.6,0,0,1,0,24.48979571,,10113.6,7197.435,1.6034990799999964
2002-05-02,24.48979571,26.53061143,24.48979571,26.53061143,6379.8,0,0,0,0,26.53061143,,6379.8,7239.469999999996,1.6034989785714249
2002-05-03,26.53061143,26.53061143,24.48979571,24.48979571,10068.8,0,0,1,0,24.48979571,,10068.8,7150.395000000001,1.6034988771428533
2002-05-06,24.48979571,26.53061143,24.48979571,24.48979571,5259.1,0,0,0,0,24.48979571,,5259.1,7190.224999999997,1.6034987757142822
2002-05-07,26.53061143,26.53061143,24.48979571,24.48979571,4309.9,0,0,0,1,24.48979571,,4309.9,7035.279999999992,1.6034986742857111
2002-05-08,24.48979571,24.48979571,24.48979571,24.48979571,6479.2,0,0,0,1,24.48979571,,6479.2,6909.594999999987,1.4577260214285683
2002-05-09,24.48979571,24.48979571,22.44897857,24.48979571,7070.7,0,0,1,1,24.48979571,,7070.7,7057.679999999986,1.4577260214285686
2002-05-10,24.48979571,24.48979571,22.44897857,22.44897857,7139.3,0,0,1,1,22.44897857,,7139.3,7128.4149999999845,1.4577260214285686
2002-05-13,24.48979571,24.48979571,22.44897857,22.44897857,15668.1,0,0,1,1,22.44897857,,15668.1,7376.740000000001,1.4577260214285686
2002-05-14,22.44897857,24.48979571,22.44897857,22.44897857,2295.3,0,0,0,1,22.44897857,,2295.3,7067.059999999998,1.6034986742857114
2002-05-15,22.44897857,24.48979571,22.44897857,22.44897857,1852.2,0,0,0,0,22.44897857,,1852.2,6836.759999999997,1.749271327142854
2002-05-16,22.44897857,22.44897857,22.44897857,22.44897857,5744.9,0,0,0,0,22.44897857,,5744.9,6817.860000000001,1.749271327142854
2002-05-17,22.44897857,22.44897857,20.40816286,22.44897857,7614.6,0,0,1,0,22.44897857,,7614.6,6728.470000000001,1.89504387785714
2002-05-20,22.44897857,22.44897857,20.40816286,20.40816286,5316.5,0,0,0,0,20.40816286,,5316.5,6656.370000000001,1.895043775714283
2002-05-21,20.40816286,20.40816286,18.36734571,18.36734571,14285.6,0,0,1,0,18.36734571,,14285.6,6985.58,1.7492712249999975
2002-05-22,18.36734571,20.40816286,18.36734571,20.40816286,4013.1,0,0,0,0,20.40816286,,4013.1,6718.390000000001,1.749271327142855
2002-05-23,20.40816286,20.40816286,20.40816286,20.40816286,926.1,0,0,0,0,20.40816286,,926.1,6652.38,1.6034987757142836
2002-05-24,20.40816286,22.44897857,20.40816286,20.40816286,2503.9,0,0,0,0,20.40816286,,2503.9,6463.415000000001,1.6034987749999978
2002-05-27,22.44897857,22.44897857,20.40816286,22.44897857,6874,0,0,1,0,22.44897857,,6874,6642.475000000001,1.6034987742857116
2002-05-28,22.44897857,22.44897857,20.40816286,20.40816286,7413.7,0,0,1,0,20.40816286,,7413.7,6566.420000000001,1.7492713249999976
2002-05-29,20.40816286,20.40816286,20.40816286,20.40816286,8677.9,0,0,1,0,20.40816286,,8677.9,6494.635,1.6034986721428548
2002-05-30,20.40816286,20.40816286,20.40816286,20.40816286,2623.6,0,0,0,0,20.40816286,,2623.6,6306.825,1.4577260192857118
2002-05-31,20.40816286,20.40816286,20.40816286,20.40816286,2299.5,0,0,0,0,20.40816286,,2299.5,5918.36,1.3119533664285694
2002-06-03,20.40816286,20.40816286,20.40816286,20.40816286,7751.8,0,0,1,0,20.40816286,,7751.8,6042.995,1.1661807135714264
2002-06-04,20.40816286,22.44897857,20.40816286,22.44897857,14994,0,0,1,0,22.44897857,,14994,6577.2,1.1661806114285695
2002-06-05,22.44897857,26.53061143,22.44897857,26.53061143,35464.1,0,0,1,0,26.53061143,,35464.1,8026.4450000000015,1.4577258157142836
2002-06-06,28.57142857,30.61224571,26.53061143,28.57142857,51132.9,0,0,1,0,28.57142857,,51132.9,10229.555,1.6034985707142835
2002-06-07,26.53061143,28.57142857,26.53061143,26.53061143,14457.8,0,0,1,0,26.53061143,,14457.8,10595.480000000001,1.6034986728571405
2002-06-10,26.53061143,28.57142857,26.53061143,26.53061143,16860.2,0,0,1,0,26.53061143,,16860.2,10655.085000000001,1.6034986721428546
2002-06-11,26.53061143,28.57142857,26.53061143,26.53061143,8057,0,0,0,1,26.53061143,,8057,10943.170000000002,1.6034986714285684
2002-06-12,26.53061143,26.53061143,26.53061143,26.53061143,9174.9,0,0,0,1,26.53061143,,9174.9,11309.305000000002,1.6034986714285684
2002-06-13,26.53061143,26.53061143,24.48979571,24.48979571,4904.9,0,0,0,1,24.48979571,,4904.9,11267.305000000002,1.6034986721428541
2002-06-14,22.44897857,28.57142857,22.44897857,28.57142857,14904.4,0,0,1,1,28.57142857,,14904.4,11631.795000000002,1.8950439785714257
2002-06-17,26.53061143,28.57142857,26.53061143,28.57142857,39507.3,0,0,1,1,28.57142857,,39507.3,13341.335000000001,1.8950440807142823
2002-06-18,28.57142857,32.65305857,28.57142857,30.61224571,52163.3,0,0,1,1,30.61224571,,52163.3,15235.220000000001,2.1865890807142825
2002-06-19,32.65305857,32.65305857,28.57142857,28.57142857,37880.5,0,0,1,1,28.57142857,,37880.5,16928.590000000004,2.4781340807142826
2002-06-20,32.65305857,32.65305857,28.57142857,32.65305857,56583.1,0,0,1,1,32.65305857,,56583.1,19711.440000000002,2.769679080714283
2002-06-21,32.65305857,32.65305857,30.61224571,30.61224571,29177.4,0,0,1,1,30.61224571,,29177.4,21045.115,2.9154514278571395
2002-06-24,30.61224571,30.61224571,30.61224571,30.61224571,13206.9,0,0,0,1,30.61224571,,13206.9,21361.760000000002,2.7696788771428538
2002-06-25,30.61224571,30.61224571,28.57142857,28.57142857,9741.2,0,0,0,0,28.57142857,,9741.2,21478.135000000002,2.6239063257142825
2002-06-26,28.57142857,28.57142857,28.57142857,28.57142857,9535.4,0,0,0,0,28.57142857,,9535.4,21521.010000000002,2.332361019999997
2002-07-01,22.44897857,22.44897857,20.40816286,20.40816286,48743.1,0,0,1,1,20.40816286,,48743.1,23826.985000000004,2.769678774999997
2002-07-02,22.44897857,22.44897857,20.40816286,20.40816286,39506.6,0,0,1,1,20.40816286,,39506.6,25687.340000000004,2.76967867285714
2002-07-03,22.44897857,22.44897857,20.40816286,20.40816286,19159,0,0,0,1,20.40816286,,19159,26257.700000000004,2.7696785707142832
2002-07-04,20.40816286,20.40816286,20.40816286,20.40816286,45134.6,0,0,1,1,20.40816286,,45134.6,27764.730000000003,2.7696785707142832
2002-07-05,20.40816286,20.40816286,20.40816286,20.40816286,39967.9,0,0,1,1,20.40816286,,39967.9,27989.920000000006,2.6239060192857115
2002-07-08,20.40816286,22.44897857,20.40816286,22.44897857,85203.3,0,0,1,1,22.44897857,,85203.3,29693.44000000001,2.3323607128571404
2002-07-09,24.48979571,24.48979571,22.44897857,24.48979571,124499.9,0,0,1,1,24.48979571,,124499.9,35195.545000000006,2.332360712857141
2002-07-10,22.44897857,24.48979571,22.44897857,22.44897857,63406,0,0,1,1,22.44897857,,63406,37522.83500000001,2.1865883657142833
2002-07-11,22.44897857,26.53061143,22.44897857,24.48979571,138125.4,0,0,1,1,24.48979571,,138125.4,44026.255000000005,2.1865885699999974
2002-07-12,24.48979571,24.48979571,22.44897857,22.44897857,50553.3,0,0,1,1,22.44897857,,50553.3,46095.175,2.04081622285714
2002-07-15,22.44897857,24.48979571,22.44897857,22.44897857,45096.1,0,0,0,1,22.44897857,,45096.1,48104.73500000001,2.0408165285714253
2002-07-16,20.40816286,22.44897857,20.40816286,22.44897857,10535,0,0,0,0,22.44897857,,10535,47886.26500000001,2.1865890792857106
2002-07-17,22.44897857,22.44897857,20.40816286,20.40816286,23951.2,0,0,0,0,20.40816286,,23951.2,47108.46000000001,2.1865889771428533
2002-07-18,20.40816286,22.44897857,20.40816286,20.40816286,18076.1,0,0,0,1,20.40816286,,18076.1,45404.1,2.332361527857139
2002-07-19,20.40816286,20.40816286,20.40816286,20.40816286,6345.5,0,0,0,0,20.40816286,,6345.5,43827.350000000006,1.7492711199999964
2002-07-22,20.40816286,20.40816286,18.36734571,20.40816286,12544,0,0,0,0,20.40816286,,12544,41625.395000000004,1.7492712228571394
2002-07-23,20.40816286,20.40816286,20.40816286,20.40816286,10143,0,0,0,0,20.40816286,,10143,40673.675,1.603498672142854
2002-07-24,20.40816286,20.40816286,20.40816286,20.40816286,9432.5,0,0,0,0,20.40816286,,9432.5,40484.955,1.6034986721428541
2002-07-25,20.40816286,20.40816286,20.40816286,20.40816286,11828.6,0,0,0,0,20.40816286,,11828.6,40589.325000000004,1.6034986721428537
2002-07-26,20.40816286,20.40816286,18.36734571,18.36734571,22660.4,0,0,0,0,18.36734571,,22660.4,41245.575000000004,1.603498774999997
2002-07-29,18.36734571,18.36734571,18.36734571,18.36734571,15606.5,0,0,0,0,18.36734571,,15606.5,39588.74500000001,1.457726122142854
2002-07-30,18.36734571,18.36734571,18.36734571,18.36734571,10532.9,0,0,0,0,18.36734571,,10532.9,38140.060000000005,1.3119534692857113
2002-07-31,18.36734571,18.36734571,18.36734571,18.36734571,2719.5,0,0,0,0,18.36734571,,2719.5,37318.08500000001,1.020408264999997
2002-08-01,18.36734571,18.36734571,18.36734571,18.36734571,6713,0,0,0,0,18.36734571,,6713,35397.005000000005,0.8746356121428542
2002-08-02,18.36734571,18.36734571,18.36734571,18.36734571,3407.6,0,0,0,0,18.36734571,,3407.6,33568.990000000005,0.7288629592857117
2002-08-05,18.36734571,18.36734571,18.36734571,18.36734571,2254,0,0,0,0,18.36734571,,2254,29421.525000000005,0.583090408571426
2002-08-06,18.36734571,18.36734571,18.36734571,18.36734571,2425.5,0,0,0,0,18.36734571,,2425.5,23317.805,0.4373178578571403
2002-08-07,18.36734571,18.36734571,18.36734571,18.36734571,2303,0,0,0,0,18.36734571,,2303,20262.655000000006,0.29154530714285454
2002-08-08,18.36734571,18.36734571,18.36734571,18.36734571,3748.5,0,0,0,0,18.36734571,,3748.5,13543.810000000003,0.2915453071428544
2002-08-09,18.36734571,18.36734571,18.36734571,18.36734571,3420.2,0,0,0,0,18.36734571,,3420.2,11187.155000000006,0.1457726535714257
2002-08-12,18.36734571,18.36734571,18.36734571,18.36734571,21511,0,0,1,0,18.36734571,,21511,10007.900000000001,0.1457726535714257
2002-08-13,18.36734571,18.36734571,18.36734571,18.36734571,13261.5,0,0,1,0,18.36734571,,13261.5,10144.225000000002,0.14577265357142583
2002-08-14,18.36734571,18.36734571,18.36734571,18.36734571,5424.3,0,0,0,0,18.36734571,,5424.3,9217.880000000001,0.1457726535714257
2002-08-16,14.28571429,18.36734571,14.28571429,18.36734571,1570.1,0,0,0,0,18.36734571,,1570.1,8392.579999999998,0.29154510142856843
2002-08-19,18.36734571,18.36734571,18.36734571,18.36734571,5860.4,0,0,0,0,18.36734571,,5860.4,8368.325,0.29154510142856843
2002-08-20,18.36734571,18.36734571,16.32653,16.32653,1764,0,0,0,0,16.32653,38.77551,1764,7829.324999999999,0.43731765214285395
2002-08-21,16.32653,18.36734571,16.32653,16.32653,4895.1,0,0,0,0,16.32653,38.77551,4895.1,7566.93,0.5830902028571394
2002-08-22,16.32653,16.32653,16.32653,16.32653,6370,0,0,0,0,16.32653,38.77551,6370,7413.805,0.5830902028571394
2002-08-23,16.32653,16.32653,16.32653,16.32653,6664,0,0,0,0,16.32653,38.77551,6664,7155.575000000003,0.5830902028571394
2002-08-26,16.32653,16.32653,16.32653,16.32653,3307.5,0,0,0,0,16.32653,38.77551,3307.5,6187.930000000002,0.5830902028571394
2002-08-27,16.32653,16.32653,16.32653,16.32653,2499,0,0,0,0,16.32653,38.77551,2499,5532.555000000003,0.5830902028571394
2002-08-28,16.32653,16.32653,16.32653,16.32653,2450,0,0,0,0,16.32653,38.77551,2450,5128.410000000001,0.5830902028571394
2002-08-29,16.32653,16.32653,16.32653,16.32653,4225.9,0,0,0,0,16.32653,38.77551,4225.9,5203.7300000000005,0.5830902028571394
2002-08-30,16.32653,16.32653,16.32653,16.32653,3430,0,0,0,0,16.32653,38.77551,3430,5039.580000000002,0.5830902028571394
2002-09-02,16.32653,18.36734571,16.32653,18.36734571,5709.9,0,0,1,0,18.36734571,38.77551,5709.9,5154.6950000000015,0.7288627535714249
2002-09-03,16.32653,18.36734571,16.32653,16.32653,5071.5,0,0,0,0,16.32653,38.77551,5071.5,5295.570000000002,0.8746353042857103
2002-09-04,16.32653,16.32653,16.32653,16.32653,1274,0,0,0,0,16.32653,38.77551,1274,5237.995000000002,0.8746353042857103
2002-09-05,16.32653,18.36734571,16.32653,16.32653,13989.5,0,0,1,0,16.32653,38.77551,13989.5,5822.320000000002,0.7288627535714245
2002-09-06,16.32653,18.36734571,16.32653,16.32653,3675,0,0,0,0,16.32653,38.77551,3675,5818.645000000001,0.87463530428571
2002-09-09,16.32653,16.32653,16.32653,16.32653,13696.9,0,0,1,0,16.32653,38.77551,13696.9,6332.480000000001,0.7288627535714245
2002-09-11,16.32653,16.32653,16.32653,16.32653,2695,0,0,0,0,16.32653,38.77551,2695,5391.680000000001,0.5830902028571391
2002-09-12,16.32653,16.32653,16.32653,16.32653,4532.5,0,0,0,0,16.32653,38.77551,4532.5,4955.230000000001,0.5830902028571391
2002-09-13,16.32653,16.32653,16.32653,16.32653,3381,0,0,0,0,16.32653,38.77551,3381,4853.065000000001,0.5830902028571391
2002-09-16,16.32653,16.32653,16.32653,16.32653,2548,0,0,0,0,16.32653,38.77551,2548,4901.960000000001,0.5830902028571391
2002-09-17,16.32653,16.32653,16.32653,16.32653,5659.5,0,0,1,0,16.32653,38.77551,5659.5,4891.915,0.5830902028571391
2002-09-18,16.32653,16.32653,16.32653,16.32653,8183,0,0,1,0,16.32653,38.77551,8183,5212.865,0.5830902028571391
2002-09-19,16.32653,16.32653,16.32653,16.32653,2401,0,0,0,0,16.32653,38.77551,2401,5088.16,0.5830902028571391
2002-09-20,16.32653,16.32653,16.32653,16.32653,1470,0,0,0,0,16.32653,38.77551,1470,4843.160000000001,0.5830902028571391
2002-09-23,16.32653,16.32653,16.32653,16.32653,3013.5,0,0,0,0,16.32653,38.77551,3013.5,4660.635000000001,0.43731765214285356
2002-09-24,16.32653,16.32653,16.32653,16.32653,3356.5,0,0,0,0,16.32653,38.77551,3356.5,4663.085000000001,0.29154510142856804
2002-09-25,16.32653,16.32653,14.28571429,16.32653,5610.5,0,0,1,0,16.32653,38.77551,5610.5,4818.660000000002,0.43731765214285395
2002-09-26,16.32653,16.32653,14.28571429,14.28571429,14896,0,0,1,0,14.28571429,38.77551,14896,5440.960000000001,0.4373176521428543
2002-09-27,14.28571429,14.28571429,14.28571429,14.28571429,15141,0,0,1,0,14.28571429,38.77551,15141,5986.715000000002,0.2915451014285688
2002-09-30,14.28571429,16.32653,14.28571429,16.32653,3479,0,0,0,0,16.32653,38.77551,3479,5989.165000000002,0.4373176521428547
2002-10-01,14.28571429,16.32653,14.28571429,16.32653,1274,0,0,0,0,16.32653,38.77551,1274,5767.370000000001,0.5830902028571405
2002-10-03,16.32653,16.32653,14.28571429,16.32653,1960,0,0,0,0,16.32653,38.77551,1960,5611.795000000001,0.7288627535714264
2002-10-04,16.32653,16.32653,14.28571429,16.32653,2254,0,0,0,0,16.32653,38.77551,2254,5660.795000000001,0.8746353042857123
2002-10-07,16.32653,16.32653,16.32653,16.32653,1690.5,0,0,0,0,16.32653,38.77551,1690.5,5045.845000000001,0.8746353042857123
2002-10-08,16.32653,16.32653,16.32653,16.32653,2842,0,0,0,0,16.32653,38.77551,2842,5004.1950000000015,0.8746353042857123
2002-10-09,16.32653,16.32653,16.32653,16.32653,2915.5,0,0,0,0,16.32653,38.77551,2915.5,4465.125000000002,0.8746353042857123
2002-10-10,16.32653,16.32653,16.32653,16.32653,1911,0,0,0,0,16.32653,38.77551,1911,4425.925000000001,0.8746353042857123
2002-10-11,16.32653,16.32653,16.32653,16.32653,5096,0,0,1,0,16.32653,38.77551,5096,4454.100000000001,0.8746353042857123
2002-10-14,16.32653,16.32653,16.32653,16.32653,6615,0,0,1,0,16.32653,38.77551,6615,4615.800000000001,0.8746353042857123
2002-10-16,16.32653,16.32653,16.32653,16.32653,3871,0,0,0,0,16.32653,38.77551,3871,4681.950000000002,0.8746353042857123
2002-10-17,16.32653,16.32653,16.32653,16.32653,784,0,0,0,0,16.32653,38.77551,784,4438.175000000001,0.7288627535714264
2002-10-18,16.32653,16.32653,16.32653,16.32653,8189.3,0,0,1,0,16.32653,38.77551,8189.3,4438.490000000002,0.5830902028571405
2002-10-21,16.32653,16.32653,16.32653,16.32653,882,0,0,0,0,16.32653,38.77551,882,4362.540000000001,0.5830902028571405
2002-10-22,16.32653,16.32653,16.32653,16.32653,2670.5,0,0,0,0,16.32653,38.77551,2670.5,4422.5650000000005,0.4373176521428547
2002-10-23,14.28571429,14.28571429,14.28571429,14.28571429,784,0,0,0,0,14.28571429,38.77551,784,4311.090000000001,0.4373176521428547
2002-10-24,16.32653,16.32653,14.28571429,14.28571429,3155.6,0,0,0,0,14.28571429,38.77551,3155.6,4301.045000000001,0.4373176521428547
2002-10-25,14.28571429,16.32653,14.28571429,14.28571429,3675,0,0,0,0,14.28571429,38.77551,3675,4204.270000000001,0.4373176521428547
2002-10-28,14.28571429,16.32653,14.28571429,16.32653,2450,0,0,0,0,16.32653,38.77551,2450,3581.970000000001,0.5830902028571405
2002-10-29,14.28571429,14.28571429,14.28571429,14.28571429,906.5,0,0,0,0,14.28571429,38.77551,906.5,2870.2450000000017,0.7288627535714264
2002-10-30,14.28571429,14.28571429,14.28571429,14.28571429,1225,0,0,0,0,14.28571429,38.77551,1225,2757.545000000002,0.7288627535714264
2002-10-31,14.28571429,14.28571429,14.28571429,14.28571429,4777.5,0,0,1,0,14.28571429,38.77551,4777.5,2932.720000000002,0.7288627535714264
2002-11-01,14.28571429,14.28571429,14.28571429,14.28571429,3013.5,0,0,1,0,14.28571429,38.77551,3013.5,2985.395000000002,0.7288627535714264
2002-11-04,16.32653,16.32653,16.32653,16.32653,343,0,0,0,0,16.32653,38.77551,343,2889.845000000002,0.8746353042857123
2002-11-05,14.28571429,18.36734571,14.28571429,18.36734571,12078.5,0,0,1,0,18.36734571,38.77551,12078.5,3409.2450000000017,1.1661804057142837
2002-11-07,18.36734571,20.40816286,18.36734571,18.36734571,25036.9,0,0,1,0,18.36734571,38.77551,25036.9,4518.990000000002,1.3119530592857125
2002-11-08,18.36734571,20.40816286,18.36734571,20.40816286,84823.2,0,0,1,0,20.40816286,38.77551,84823.2,8614.375,1.457725712857141
2002-11-11,22.44897857,22.44897857,20.40816286,20.40816286,11701.2,0,0,1,0,20.40816286,38.77551,11701.2,9103.885,1.6034982635714268
2002-11-12,18.36734571,20.40816286,18.36734571,18.36734571,10392.9,0,0,1,0,18.36734571,38.77551,10392.9,9368.73,1.7492709171428555
2002-11-13,18.36734571,20.40816286,18.36734571,18.36734571,4770.5,0,0,0,0,18.36734571,38.77551,4770.5,9276.505000000001,1.7492710199999983
2002-11-14,18.36734571,18.36734571,18.36734571,18.36734571,16562,0,0,1,0,18.36734571,38.77551,16562,9911.055,1.6034984692857126
2002-11-15,18.36734571,18.36734571,18.36734571,18.36734571,5426.4,0,0,0,1,18.36734571,38.77551,5426.4,10143.175,1.4577259185714269
2002-11-18,18.36734571,18.36734571,18.36734571,18.36734571,5245.1,0,0,0,1,18.36734571,38.77551,5245.1,9995.965,1.311953367857141
2002-11-20,18.36734571,20.40816286,18.36734571,20.40816286,29395.1,0,0,1,1,20.40816286,38.77551,29395.1,11421.619999999999,1.3119534707142837
2002-11-21,20.40816286,20.40816286,18.36734571,18.36734571,5953.5,0,0,0,1,18.36734571,38.77551,5953.5,11585.77,1.4577261242857122
2002-11-22,20.40816286,20.40816286,18.36734571,18.36734571,9540.3,0,0,0,1,18.36734571,38.77551,9540.3,12023.585,1.603498777857141
2002-11-25,18.36734571,18.36734571,18.36734571,18.36734571,10143,0,0,0,1,18.36734571,38.77551,10143,12372.954999999998,1.603498777857141
2002-11-26,18.36734571,18.36734571,18.36734571,18.36734571,12299,0,0,0,1,18.36734571,38.77551,12299,12804.154999999999,1.4577262271428553
2002-11-27,18.36734571,18.36734571,18.36734571,18.36734571,6561.1,0,0,0,1,18.36734571,38.77551,6561.1,13009.71,1.166181125714284
2002-11-28,18.36734571,18.36734571,18.36734571,18.36734571,10343.2,0,0,0,1,18.36734571,38.77551,10343.2,13481.544999999998,1.0204084721428552
2002-11-29,18.36734571,18.36734571,18.36734571,18.36734571,12372.5,0,0,0,1,18.36734571,38.77551,12372.5,14038.919999999998,0.8746358185714265
2002-12-02,18.36734571,20.40816286,18.36734571,18.36734571,31340.4,0,0,1,1,18.36734571,38.77551,31340.4,15367.064999999999,0.8746359214285695
2002-12-03,18.36734571,18.36734571,18.36734571,18.36734571,15802.5,0,0,0,1,18.36734571,38.77551,15802.5,16006.515,0.7288632678571407
2002-12-04,18.36734571,18.36734571,18.36734571,18.36734571,6958,0,0,0,1,18.36734571,38.77551,6958,16337.265,0.5830906142857119
2002-12-05,18.36734571,18.36734571,18.36734571,18.36734571,3528,0,0,0,1,18.36734571,38.77551,3528,15909.74,0.5830906142857119
2002-12-06,18.36734571,20.40816286,18.36734571,18.36734571,15647.1,0,0,1,1,18.36734571,38.77551,15647.1,15440.25,0.7288632678571407
2002-12-09,20.40816286,20.40816286,18.36734571,18.36734571,3234,0,0,0,1,18.36734571,38.77551,3234,11360.789999999999,0.8746359214285695
2002-12-10,20.40816286,20.40816286,18.36734571,18.36734571,11000.5,0,0,0,1,18.36734571,38.77551,11000.5,11325.755,0.8746359214285694
2002-12-11,18.36734571,18.36734571,18.36734571,18.36734571,4679.5,0,0,0,1,18.36734571,38.77551,4679.5,11040.085,0.7288632678571405
2002-12-12,18.36734571,20.40816286,18.36734571,18.36734571,11172,0,0,0,1,18.36734571,38.77551,11172,11360.16,0.7288632678571404
2002-12-13,18.36734571,18.36734571,18.36734571,18.36734571,6013,0,0,0,1,18.36734571,38.77551,6013,10832.71,0.7288632678571403
2002-12-16,18.36734571,18.36734571,18.36734571,18.36734571,5561.5,0,0,0,1,18.36734571,38.77551,5561.5,10839.465,0.7288632678571403
2002-12-17,18.36734571,18.36734571,18.36734571,18.36734571,11804.1,0,0,1,1,18.36734571,38.77551,11804.1,11167.414999999999,0.7288632678571404
2002-12-18,18.36734571,18.36734571,18.36734571,18.36734571,9347.8,0,0,0,1,18.36734571,38.77551,9347.8,10165.05,0.7288632678571404
2002-12-19,20.40816286,20.40816286,18.36734571,20.40816286,21077.7,0,0,1,1,20.40816286,38.77551,21077.7,10921.26,0.8746359214285692
2002-12-20,20.40816286,20.40816286,20.40816286,20.40816286,34937.7,0,0,1,1,20.40816286,38.77551,34937.7,12191.13,0.7288632678571404
2002-12-23,20.40816286,20.40816286,20.40816286,20.40816286,20045.2,0,0,1,1,20.40816286,38.77551,20045.2,12686.24,0.7288632678571404
2002-12-24,20.40816286,20.40816286,20.40816286,20.40816286,13119.4,0,0,1,1,20.40816286,38.77551,13119.4,12727.259999999998,0.7288632678571404
2002-12-26,20.40816286,20.40816286,20.40816286,20.40816286,7751.8,0,0,0,1,20.40816286,38.77551,7751.8,12786.795,0.7288632678571404
2002-12-27,20.40816286,20.40816286,18.36734571,18.36734571,10167.5,0,0,0,1,18.36734571,38.77551,10167.5,12778.01,0.7288632678571404
2002-12-30,18.36734571,18.36734571,18.36734571,18.36734571,8893.5,0,0,0,1,18.36734571,36.73469286,8893.5,12604.060000000001,0.5830906142857116
2002-12-31,18.36734571,18.36734571,18.36734571,18.36734571,8991.5,0,0,0,1,18.36734571,36.73469286,8991.5,11486.615,0.4373179607142829
2003-01-01,18.36734571,18.36734571,18.36734571,18.36734571,4581.5,0,0,0,1,18.36734571,34.69387571,4581.5,10925.565,0.4373179607142829
2003-01-02,18.36734571,18.36734571,18.36734571,18.36734571,7288.4,0,0,0,1,18.36734571,34.69387571,7288.4,10942.085000000003,0.29154530714285415
2003-01-03,18.36734571,18.36734571,18.36734571,18.36734571,15974,0,0,1,1,18.36734571,32.65305857,15974,11564.385000000002,0.29154530714285415
2003-01-06,18.36734571,18.36734571,18.36734571,18.36734571,4475.8,0,0,0,1,18.36734571,32.65305857,4475.8,11005.820000000003,0.29154530714285415
2003-01-07,18.36734571,18.36734571,18.36734571,18.36734571,2793,0,0,0,1,18.36734571,32.65305857,2793,10983.770000000002,0.29154530714285415
2003-01-08,18.36734571,18.36734571,18.36734571,18.36734571,7031.5,0,0,0,1,18.36734571,32.65305857,7031.5,10785.320000000003,0.29154530714285415
2003-01-09,18.36734571,18.36734571,18.36734571,18.36734571,14119.7,0,0,1,1,18.36734571,32.65305857,14119.7,11257.330000000004,0.14577265357142544
2003-01-10,18.36734571,18.36734571,18.36734571,18.36734571,11642.4,0,0,1,1,18.36734571,32.65305857,11642.4,11280.850000000002,0.14577265357142544
2003-01-13,18.36734571,18.36734571,18.36734571,18.36734571,3234,0,0,0,1,18.36734571,32.65305857,3234,11141.900000000003,0.14577265357142544
2003-01-14,18.36734571,18.36734571,18.36734571,18.36734571,13680.8,0,0,1,1,18.36734571,32.65305857,13680.8,11547.865000000002,0.14577265357142544
2003-01-15,18.36734571,18.36734571,18.36734571,18.36734571,4704,0,0,0,1,18.36734571,32.65305857,4704,11192.860000000002,0.14577265357142544
2003-01-16,18.36734571,18.36734571,18.36734571,18.36734571,2229.5,0,0,0,1,18.36734571,32.65305857,2229.5,10836.945000000002,-3.2989484160290367e-15
2003-01-17,18.36734571,18.36734571,18.36734571,18.36734571,1641.5,0,0,0,1,18.36734571,32.65305857,1641.5,9865.135000000002,-3.2989484160290367e-15
2003-01-20,18.36734571,18.36734571,18.36734571,18.36734571,13769,0,0,1,1,18.36734571,32.65305857,13769,8806.700000000003,-3.2989484160290367e-15
2003-01-21,18.36734571,18.36734571,18.36734571,18.36734571,13279,0,0,1,1,18.36734571,32.65305857,13279,8468.390000000003,-3.2989484160290367e-15
2003-01-22,18.36734571,18.36734571,18.36734571,18.36734571,4361,0,0,0,1,18.36734571,32.65305857,4361,8030.470000000003,-3.2989484160290367e-15
2003-01-23,18.36734571,18.36734571,18.36734571,18.36734571,4630.5,0,0,0,1,18.36734571,32.65305857,4630.5,7874.405000000002,-3.2989484160290367e-15
2003-01-24,18.36734571,18.36734571,16.32653,16.32653,17468.5,0,0,1,1,16.32653,32.65305857,17468.5,8239.455000000002,0.1457725507142822
2003-01-27,18.36734571,18.36734571,16.32653,18.36734571,7732.2,0,0,0,0,18.36734571,32.65305857,7732.2,8181.390000000002,0.29154510142856765
2003-01-28,16.32653,16.32653,16.32653,16.32653,5590.9,0,0,0,0,16.32653,32.65305857,5590.9,8011.360000000002,0.4373176521428532
2003-01-29,20.40816286,20.40816286,18.36734571,18.36734571,14504,0,0,1,0,18.36734571,32.65305857,14504,8507.485,0.7288628564285674
2003-01-30,18.36734571,18.36734571,18.36734571,18.36734571,2352,0,0,0,0,18.36734571,32.65305857,2352,8260.665000000003,0.7288628564285674
2003-01-31,18.36734571,18.36734571,16.32653,16.32653,2793,0,0,0,0,16.32653,32.65305857,2793,7601.615000000001,0.8746354071428529
2003-02-03,20.40816286,20.40816286,16.32653,16.32653,1568,0,0,0,0,16.32653,32.65305857,1568,7456.225,1.166180611428567
2003-02-04,18.36734571,18.36734571,16.32653,16.32653,4557,0,0,0,0,16.32653,32.65305857,4557,7544.425,1.3119531621428526
2003-02-05,16.32653,16.32653,16.32653,16.32653,1813,0,0,0,0,16.32653,32.65305857,1813,7283.500000000002,1.3119531621428526
2003-02-06,18.36734571,18.36734571,16.32653,16.32653,2352,0,0,0,0,16.32653,32.65305857,2352,6695.1150000000025,1.4577257128571381
2003-02-07,18.36734571,18.36734571,16.32653,16.32653,9898,0,0,1,0,16.32653,32.65305857,9898,6607.895000000001,1.6034982635714237
2003-02-10,16.32653,16.32653,16.32653,16.32653,7105,0,0,1,0,16.32653,32.65305857,7105,6801.4450000000015,1.6034982635714237
2003-02-11,16.32653,16.32653,16.32653,16.32653,2523.5,0,0,0,0,16.32653,32.65305857,2523.5,6243.580000000002,1.6034982635714237
2003-02-12,16.32653,16.32653,16.32653,16.32653,8354.5,0,0,1,0,16.32653,32.65305857,8354.5,6426.105000000001,1.6034982635714237
2003-02-14,16.32653,16.32653,16.32653,16.32653,7668.5,0,0,1,0,16.32653,32.65305857,7668.5,6698.055,1.4577257128571381
2003-02-17,16.32653,16.32653,16.32653,16.32653,4851,0,0,0,0,16.32653,32.65305857,4851,6858.530000000002,1.3119531621428526
2003-02-18,16.32653,16.32653,16.32653,16.32653,3672.9,0,0,0,0,16.32653,32.65305857,3672.9,6353.725000000002,1.166180611428567
2003-02-19,16.32653,16.32653,16.32653,16.32653,5390,0,0,0,0,16.32653,32.65305857,5390,5959.275000000002,0.8746354071428529
2003-02-20,16.32653,16.32653,16.32653,16.32653,2648.1,0,0,0,0,16.32653,32.65305857,2648.1,5873.630000000003,0.8746354071428529
2003-02-21,16.32653,16.32653,16.32653,16.32653,3554.6,0,0,0,0,16.32653,32.65305857,3554.6,5819.835000000003,0.7288628564285674
2003-02-24,16.32653,16.32653,16.32653,16.32653,514.5,0,0,0,1,16.32653,32.65305857,514.5,4972.135000000003,0.4373176521428532
2003-02-25,16.32653,16.32653,14.28571429,16.32653,1445.5,0,0,0,0,16.32653,32.65305857,1445.5,4657.800000000003,0.43731765214285356
2003-02-26,14.28571429,16.32653,14.28571429,14.28571429,2229.5,0,0,0,0,14.28571429,32.65305857,2229.5,4489.730000000002,0.5830902028571394
2003-02-27,16.32653,16.32653,14.28571429,14.28571429,4390.4,0,0,1,0,14.28571429,32.65305857,4390.4,3984.0500000000015,0.5830902028571397
2003-02-28,16.32653,16.32653,14.28571429,14.28571429,2793,0,0,0,0,14.28571429,32.65305857,2793,4006.100000000002,0.5830902028571402
2003-03-03,14.28571429,14.28571429,14.28571429,14.28571429,1813,0,0,0,0,14.28571429,32.65305857,1813,3957.1000000000013,0.5830902028571402
2003-03-04,16.32653,16.32653,14.28571429,14.28571429,4503.1,0,0,1,0,14.28571429,32.65305857,4503.1,4103.855000000001,0.728862753571426
2003-03-05,14.28571429,14.28571429,14.28571429,14.28571429,739.9,0,0,0,0,14.28571429,32.65305857,739.9,3913.000000000001,0.728862753571426
2003-03-06,14.28571429,14.28571429,14.28571429,14.28571429,599.2,0,0,0,0,14.28571429,32.65305857,599.2,3852.3100000000013,0.728862753571426
2003-03-07,14.28571429,14.28571429,14.28571429,14.28571429,5586,0,0,1,0,14.28571429,32.65305857,5586,4014.0099999999998,0.728862753571426
2003-03-10,14.28571429,14.28571429,14.28571429,14.28571429,1960,0,0,0,0,14.28571429,32.65305857,1960,3617.1099999999997,0.728862753571426
2003-03-11,14.28571429,14.28571429,14.28571429,14.28571429,2352,0,0,0,0,14.28571429,32.65305857,2352,3379.46,0.728862753571426
2003-03-12,14.28571429,14.28571429,14.28571429,14.28571429,1225,0,0,0,0,14.28571429,32.65305857,1225,3314.535,0.728862753571426
2003-03-13,14.28571429,14.28571429,14.28571429,14.28571429,6640.9,0,0,1,0,14.28571429,32.65305857,6640.9,3228.855,0.728862753571426
2003-03-17,14.28571429,14.28571429,14.28571429,14.28571429,11911.9,0,0,1,0,14.28571429,32.65305857,11911.9,3441.025,0.728862753571426
2003-03-19,14.28571429,16.32653,14.28571429,16.32653,1078,0,0,0,0,16.32653,32.65305857,1078,3252.3750000000005,0.728862753571426
2003-03-20,16.32653,16.32653,14.28571429,14.28571429,5047,0,0,1,0,14.28571429,32.65305857,5047,3321.0800000000004,0.728862753571426
2003-03-21,14.28571429,14.28571429,14.28571429,14.28571429,2748.9,0,0,0,0,14.28571429,32.65305857,2748.9,3189.025,0.5830902028571402
2003-03-24,14.28571429,14.28571429,14.28571429,14.28571429,882,0,0,0,0,14.28571429,32.65305857,882,3100.7200000000003,0.4373176521428543
2003-03-25,14.28571429,14.28571429,14.28571429,14.28571429,1225,0,0,0,0,14.28571429,32.65305857,1225,2984.2400000000007,0.4373176521428543
2003-03-26,14.28571429,14.28571429,14.28571429,14.28571429,7087.5,0,0,1,0,14.28571429,32.65305857,7087.5,3312.8900000000003,0.29154510142856843
2003-03-27,14.28571429,14.28571429,14.28571429,14.28571429,10755.5,0,0,1,0,14.28571429,32.65305857,10755.5,3778.390000000001,0.29154510142856843
2003-03-28,14.28571429,14.28571429,14.28571429,14.28571429,2327.5,0,0,0,0,14.28571429,32.65305857,2327.5,3783.290000000001,0.29154510142856843
2003-03-31,14.28571429,14.28571429,14.28571429,14.28571429,3626,0,0,0,0,14.28571429,32.65305857,3626,3745.070000000001,0.29154510142856843
2003-04-01,14.28571429,14.28571429,14.28571429,14.28571429,2597,0,0,0,0,14.28571429,32.65305857,2597,3735.2700000000013,0.29154510142856843
2003-04-02,14.28571429,14.28571429,14.28571429,14.28571429,637,0,0,0,0,14.28571429,32.65305857,637,3676.470000000001,0.29154510142856843
2003-04-03,14.28571429,14.28571429,14.28571429,14.28571429,2538.2,0,0,0,0,14.28571429,32.65305857,2538.2,3578.225000000001,0.29154510142856843
2003-04-04,14.28571429,16.32653,14.28571429,16.32653,931,0,0,0,0,16.32653,32.65305857,931,3587.780000000001,0.4373176521428543
2003-04-07,16.32653,16.32653,14.28571429,14.28571429,3503.5,0,0,0,1,14.28571429,32.65305857,3503.5,3732.9950000000013,0.5830902028571402
2003-04-08,16.32653,16.32653,16.32653,16.32653,2611.7,0,0,0,0,16.32653,32.65305857,2611.7,3584.280000000001,0.5830902028571402
2003-04-09,16.32653,16.32653,16.32653,16.32653,6009.5,0,0,1,0,16.32653,32.65305857,6009.5,3786.755000000002,0.4373176521428543
2003-04-10,16.32653,16.32653,16.32653,16.32653,905.8,0,0,0,0,16.32653,32.65305857,905.8,3714.445000000002,0.4373176521428543
2003-04-11,16.32653,16.32653,16.32653,16.32653,6071.1,0,0,1,0,16.32653,32.65305857,6071.1,3956.75,0.4373176521428543
2003-04-15,14.28571429,16.32653,14.28571429,16.32653,2709.7,0,0,0,0,16.32653,32.65305857,2709.7,3760.19,0.5830902028571402
2003-04-16,16.32653,16.32653,16.32653,16.32653,1078,0,0,0,0,16.32653,32.65305857,1078,3218.495,0.5830902028571402
2003-04-17,16.32653,16.32653,16.32653,16.32653,637,0,0,0,0,16.32653,32.65305857,637,3196.4449999999997,0.5830902028571402
2003-04-21,16.32653,16.32653,16.32653,16.32653,2156,0,0,0,0,16.32653,32.65305857,2156,3051.8949999999995,0.5830902028571402
2003-04-22,16.32653,16.32653,16.32653,16.32653,3797.5,0,0,1,0,16.32653,32.65305857,3797.5,3104.325,0.5830902028571402
2003-04-23,16.32653,16.32653,16.32653,16.32653,1666,0,0,0,0,16.32653,32.65305857,1666,3143.5249999999996,0.5830902028571402
2003-04-24,16.32653,16.32653,16.32653,16.32653,1984.5,0,0,0,0,16.32653,32.65305857,1984.5,3181.4999999999995,0.5830902028571402
2003-04-25,16.32653,16.32653,16.32653,16.32653,882,0,0,0,0,16.32653,32.65305857,882,2871.2249999999995,0.5830902028571402
2003-04-28,16.32653,16.32653,16.32653,16.32653,2645.3,0,0,1,0,16.32653,32.65305857,2645.3,2465.7149999999997,0.4373176521428543
2003-04-29,16.32653,16.32653,14.28571429,16.32653,2989,0,0,1,0,16.32653,32.65305857,2989,2498.79,0.4373176521428543
2003-04-30,16.32653,16.32653,14.28571429,16.32653,6982.5,0,0,1,0,16.32653,32.65305857,6982.5,2666.6150000000002,0.4373176521428543
2003-05-02,14.28571429,16.32653,14.28571429,14.28571429,11809,0,0,1,0,14.28571429,32.65305857,11809,3127.215,0.5830902028571402
2003-05-05,14.28571429,14.28571429,14.28571429,14.28571429,1666,0,0,0,0,14.28571429,32.65305857,1666,3178.665,0.5830902028571402
2003-05-06,14.28571429,16.32653,14.28571429,16.32653,2646,0,0,0,0,16.32653,32.65305857,2646,3184.0550000000003,0.728862753571426
2003-05-07,16.32653,18.36734571,16.32653,18.36734571,20233.5,0,0,1,0,18.36734571,32.65305857,20233.5,4149.18,0.7288627535714257
2003-05-08,16.32653,18.36734571,16.32653,18.36734571,16611,0,0,1,0,18.36734571,32.65305857,16611,4804.555,0.8746353042857111
2003-05-09,18.36734571,18.36734571,18.36734571,18.36734571,11539.5,0,0,1,0,18.36734571,32.65305857,11539.5,5250.945000000001,0.8746353042857111
2003-05-12,18.36734571,18.36734571,18.36734571,18.36734571,15836.8,0,0,1,0,18.36734571,32.65305857,15836.8,5742.31,0.8746353042857111
2003-05-13,18.36734571,20.40816286,18.36734571,20.40816286,18908.4,0,0,1,1,20.40816286,32.65305857,18908.4,6642.4400000000005,1.02040795785714
2003-05-14,20.40816286,20.40816286,20.40816286,20.40816286,38759,0,0,1,1,20.40816286,32.65305857,38759,8276.835000000001,1.02040795785714
2003-05-15,20.40816286,24.48979571,20.40816286,24.48979571,180880.7,0,0,1,1,24.48979571,32.65305857,180880.7,17185.385000000002,1.3119531614285684
2003-05-16,24.48979571,24.48979571,22.44897857,22.44897857,76169.1,0,0,1,1,22.44897857,32.65305857,76169.1,20939.940000000002,1.457725814285711
2003-05-19,24.48979571,26.53061143,22.44897857,24.48979571,446383,0,0,1,1,24.48979571,32.65305857,446383,43227.240000000005,1.7492710185714253
2003-05-20,24.48979571,24.48979571,24.48979571,24.48979571,103698,0,0,1,1,24.48979571,32.65305857,103698,48304.340000000004,1.6034984678571393
2003-05-21,24.48979571,26.53061143,24.48979571,24.48979571,162109.5,0,0,1,1,24.48979571,32.65305857,162109.5,56219.94,1.603498468571425
2003-05-22,24.48979571,26.53061143,24.48979571,24.48979571,65401,0,0,1,1,24.48979571,32.65305857,65401,59406.69,1.6034984692857108
2003-05-23,24.48979571,24.48979571,22.44897857,24.48979571,50922.9,0,0,0,1,24.48979571,32.65305857,50922.9,61853.61,1.7492711221428532
2003-05-26,24.48979571,24.48979571,22.44897857,22.44897857,46225.2,0,0,0,1,22.44897857,32.65305857,46225.2,64120.770000000004,1.7492712242857102
2003-05-27,24.48979571,24.48979571,22.44897857,22.44897857,38967.6,0,0,0,1,22.44897857,32.65305857,38967.6,65936.885,1.7492713264285675
2003-05-28,22.44897857,22.44897857,22.44897857,22.44897857,27068.3,0,0,0,1,22.44897857,32.65305857,27068.3,67140.85,1.603498775714282
2003-05-29,22.44897857,22.44897857,20.40816286,22.44897857,66543.4,0,0,0,1,22.44897857,32.65305857,66543.4,70118.895,1.7492713264285678
2003-05-30,22.44897857,22.44897857,22.44897857,22.44897857,42646.1,0,0,0,1,22.44897857,32.65305857,42646.1,71660.75,1.7492713264285678
2003-06-02,22.44897857,22.44897857,22.44897857,22.44897857,26476.1,0,0,0,1,22.44897857,32.65305857,26476.1,72901.255,1.603498672857139
2003-06-03,22.44897857,24.48979571,22.44897857,24.48979571,114431.1,0,0,1,1,24.48979571,32.65305857,114431.1,78490.51,1.7492713257142818
2003-06-04,24.48979571,24.48979571,22.44897857,22.44897857,163230.9,0,0,1,1,22.44897857,32.65305857,163230.9,85640.37999999999,1.603498774999996
2003-06-05,24.48979571,24.48979571,22.44897857,22.44897857,75847.1,0,0,0,1,22.44897857,32.65305857,75847.1,88602.185,1.603498774999996
2003-06-06,22.44897857,24.48979571,22.44897857,22.44897857,37445.8,0,0,0,1,22.44897857,32.65305857,37445.8,89897.5,1.4577262235714243
2003-06-09,22.44897857,22.44897857,22.44897857,22.44897857,28641.2,0,0,0,1,22.44897857,32.65305857,28641.2,90537.72,1.4577262235714241
2003-06-10,22.44897857,22.44897857,22.44897857,22.44897857,54880,0,0,0,1,22.44897857,32.65305857,54880,92336.3,1.3119536721428529
2003-06-11,22.44897857,22.44897857,22.44897857,22.44897857,24583.3,0,0,0,1,22.44897857,32.65305857,24583.3,91627.515,1.1661811207142811
2003-06-12,22.44897857,24.48979571,22.44897857,24.48979571,124627.3,0,0,1,1,24.48979571,32.65305857,124627.3,88814.845,1.1661811207142811
2003-06-13,24.48979571,26.53061143,24.48979571,24.48979571,221879.7,0,0,1,1,24.48979571,32.65305857,221879.7,96100.375,1.16618101928571
2003-06-16,24.48979571,24.48979571,24.48979571,24.48979571,142083.2,0,0,1,1,24.48979571,32.65305857,142083.2,80885.385,1.0204083664285675
2003-06-17,24.48979571,24.48979571,24.48979571,24.48979571,45930.5,0,0,0,1,24.48979571,32.65305857,45930.5,77997.01,1.0204083664285675
2003-06-18,24.48979571,24.48979571,24.48979571,24.48979571,116825.8,0,0,1,1,24.48979571,32.65305857,116825.8,75732.825,0.8746358157142816
2003-06-19,24.48979571,28.57142857,24.48979571,28.57142857,1547737.8,0,0,1,1,28.57142857,32.65305857,1547737.8,149849.66499999998,1.1661810199999958
2003-06-20,28.57142857,28.57142857,26.53061143,26.53061143,528820.6,0,0,1,1,26.53061143,32.65305857,528820.6,173744.55,1.3119536728571386
2003-06-23,28.57142857,28.57142857,26.53061143,28.57142857,390229,0,0,1,1,28.57142857,32.65305857,390229,190944.74,1.3119536728571386
2003-06-24,28.57142857,30.61224571,28.57142857,28.57142857,494734.1,0,0,1,1,28.57142857,32.65305857,494734.1,213733.065,1.3119536728571386
2003-06-25,30.61224571,30.61224571,28.57142857,30.61224571,869570.1,0,0,1,1,30.61224571,32.65305857,869570.1,255858.15499999997,1.3119536728571393
2003-06-26,36.73469286,36.73469286,32.65305857,34.69387571,2178677.2,1,1,1,1,34.69387571,32.65305857,2178677.2,361464.84500000003,1.6034986735714252
2003-06-27,34.69387571,38.77551,34.69387571,36.73469286,1189085.8,1,1,1,1,36.73469286,36.73469286,1189085.8,418786.82999999996,1.8950439799999963
2003-06-30,36.73469286,42.85714286,36.73469286,42.85714286,2802053.1,1,1,1,1,42.85714286,38.77551,2802053.1,557565.6799999999,2.332361837142854
2003-07-01,44.89796,46.93877571,40.81632571,42.85714286,1540157.5,1,1,1,1,42.85714286,42.85714286,1540157.5,628852,2.7696796942857107
2003-07-02,44.89796,46.93877571,42.85714286,44.89796,1242943.8,0,0,1,1,44.89796,46.93877571,1242943.8,682837.645,2.9154522449999964
2003-07-03,44.89796,48.97959,42.85714286,42.85714286,852014.8,0,0,1,1,42.85714286,46.93877571,852014.8,721646.03,3.206997346428568
2003-07-04,44.89796,44.89796,40.81632571,44.89796,794752,0,0,1,1,44.89796,48.97959,794752,759511.3400000001,3.498542652857139
2003-07-07,44.89796,48.97959,44.89796,48.97959,1813033.6,1,1,1,1,48.97959,48.97959,1813033.6,848730.96,3.7900876528571392
2003-07-08,48.97959,55.10203714,48.97959,53.06122429,2612701.7,1,1,1,1,53.06122429,48.97959,2612701.7,976622.0449999999,4.227405305714282
2003-07-09,53.06122429,55.10203714,48.97959,48.97959,878761.1,0,0,0,1,48.97959,55.10203714,878761.1,1019330.9349999999,4.37317775428571
2003-07-10,51.02041,57.14285714,48.97959,53.06122429,1272180,0,0,1,1,53.06122429,55.10203714,1272180,1076708.5699999998,4.810495611428567
2003-07-11,53.06122429,59.18367143,48.97959,51.02041,1202271.7,0,0,1,1,51.02041,57.14285714,1202271.7,1125728.17,5.393585917857139
2003-07-14,53.06122429,53.06122429,51.02041,53.06122429,680431.5,0,0,0,1,53.06122429,59.18367143,680431.5,1152645.585,5.39358571428571
2003-07-15,55.10203714,57.14285714,46.93877571,48.97959,997179.4,0,0,0,1,48.97959,59.18367143,997179.4,1200208.03,5.97667602071428
2003-07-16,48.97959,51.02041,48.97959,48.97959,458927,0,0,0,1,48.97959,59.18367143,458927,1217313.09,5.685131224285709
2003-07-17,51.02041,53.06122429,46.93877571,48.97959,780050.6,0,0,0,1,48.97959,59.18367143,780050.6,1178928.73,5.830903673571423
2003-07-18,46.93877571,48.97959,44.89796,44.89796,540050,0,0,0,1,44.89796,59.18367143,540050,1179490.2,5.6851308164285665
2003-07-21,46.93877571,46.93877571,42.85714286,42.85714286,465544.1,0,0,0,1,42.85714286,59.18367143,465544.1,1183255.955,5.539358162857137
2003-07-22,42.85714286,46.93877571,40.81632571,44.89796,470809.5,0,0,0,1,44.89796,59.18367143,470809.5,1182059.725,5.6851308164285665
2003-07-23,46.93877571,46.93877571,44.89796,44.89796,380193.1,0,0,0,1,44.89796,59.18367143,380193.1,1157590.875,5.39358571428571
2003-07-24,44.89796,44.89796,42.85714286,44.89796,337572.9,0,0,0,1,44.89796,59.18367143,337572.9,1065535.66,5.2478130607142806
2003-07-25,44.89796,46.93877571,44.89796,44.89796,441885.5,0,0,0,1,44.89796,59.18367143,441885.5,1028175.6449999999,5.102040611428566
2003-07-28,46.93877571,46.93877571,44.89796,44.89796,499970.1,0,0,0,1,44.89796,59.18367143,499970.1,913071.4949999999,4.81049550928571
2003-07-29,44.89796,51.02041,44.89796,48.97959,1140083,0,0,1,1,48.97959,59.18367143,1140083,893067.7699999999,4.8104957135714255
2003-07-30,48.97959,53.06122429,48.97959,53.06122429,1598456.3,0,0,1,1,53.06122429,59.18367143,1598456.3,910843.3949999999,4.518950509999996
2003-07-31,53.06122429,53.06122429,48.97959,48.97959,632486.4,0,0,0,1,48.97959,59.18367143,632486.4,899866.975,4.0816328571428535
2003-08-01,48.97959,51.02041,46.93877571,48.97959,526122.1,0,0,0,1,48.97959,59.18367143,526122.1,886435.4800000001,4.22740571428571
2003-08-04,48.97959,51.02041,46.93877571,51.02041,342090.7,0,0,0,1,51.02041,59.18367143,342090.7,812888.3350000001,3.7900880614285675
2003-08-05,48.97959,51.02041,46.93877571,46.93877571,311850.7,0,0,0,1,46.93877571,59.18367143,311850.7,697845.7849999999,3.935860510714282
2003-08-06,48.97959,48.97959,44.89796,44.89796,312512.9,0,0,0,1,44.89796,59.18367143,312512.9,669533.375,3.790087754999997
2003-08-07,46.93877571,48.97959,46.93877571,48.97959,419979,0,0,0,1,48.97959,59.18367143,419979,626923.325,3.7900877549999974
2003-08-08,51.02041,51.02041,46.93877571,48.97959,1031797.2,0,0,1,1,48.97959,59.18367143,1031797.2,618399.5999999999,3.79008785785714
2003-08-11,48.97959,51.02041,46.93877571,48.97959,416196.2,0,0,0,1,48.97959,59.18367143,416196.2,605187.8349999997,3.644315307142854
2003-08-12,48.97959,51.02041,48.97959,48.97959,289531.2,0,0,0,1,48.97959,59.18367143,289531.2,569805.4249999998,3.6443156135714254
2003-08-13,48.97959,51.02041,48.97959,51.02041,962768.1,0,0,1,1,51.02041,59.18367143,962768.1,594997.48,3.6443158178571404
2003-08-14,53.06122429,53.06122429,48.97959,48.97959,628645.5,0,0,1,1,48.97959,59.18367143,628645.5,587427.225,3.790088573571425
2003-08-18,51.02041,59.18367143,51.02041,57.14285714,2369894.8,0,0,1,1,57.14285714,59.18367143,2369894.8,678919.4650000001,4.3731789821428535
2003-08-19,61.22449,61.22449,51.02041,53.06122429,1218669.9,0,0,1,1,53.06122429,59.18367143,1218669.9,716575.755,4.664723982142854
2003-08-20,53.06122429,55.10203714,51.02041,53.06122429,454653.5,0,0,0,1,53.06122429,61.22449,454653.5,715767.955,4.664723471428568
2003-08-21,53.06122429,53.06122429,51.02041,51.02041,226240.7,0,0,0,1,51.02041,61.22449,226240.7,708070.3350000001,4.518950614285711
2003-08-22,48.97959,53.06122429,48.97959,51.02041,225107.4,0,0,0,1,51.02041,61.22449,225107.4,702447.06,4.518950614285711
2003-08-25,51.02041,53.06122429,44.89796,46.93877571,507236.1,0,0,0,1,46.93877571,61.22449,507236.1,705714.59,4.8104956142857125
2003-08-26,48.97959,53.06122429,46.93877571,51.02041,399123.2,0,0,0,1,51.02041,61.22449,399123.2,700672.245,4.956268063571427
2003-08-27,53.06122429,53.06122429,48.97959,48.97959,237601,0,0,0,1,48.97959,61.22449,237601,655548.145,4.956268369999997
2003-08-28,51.02041,51.02041,48.97959,48.97959,152819.1,0,0,0,1,48.97959,61.22449,152819.1,583266.285,4.810496227142854
2003-08-29,51.02041,51.02041,48.97959,48.97959,314289.5,0,0,0,1,48.97959,61.22449,314289.5,567356.4400000002,4.66472377785714
2003-09-01,46.93877571,51.02041,46.93877571,48.97959,286628.3,0,0,0,1,48.97959,61.22449,286628.3,555381.7500000001,4.66472377785714
2003-09-02,48.97959,53.06122429,46.93877571,48.97959,726324.9,0,0,1,1,48.97959,61.22449,726324.9,574593.4600000001,4.956268676428569
2003-09-03,51.02041,51.02041,48.97959,48.97959,414201.9,0,0,0,1,48.97959,61.22449,414201.9,579711.0200000001,4.956268676428569
2003-09-04,48.97959,53.06122429,48.97959,51.02041,460181.4,0,0,0,1,51.02041,61.22449,460181.4,587094.4450000001,4.956268676428569
2003-09-05,51.02041,55.10203714,51.02041,53.06122429,1243274.9,0,0,1,1,53.06122429,61.22449,1243274.9,628259.24,4.51895051285714
2003-09-08,55.10203714,57.14285714,53.06122429,57.14285714,1427693.4,0,0,1,1,57.14285714,61.22449,1427693.4,648054.05,4.081632859285711
2003-09-09,57.14285714,65.30612429,53.06122429,61.22449,28002108.4,1,1,1,1,61.22449,61.22449,28002108.4,2027349.6599999997,4.66472377785714
2003-09-10,61.22449,63.26530429,59.18367143,61.22449,2446493.7,0,0,1,1,61.22449,65.30612429,2446493.7,2135197.7849999997,4.810496532857141
2003-09-11,61.22449,67.34693857,61.22449,65.30612429,3033079.7,1,1,1,1,65.30612429,65.30612429,3033079.7,2238713.3649999998,4.95626898142857
2003-09-12,65.30612429,67.34693857,63.26530429,63.26530429,1534704.5,0,0,0,1,63.26530429,67.34693857,1534704.5,2284016.315,4.664723980714284
2003-09-15,65.30612429,65.30612429,61.22449,61.22449,1153882.1,0,0,0,1,61.22449,67.34693857,1153882.1,2223215.6799999997,4.51895153142857
2003-09-16,61.22449,65.30612429,59.18367143,65.30612429,1641801,0,0,0,1,65.30612429,67.34693857,1641801,2244372.235,4.66472428642857
2003-09-17,65.30612429,67.34693857,63.26530429,63.26530429,1367391.9,0,0,0,1,63.26530429,67.34693857,1367391.9,2290009.155,4.810496734999999
2003-09-18,63.26530429,63.26530429,59.18367143,61.22449,632523.5,0,0,0,1,61.22449,67.34693857,632523.5,2310323.295,4.956269082142858
2003-09-19,61.22449,61.22449,57.14285714,59.18367143,905361.1,0,0,0,1,59.18367143,67.34693857,905361.1,2344335.9799999995,4.956268980000002
2003-09-22,59.18367143,61.22449,59.18367143,59.18367143,698541.9,0,0,0,1,59.18367143,67.34693857,698541.9,2353901.27,4.664723979285717
2003-09-23,59.18367143,63.26530429,59.18367143,61.22449,571113.2,0,0,0,1,61.22449,67.34693857,571113.2,2362500.77,4.8104963264285745
2003-09-24,63.26530429,63.26530429,57.14285714,59.18367143,544360.6,0,0,0,1,59.18367143,67.34693857,544360.6,2377838.75,4.956268673571432
2003-09-25,59.18367143,63.26530429,57.14285714,61.22449,1147891.5,0,0,0,1,61.22449,67.34693857,1147891.5,2427592.369999999,5.102041531428576
2003-09-26,61.22449,65.30612429,61.22449,65.30612429,1603802.9,0,0,0,1,65.30612429,67.34693857,1603802.9,2492068.039999999,5.102041634285719
2003-09-29,65.30612429,69.38775143,63.26530429,67.34693857,3494488.9,1,1,1,1,67.34693857,67.34693857,3494488.9,2652461.0699999994,4.664723572857147
2003-09-30,69.38775143,69.38775143,67.34693857,69.38775143,1339283.4,0,1,0,1,69.38775143,69.38775143,1339283.4,2683108.994999999,4.518950715714288
2003-10-01,69.38775143,75.51020429,69.38775143,73.46938571,1885642.5,0,1,0,1,73.46938571,69.38775143,1885642.5,2756681.0249999994,4.5189510221428595
2003-10-03,73.46938571,75.51020429,73.46938571,73.46938571,1636180.7,0,0,0,1,73.46938571,75.51020429,1636180.7,2815480.9899999993,4.37317847214286
2003-10-06,75.51020429,75.51020429,73.46938571,73.46938571,892366.3,0,0,0,1,73.46938571,75.51020429,892366.3,2797935.5599999996,4.227405921428575
2003-10-07,73.46938571,77.55101857,73.46938571,73.46938571,1889559,0,0,0,1,73.46938571,75.51020429,1889559,2821028.8399999994,4.081633064285717
2003-10-08,73.46938571,73.46938571,73.46938571,73.46938571,726684,0,0,0,1,73.46938571,77.55101857,726684,1457257.6199999994,3.7900877585714317
2003-10-09,73.46938571,77.55101857,73.46938571,77.55101857,1496693.1,1,1,1,1,77.55101857,77.55101857,1496693.1,1409767.5899999994,3.790087758571431
2003-10-10,79.59183857,79.59183857,75.51020429,77.55101857,751698.5,0,1,0,1,77.55101857,77.55101857,751698.5,1295698.529999999,3.790087860000002
2003-10-13,79.59183857,81.63265286,77.55101857,79.59183857,4810907.5,1,1,1,1,79.59183857,79.59183857,4810907.5,1459508.6799999992,3.9358604114285725
2003-10-14,77.55101857,81.63265286,77.55101857,79.59183857,1494669.4,0,0,1,1,79.59183857,81.63265286,1494669.4,1476548.0449999995,3.9358605135714293
2003-10-15,79.59183857,81.63265286,79.59183857,81.63265286,1347076.5,0,1,0,1,81.63265286,81.63265286,1347076.5,1461811.8199999991,3.6443153092857146
2003-10-16,83.67346571,83.67346571,79.59183857,79.59183857,1314238.1,0,0,0,1,79.59183857,81.63265286,1314238.1,1459154.1299999992,3.4985424514285723
2003-10-17,79.59183857,81.63265286,77.55101857,79.59183857,1887767,0,0,1,1,79.59183857,83.67346571,1887767,1521916.3049999992,3.4985424514285723
2003-10-20,79.59183857,79.59183857,75.51020429,75.51020429,523680.5,0,0,0,1,75.51020429,83.67346571,523680.5,1502832.2749999992,3.3527701042857148
2003-10-21,75.51020429,77.55101857,73.46938571,73.46938571,1104877.2,0,0,0,1,73.46938571,83.67346571,1104877.2,1523149.0399999996,3.498542961428573
2003-10-22,73.46938571,77.55101857,73.46938571,73.46938571,706692.7,0,0,0,1,73.46938571,83.67346571,706692.7,1529928.0149999994,3.3527701042857143
2003-10-23,73.46938571,77.55101857,73.46938571,75.51020429,1036982.8,0,0,0,1,75.51020429,83.67346571,1036982.8,1554559.1249999995,3.4985425528571423
2003-10-24,77.55101857,79.59183857,75.51020429,77.55101857,741080.2,0,0,0,1,77.55101857,83.67346571,741080.2,1534218.5599999996,3.644315102857141
2003-10-27,83.67346571,83.67346571,79.59183857,81.63265286,1369258.1,0,0,0,1,81.63265286,83.67346571,1369258.1,1522491.3199999996,3.79008755142857
2003-10-28,83.67346571,83.67346571,77.55101857,79.59183857,2088576,0,0,1,1,79.59183857,83.67346571,2088576,1452195.6749999996,4.227405204285714
2003-10-29,79.59183857,81.63265286,77.55101857,79.59183857,713103.3,0,0,0,1,79.59183857,83.67346571,713103.3,1420886.6699999995,4.22740530642857
2003-10-30,79.59183857,81.63265286,79.59183857,79.59183857,595693,0,0,0,1,79.59183857,83.67346571,595693,1356389.1949999998,4.081632449999999
2003-10-31,79.59183857,83.67346571,79.59183857,83.67346571,849621.5,0,1,0,1,83.67346571,83.67346571,849621.5,1317061.2349999999,4.081631939285715
2003-11-03,83.67346571,85.71428571,81.63265286,81.63265286,661360.7,0,0,0,1,81.63265286,83.67346571,661360.7,1305510.9549999996,4.0816318364285715
2003-11-04,83.67346571,83.67346571,81.63265286,81.63265286,489854.4,0,0,0,1,81.63265286,85.71428571,489854.4,1235525.7249999999,4.081631733571429
2003-11-05,81.63265286,85.71428571,81.63265286,83.67346571,2846783.1,0,0,1,1,83.67346571,85.71428571,2846783.1,1341530.68,4.081632141428573
2003-11-06,83.67346571,85.71428571,81.63265286,85.71428571,2484178.9,1,1,1,1,85.71428571,85.71428571,2484178.9,1390904.97,4.08163203857143
2003-11-07,85.71428571,85.71428571,83.67346571,83.67346571,943224.1,0,0,0,1,83.67346571,85.71428571,943224.1,1400481.2499999998,3.935859590000002
2003-11-10,95.91837143,95.91837143,81.63265286,83.67346571,700477.4,0,0,0,1,83.67346571,85.71428571,700477.4,1194959.7449999996,4.664722855000002
2003-11-11,83.67346571,87.7551,83.67346571,85.71428571,1279765.9,0,0,1,1,85.71428571,95.91837143,1279765.9,1184214.5699999998,4.664722957142859
2003-11-12,85.71428571,89.79591857,85.71428571,87.7551,1749239.1,0,0,1,1,87.7551,95.91837143,1749239.1,1204322.6999999997,4.664722957142859
2003-11-13,87.7551,89.79591857,85.71428571,85.71428571,714976.5,0,0,0,1,85.71428571,95.91837143,714976.5,1174359.6199999999,4.664722855714288
2003-11-14,85.71428571,87.7551,85.71428571,85.71428571,471499,0,0,0,1,85.71428571,95.91837143,471499,1103546.22,4.37317765214286
2003-11-17,87.7551,93.87755286,87.7551,93.87755286,1014001.1,0,0,0,1,93.87755286,95.91837143,1014001.1,1128062.2499999998,4.518950510000002
2003-11-18,95.91837143,97.95918,93.87755286,95.91837143,2424018.8,1,1,1,1,95.91837143,95.91837143,2424018.8,1194019.33,4.518949999285717
2003-11-19,95.91837143,97.95918,93.87755286,93.87755286,872426.8,0,0,0,1,93.87755286,97.95918,872426.8,1202306.035,4.6647223457142895
2003-11-20,95.91837143,95.91837143,87.7551,89.79591857,688935.1,0,0,0,1,89.79591857,97.95918,688935.1,1184903.65,4.956268366428574
2003-11-21,87.7551,91.83673286,85.71428571,91.83673286,621172.3,0,0,0,1,91.83673286,97.95918,621172.3,1178908.2550000001,5.102040816428572
2003-11-24,91.83673286,91.83673286,89.79591857,89.79591857,242809.7,0,0,0,1,89.79591857,97.95918,242809.7,1122585.835,5.102040919285715
2003-11-25,91.83673286,91.83673286,87.7551,89.79591857,342056.4,0,0,0,1,89.79591857,97.95918,342056.4,1035259.8550000001,5.10204092
2003-11-27,91.83673286,91.83673286,87.7551,87.7551,846064.8,0,0,0,1,87.7551,97.95918,846064.8,1041907.93,5.102040920714286
2003-11-28,89.79591857,89.79591857,87.7551,87.7551,353248.7,0,0,0,1,87.7551,97.95918,353248.7,1029785.7150000001,5.102040818571429
2003-12-01,91.83673286,91.83673286,87.7551,87.7551,472587.5,0,0,0,1,87.7551,97.95918,472587.5,1010934.015,4.373177553571429
2003-12-02,89.79591857,89.79591857,85.71428571,89.79591857,2092155.8,0,0,1,1,89.79591857,97.95918,2092155.8,1082473.77,4.373177451428572
2003-12-03,89.79591857,97.95918,89.79591857,97.95918,1419016.9,1,1,1,1,97.95918,97.95918,1419016.9,1128931.8950000003,4.664722349285715
2003-12-04,97.95918,104.08162857,91.83673286,102.04082,2490514.6,1,1,1,1,102.04082,97.95918,2490514.6,1111118.4700000002,5.247812552857144
2003-12-05,102.04082,104.08162857,97.95918,100,959912.8,0,0,0,1,100,104.08162857,959912.8,1034905.1650000003,5.53935785857143
2003-12-08,100,102.04082,97.95918,100,416055.5,0,0,0,1,100,104.08162857,416055.5,1008546.7350000001,5.247813062142859
2003-12-09,100,102.04082,100,100,460699.4,0,0,0,1,100,104.08162857,460699.4,996557.8350000002,5.102041123571429
2003-12-10,100,102.04082,97.95918,97.95918,485084.6,0,0,0,1,97.95918,104.08162857,485084.6,956823.7700000001,5.102042042142856
2003-12-11,101.63265714,101.63265714,96.93877143,97.95918,137036.2,0,0,0,1,97.95918,104.08162857,137036.2,876213.6250000003,4.854228776428571
2003-12-12,98.97959,104.79591429,97.04082,103.46939143,635951.4,0,0,0,1,103.46939143,104.08162857,635951.4,872262.3700000001,4.970846429285714
2003-12-15,106.12244714,106.93877143,102.04082,102.24489429,351120.7,0,0,0,1,102.24489429,104.79591429,351120.7,866243.4550000003,5.174927653571428
2003-12-16,105.91837143,105.91837143,100.20408571,100.81632286,145889.1,0,0,0,1,100.81632286,106.93877143,145889.1,822837.8550000002,5.291545714999999
2003-12-17,101.93877143,102.24489429,98.87755286,99.69387571,156242.8,0,0,0,1,99.69387571,106.93877143,156242.8,709449.0550000003,5.240524898571429
2003-12-18,100,101.02041,98.87755286,99.59183857,130706.1,0,0,0,1,99.59183857,106.93877143,130706.1,672363.0200000003,5.247813367857143
2003-12-19,100,100,93.46939143,94.69387571,208788.3,0,0,0,1,94.69387571,106.93877143,208788.3,648355.6800000003,5.422740204285714
2003-12-22,96.93877143,97.95918,94.18367714,94.69387571,131051.9,0,0,0,1,94.69387571,106.93877143,131051.9,623849.6600000003,5.4008737757142855
2003-12-23,96.93877143,103.97959,95.91837143,102.95918,743227.1,0,0,1,1,102.95918,106.93877143,743227.1,648870.5300000003,5.481048979999999
2003-12-24,106.12244714,110,100.20408571,101.02041,170948.4,0,0,0,1,101.02041,106.93877143,170948.4,640315.1300000004,5.306121735714285
2003-12-26,102.85714286,102.85714286,98.97959,99.89796286,145462.1,0,0,0,1,99.89796286,110,145462.1,605284.9950000003,5.145772042142856
2003-12-29,105.40816143,110,102.04082,106.73469571,533227.8,0,0,0,1,106.73469571,110,533227.8,614283.9500000004,5.575800409285713
2003-12-30,108.06122857,108.97959,102.04082,103.57142857,309928.5,0,0,0,1,103.57142857,110,309928.5,606151.0000000002,5.925653980714285
2003-12-31,105.10203714,106.12244714,101.12244714,101.83673286,188185.9,0,0,0,1,101.83673286,110,188185.9,510952.50500000024,5.991251123571429
2004-01-01,103.36734286,104.08162857,102.14285714,103.16326714,90850.9,0,0,0,1,103.16326714,110,90850.9,444544.2050000002,5.816323266428571
2004-01-02,104.79591429,106.12244714,103.06122857,103.77551429,201079.2,0,0,0,1,103.77551429,110,201079.2,330072.4350000002,5.481046429285715
2004-01-05,104.38775143,112.24489429,102.65305714,103.16326714,229386.5,0,0,0,1,103.16326714,110,229386.5,293546.1200000002,5.8163239807142855
2004-01-06,103.46939143,104.59183857,96.73469571,97.44898143,282909.9,0,0,0,1,97.44898143,112.24489429,282909.9,286888.8400000002,5.969385205
2004-01-07,97.44898143,98.97959,92.24489429,95.71428571,313176.5,0,0,1,1,95.71428571,112.24489429,313176.5,279512.69500000024,6.209910510714286
2004-01-08,105.91837143,105.91837143,95.10203714,96.93877143,278204.5,0,0,1,1,96.93877143,112.24489429,278204.5,269168.6900000003,6.829444592857143
2004-01-09,101.42857143,101.42857143,90.30612429,91.32652857,309251.6,0,0,1,1,91.32652857,112.24489429,309251.6,277779.4600000002,7.157433062142857
2004-01-12,91.83673286,93.46939143,87.04081429,87.95918,501191.6,0,0,1,1,87.95918,112.24489429,501191.6,271041.4700000002,7.346938367857142
2004-01-13,88.77551,92.85714286,87.34693857,91.63265714,268908.5,0,0,1,1,91.63265714,112.24489429,268908.5,266930.8600000003,7.077259082142855
2004-01-14,92.44898143,95.71428571,92.34694286,94.28571429,217679.7,0,0,0,1,94.28571429,112.24489429,217679.7,270520.39000000025,6.669095816428569
2004-01-15,95.81632286,96.73469571,93.36734286,93.97959,139031.2,0,0,0,1,93.97959,112.24489429,139031.2,269659.8100000003,6.632652958571427
2004-01-16,94.69387571,94.69387571,87.04081429,87.55101857,134911.7,0,0,0,1,87.55101857,112.24489429,134911.7,269870.0900000002,6.45772612142857
2004-01-19,87.24489429,88.36734714,84.18367143,86.53060857,200811.1,0,0,0,1,86.53060857,112.24489429,200811.1,269471.2300000003,6.260933672142857
2004-01-20,87.34693857,89.79591857,84.79591857,85.51020429,171246.6,0,0,0,1,85.51020429,112.24489429,171246.6,271480.9650000002,6.260933672142857
2004-01-21,84.79591857,87.34693857,72.04081429,77.44898143,296312.8,0,0,1,1,77.44898143,112.24489429,296312.8,249135.25,7.19387857
2004-01-22,79.38775143,82.34693857,75.91836714,81.02041,332107.3,0,0,1,0,81.02041,112.24489429,332107.3,257193.195,7.434403774285713
2004-01-23,82.44898143,86.22449,80.40816143,85.30612429,155404.9,0,0,0,1,85.30612429,112.24489429,155404.9,257690.33500000005,7.164724589999998
2004-01-27,87.7551,91.32652857,87.44898143,89.38775143,141935.5,0,0,0,1,89.38775143,112.24489429,141935.5,238125.72000000003,7.033528977142855
2004-01-28,89.79591857,90.51020429,84.18367143,84.89795714,101119.2,0,0,0,1,84.89795714,112.24489429,101119.2,227685.25499999998,7.004374487857141
2004-01-29,83.67346571,85.91836714,83.16326714,83.97959,83562.5,0,0,0,1,83.97959,112.24489429,83562.5,222454.08499999996,6.428572038571427
2004-01-30,85.20408143,85.71428571,79.18367143,79.89795714,120103.2,0,0,0,1,79.89795714,112.24489429,120103.2,223916.69999999995,6.100583977142855
2004-02-03,80.51020429,82.34693857,68.77551,74.48979571,324508.8,0,0,1,0,74.48979571,112.24489429,324508.8,230088.17999999988,6.610787650714284
2004-02-04,76.53060857,77.7551,75,77.14285714,135620.1,0,0,0,0,77.14285714,112.24489429,135620.1,225399.85999999993,6.450437650714284
2004-02-05,79.59183857,79.59183857,75.91836714,77.24489429,102497.5,0,0,0,0,77.24489429,112.24489429,102497.5,216379.2399999999,6.4212835692857135
2004-02-06,77.95918,77.95918,74.69387571,76.42857143,58002,0,0,0,1,76.42857143,112.24489429,58002,203620.5149999999,6.413994386428571
2004-02-09,77.44898143,83.97959,77.44898143,83.26530429,242207,0,0,1,1,83.26530429,112.24489429,242207,201820.6399999999,6.40670561142857
2004-02-10,85.30612429,85.30612429,80.91836714,81.53060857,152238.1,0,0,0,1,81.53060857,112.24489429,152238.1,193969.9649999999,6.421282857142855
2004-02-11,79.69387571,81.83673286,79.38775143,80.81632286,83094.9,0,0,0,1,80.81632286,112.24489429,83094.9,173065.12999999995,6.239067244999998
2004-02-12,81.42857143,81.42857143,79.38775143,79.79591857,45406.2,0,0,0,1,79.79591857,112.24489429,45406.2,161890.01499999996,5.291545510714284
2004-02-13,79.38775143,87.34693857,78.87755286,86.12244714,264509.7,0,0,1,1,86.12244714,112.24489429,264509.7,164231.51499999996,5.437317959285713
2004-02-16,89.59183857,89.59183857,82.65306143,83.46938571,253234.8,0,0,1,1,83.46938571,112.24489429,253234.8,169941.69499999995,5.517492857142856
2004-02-17,84.48979571,85.20408143,81.73469571,83.97959,188085.8,0,0,1,1,83.97959,112.24489429,188085.8,172600.39999999994,5.335277245714286
2004-02-18,84.08163286,85.10203714,81.12244714,82.04081429,93119.6,0,0,0,1,82.04081429,112.24489429,93119.6,167215.8249999999,5.167638469999999
2004-02-19,81.93877571,82.7551,77.7551,78.57142857,91905.1,0,0,0,0,78.57142857,112.24489429,91905.1,163248.7499999999,5.32798847
2004-02-20,78.57142857,80.81632286,75.51020429,76.02041,262366.3,0,0,1,0,76.02041,112.24489429,262366.3,161551.4249999999,5.240524490714286
2004-02-23,77.7551,81.22449,72.44898143,73.46938571,160107.5,0,0,1,0,73.46938571,112.24489429,160107.5,152951.43499999988,4.8979587764285695
2004-02-24,74.38775143,74.48979571,70.91836714,71.63265286,187013.4,0,0,1,0,71.63265286,112.24489429,187013.4,154531.8599999999,4.9198247964285695
2004-02-25,72.44898143,73.57142857,64.89795714,67.55101857,212805.6,0,0,1,0,67.55101857,112.24489429,212805.6,158075.3649999999,5.276967653571426
2004-02-26,67.85714286,70.30612429,66.83673286,67.85714286,361543,0,0,1,0,67.85714286,112.24489429,361543,171096.5549999999,5.29154530642857
2004-02-27,68.97959,69.79591857,66.02041,67.04081429,181027,0,0,1,0,67.04081429,112.24489429,181027,175969.77999999988,5.021866020714284
2004-03-01,67.85714286,79.59183857,67.85714286,78.77551,674389.1,0,0,1,0,78.77551,112.24489429,674389.1,203684.0749999999,5.604956529999997
2004-03-03,79.38775143,80.40816143,73.26530429,73.87755286,354629.1,0,0,1,0,73.87755286,112.24489429,354629.1,205190.0899999999,5.940233366428569
2004-03-04,74.48979571,75,70.61224286,71.53060857,126714,0,0,0,0,71.53060857,112.24489429,126714,204744.78499999986,6.107871733571424
2004-03-05,72.7551,73.16326714,71.42857143,72.65306143,75208,0,0,0,0,72.65306143,112.24489429,75208,203380.30999999988,5.626822447857138
2004-03-08,72.24489429,77.55101857,72.24489429,73.67346571,129719.1,0,0,0,1,73.67346571,112.24489429,129719.1,206966.16499999986,5.510204386428566
2004-03-09,73.97959,74.38775143,71.53060857,72.95918,75742.1,0,0,0,0,72.95918,112.24489429,75742.1,198642.91999999984,5.466472753571423
2004-03-10,72.65306143,73.46938571,69.79591857,70.51020429,85367.8,0,0,0,0,70.51020429,112.24489429,85367.8,195299.40499999985,5.444606834999995
2004-03-11,71.12244714,71.12244714,68.36734714,68.97959,88067.7,0,0,0,0,68.97959,112.24489429,88067.7,195548.04499999984,5.2842568349999945
2004-03-12,70,72.55101857,67.7551,71.63265286,184752.4,0,0,0,0,71.63265286,112.24489429,184752.4,202515.35499999984,5.247813977857139
2004-03-15,72.24489429,73.26530429,67.34693857,68.36734714,112069.3,0,0,0,0,68.36734714,112.24489429,112069.3,194893.33499999982,5.0437323457142815
2004-03-16,67.34693857,68.97959,65.61224286,66.02041,100456.3,0,0,0,0,66.02041,112.24489429,100456.3,187254.40999999986,5.0291551007142825
2004-03-17,67.34693857,70.10203714,66.53060857,68.16326714,120876,0,0,0,0,68.16326714,112.24489429,120876,183893.91999999984,4.701166222857139
2004-03-18,68.57142857,68.67346571,63.77551,64.89795714,138083.4,0,0,0,0,64.89795714,112.24489429,138083.4,186142.10999999984,4.803206528571425
2004-03-19,66.12244714,66.12244714,62.85714286,63.67346571,112765.8,0,0,0,0,63.67346571,112.24489429,112765.8,187185.14499999984,4.7667633649999965
2004-03-22,63.26530429,63.26530429,57.24489429,57.95918,170372.3,0,0,0,0,57.95918,112.24489429,170372.3,182585.44499999986,4.329445303571426
2004-03-23,59.18367143,59.18367143,54.69387571,56.63265286,414033.2,0,0,1,0,56.63265286,112.24489429,414033.2,195281.72999999986,4.139940916428569
2004-03-24,57.7551,57.7551,55.20408143,55.61224286,165375,0,0,0,0,55.61224286,112.24489429,165375,194199.80999999988,4.008745304285711
2004-03-25,58.16326714,60.91836714,55.40816143,55.71428571,246747.2,0,0,1,0,55.71428571,112.24489429,246747.2,195896.88999999987,4.2784245899999975
2004-03-26,57.04081429,60.20408143,57.04081429,58.16326714,305270.7,0,0,1,0,58.16326714,112.24489429,305270.7,193083.27499999985,4.220115407142854
2004-03-29,59.59183857,60.20408143,58.16326714,59.18367143,170443,0,0,0,0,59.18367143,112.24489429,170443,192554.07499999987,4.161806223571426
2004-03-30,59.28571429,63.77551,58.36734714,61.12244714,389224.5,0,0,1,0,61.12244714,112.24489429,389224.5,178295.84499999986,4.285713060714283
2004-03-31,61.63265286,62.95918,60.51020429,61.12244714,230031.2,0,0,1,0,61.12244714,112.24489429,230031.2,172065.94999999987,4.263847039999997
2004-04-01,61.22449,65.10203714,61.22449,64.59183857,235083.1,0,0,1,1,64.59183857,112.24489429,235083.1,177484.40499999985,4.2055378564285695
2004-04-02,65.30612429,69.79591857,64.38775143,69.08163286,394178.4,0,0,1,1,69.08163286,112.24489429,394178.4,193432.92499999987,4.1690951007142845
2004-04-05,70.51020429,75.30612429,70.51020429,73.77551,822835.3,0,0,1,1,73.77551,112.24489429,822835.3,228088.73499999987,4.373176835714284
2004-04-06,73.46938571,75,63.36734714,73.06122429,315332.5,0,0,1,1,73.06122429,112.24489429,315332.5,240068.2549999999,4.912535815714285
2004-04-07,71.42857143,73.46938571,66.32652857,71.63265286,141175.3,0,0,0,1,71.63265286,112.24489429,141175.3,242858.6299999999,5.072885917857142
2004-04-08,72.34693857,72.34693857,70.20408143,71.63265286,80171.7,0,0,0,1,71.63265286,112.24489429,80171.7,242463.8299999999,4.992711122142857
2004-04-12,73.46938571,74.18367143,71.83673286,72.44898143,110033.7,0,0,0,1,72.44898143,112.24489429,110033.7,238727.89499999987,4.7157430614285705
2004-04-13,73.46938571,73.46938571,69.08163286,72.14285714,166544,0,0,0,1,72.14285714,112.24489429,166544,241451.63000000003,4.708454285
2004-04-15,72.44898143,75.10203714,71.42857143,73.16326714,139627.6,0,0,0,1,73.16326714,112.24489429,139627.6,243410.195,4.788629080714285
2004-04-16,74.48979571,78.57142857,74.08163286,77.24489429,303930.2,0,0,1,1,77.24489429,112.24489429,303930.2,252562.90500000003,4.7813402035714265
2004-04-19,81.73469571,82.55101857,76.02041,76.63265286,346880.1,0,0,1,1,76.63265286,112.24489429,346880.1,263002.74000000005,4.927112549999998
2004-04-20,75.91836714,76.22449,73.57142857,73.97959,146294.4,0,0,0,1,73.97959,112.24489429,146294.4,264679.17000000004,4.999998978571426
2004-04-21,72.55101857,77.44898143,72.55101857,76.83673286,181939.8,0,0,0,1,76.83673286,112.24489429,181939.8,265257.54500000004,4.963556121428569
2004-04-22,77.34693857,81.22449,77.14285714,80.30612429,389097.8,0,0,1,1,80.30612429,112.24489429,389097.8,264010.775,5.102040509285712
2004-04-23,80.10203714,82.14285714,79.79591857,80.20408143,396846.1,0,0,1,1,80.20408143,112.24489429,396846.1,275584.33,4.985422549999997
2004-04-27,77.55101857,77.55101857,71.42857143,72.85714286,231957.6,0,0,0,1,72.85714286,112.24489429,231957.6,274844.85,5.225947039999997
2004-04-28,72.85714286,74.38775143,70.71428571,73.26530429,167880.3,0,0,0,1,73.26530429,112.24489429,167880.3,267975.33,5.04373091785714
2004-04-29,73.57142857,75.91836714,72.95918,75.40816143,152609.1,0,0,0,1,75.40816143,112.24489429,152609.1,267083.635,4.424197652142854
2004-04-30,76.42857143,77.34693857,74.28571429,75.10203714,284761.4,0,0,1,1,75.10203714,112.24489429,284761.4,261860.48000000004,4.132652447857139
2004-05-03,77.55101857,77.55101857,70.51020429,71.73469571,234521.7,0,0,0,0,71.73469571,112.24489429,234521.7,262085.00500000003,4.48250652928571
2004-05-04,73.46938571,75.51020429,72.7551,74.38775143,125122.9,0,0,0,1,74.38775143,112.24489429,125122.9,256586.99500000002,4.569970101428567
2004-05-05,75.51020429,76.53060857,74.69387571,75.51020429,122508.4,0,0,0,1,75.51020429,112.24489429,122508.4,243003.49500000002,4.409620407857139
2004-05-06,76.42857143,78.77551,75.71428571,76.12244714,171787,0,0,0,1,76.12244714,112.24489429,171787,210451.08,4.380466122142853
2004-05-07,76.53060857,76.53060857,73.46938571,74.69387571,104106.8,0,0,0,1,74.69387571,112.24489429,104106.8,199889.795,4.21282765285714
2004-05-10,72.44898143,74.48979571,71.42857143,73.67346571,100102.1,0,0,0,1,73.67346571,112.24489429,100102.1,197836.13499999998,3.979591632142854
2004-05-11,72.95918,72.95918,67.55101857,70.30612429,105882.7,0,0,0,0,70.30612429,112.24489429,105882.7,199121.685,4.198250407142854
2004-05-12,70.20408143,72.65306143,70.20408143,71.32652857,249883.9,0,0,1,0,71.32652857,112.24489429,249883.9,206114.195,4.0233230599999965
2004-05-13,69.38775143,72.65306143,65.30612429,71.73469571,165942,0,0,0,0,71.73469571,112.24489429,165942,206084.095,4.234693059999995
2004-05-14,72.24489429,72.34693857,62.95918,63.67346571,229973.8,0,0,1,0,63.67346571,112.24489429,229973.8,210601.40500000003,4.737608774285709
2004-05-17,63.26530429,65.30612429,51.02041,53.06122429,112835.1,0,0,0,0,53.06122429,112.24489429,112835.1,201046.65,5.1311947949999945
2004-05-18,53.06122429,61.22449,53.06122429,61.22449,109209.8,0,0,0,0,61.22449,112.24489429,109209.8,189163.135,5.451894794285709
2004-05-19,62.24489429,66.83673286,62.24489429,64.28571429,237564.6,0,0,1,0,64.28571429,112.24489429,237564.6,193726.64499999996,5.641398774285709
2004-05-20,65.30612429,69.38775143,64.28571429,67.24489429,232395.8,0,0,1,0,67.24489429,112.24489429,232395.8,196249.44499999998,5.787171121428565
2004-05-21,67.14285714,67.14285714,64.59183857,66.12244714,91214.2,0,0,0,0,66.12244714,112.24489429,91214.2,181355.26499999996,5.4737597957142805
2004-05-24,69.18367143,69.18367143,67.34693857,68.06122429,74930.8,0,0,0,0,68.06122429,112.24489429,74930.8,165259.49999999994,5.42273948928571
2004-05-25,67.7551,68.36734714,65.81632286,67.24489429,56364.7,0,0,0,0,67.24489429,112.24489429,56364.7,156479.85499999998,5.4518942849999945
2004-05-26,69.28571429,69.89795714,66.32652857,66.63265286,75399.1,0,0,0,0,66.63265286,112.24489429,75399.1,151855.79499999995,5.473760203571424
2004-05-27,67.85714286,67.85714286,64.38775143,64.59183857,80627.4,0,0,0,0,64.59183857,112.24489429,80627.4,148256.70999999996,5.5029151014285675
2004-05-28,65.30612429,65.30612429,60,60.40816143,143413.9,0,0,1,0,60.40816143,112.24489429,143413.9,141189.33499999996,5.64868795928571
2004-05-31,55.40816143,61.02041,55.10203714,56.42857143,145030.9,0,0,1,0,56.42857143,112.24489429,145030.9,136714.79499999998,5.634111224999996
2004-06-01,56.12244714,59.38775143,56.12244714,56.53060857,178864.7,0,0,1,0,56.53060857,112.24489429,178864.7,139401.88499999995,5.69242010285714
2004-06-02,57.7551,58.36734714,56.63265286,57.65306143,78061.9,0,0,0,0,57.65306143,112.24489429,78061.9,137179.55999999994,5.298834490714284
2004-06-03,59.38775143,59.48979571,56.83673286,57.14285714,110880,0,0,0,0,57.14285714,112.24489429,110880,134134.20999999993,4.817784796428569
2004-06-04,57.14285714,57.44898143,54.89795714,55.20408143,118699,0,0,0,0,55.20408143,112.24489429,118699,134863.81999999995,3.9795926535714266
2004-06-07,56.32652857,57.55101857,56.12244714,56.73469571,81071.2,0,0,0,0,56.73469571,112.24489429,81071.2,133912.27499999997,3.5641406128571407
2004-06-08,57.14285714,57.55101857,55.71428571,56.53060857,51916.9,0,0,0,0,56.53060857,112.24489429,51916.9,131213.98499999996,3.2944613271428547
2004-06-09,56.12244714,56.93877571,54.59183857,55.10203714,253161.3,0,0,1,0,55.10203714,112.24489429,253161.3,131377.85499999995,3.0976684699999977
2004-06-10,56.12244714,58.16326714,54.59183857,55.91836714,474856.9,0,0,1,0,55.91836714,112.24489429,474856.9,146823.59999999995,3.163266530714283
2004-06-11,56.53060857,56.53060857,53.46938571,53.77551,176366.4,0,0,1,0,53.77551,112.24489429,176366.4,144143.22999999995,3.1632664285714256
2004-06-14,54.59183857,55.81632286,52.85714286,55.10203714,254555.7,0,0,1,0,55.10203714,112.24489429,254555.7,151229.25999999995,3.1924204085714245
2004-06-15,56.73469571,56.73469571,54.28571429,54.59183857,109466.7,0,0,0,0,54.59183857,112.24489429,109466.7,151242.10499999992,3.112245612142852
2004-06-16,55.91836714,61.12244714,54.69387571,57.55101857,1854558.3,0,0,1,0,57.55101857,112.24489429,1854558.3,232091.78999999995,3.3309039792857082
2004-06-17,58.97959,59.48979571,56.53060857,58.77551,540301.3,0,0,1,0,58.77551,112.24489429,540301.3,247487.06499999994,3.163265611428565
2004-06-18,58.36734714,58.77551,57.34693857,57.7551,210123.2,0,0,0,0,57.7551,112.24489429,210123.2,253432.51499999996,2.842565509285708
2004-06-21,57.95918,58.57142857,54.89795714,55.30612429,213788.4,0,0,0,0,55.30612429,112.24489429,213788.4,260375.39499999993,2.871720304999993
2004-06-22,56.12244714,56.32652857,54.59183857,54.69387571,108971.1,0,0,0,0,54.69387571,112.24489429,108971.1,263005.71499999997,2.8644311214285643
2004-06-23,55.10203714,55.51020429,54.08163286,55.10203714,132279.7,0,0,0,0,55.10203714,112.24489429,132279.7,265849.7450000001,2.7769674485714217
2004-06-24,55.30612429,56.02041,54.38775143,54.89795714,71299.9,0,0,0,0,54.89795714,112.24489429,71299.9,265383.3700000001,2.7113698971428497
2004-06-25,55.51020429,56.93877571,54.59183857,56.22449,122357.9,0,0,0,0,56.22449,112.24489429,122357.9,264330.5700000001,2.7113698971428506
2004-06-28,56.93877571,58.97959,56.53060857,58.77551,303713.9,0,0,1,0,58.77551,112.24489429,303713.9,272264.7200000001,2.7769675499999935
2004-06-29,59.38775143,59.48979571,56.32652857,57.14285714,235152.4,0,0,0,0,57.14285714,112.24489429,235152.4,275079.1050000001,2.835276835714279
2004-06-30,57.14285714,60.20408143,56.42857143,59.48979571,323617,0,0,1,0,59.48979571,112.24489429,323617,287356.8600000001,2.8498540807142794
2004-07-01,59.69387571,60.91836714,59.28571429,60,150515.4,0,0,0,0,60,112.24489429,150515.4,289338.6300000001,2.747813365714279
2004-07-02,59.69387571,60,58.46938571,59.18367143,97278.3,0,0,0,0,59.18367143,112.24489429,97278.3,288267.5950000001,2.6457729578571367
2004-07-05,59.59183857,60.71428571,58.06122429,59.59183857,193571.7,0,0,0,0,59.59183857,112.24489429,193571.7,293892.6200000001,2.6603501007142802
2004-07-06,59.18367143,59.89795714,58.97959,59.79591857,76126.4,0,0,0,0,59.79591857,112.24489429,76126.4,295103.0950000001,2.2594757128571374
2004-07-07,59.79591857,62.95918,59.28571429,62.44898143,335748,0,0,1,0,62.44898143,112.24489429,335748,299232.43000000005,2.31049561071428
2004-07-08,63.06122429,64.08163286,58.77551,59.18367143,365892.8,0,0,1,0,59.18367143,112.24489429,365892.8,293784.2250000001,2.5874635699999944
2004-07-09,57.7551,60,55.81632286,59.59183857,138885.6,0,0,0,0,59.59183857,112.24489429,138885.6,291910.1850000001,2.6239068349999948
2004-07-12,60,62.65306143,59.48979571,61.32652857,181157.9,0,0,0,0,61.32652857,112.24489429,181157.9,288240.29500000004,2.7259479578571373
2004-07-13,61.73469571,62.24489429,59.69387571,60.10203714,90883.8,0,0,0,0,60.10203714,112.24489429,90883.8,287311.1500000001,2.806122754285709
2004-07-14,61.83673286,61.93877571,59.79591857,61.22449,140478.8,0,0,0,0,61.22449,112.24489429,140478.8,201607.1750000001,2.842565509285709
2004-07-15,61.83673286,65.81632286,61.02041,64.59183857,360216.5,0,0,1,0,64.59183857,112.24489429,360216.5,192602.9350000001,3.017492346428566
2004-07-16,65.61224286,70.71428571,64.48979571,69.38775143,1595121.5,0,0,1,1,69.38775143,112.24489429,1595121.5,261852.8500000001,3.265305917857138
2004-07-19,70,74.38775143,68.36734714,71.12244714,1140837.6,0,0,1,1,71.12244714,112.24489429,1140837.6,308205.3100000001,3.4693871428571366
2004-07-20,71.93877571,72.04081429,68.46938571,68.87755286,357417.9,0,0,1,1,68.87755286,112.24489429,357417.9,320627.65000000014,3.454809898571422
2004-07-21,70.20408143,71.02041,67.95918,69.18367143,453306.7,0,0,1,1,69.18367143,112.24489429,453306.7,336679.0000000001,3.556851123571422
2004-07-22,70.40816143,72.65306143,67.95918,68.46938571,2258153.1,0,0,1,1,68.46938571,112.24489429,2258153.1,446021.66000000003,3.7827987764285638
2004-07-23,69.38775143,70.61224286,68.57142857,69.28571429,416289.3,0,0,0,1,69.28571429,112.24489429,416289.3,460718.2300000001,3.7463556142857066
2004-07-26,69.38775143,70.81632286,68.57142857,69.18367143,278654.6,0,0,0,1,69.18367143,112.24489429,278654.6,459465.265,3.841107553571421
2004-07-27,70.20408143,70.61224286,65.40816143,65.81632286,306029.5,0,0,0,1,65.81632286,112.24489429,306029.5,463009.12,3.9504372478571343
2004-07-28,66.32652857,66.53060857,64.28571429,65.40816143,244603.1,0,0,0,1,65.40816143,112.24489429,244603.1,459058.425,3.7317780635714195
2004-07-29,66.12244714,69.18367143,64.89795714,67.34693857,400726.9,0,0,0,1,67.34693857,112.24489429,400726.9,471569,3.7390664314285624
2004-07-30,67.95918,68.67346571,66.22449,66.53060857,297211.6,0,0,0,1,66.53060857,112.24489429,297211.6,481565.66500000004,3.6880457164285625
2004-08-02,61.22449,63.26530429,59.18367143,61.83673286,501645.2,0,0,1,1,61.83673286,112.24489429,501645.2,496969.34,4.030611327857135
2004-08-03,61.22449,64.69387571,60.61224286,63.57142857,544434.8,0,0,1,1,63.57142857,112.24489429,544434.8,520384.75999999995,4.1690953071428485
2004-08-04,64.28571429,68.97959,63.16326714,66.53060857,3955611.1,0,0,1,1,66.53060857,112.24489429,3955611.1,701377.915,4.241981735714277
2004-08-05,67.44898143,68.67346571,66.73469571,67.44898143,1077901.3,0,0,1,1,67.44898143,112.24489429,1077901.3,736978.3400000001,3.9504365314285628
2004-08-06,67.55101857,70.61224286,67.44898143,67.7551,1337125.3,0,0,1,1,67.7551,112.24489429,1337125.3,796890.325,3.7463548985714206
2004-08-09,67.34693857,68.36734714,66.32652857,66.93877571,563525.2,0,0,0,1,66.93877571,112.24489429,563525.2,816008.6900000001,3.6370256121428497
2004-08-10,66.93877571,67.65306143,65.71428571,65.81632286,393391.6,0,0,0,1,65.81632286,112.24489429,393391.6,831134.08,3.556850306428564
2004-08-11,66.93877571,67.24489429,62.04081429,62.95918,546552.3,0,0,0,1,62.95918,112.24489429,546552.3,851437.7550000001,3.593293061428565
2004-08-12,62.85714286,64.08163286,61.73469571,62.14285714,1519301.7,0,0,1,1,62.14285714,112.24489429,1519301.7,909392.015,3.607870204285708
2004-08-13,62.44898143,63.16326714,61.73469571,62.34693857,271243,0,0,0,1,62.34693857,112.24489429,271243,843198.0900000001,3.5495614285714225
2004-08-16,62.44898143,63.06122429,61.53060857,62.85714286,188770.4,0,0,0,1,62.85714286,112.24489429,188770.4,795594.73,3.2871710207142804
2004-08-17,63.26530429,63.87755286,62.7551,63.26530429,267262.1,0,0,0,1,63.26530429,112.24489429,267262.1,791086.94,3.206996633571424
2004-08-18,63.26530429,65,61.83673286,62.24489429,476946.4,0,0,0,1,62.24489429,112.24489429,476946.4,792268.925,3.1268218371428524
2004-08-19,62.85714286,65.40816143,62.34693857,64.18367143,334660.2,0,0,0,1,64.18367143,112.24489429,334660.2,696094.28,3.177842653571424
2004-08-20,65.10203714,67.34693857,64.18367143,65.40816143,697606,0,0,0,1,65.40816143,112.24489429,697606,710160.115,2.8790090821428533
2004-08-23,65.51020429,66.12244714,63.06122429,63.36734714,277581.5,0,0,0,1,63.36734714,112.24489429,277581.5,710106.46,2.8061226535714248
2004-08-24,63.46938571,64.08163286,63.26530429,63.36734714,201394.2,0,0,0,1,63.36734714,112.24489429,201394.2,704874.695,2.4489802042857107
2004-08-25,63.97959,63.97959,62.7551,62.95918,100702,0,0,0,1,62.95918,112.24489429,100702,697679.6399999999,2.3833825514285674
2004-08-26,60.20408143,63.67346571,60.20408143,63.36734714,197948.1,0,0,0,1,63.36734714,112.24489429,197948.1,687540.7,2.4052484692857106
2004-08-27,64.28571429,65.20408143,63.46938571,64.79591857,312588.5,0,0,0,1,64.79591857,112.24489429,312588.5,688309.5449999999,2.3906710207142816
2004-08-30,64.79591857,70.20408143,64.79591857,69.69387571,1360391.9,0,0,1,1,69.69387571,112.24489429,1360391.9,731246.8799999999,2.6384843878571393
2004-08-31,69.38775143,72.34693857,67.7551,71.93877571,1524155.5,0,0,1,1,71.93877571,112.24489429,1524155.5,780232.9149999999,2.5947528571428538
2004-09-01,73.06122429,73.06122429,68.97959,69.18367143,706331.5,0,0,1,1,69.18367143,112.24489429,706331.5,617768.9349999998,2.7186597957142813
2004-09-02,69.38775143,70.51020429,67.04081429,67.65306143,546781.9,0,0,0,1,67.65306143,112.24489429,546781.9,591212.9649999999,2.864432550714281
2004-09-03,67.55101857,68.77551,67.34693857,67.7551,242133.5,0,0,0,1,67.7551,112.24489429,242133.5,536463.3749999998,2.8571436728571378
2004-09-06,68.26530429,69.79591857,67.95918,68.87755286,276748.5,0,0,0,1,68.87755286,112.24489429,276748.5,522124.53999999986,2.9227412235714234
2004-09-07,69.48979571,70.40816143,68.67346571,69.48979571,426902.7,0,0,0,1,69.48979571,112.24489429,426902.7,523800.09499999986,2.820700407857138
2004-09-08,70,78.46938571,70,77.14285714,4728040.8,0,0,1,1,77.14285714,112.24489429,4728040.8,732874.5199999999,3.23615204071428
2004-09-09,77.55101857,79.08163286,73.77551,77.44898143,2854712.7,0,0,1,1,77.44898143,112.24489429,2854712.7,799645.07,3.3892131635714233
2004-09-10,78.16326714,80.40816143,77.34693857,79.38775143,2749966.8,0,0,1,1,79.38775143,112.24489429,2749966.8,923581.26,3.389213164285708
2004-09-13,80.81632286,81.12244714,78.16326714,78.97959,1396119.2,0,0,1,1,78.97959,112.24489429,1396119.2,983948.7,3.5422739807142807
2004-09-14,78.57142857,79.59183857,76.53060857,76.93877571,579951.4,0,0,0,1,76.93877571,112.24489429,579951.4,999583.1649999998,3.6734696949999943
2004-09-15,77.55101857,78.67346571,75.91836714,76.63265286,516730.9,0,0,0,1,76.63265286,112.24489429,516730.9,1001572.3899999999,3.622449287142851
2004-09-16,77.04081429,78.57142857,76.93877571,77.34693857,473725,0,0,0,1,77.34693857,112.24489429,473725,1008525.6299999999,3.6297379599999937
2004-09-17,78.06122429,86.02041,77.95918,82.95918,4991390.6,0,0,1,1,82.95918,112.24489429,4991390.6,1223214.8599999999,3.8629742864285643
2004-09-20,85.71428571,87.34693857,83.87755286,85.81632286,2967556.9,0,0,1,1,85.81632286,112.24489429,2967556.9,1357713.6299999997,3.8483971435714213
2004-09-21,86.02041,87.14285714,84.28571429,86.12244714,2381228.5,0,0,1,1,86.12244714,112.24489429,2381228.5,1466705.3449999997,3.7609334692857073
2004-09-22,86.22449,86.22449,82.34693857,82.85714286,1215279.8,0,0,0,1,82.85714286,112.24489429,1215279.8,1522434.2349999999,3.79008785714285
2004-09-23,83.57142857,83.57142857,80.91836714,81.32652857,757619.8,0,0,0,1,81.32652857,112.24489429,757619.8,1550417.8199999998,3.877551428571421
2004-09-24,81.53060857,81.53060857,79.69387571,79.89795714,638382.5,0,0,0,1,79.89795714,112.24489429,638382.5,1566707.5199999998,3.862973877857135
2004-09-27,80.40816143,82.04081429,79.59183857,80.10203714,572570.6,0,0,0,1,80.10203714,112.24489429,572570.6,1527316.4549999996,3.9139938778571346
2004-09-28,80.51020429,80.91836714,78.46938571,78.67346571,319404.4,0,0,0,1,78.67346571,112.24489429,319404.4,1467078.9,3.447521837142849
2004-09-29,79.08163286,79.69387571,77.65306143,78.77551,686868.7,0,0,0,1,78.77551,112.24489429,686868.7,1466105.7599999998,3.2142855099999927
2004-09-30,79.38775143,80.10203714,78.67346571,78.97959,568228.5,0,0,0,1,78.97959,112.24489429,568228.5,1467178.0899999999,3.0976675507142772
2004-10-01,79.79591857,80.51020429,79.08163286,79.69387571,567783.3,0,0,0,1,79.69387571,112.24489429,567783.3,1483460.5799999996,2.995627142857135
2004-10-04,81.63265286,82.14285714,79.38775143,81.73469571,1186451.7,0,0,0,1,81.73469571,112.24489429,1186451.7,1528945.7399999998,2.97376112214285
2004-10-05,82.85714286,87.55101857,82.7551,84.69387571,2210765.2,0,0,1,1,84.69387571,112.24489429,2210765.2,1618138.8649999998,3.1924199999999927
2004-10-06,85.61224286,86.93877571,84.38775143,85.61224286,1476729.1,0,0,1,1,85.61224286,112.24489429,1476729.1,1455573.2799999998,3.236152040714279
2004-10-07,86.53060857,87.95918,85,85.61224286,1064557.2,0,0,0,1,85.61224286,112.24489429,1064557.2,1366065.5049999997,2.827988367142851
2004-10-08,86.12244714,86.32652857,83.67346571,84.18367143,577228.4,0,0,0,1,84.18367143,112.24489429,577228.4,1257428.5849999997,2.704081530714279
2004-10-11,87.24489429,91.02041,86.73469571,87.85714286,1989748.6,0,0,1,1,87.85714286,112.24489429,1989748.6,1287110.0549999997,2.9883383678571356
2004-10-12,88.26530429,88.46938571,83.46938571,84.08163286,896729.4,0,0,0,1,84.08163286,112.24489429,896729.4,1302948.9549999996,3.0685132657142793
2004-10-14,84.18367143,85.51020429,81.63265286,82.44898143,602042.7,0,0,0,1,82.44898143,112.24489429,602042.7,1307214.5449999997,3.155976837142852
2004-10-15,83.26530429,85.40816143,81.42857143,81.83673286,788932.2,0,0,0,1,81.83673286,112.24489429,788932.2,1322974.9049999998,3.3090380614285664
2004-10-18,82.55101857,82.7551,79.89795714,80.20408143,428001.7,0,0,0,1,80.20408143,112.24489429,428001.7,1094805.4599999997,3.3381928571428507
2004-10-19,80.51020429,81.22449,80,80.61224286,292324.9,0,0,0,1,80.61224286,112.24489429,292324.9,961043.8599999998,3.2507291835714223
2004-10-20,81.02041,83.36734714,79.79591857,80.71428571,596944.6,0,0,0,1,80.71428571,112.24489429,596944.6,871829.6649999997,3.3600587757142795
2004-10-21,81.42857143,89.28571429,81.42857143,88.26530429,3360119,0,0,1,1,88.26530429,112.24489429,3360119,979071.6249999997,3.870262857857137
2004-10-25,88.57142857,88.57142857,82.95918,83.36734714,990514.7,0,0,0,1,83.36734714,112.24489429,990514.7,990716.3699999995,4.161808163571423
2004-10-26,83.36734714,84.48979571,81.73469571,83.06122429,661316.6,0,0,0,1,83.06122429,112.24489429,661316.6,991863.0749999996,4.161807755714278
2004-10-27,84.59183857,85.40816143,82.95918,83.77551,470630.3,0,0,0,1,83.77551,112.24489429,470630.3,986766.0599999996,3.9212833678571357
2004-10-28,84.48979571,85.20408143,81.42857143,81.93877571,564783.8,0,0,0,1,81.93877571,112.24489429,564783.8,999035.0299999996,4.008746633571421
2004-10-29,82.65306143,82.95918,80.30612429,80.71428571,510489,0,0,0,1,80.71428571,112.24489429,510489,990216.0449999996,3.986880612857135
2004-11-01,79.59183857,79.59183857,77.14285714,78.36734714,676701.9,0,0,0,1,78.36734714,112.24489429,676701.9,995639.7149999996,4.052478163571421
2004-11-02,79.28571429,80.51020429,78.77551,79.38775143,698153.4,0,0,0,1,79.38775143,112.24489429,698153.4,1002158.2199999997,3.7172009192857067
2004-11-03,80,80.61224286,79.08163286,79.69387571,351941.8,0,0,0,1,79.69387571,112.24489429,351941.8,960432.7249999996,3.4693873478571353
2004-11-04,80.40816143,80.40816143,78.67346571,78.97959,285674.2,0,0,0,1,78.97959,112.24489429,285674.2,864178.1749999998,3.316326225714278
2004-11-05,79.79591857,79.79591857,77.65306143,77.95918,238066.5,0,0,0,1,77.95918,112.24489429,238066.5,802245.0449999997,3.1851310214285644
2004-11-08,79.28571429,79.48979571,78.16326714,78.46938571,367859.8,0,0,0,1,78.46938571,112.24489429,367859.8,767410.1749999997,3.09037908214285
2004-11-09,78.57142857,78.57142857,77.04081429,77.7551,385643.3,0,0,0,1,77.7551,112.24489429,385643.3,757830.9199999997,3.1122451021428494
2004-11-10,79.18367143,81.12244714,77.24489429,80.51020429,969710,0,0,1,1,80.51020429,112.24489429,969710,706828.9899999996,3.1341111221428486
2004-11-11,81.32652857,81.42857143,78.16326714,78.77551,363630.4,0,0,0,1,78.77551,112.24489429,363630.4,680174.0399999996,2.7551022442857054
2004-11-12,80.40816143,80.81632286,78.57142857,79.38775143,94503.5,0,0,0,1,79.38775143,112.24489429,94503.5,654797.0799999995,2.514576938571421
2004-11-16,80.61224286,80.61224286,78.36734714,79.59183857,419118.7,0,0,0,1,79.59183857,112.24489429,419118.7,636306.4049999996,2.478133775714277
2004-11-17,80.40816143,80.61224286,77.34693857,77.7551,1013886.3,0,0,1,1,77.7551,112.24489429,1013886.3,665600.635,2.536442551428561
2004-11-18,78.57142857,81.53060857,78.16326714,80.51020429,1869690.2,0,0,1,1,80.51020429,112.24489429,1869690.2,744468.9,2.5364424492857043
2004-11-19,81.12244714,84.18367143,80.10203714,80.81632286,1289275.4,0,0,1,1,80.81632286,112.24489429,1289275.4,779085.4400000002,2.638483776428562
2004-11-22,73.06122429,85,73.06122429,83.46938571,1217145.3,0,0,1,1,83.46938571,112.24489429,1217145.3,671936.7550000001,3.2361514292857048
2004-11-23,86.22449,89.18367143,85.20408143,86.22449,2195106.9,0,0,1,1,86.22449,112.24489429,2195106.9,732166.365,3.491253469999991
2004-11-24,87.24489429,87.55101857,83.87755286,84.18367143,851958.1,0,0,1,1,84.18367143,112.24489429,851958.1,741698.4400000001,3.644314592142848
2004-11-25,85.71428571,87.7551,83.77551,84.08163286,1080629.9,0,0,1,1,84.08163286,112.24489429,1080629.9,772198.4200000002,3.8046641835714192
2004-11-29,85,85.71428571,83.87755286,84.18367143,460950.7,0,0,0,1,84.18367143,112.24489429,460950.7,767006.7650000001,3.782798162857134
2004-11-30,85.20408143,85.30612429,80,80.91836714,673019.9,0,0,0,1,80.91836714,112.24489429,673019.9,775133.31,4.052477347142849
2004-12-01,80.71428571,82.14285714,79.48979571,81.53060857,591078.6,0,0,0,1,81.53060857,112.24489429,591078.6,770852.1450000001,4.132652143571422
2004-12-02,82.55101857,85.61224286,81.53060857,84.48979571,759087,0,0,0,1,84.48979571,112.24489429,759087,773898.8250000002,4.147229389285707
2004-12-03,85.71428571,85.81632286,82.04081429,82.65306143,432289.2,0,0,0,1,82.65306143,112.24489429,432289.2,777916.1950000003,4.18367255214285
2004-12-06,83.46938571,85.51020429,81.12244714,84.48979571,1065570.1,0,0,1,1,84.48979571,112.24489429,1065570.1,816910.9900000002,4.336734184999992
2004-12-07,85.20408143,85.20408143,80.81632286,81.53060857,866334.7,0,0,1,1,81.53060857,112.24489429,866334.7,848324.4000000001,4.48979581714285
2004-12-08,82.55101857,86.02041,81.22449,83.26530429,2712241.7,0,0,1,1,83.26530429,112.24489429,2712241.7,965543.4949999999,4.59912551071428
2004-12-09,83.77551,85,83.16326714,83.67346571,1085135.1,0,0,1,1,83.67346571,112.24489429,1085135.1,1000518.085,4.460641531428565
2004-12-10,84.28571429,84.79591857,81.93877571,82.34693857,1090547.5,0,0,1,1,82.34693857,112.24489429,1090547.5,1006559.96,4.373177857857136
2004-12-13,83.26530429,84.48979571,82.34693857,83.77551,874389.6,0,0,0,1,83.77551,112.24489429,874389.6,1032097.9199999999,3.6734693885714202
2004-12-14,84.18367143,87.55101857,84.18367143,86.32652857,1807524.6,0,0,1,1,86.32652857,112.24489429,1807524.6,1117748.975,3.534985306428563
2004-12-15,87.24489429,89.18367143,86.73469571,86.93877571,1513964.2,0,0,1,1,86.93877571,112.24489429,1513964.2,1172491.25,3.4766765314285633
2004-12-16,86.83673286,87.24489429,85.20408143,85.51020429,628741.4,0,0,0,1,85.51020429,112.24489429,628741.4,1153234.005,3.3381924499999918
2004-12-17,84.89795714,86.22449,83.67346571,84.48979571,582642.9,0,0,0,1,84.48979571,112.24489429,582642.9,1088881.64,3.389213267142849
2004-12-20,85.10203714,85.30612429,83.67346571,83.97959,517832,0,0,0,1,83.97959,112.24489429,517832,1050309.47,3.126822859285706
2004-12-21,84.89795714,85.10203714,82.85714286,83.36734714,632178.4,0,0,0,1,83.36734714,112.24489429,632178.4,1021061.1249999998,3.097668062857134
2004-12-22,84.38775143,85.20408143,83.06122429,83.57142857,610418.9,0,0,0,1,83.57142857,112.24489429,610418.9,941826.7249999999,2.959183980714277
2004-12-23,84.69387571,86.22449,84.48979571,85.10203714,686282.1,0,0,0,1,85.10203714,112.24489429,686282.1,933542.9249999998,2.8790091849999926
2004-12-24,86.22449,86.22449,84.59183857,84.79591857,406304.5,0,0,0,1,84.79591857,112.24489429,406304.5,899826.6549999999,2.6822159192857074
2004-12-27,84.79591857,87.34693857,83.26530429,84.89795714,514885.7,0,0,0,1,84.89795714,112.24489429,514885.7,902523.4049999999,2.660349898571422
2004-12-28,86.22449,89.59183857,84.69387571,88.97959,2166439.8,0,0,1,1,88.97959,112.24489429,2166439.8,977194.3999999998,2.667638674285708
2004-12-29,89.79591857,93.67346571,89.79591857,92.34694286,3522205.4,0,0,1,1,92.34694286,112.24489429,3522205.4,1123750.7399999998,2.871720306428565
2004-12-30,93.97959,93.97959,88.57142857,89.48979571,1303737.4,0,0,1,1,89.48979571,112.24489429,1303737.4,1150983.26,3.053935918571423
2004-12-31,89.59183857,90.61224286,89.08163286,89.89795714,654283.7,0,0,0,1,89.89795714,112.24489429,654283.7,1162082.9849999999,3.010203979999995
2005-01-03,91.42857143,97.14285714,90.30612429,96.42857143,3393612.6,0,0,1,1,96.42857143,112.24489429,3393612.6,1278485.1099999999,3.258017653571424
2005-01-04,97.95918,98.87755286,94.89796286,97.55101857,2165063.6,0,0,1,1,97.55101857,112.24489429,2165063.6,1343421.555,3.3381924492857076
2005-01-05,96.93877143,97.85714286,85.71428571,92.14285714,1716316.7,0,0,1,1,92.14285714,112.24489429,1716316.7,1293625.305,4.0597670414285645
2005-01-06,92.34694286,92.34694286,86.22449,87.85714286,837062.1,0,0,0,1,87.85714286,105.91837143,837062.1,1281221.6549999998,4.31486908214285
2005-01-07,88.26530429,90.40816143,86.63265286,89.28571429,435576.4,0,0,0,1,89.28571429,105.91837143,435576.4,1248473.0999999999,4.467929795714279
2005-01-10,91.12244714,94.79591429,89.79591857,90.10203714,558114.9,0,0,0,1,90.10203714,105.91837143,558114.9,1232659.3649999998,4.701165918571422
2005-01-11,90.30612429,91.53060857,85.91836714,86.32652857,476981.4,0,0,0,1,86.32652857,101.42857143,476981.4,1166132.2049999996,4.94897908214285
2005-01-12,87.7551,87.7551,79.59183857,80.91836714,617944.6,0,0,0,0,80.91836714,98.87755286,617944.6,1121331.2249999996,5.342564796428564
2005-01-13,81.63265286,85.61224286,81.63265286,84.89795714,420426.3,0,0,0,1,84.89795714,98.87755286,420426.3,1110915.4699999995,5.561223674285706
2005-01-14,85.91836714,86.32652857,82.85714286,84.08163286,284142.6,0,0,0,0,84.08163286,98.87755286,284142.6,1095990.4549999996,5.51749163357142
2005-01-17,84.59183857,84.69387571,81.22449,82.04081429,283275.3,0,0,0,0,82.04081429,98.87755286,283275.3,1084262.6199999996,5.415450408571421
2005-01-18,83.46938571,84.18367143,82.34693857,82.65306143,279959.4,0,0,0,0,82.65306143,98.87755286,279959.4,1066651.6699999997,5.2332347964285635
2005-01-19,83.36734714,87.34693857,81.83673286,85.61224286,524296.5,0,0,0,0,85.61224286,98.87755286,524296.5,1062345.5499999996,5.240523673571421
2005-01-20,87.55101857,88.16326714,83.16326714,84.08163286,616210.7,0,0,0,0,84.08163286,98.87755286,616210.7,1058841.9799999997,5.488337244999992
2005-01-24,84.28571429,86.12244714,80.61224286,83.36734714,644250.6,0,0,0,0,83.36734714,98.87755286,644250.6,1070739.2849999997,5.364430407857136
2005-01-25,83.57142857,85.30612429,81.42857143,84.28571429,501137.7,0,0,0,0,84.28571429,98.87755286,501137.7,1070051.8849999998,5.35714204071428
2005-01-27,85.20408143,86.32652857,83.87755286,84.38775143,265309.1,0,0,0,0,84.38775143,98.87755286,265309.1,974995.3499999999,4.664721937857137
2005-01-28,85.30612429,86.42857143,84.48979571,84.89795714,285828.2,0,0,0,1,84.89795714,98.87755286,285828.2,813176.4899999999,4.373176733571424
2005-01-31,85.71428571,85.71428571,82.7551,83.26530429,607026.7,0,0,0,1,83.26530429,98.87755286,607026.7,778340.9549999998,4.314867957857137
2005-02-01,83.77551,84.28571429,83.06122429,83.57142857,308460.6,0,0,0,1,83.57142857,98.87755286,308460.6,761049.7999999998,4.008745814999995
2005-02-02,83.26530429,84.69387571,81.93877571,82.24489429,354648.7,0,0,0,1,82.24489429,98.87755286,354648.7,609101.6049999999,3.8046642842857095
2005-02-03,83.87755286,86.22449,82.85714286,85.10203714,738274.6,0,0,1,1,85.10203714,98.87755286,738274.6,537762.155,3.505831018571423
2005-02-04,85.71428571,86.12244714,83.77551,84.08163286,316631.7,0,0,0,1,84.08163286,98.87755286,316631.7,467777.9050000001,3.3381925485714246
2005-02-07,84.18367143,86.32652857,83.16326714,84.59183857,707242.9,0,0,1,1,84.59183857,98.87755286,707242.9,461286.945,3.316326528571424
2005-02-08,85.30612429,85.51020429,83.67346571,83.97959,362801.6,0,0,0,1,83.97959,98.87755286,362801.6,457648.20499999996,3.1997088764285673
2005-02-09,84.48979571,87.55101857,83.87755286,86.02041,592650.8,0,0,1,1,86.02041,98.87755286,592650.8,459375,3.309038059999996
2005-02-10,86.93877571,94.4898,86.93877571,90.81632286,3709639.5,0,0,1,1,90.81632286,98.87755286,3709639.5,621007.905,3.520408366428567
2005-02-11,91.83673286,94.59183857,90.91836714,91.63265714,1713405.4,0,0,1,1,91.63265714,98.87755286,1713405.4,675780.945,3.432945202857138
2005-02-14,92.65305714,93.06122857,88.97959,89.38775143,729813.7,0,0,1,1,89.38775143,98.87755286,729813.7,691250.315,3.330904794999994
2005-02-15,88.77551,91.63265714,87.14285714,90.30612429,927850,0,0,1,1,90.30612429,98.87755286,927850,723435.6849999999,3.3746367335714234
2005-02-16,90.20408143,92.24489429,88.26530429,89.08163286,595792.4,0,0,0,1,89.08163286,98.87755286,595792.4,739061.5399999999,3.48396632571428
2005-02-17,89.08163286,89.08163286,87.04081429,87.95918,303405.9,0,0,0,1,87.95918,98.87755286,303405.9,740233.8649999999,3.4839662235714215
2005-02-18,88.57142857,89.28571429,86.22449,86.73469571,287915.6,0,0,0,1,86.73469571,98.87755286,287915.6,728414.8199999998,3.4912546935714213
2005-02-21,87.95918,88.67346571,86.32652857,86.73469571,245449.4,0,0,0,1,86.73469571,98.87755286,245449.4,709876.7549999997,3.5714294892857077
2005-02-22,87.85714286,88.26530429,86.42857143,87.7551,225897.7,0,0,0,1,87.7551,98.87755286,225897.7,688959.1099999998,3.5058318364285648
2005-02-23,86.73469571,88.36734714,86.32652857,87.04081429,240417.1,0,0,0,1,87.04081429,98.87755286,240417.1,675923.0799999997,3.367347754999994
2005-02-24,87.55101857,88.06122429,86.32652857,86.93877571,252438.9,0,0,0,1,86.93877571,98.87755286,252438.9,675279.5699999996,3.323616224999994
2005-02-25,88.36734714,88.36734714,84.69387571,85.30612429,271320,0,0,0,1,85.30612429,98.87755286,271320,674554.1599999999,3.3600597964285663
2005-02-28,86.53060857,87.7551,81.83673286,84.69387571,309292.2,0,0,0,1,84.69387571,98.87755286,309292.2,659667.4349999998,3.6516046935714237
2005-03-01,85.30612429,85.30612429,82.85714286,83.36734714,230675.2,0,0,0,1,83.36734714,98.87755286,230675.2,655778.1649999998,3.5641415307142807
2005-03-02,83.67346571,87.24489429,83.26530429,86.12244714,508382.7,0,0,0,1,86.12244714,98.87755286,508382.7,663464.865,3.24344153071428
2005-03-03,86.93877571,88.57142857,85.20408143,85.81632286,668271.8,0,0,1,1,85.81632286,98.87755286,668271.8,659964.7249999999,3.2142866328571373
2005-03-04,86.53060857,86.53060857,83.87755286,84.59183857,431200,0,0,0,1,84.59183857,98.87755286,431200,665693.1399999999,3.112244999999995
2005-03-07,85.30612429,86.32652857,83.67346571,83.87755286,283332,0,0,0,1,83.87755286,98.87755286,283332,644497.595,2.9810494899999944
2005-03-08,84.79591857,84.89795714,82.65306143,82.85714286,355227.6,0,0,0,1,82.85714286,98.87755286,355227.6,644118.8949999998,2.857142754999995
2005-03-09,83.67346571,84.59183857,81.53060857,82.04081429,346349.5,0,0,0,1,82.04081429,98.87755286,346349.5,631803.8299999998,2.93002928571428
2005-03-10,82.44898143,83.46938571,81.63265286,82.55101857,211670.9,0,0,0,1,82.55101857,98.87755286,211670.9,456905.3999999998,2.842565611428566
2005-03-11,85.51020429,85.51020429,81.42857143,81.83673286,264755.4,0,0,0,1,81.83673286,98.87755286,264755.4,384472.8999999998,2.9664724485714227
2005-03-14,83.26530429,83.57142857,81.02041,81.32652857,191380.7,0,0,0,1,81.32652857,98.87755286,191380.7,357551.2499999998,3.017492856428565
2005-03-15,81.42857143,83.46938571,80.71428571,81.12244714,282837.8,0,0,0,1,81.12244714,98.87755286,282837.8,325300.63999999984,3.068512958571421
2005-03-16,82.04081429,83.16326714,80.91836714,81.32652857,240823.1,0,0,0,1,81.32652857,98.87755286,240823.1,307552.1749999998,3.1049561214285637
2005-03-17,81.73469571,82.65306143,78.67346571,79.48979571,263974.2,0,0,0,1,79.48979571,98.87755286,263974.2,305580.59,3.1268221421428484
2005-03-18,79.59183857,80.20408143,77.65306143,78.36734714,247216.2,0,0,0,1,78.36734714,98.87755286,247216.2,303545.62000000005,2.886297346428563
2005-03-21,79.18367143,79.59183857,77.34693857,77.85714286,197584.1,0,0,0,1,77.85714286,98.87755286,197584.1,301152.35500000004,2.8717201014285623
2005-03-22,77.85714286,78.06122429,74.48979571,75,260528.1,0,0,0,1,75,98.87755286,260528.1,302883.875,2.8425657142857053
2005-03-23,75.10203714,76.53060857,73.26530429,73.97959,252945.7,0,0,0,0,73.97959,98.87755286,252945.7,303510.30500000005,2.8352769385714196
2005-03-24,71.63265286,74.48979571,71.42857143,71.73469571,196945.7,0,0,0,0,71.73469571,98.87755286,196945.7,300735.6450000001,2.8644318364285617
2005-03-28,72.44898143,74.08163286,70.61224286,71.22449,225384.6,0,0,0,0,71.22449,98.87755286,225384.6,298438.87500000006,2.922740917857134
2005-03-29,72.24489429,72.24489429,67.34693857,68.87755286,321736.8,0,0,1,0,68.87755286,98.87755286,321736.8,299061.1050000001,3.1122452042857054
2005-03-30,65.30612429,71.02041,65.30612429,69.28571429,267059.8,0,0,0,0,69.28571429,98.87755286,267059.8,300880.3350000001,3.30174918357142
2005-03-31,71.32652857,72.7551,70.40816143,71.63265286,358419.6,0,0,1,0,71.63265286,98.87755286,358419.6,293382.18000000005,3.418367244999991
2005-04-01,72.24489429,78.67346571,71.42857143,77.65306143,440473.6,0,0,1,1,77.65306143,98.87755286,440473.6,281992.27000000014,3.644314489285705
2005-04-04,78.36734714,81.02041,75.81632286,79.59183857,632422.7,0,0,1,1,79.59183857,98.87755286,632422.7,292053.40500000014,3.833819387142848
2005-04-05,80.30612429,84.48979571,78.57142857,83.06122429,1167370.4,0,0,1,0,83.06122429,98.87755286,1167370.4,336255.32500000007,4.059767039999991
2005-04-06,84.18367143,85.71428571,78.97959,79.28571429,365848,0,0,1,1,79.28571429,98.87755286,365848,336786.3450000001,4.380466733571419
2005-04-07,79.89795714,81.22449,78.06122429,78.26530429,355595.8,0,0,1,0,78.26530429,98.87755286,355595.8,337248.66000000003,4.322157447142848
2005-04-08,78.57142857,78.97959,76.02041,76.93877571,276915.8,0,0,0,0,76.93877571,98.87755286,276915.8,340510.90500000014,4.351311732857133
2005-04-11,76.53060857,77.95918,76.22449,76.53060857,230479.9,0,0,0,0,76.53060857,98.87755286,230479.9,338797.13000000006,4.314868161428563
2005-04-12,76.93877571,79.18367143,76.53060857,78.67346571,327271.7,0,0,0,0,78.67346571,98.87755286,327271.7,345591.67999999993,4.249270609999991
2005-04-13,78.67346571,79.08163286,77.34693857,77.95918,265980.4,0,0,0,0,77.95918,98.87755286,265980.4,344748.80999999994,4.139941324999992
2005-04-15,77.55101857,78.06122429,73.46938571,74.18367143,196922.6,0,0,0,0,74.18367143,98.87755286,196922.6,342553.7849999999,4.249270917857135
2005-04-18,73.67346571,78.97959,72.04081429,77.7551,484737.4,0,0,1,0,77.7551,98.87755286,484737.4,353591.94499999995,4.497084182857135
2005-04-19,77.14285714,79.59183857,72.24489429,73.46938571,595187.6,0,0,1,0,73.46938571,98.87755286,595187.6,370990.51499999996,4.672011937142849
2005-05-24,62.25,72,57.900002,58.799999,6808922,0,0,1,1,58.799999,98.87755286,6808922,701557.4099999999,5.375947508571421
2005-05-25,59.25,60.25,57.25,57.75,1652982,0,0,1,1,57.75,98.87755286,1652982,771180.105,5.3424199578571345
2005-05-26,57.799999,63.200001,56.5,62.150002,2272847,0,0,1,1,62.150002,98.87755286,2272847,872175.1699999999,5.303499009285706
2005-05-27,62.099998,63.950001,61.299999,62.5,2267785,0,0,1,1,62.5,98.87755286,2267785,975717.135,5.121064356428564
2005-05-30,61.799999,62.849998,60.5,61,499494,0,0,0,1,61,98.87755286,499494,989422.6050000001,4.866180846428563
2005-05-31,61.599998,61.599998,60.200001,60.549999,195538,0,0,0,1,60.549999,98.87755286,195538,983112.665,4.48513093857142
2005-06-01,60.549999,62.299999,60,61.349998,357465,0,0,0,1,61.349998,98.87755286,357465,987632.925,4.423469030714277
2005-06-02,62.799999,64.199997,62,63.099998,1376574,0,0,1,1,63.099998,98.87755286,1376574,1038540.6449999999,4.415670387857134
2005-06-03,63.599998,63.900002,62.099998,62.5,314783,0,0,0,1,62.5,98.87755286,314783,1032256.115,4.42033567357142
2005-06-06,62.900002,63.450001,62.150002,63.049999,379106,0,0,0,1,63.049999,98.87755286,379106,1019590.28,4.323688254999991
2005-06-07,63.599998,63.599998,62.099998,62.200001,394434,0,0,0,1,62.200001,98.87755286,394434,980943.46,4.306924377142848
2005-06-08,62.950001,65.5,62.400002,64.949997,975839,0,0,0,1,64.949997,98.87755286,975839,1011443.01,4.214650121428562
2005-06-09,65.25,70.349998,64.25,69.150002,2426306,0,0,1,1,69.150002,98.87755286,2426306,1114978.52,4.154737427857134
2005-06-10,69.349998,69.599998,65,65.5,453071,0,0,0,1,65.5,98.87755286,453071,1123786.2799999998,3.9585269792857063
2005-06-13,66,68.550003,63.849998,67.599998,608837,0,0,0,1,67.599998,98.87755286,608837,1142704.135,3.1821427857142774
2005-06-14,68.199997,71,67.050003,68.650002,826548,0,0,0,1,68.650002,98.87755286,826548,1167667.9499999997,3.2499997142857064
2005-06-15,69.25,69.900002,66.300003,68.949997,557474,0,0,0,1,68.949997,98.87755286,557474,1182242.63,3.0285709999999924
2005-06-16,69,71.900002,66.5,70.75,2068063,0,0,1,1,70.75,98.87755286,2068063,1275799.65,3.2249995714285644
2005-06-17,70.75,72.5,68.400002,70.349998,1485157,0,0,1,1,70.349998,98.87755286,1485157,1325820.63,3.349999571428564
2005-06-20,71.050003,71.449997,68.75,69,382068,0,0,0,1,69,98.87755286,382068,1315164.65,3.4428567142857065
2005-06-21,69.699997,69.699997,67.099998,67.550003,209052,0,0,0,1,67.550003,98.87755286,209052,985171.1499999998,3.464285285714278
2005-06-22,67.949997,70,67.050003,69.050003,842269,0,0,0,1,69.050003,98.87755286,842269,944635.4999999998,3.471427999999992
2005-06-23,69.650002,71,68.599998,70.25,652128,0,0,0,1,70.25,98.87755286,652128,863599.5499999998,3.5142849999999917
2005-06-24,70,70,68,68.650002,264376,0,0,0,1,68.650002,98.87755286,264376,763429.0999999999,3.5821422142857062
2005-06-27,69.300003,69.400002,67.699997,68,278682,0,0,0,1,68,98.87755286,278682,752388.4999999999,3.5964282857142775
2005-06-28,67.099998,68.800003,65.050003,65.25,253373,0,0,0,1,65.25,98.87755286,253373,755280.2499999999,3.628571214285706
2005-06-29,66,66.400002,65,65.699997,129161,0,0,0,1,65.699997,98.87755286,129161,743865.0499999999,3.292857214285706
2005-06-30,66.300003,67.75,66,67.099998,181261,0,0,0,1,67.099998,98.87755286,181261,684099.3999999998,3.1107147142857063
2005-07-01,67,70.900002,65.75,70.150002,707654,0,0,1,1,70.150002,98.87755286,707654,703742.95,3.142857357142849
2005-07-04,72.5,73,67.900002,68.400002,326335,0,0,0,1,68.400002,98.87755286,326335,701104.4,3.225000285714277
2005-07-05,69.699997,69.800003,66.599998,66.900002,178335,0,0,0,1,66.900002,98.87755286,178335,690299.45,3.1964292857142778
2005-07-06,66,68.449997,66,67.849998,138804,0,0,0,1,67.849998,98.87755286,138804,648447.7,2.985714642857135
2005-07-07,68.5,70,67.550003,68.599998,305970,0,0,0,1,68.599998,98.87755286,305970,542430.8999999999,2.86785742857142
2005-07-08,68.949997,70.199997,67.949997,69.650002,427918,0,0,0,1,69.650002,98.87755286,427918,541173.2499999999,2.8357147857142775
2005-07-11,70,71.75,70,70.449997,241620,0,0,0,1,70.449997,98.87755286,241620,522812.3999999999,2.8000004285714204
2005-07-12,70.449997,74.650002,70.449997,73.949997,1291475,0,0,1,1,73.949997,98.87755286,1291475,546058.7499999999,2.8892867142857073
2005-07-13,74.900002,76.25,73.75,74.449997,522290,0,0,0,1,74.449997,98.87755286,522290,544299.5499999999,2.896429428571422
2005-07-14,74.599998,74.900002,71.5,71.900002,141186,0,0,0,1,71.900002,98.87755286,141186,447955.6999999999,2.9785724285714217
2005-07-15,72,72.5,71.050003,71.300003,113668,0,0,0,1,71.300003,98.87755286,113668,379381.2499999999,2.960714714285707
2005-07-18,72,72.5,71.199997,71.900002,178224,0,0,0,1,71.900002,98.87755286,178224,369189.0499999999,2.7857149285714216
2005-07-19,72.900002,72.900002,71.449997,72,133367,0,0,0,1,72,98.87755286,133367,365404.7999999998,2.7892865714285646
2005-07-20,72.849998,73,71.400002,72.400002,179403,0,0,0,1,72.400002,98.87755286,179403,332261.49999999977,2.75714335714285
2005-07-21,72.5,73.599998,71.650002,72.150002,343524,0,0,1,1,72.150002,98.87755286,343524,316831.29999999976,2.5285714999999924
2005-07-22,71.099998,73.400002,71.099998,71.599998,238575,0,0,0,1,71.599998,98.87755286,238575,315541.2499999998,2.328571928571421
2005-07-25,72,72.5,71.099998,71.5,224121,0,0,0,1,71.5,98.87755286,224121,312813.19999999984,2.2000002857142777
2005-07-26,70.650002,76.849998,70.400002,73.599998,707112,0,0,1,1,73.599998,98.87755286,707112,335500.1499999998,2.4857144999999923
2005-07-27,72.900002,76.400002,72.900002,75.699997,379489,0,0,1,1,75.699997,98.87755286,379489,348016.5499999999,2.5607147142857065
2005-07-29,74.900002,79,74.099998,77.650002,793432,0,0,1,1,77.650002,98.87755286,793432,378625.0999999998,2.750000571428564
2005-08-01,78.5,83.599998,78,82.699997,830143,0,0,1,1,82.699997,98.87755286,830143,384749.5499999999,3.0250004285714205
2005-08-02,83,83.5,79.5,81.050003,402222,0,0,1,1,81.050003,98.87755286,402222,388543.89999999985,3.0107143571428487
2005-08-03,81.349998,84.900002,80.550003,84.150002,748489,0,0,1,1,84.150002,98.87755286,748489,417051.59999999986,3.142857142857135
2005-08-04,84.199997,85.099998,82.699997,84.550003,414071,0,0,0,1,84.550003,98.87755286,414071,430814.9499999999,3.071428499999992
2005-08-05,84.900002,84.900002,82.599998,82.900002,188926,0,0,0,1,82.900002,98.87755286,188926,424962.7499999999,3.132143285714278
2005-08-08,83,83.5,81.550003,82,156108,0,0,0,1,82,98.87755286,156108,411372.24999999994,3.1785714285714204
2005-08-09,82,83.699997,79.650002,80.300003,228562,0,0,0,1,80.300003,98.87755286,228562,410719.3499999999,3.3642849999999913
2005-08-10,83.300003,83.300003,80.25,82.099998,284213,0,0,0,1,82.099998,98.87755286,284213,360356.2499999999,3.4678567857142775
2005-08-11,82.349998,83,81.449997,82.150002,289527,0,0,0,1,82.150002,98.87755286,289527,348718.0999999999,3.439285857142849
2005-08-12,82.949997,82.949997,81.150002,82.050003,133568,0,0,0,1,82.050003,98.87755286,133568,348337.19999999995,3.40357092857142
2005-08-16,84.449997,84.449997,77,82,256551,0,0,0,1,82,98.87755286,256551,355481.35,3.83571342857142
2005-08-17,81.400002,83.300003,81,82.949997,186034,0,0,0,1,82.949997,98.87755286,186034,355871.85,3.5392853571428486
2005-08-18,80.25,83.400002,80.099998,80.300003,144026,0,0,0,1,80.300003,98.87755286,144026,356404.79999999993,3.5249999285714204
2005-08-19,80.099998,82,79.650002,80.050003,96274,0,0,0,1,80.050003,98.87755286,96274,352248.3499999999,3.3428567857142775
2005-08-22,81,82.5,79.099998,80.550003,124329,0,0,0,1,80.550003,98.87755286,124329,341288.5999999999,3.1607143571428487
2005-08-23,80.699997,82.75,77,77.900002,104457,0,0,0,1,77.900002,98.87755286,104457,334582.6999999999,3.2857143571428487
2005-08-24,78,80.949997,73,75.300003,243093,0,0,0,1,75.300003,98.87755286,243093,335531.29999999993,3.5428570714285637
2005-08-25,76.5,77.650002,75.800003,77.150002,62505,0,0,0,1,77.150002,98.87755286,62505,303300.94999999995,3.5392854999999916
2005-08-26,78.449997,79.5,76.5,77.599998,133111,0,0,0,1,77.599998,98.87755286,133111,290982.05,3.5892852142857063
2005-08-29,77.5,78,74,75.75,56502,0,0,0,1,75.75,98.87755286,56502,254135.55,3.735713999999992
2005-08-30,75.050003,78,75.050003,77.099998,162442,0,0,0,1,77.099998,98.87755286,162442,220750.5,3.657142714285707
2005-08-31,77.099998,78.199997,76,76.300003,273805,0,0,1,1,76.300003,98.87755286,273805,214329.65,3.596427999999992
2005-09-01,76.650002,80.900002,76.650002,78.449997,2213868,0,0,1,1,78.449997,98.87755286,2213868,287598.6,3.8142848571428485
2005-09-02,81.800003,83.25,79.849998,81.349998,785623,0,0,1,1,81.349998,98.87755286,785623,306176.2,4.0285711428571345
2005-09-05,81.349998,83,79.5,79.800003,141339,0,0,0,1,79.800003,98.87755286,141339,303796.85,3.7464284999999924
2005-09-06,80.800003,81.949997,79,79.599998,115904,0,0,0,1,79.599998,98.87755286,115904,301786.65,3.7928566428571346
2005-09-08,80.550003,80.550003,78,78.400002,122092,0,0,0,1,78.400002,98.87755286,122092,296463.15,3.7392851428571348
2005-09-09,79.800003,79.949997,78,78.349998,54693,0,0,0,1,78.349998,98.87755286,54693,284987.15,3.7107136428571343
2005-09-12,79.849998,80.900002,77,79.550003,204708,0,0,0,1,79.550003,98.87755286,204708,280746.2,3.7464279285714204
2005-09-13,80.900002,81.650002,78.849998,80.949997,230275,0,0,0,1,80.949997,98.87755286,230275,285581.54999999993,3.5357139285714196
2005-09-14,81.5,82.5,79.5,80.150002,175985,0,0,0,1,80.150002,98.87755286,175985,281553.24999999994,3.1821427142857064
2005-09-15,81,82.5,81,82,179424,0,0,0,1,82,98.87755286,179424,281222.74999999994,3.1821426428571344
2005-09-16,81.949997,83.5,81,82.449997,323718,0,0,1,1,82.449997,98.87755286,323718,290207.35,3.1464283571428493
2005-09-19,82.949997,90.75,81,88.150002,949419,0,0,1,1,88.150002,98.87755286,949419,332864.6,3.557142642857135
2005-09-20,87.849998,88.400002,85.300003,86.550003,240562,0,0,0,1,86.550003,98.87755286,240562,338676.24999999994,3.5678570714285636
2005-09-21,87,87,78.5,83,309001,0,0,0,1,83,98.87755286,309001,348903.4499999999,4.017857285714278
2005-09-22,70.150002,83.5,70.150002,79.400002,338443,0,0,0,1,79.400002,98.87755286,338443,353670.9499999999,4.642857214285707
2005-09-23,80.099998,84,71.5,76.400002,432730,0,0,1,1,76.400002,98.87755286,432730,372182.1999999999,5.192856999999992
2005-09-26,79.949997,88,78.050003,85.949997,781040,0,0,1,1,85.949997,98.87755286,781040,404578.6499999999,5.771428285714278
2005-09-27,87,88,84.699997,87.25,465130,0,0,1,1,87.25,98.87755286,465130,425010.04999999993,5.796428714285708
2005-09-28,87.050003,89.849998,86.449997,89.349998,594793,0,0,1,1,89.349998,98.87755286,594793,446627.5999999999,5.857142857142849
2005-09-29,87.099998,92.5,87.099998,88.449997,651876,0,0,1,1,88.449997,98.87755286,651876,465531.1499999999,6.103571785714278
2005-09-30,89.800003,90,85,86.900002,843674,0,0,1,1,86.900002,98.87755286,843674,397021.4499999999,6.182143071428564
2005-10-03,87.800003,101.150002,86.75,96.199997,4094391,0,0,1,1,96.199997,98.87755286,4094391,562459.8499999999,7.01071435714285
2005-10-04,97.849998,105,96.25,104.550003,4250823,1,1,1,1,104.550003,101.150002,4250823,767934.0499999999,7.425000285714279
2005-10-05,106.349998,107.349998,101.25,102.5,2063802,0,0,1,1,102.5,105,2063802,865328.95,7.692857428571422
2005-10-06,101,103.400002,95,99.300003,1257858,0,0,1,1,99.300003,107.349998,1257858,922117.25,8.114286142857136
2005-10-07,100.900002,110,100.900002,106.050003,4668282,0,0,1,1,106.050003,107.349998,4668282,1152796.7,8.182143071428564
2005-10-10,110,113,108,109.400002,5141102,0,0,1,1,109.400002,110,5141102,1399616.4,8.457142928571422
2005-10-11,110.050003,110.900002,100.300003,103.449997,2807411,0,0,1,1,103.449997,113,2807411,1528473.2,8.60714285714285
2005-10-13,104,104.5,95.650002,96.900002,1789660,0,0,1,1,96.900002,113,1789660,1609156.95,8.28571428571428
2005-10-14,96.099998,96.949997,93.25,94.599998,944188,0,0,0,1,94.599998,113,944188,1647395.15,7.657142642857136
2005-10-17,95.449997,96.25,93.5,94.400002,806108,0,0,0,0,94.400002,113,806108,1671514.65,7.024999928571421
2005-10-18,94.5,95.400002,93.199997,94.349998,492566,0,0,0,0,94.349998,113,492566,1648672,6.946428642857136
2005-10-19,92.5,93.25,87,89.349998,755682,0,0,0,0,89.349998,113,755682,1674428,7.2285712857142785
2005-10-20,91,93.900002,87.650002,89.5,669660,0,0,0,0,89.5,113,669660,1692460.95,7.28928542857142
2005-10-21,90.900002,94.849998,90,92.849998,1087953,0,0,0,0,92.849998,113,1087953,1729936.45,7.314285285714278
2005-10-24,92,93.949997,91,91.800003,522702,0,0,0,0,91.800003,113,522702,1734435.05,6.4964277857142765
2005-10-25,92,95.900002,91.599998,94.900002,774867,0,0,0,0,94.900002,113,774867,1734126.4,6.174999285714278
2005-10-26,95.5,95.5,92,94.349998,351160,0,0,0,0,94.349998,113,351160,1728427.9,5.989285142857135
2005-10-27,94,95.400002,89.550003,93.199997,947136,0,0,0,0,93.199997,113,947136,1746045.05,5.807142071428563
2005-10-28,93,95.349998,91.5,92.099998,543622,0,0,0,0,92.099998,113,543622,1740632.35,5.317856428571422
2005-10-31,93.900002,95.900002,92.5,95.099998,645603,0,0,0,0,95.099998,113,645603,1730728.8,5.092856928571422
2005-11-02,96,101.400002,95.25,98.800003,555155,0,0,0,0,98.800003,113,555155,1553767,4.785714428571422
2005-11-07,98.900002,103.349998,98.25,101.599998,2374541,0,0,1,0,101.599998,113,2374541,1459952.9,4.517857285714279
2005-11-08,102.050003,103.349998,101.199997,102.599998,785037,0,0,0,0,102.599998,113,785037,1396014.65,4.40714328571428
2005-11-09,103.599998,105.400002,99.050003,102.099998,3138444,0,0,1,0,102.099998,113,3138444,1490043.95,4.664286071428566
2005-11-10,103,103,99,99.400002,423631,0,0,0,0,99.400002,113,423631,1277811.4,4.7928571428571365
2005-11-11,99.5,100.699997,98.050003,98.5,380749,0,0,0,1,98.5,113,380749,1039793.75,4.457142571428565
2005-11-14,98.5,99.699997,98.199997,98.900002,263079,0,0,0,1,98.900002,113,263079,912577.1500000001,4.11785685714285
2005-11-16,99.5,99.5,97,98.900002,257652,0,0,0,1,98.900002,113,257652,835976.7500000002,3.9142855714285645
2005-11-17,99.300003,99.599998,94.300003,94.900002,425624,0,0,0,1,94.900002,113,425624,810048.5500000003,4.082142571428564
2005-11-18,95.599998,95.849998,93.5,94.75,563042,0,0,0,1,94.75,113,563042,797895.2500000003,3.9428564285714214
2005-11-21,95.599998,95.900002,94,95.300003,186426,0,0,0,1,95.300003,113,186426,782588.2500000005,3.82857085714285
2005-11-22,94.5,95.75,92.25,92.800003,224397,0,0,0,1,92.800003,113,224397,756024.0000000006,3.660713785714279
2005-11-23,93.599998,93.599998,89.75,90.5,425684,0,0,0,1,90.5,113,425684,743825.2000000005,3.6607137857142793
2005-11-24,90.800003,93.25,90.599998,92.199997,277591,0,0,0,1,92.199997,113,277591,703307.1000000006,3.5857134999999936
2005-11-25,92.449997,93.599998,92.050003,92.400002,151163,0,0,0,1,92.400002,113,151163,684730.1500000006,3.246427142857136
2005-11-28,95.800003,95.800003,92.199997,93.550003,126494,0,0,0,1,93.550003,113,126494,652311.5000000006,3.139284857142851
2005-11-29,94.400002,94.5,90.099998,90.449997,231928,0,0,0,1,90.449997,113,231928,646349.9000000006,3.299999214285708
2005-11-30,91.199997,93,89.900002,90.050003,333607,0,0,0,1,90.050003,113,333607,615673.4500000007,3.067856285714279
2005-12-01,90.5,91.400002,88.400002,88.849998,406201,0,0,0,1,88.849998,113,406201,608802.4000000007,2.996427714285708
2005-12-02,89.900002,89.900002,80.599998,81.599998,1163217,0,0,1,1,81.599998,113,1163217,634683.1000000008,3.4714284285714228
2005-12-05,83,88.599998,82.050003,84.75,1442100,0,0,1,1,84.75,113,1442100,679030.3500000009,3.864285571428566
2005-12-06,85,86.900002,85,85.849998,876921,0,0,1,1,85.849998,113,876921,604149.3500000009,3.839285714285708
2005-12-07,86.5,86.75,85.599998,86.050003,458163,0,0,0,1,86.050003,113,458163,587805.650000001,3.5428576428571374
2005-12-08,86.900002,87.900002,85,85.800003,252815,0,0,0,1,85.800003,113,252815,443524.20000000094,3.5821436428571376
2005-12-09,86,94,85.5,93.25,1000286,0,0,1,1,93.25,113,1000286,472356.95000000094,4.053572071428566
2005-12-12,94.800003,94.800003,89.75,92.849998,499591,0,0,1,1,92.849998,113,499591,478299.0500000009,4.164286571428566
2005-12-13,93.5,93.75,90.199997,90.550003,158003,0,0,0,1,90.550003,113,158003,473045.25000000105,4.1428583571428526
2005-12-14,91.75,92.25,89.25,90.199997,143947,0,0,0,1,90.199997,113,143947,467360.00000000105,4.160715499999996
2005-12-15,91,92.75,89.150002,89.900002,198519,0,0,0,1,89.900002,113,198519,456004.75000000105,4.307144285714281
2005-12-16,91,91,89.199997,89.699997,71082,0,0,0,1,89.699997,113,71082,431406.75000000105,4.178572642857138
2005-12-19,90.300003,91.25,88.150002,88.550003,138285,0,0,0,1,88.550003,113,138285,428999.700000001,4.08571521428571
2005-12-20,88.550003,89,86.25,86.599998,281821,0,0,0,1,86.599998,113,281821,431870.90000000113,4.060715357142852
2005-12-21,87.400002,93.400002,87,90.699997,626345,0,0,1,1,90.699997,113,626345,441903.9500000011,4.33214421428571
2005-12-22,90.599998,92,87.099998,87.75,333237,0,0,0,1,87.75,113,333237,444686.25000000105,4.0178583571428526
2005-12-23,88.699997,88.699997,86.5,86.800003,150403,0,0,0,1,86.800003,113,150403,444648.25000000105,3.675000999999995
2005-12-26,87,88,84.849998,86.699997,148659,0,0,0,1,86.699997,113,148659,445756.50000000105,3.7464295714285667
2005-12-27,88.5,88.5,85.550003,86.900002,122395,0,0,0,1,86.900002,113,122395,440279.8500000009,3.8750006428571377
2005-12-28,88.349998,88.400002,86,86.25,138591,0,0,0,1,86.25,113,138591,430529.05000000104,3.839286357142852
2005-12-29,87,88.449997,84.800003,85.050003,661319,0,0,1,1,85.050003,113,661319,443284.950000001,3.4928573571428507
2005-12-30,86,87,85.150002,86.400002,166136,0,0,0,1,86.400002,113,166136,393430.9000000011,3.271428357142851
2006-01-02,87.5,87.599998,86.099998,86.800003,94665,0,0,0,1,86.800003,113,94665,326059.15000000113,3.1249995714285648
2006-01-03,87,87.349998,85.400002,86.050003,396742,0,0,1,1,86.050003,113,396742,302050.20000000106,3.049999285714279
2006-01-04,86.300003,87.5,84.699997,84.949997,332908,0,0,1,1,84.949997,113,332908,295787.4500000011,2.9928567857142787
2006-01-05,85.900002,86.550003,85.199997,85.599998,312333,0,0,1,1,85.599998,113,312333,298763.350000001,2.97857128571428
2006-01-06,86.400002,90.699997,86,90.099998,757622,0,0,1,1,90.099998,113,757622,286630.150000001,3.1214284999999937
2006-01-09,91.199997,99,91,97.800003,1834721,0,0,1,1,97.800003,113,1834721,353386.650000001,3.5607143571428503
2006-01-10,98.949997,98.949997,94.800003,97.650002,602610,0,0,1,1,97.650002,113,602610,375617.00000000105,3.3714279285714213
2006-01-12,97,102.25,95.449997,97.449997,620017,0,0,1,1,97.449997,113,620017,399420.50000000105,3.5071422857142784
2006-01-13,97.949997,99.5,96.099998,97.300003,285370,0,0,0,1,97.300003,113,285370,403763.0500000011,3.592856928571422
2006-01-16,97.75,102.5,96.050003,100.400002,570009,0,0,1,1,100.400002,113,570009,428709.400000001,3.82857085714285
2006-01-17,102,102,96.550003,97.650002,302663,0,0,0,1,97.650002,113,302663,436928.30000000104,4.007142285714279
2006-01-18,97,98.5,96.150002,96.550003,110596,0,0,0,1,96.550003,113,110596,428367.05000000104,4.003570571428565
2006-01-19,97.900002,103.800003,97.900002,100.099998,613593,0,0,1,1,100.099998,113,613593,427729.450000001,4.260713857142851
2006-01-20,101.300003,101.75,98.050003,98.400002,163197,0,0,0,1,98.400002,113,163197,419227.450000001,4.385713857142851
2006-01-23,99.25,99.25,97.050003,97.199997,95726,0,0,0,1,97.199997,113,95726,416493.60000000097,4.435713642857136
2006-01-24,98.25,99,95.150002,96.949997,569433,0,0,1,1,96.949997,113,569433,437532.3000000009,4.571428071428565
2006-01-25,97.900002,98,96.099998,97,102494,0,0,0,1,97,113,102494,436537.25000000093,4.507142285714279
2006-01-27,97.949997,98.699997,96.550003,96.949997,135562,0,0,0,1,96.949997,113,135562,436385.8000000009,4.546427142857135
2006-01-30,98,98,95.150002,96.199997,154028,0,0,0,1,96.199997,113,154028,411021.250000001,4.385712785714278
2006-01-31,96.099998,97.900002,96,96.5,449835,0,0,1,1,96.5,113,449835,425206.20000000094,3.885712785714278
2006-02-01,96.599998,96.699997,91.550003,92.800003,519060,0,0,1,1,92.800003,113,519060,446425.95000000094,3.957141357142849
2006-02-02,92.800003,94.5,90.900002,92.099998,221903,0,0,0,1,92.099998,113,221903,437684.00000000093,3.728569571428563
2006-02-03,92.5,93,91.900002,92.150002,75477,0,0,0,1,92.150002,113,75477,424812.450000001,3.5642835714285623
2006-02-06,92.599998,92.599998,91.400002,92.050003,62049,0,0,0,1,92.050003,113,62049,412298.250000001,3.1892834999999913
2006-02-07,93,93,90.199997,91.400002,113958,0,0,0,1,91.400002,113,113958,380115.05000000104,2.9999982142857062
2006-02-08,91.199997,92.25,88.550003,90.25,108893,0,0,0,1,90.25,113,108893,293823.650000001,3.096426714285706
2006-02-10,90.25,91.5,85.800003,86.75,623346,0,0,1,1,86.75,113,623346,294860.450000001,2.9857122142857055
2006-02-13,89,90,87.5,88.75,124365,0,0,0,1,88.75,113,124365,270077.850000001,2.9535695714285626
2006-02-14,89,90,87.800003,88.199997,301285,0,0,1,1,88.199997,113,301285,270873.600000001,2.953569571428563
2006-02-15,89.5,92.400002,88.5,90.650002,660972,0,0,1,1,90.650002,113,660972,275421.75000000105,2.9785700714285634
2006-02-16,91,91.5,88.699997,90.050003,196521,0,0,0,1,90.050003,113,196521,270114.650000001,3.0428558571428495
2006-02-17,90,90,87.900002,88.849998,204632,0,0,0,1,88.849998,113,204632,274816.450000001,3.0428563571428495
2006-02-20,88.150002,89,86.25,87.400002,331542,0,0,1,1,87.400002,113,331542,260713.900000001,3.0357136428571354
2006-02-21,87.5,89,87.400002,88.25,100606,0,0,0,1,88.25,113,100606,257584.35000000102,3.014284785714278
2006-02-22,89.199997,90,88.099998,89.050003,150526,0,0,0,1,89.050003,113,150526,260324.35000000102,2.782142499999993
2006-02-23,89,91.800003,88.849998,90.449997,133804,0,0,0,1,90.449997,113,133804,238542.900000001,2.735714428571422
2006-02-24,91.5,92.400002,88.699997,89.449997,210188,0,0,0,1,89.449997,113,210188,243927.60000000102,2.921429214285708
2006-02-27,90,95,89.25,94.599998,663042,0,0,1,1,94.599998,113,663042,270301.60000000097,3.246429499999994
2006-02-28,99.599998,99.599998,91.099998,92.050003,251406,0,0,0,1,92.050003,113,251406,275170.500000001,3.6535721428571364
2006-03-01,92,92,89.099998,89.5,81265,0,0,0,1,89.5,113,81265,256742.000000001,3.60000128571428
2006-03-02,90,90.699997,87.199997,88.25,96157,0,0,0,1,88.25,113,96157,235596.85000000094,3.442858642857137
2006-03-03,89.5,94.5,88.550003,92.900002,179834,0,0,0,1,92.900002,113,179834,233493.4000000009,3.6571443571428515
2006-03-06,94.400002,94.400002,90.5,90.650002,68733,0,0,0,1,90.650002,113,68733,233156.20000000094,3.7785732857142804
2006-03-07,91.75,91.75,90.25,90.849998,59247,0,0,0,1,90.849998,113,59247,233016.10000000094,3.5857157857142803
2006-03-08,90,90.699997,89.199997,89.849998,53397,0,0,0,1,89.849998,113,53397,229988.05000000092,3.50357278571428
2006-03-09,89.800003,90.400002,89,89.400002,88661,0,0,0,1,89.400002,113,88661,228976.45000000094,3.4500014285714227
2006-03-10,91,91.400002,89.5,89.75,74005,0,0,0,1,89.75,113,74005,201509.40000000095,3.3964299999999943
2006-03-13,91,91.449997,89.550003,89.900002,64735,0,0,0,1,89.900002,113,64735,198527.90000000098,3.417858285714279
2006-03-14,89.650002,90,89,89.349998,122139,0,0,0,1,89.349998,113,122139,189570.60000000097,3.353572428571422
2006-03-16,90.5,90.5,87,88.75,57810,0,0,0,1,88.75,113,57810,159412.500000001,3.3928577857142783
2006-03-17,88.349998,89.5,88.050003,89.050003,80047,0,0,0,1,89.050003,113,80047,153588.800000001,3.2321429285714207
2006-03-20,88.300003,89.5,86.099998,87.199997,130890,0,0,0,1,87.199997,113,130890,149901.700000001,3.06428592857142
2006-03-21,90,90,86.199997,86.449997,149798,0,0,1,1,86.449997,113,149798,140814.500000001,2.728571857142849
2006-03-22,86.699997,87.449997,85.5,85.900002,86359,0,0,0,1,85.900002,113,86359,140102.15000000098,2.6571427142857056
2006-03-23,86.400002,87.25,85.599998,86.199997,93935,0,0,0,1,86.199997,113,93935,137272.60000000097,2.524999999999991
2006-03-24,86,86.949997,82.900002,83.5,122004,0,0,0,1,83.5,113,122004,136682.60000000097,2.367856785714277
2006-03-27,84.900002,86,83.25,83.75,129324,0,0,0,1,83.75,113,129324,132639.40000000095,2.2857137857142766
2006-03-28,84.800003,84.900002,82.5,82.949997,113674,0,0,1,1,82.949997,113,113674,105171.00000000093,2.349999642857134
2006-03-29,84.400002,85.900002,83.5,85.300003,77715,0,0,0,1,85.300003,113,77715,96486.45000000091,2.4428570714285622
2006-03-30,85.550003,86.5,84.849998,85.800003,100249,0,0,1,1,85.800003,113,100249,97435.65000000091,2.460714214285705
2006-03-31,86.400002,87.599998,84.5,86.800003,232242,0,0,1,1,86.800003,113,232242,104239.90000000088,2.539285499999991
2006-04-03,78.949997,93,78.949997,87.400002,219182,0,0,1,1,87.400002,113,219182,106207.30000000086,3.4071432857142776
2006-04-04,88.949997,89,84.800003,85.25,317940,0,0,1,1,85.25,113,317940,118667.65000000088,3.635714499999992
2006-04-05,85.699997,86.800003,84.400002,84.949997,383185,0,0,1,1,84.949997,113,383185,134864.5500000009,3.5571431428571354
2006-04-07,85.099998,89,80,81.099998,602500,0,0,1,1,81.099998,113,602500,162319.70000000086,4.096429071428564
2006-04-10,84,84,81.349998,82.150002,298410,0,0,1,1,82.150002,113,298410,172807.15000000084,4.0607147857142785
2006-04-12,82.5,83.949997,81.449997,81.75,199716,0,0,1,1,81.75,113,199716,179092.70000000083,3.967857428571421
2006-04-13,82.5,83,80,80.900002,225495,0,0,1,1,80.900002,113,225495,187130.70000000086,4.042857642857136
2006-04-17,81.5,83,78.599998,79.349998,403074,0,0,1,1,79.349998,113,403074,201177.45000000086,4.239286214285707
2006-04-18,88.599998,88.599998,71.599998,72.800003,1064325,0,0,1,1,72.800003,113,1064325,251503.2,5.164286571428572
2006-04-19,73,77.25,72.75,74.599998,1744193,0,0,1,1,74.599998,113,1744193,334710.5,5.289286571428572
2006-04-20,76.800003,80.5,75.699997,78.400002,341449,0,0,0,1,78.400002,113,341449,345238.45,5.539286571428572
2006-04-21,79,79.25,75.550003,76.050003,192820,0,0,0,1,76.050003,113,192820,347389.55,5.5928574285714285
2006-04-24,76.050003,78.800003,74.75,77.550003,233758,0,0,0,1,77.550003,113,233758,354759.5,5.764286071428572
2006-04-25,77,77.949997,75,75.25,206459,0,0,0,1,75.25,113,206459,360385.7,5.753571714285714
2006-04-26,75.5,76.900002,74.25,76.050003,145417,0,0,0,1,76.050003,113,145417,361556.35,4.939285928571429
2006-04-27,76.25,76.949997,75.75,76,98882,0,0,0,1,76,113,98882,360034.25,4.725000214285714
2006-04-28,72,76.75,70,75.349998,159164,0,0,0,1,75.349998,113,159164,362308.75,5.035714428571429
2006-05-02,78.800003,80.199997,75.199997,75.949997,249579,0,0,0,1,75.949997,113,249579,370901.95,4.750000142857142
2006-05-03,77,78,75.849998,76.699997,204216,0,0,0,1,76.699997,113,204216,376100.3,4.696428714285714
2006-05-04,77.800003,78.5,76.349998,77,226127,0,0,0,1,77,113,226127,375794.55,4.671428857142857
2006-05-05,78.199997,78.5,76,76.349998,161963,0,0,0,1,76.349998,113,161963,372933.6,4.635714571428571
2006-05-08,76.349998,78.449997,76.349998,77.900002,337453,0,0,0,1,77.900002,113,337453,373909.25,4.471428642857142
2006-05-09,78.400002,78.75,77,77.349998,86454,0,0,0,1,77.349998,113,86454,359072.7,3.382142928571428
2006-05-10,78,90.900002,77.5,88.550003,1640889,0,0,1,1,88.550003,113,1640889,410992.15,4.028571785714285
2006-05-11,90,90.199997,82.800003,83.849998,344884,0,0,0,1,83.849998,113,344884,413315.85,4.135714071428571
2006-05-12,82.199997,84.400002,81.25,82.050003,138694,0,0,0,1,82.050003,113,138694,410264.75,4.096428714285714
2006-05-15,83.199997,84,77.099998,78.25,112371,0,0,0,1,78.25,113,112371,404608.55,4.300000071428571
2006-05-16,78.449997,80,74,76.699997,159873,0,0,0,1,76.699997,113,159873,392448.5,4.517857428571429
2006-05-17,77,80.400002,77,79.800003,95389,0,0,0,1,79.800003,113,95389,344001.7,4.592857642857143
2006-05-18,79,79,72.5,75.050003,110068,0,0,0,0,75.050003,113,110068,262295.45,5.028572357142858
2006-05-19,78.199997,78.199997,69,71.900002,145146,0,0,0,0,71.900002,113,145146,252480.3,5.203572142857143
2006-05-22,74.900002,74.900002,68.099998,72.099998,217278,0,0,0,0,72.099998,113,217278,253703.2,5.332143857142858
2006-05-23,72.199997,76,70,73.400002,84282,0,0,0,0,73.400002,113,84282,246229.4,5.607143714285715
2006-05-24,74,74,69.199997,72.25,296409,0,0,1,0,72.25,113,296409,250726.90000000005,5.796429500000001
2006-05-25,73,73.5,70.099998,71.800003,51459,0,0,0,0,71.800003,113,51459,246029.00000000006,5.860715357142858
2006-05-26,72.099998,73.949997,71,71.449997,60673,0,0,0,0,71.449997,113,60673,244118.55000000005,5.921429500000001
2006-05-29,71.5,73.400002,71,71.25,70268,0,0,0,0,71.25,113,70268,239673.75000000006,5.967858214285714
2006-05-30,71.699997,72.699997,71.099998,71.349998,41302,0,0,0,0,71.349998,113,41302,229259.90000000005,5.114286428571428
2006-05-31,71.5,71.5,67.550003,69.5,70599,0,0,0,0,69.5,113,70599,222579.05000000005,4.8678580714285715
2006-06-01,71.5,72.099998,67.550003,68.400002,68407,0,0,0,0,68.400002,113,68407,214693.05000000005,4.9678575714285715
2006-06-02,67.5,68.5,63.099998,65.099998,73352,0,0,0,0,65.099998,113,73352,210262.50000000006,4.860714714285714
2006-06-05,66,70.599998,65.300003,67,136215,0,0,0,0,67,113,136215,200200.60000000003,4.825000428571428
2006-06-06,66,67,63.349998,65.550003,133056,0,0,0,0,65.550003,113,133056,202530.70000000004,4.821428785714285
2006-06-07,63.049999,67.5,59.25,61.5,140085,0,0,1,0,61.5,113,140085,127490.50000000004,4.889285714285713
2006-06-08,57.150002,60.5,53.5,55.099998,276869,0,0,1,0,55.099998,113,276869,124089.75000000004,4.803571642857142
2006-06-09,50.099998,62,50.099998,60.099998,153716,0,0,1,0,60.099998,113,153716,124840.85000000006,5.167857214285713
2006-06-12,59.799999,62.700001,58,60,153187,0,0,1,0,60,113,153187,126881.6500000001,5.075000142857142
2006-06-13,58,59.5,55.650002,58.849998,123910,0,0,0,0,58.849998,113,123910,125083.50000000009,5.042856928571427
2006-06-14,59.549999,64.900002,54.5,57.5,643258,0,0,1,0,57.5,113,643258,152476.9500000001,5.542856928571427
2006-06-15,61.900002,64.400002,59.099998,61.150002,425361,0,0,1,0,61.150002,113,425361,168241.6000000001,5.825000142857142
2006-06-16,64,71,62.799999,69,598766,0,0,1,0,69,113,598766,190922.6000000001,6.357142714285714
2006-06-19,69.25,73,64.5,70.349998,197764,0,0,1,0,70.349998,113,197764,189946.90000000008,6.849999928571427
2006-06-20,70,72,67,70.849998,200126,0,0,1,0,70.849998,113,200126,195739.10000000003,6.925000142857142
2006-06-21,70.949997,72,69.75,70.349998,138095,0,0,0,0,70.349998,113,138095,187823.40000000008,6.760714785714285
2006-06-22,73,74.650002,72.25,72.949997,260741,0,0,1,0,72.949997,113,260741,198287.5000000001,6.6821435
2006-06-23,71.099998,72.75,69.949997,70.75,116423,0,0,0,0,70.75,113,116423,201075.00000000012,6.503572071428571
2006-06-26,74.300003,74.300003,68,69.050003,87662,0,0,0,0,69.050003,113,87662,201944.70000000013,6.692857857142856
2006-06-27,69,70,67,67.900002,113414,0,0,0,0,67.900002,113,113414,205550.30000000013,6.317857857142856
2006-06-28,65,67.5,64.199997,64.949997,53731,0,0,0,0,64.949997,113,53731,204706.90000000014,6.010715357142857
2006-06-29,67,67.75,65.900002,66.949997,116114,0,0,0,0,66.949997,113,116114,207092.25000000015,5.360715428571429
2006-06-30,69.599998,69.699997,65.75,67,333819,0,0,1,0,67,113,333819,220115.60000000015,5.307143714285714
2006-07-03,68.849998,69.800003,66.199997,66.349998,149963,0,0,0,0,66.349998,113,149963,220803.00000000015,5.253572857142857
2006-07-04,69.699997,69.699997,65,65.650002,39388,0,0,0,0,65.650002,113,39388,216119.60000000015,4.846429642857143
2006-07-05,66,66.900002,65.199997,66,43533,0,0,0,0,66,113,43533,211292.00000000015,4.475001285714286
2006-07-06,66.5,67,65,65.349998,67991,0,0,0,0,65.349998,113,67991,200848.10000000012,3.9142871428571433
2006-07-07,65.849998,66.849998,62,62.650002,101776,0,0,0,0,62.650002,113,101776,198251.10000000012,3.653572714285714
2006-07-10,63,64,60,60.950001,128119,0,0,0,0,60.950001,113,128119,196997.70000000013,3.582144142857142
2006-07-11,62,62.450001,60,60.75,89222,0,0,0,0,60.75,113,89222,195263.30000000013,3.5964299285714274
2006-07-12,59.099998,60.25,58.099998,59.75,43767,0,0,0,0,59.75,113,43767,165288.75000000015,3.478572642857141
2006-07-13,60.400002,60.900002,59.299999,59.599998,57533,0,0,0,0,59.599998,113,57533,146897.35000000015,3.3785728571428555
2006-07-14,59.299999,60.450001,58.75,59.549999,52404,0,0,0,0,59.549999,113,52404,119579.25000000016,3.0500012857142837
2006-07-17,60.700001,60.700001,58.650002,59.950001,118653,0,0,1,0,59.950001,113,118653,115623.70000000016,2.98214407142857
2006-07-18,60.400002,60.450001,54.599998,55.950001,103907,0,0,0,0,55.950001,113,103907,110812.75000000015,3.135715357142856
2006-07-19,57.799999,57.799999,53.099998,53.549999,60546,0,0,0,0,53.549999,113,60546,106935.30000000013,3.2714294999999987
2006-07-20,54.950001,55.25,53.150002,53.75,471376,0,0,1,0,53.75,113,471376,117467.05000000013,3.139286714285713
2006-07-21,53.099998,53.799999,50.25,50.75,320527,0,0,1,0,50.75,113,320527,127672.25000000015,3.135714785714284
2006-07-24,50.75,51.299999,49.049999,49.650002,95238,0,0,0,0,49.650002,113,95238,128051.05000000013,2.960714999999998
2006-07-25,49.650002,50.25,46.650002,49.700001,270117,0,0,1,0,49.700001,113,270117,135886.20000000013,3.096428785714284
2006-07-26,50,53.349998,47.5,52.599998,849333,0,0,1,1,52.599998,113,849333,175666.30000000016,3.3714286428571407
2006-07-27,53.049999,54.549999,53.049999,54.200001,106409,0,0,0,1,54.200001,113,106409,175181.05000000016,3.164285999999998
2006-07-28,53.049999,61.599998,53.049999,59.900002,398115,0,0,1,1,59.900002,113,398115,178395.85000000015,3.4892859285714266
2006-07-31,61.5,69,60.75,66.449997,1464442,0,0,1,1,66.449997,113,1464442,244119.8,3.964285714285712
2006-08-01,67,68,63.799999,64.25,322634,0,0,1,1,64.25,113,322634,258282.1,4.074999928571427
2006-08-02,64.25,65.449997,63.549999,64.550003,290661,0,0,1,1,64.550003,113,290661,270638.5,4.09642814285714
2006-08-03,65,65,64.099998,64.800003,128110,0,0,0,1,64.800003,113,128110,273644.45,4.039285357142854
2006-08-04,64.800003,65.900002,63.799999,64.150002,127385,0,0,0,1,64.150002,113,127385,274924.9,4.0428570714285685
2006-08-07,63.150002,64.25,61.650002,62.099998,48794,0,0,0,1,62.099998,113,48794,270958.65,3.8107138571428543
2006-08-08,61.5,63.599998,61.5,62,35246,0,0,0,1,62,113,35246,268259.85,3.6249993571428547
2006-08-09,62,63,62,62.75,88273,0,0,0,1,62.75,113,88273,270485.15,3.546428071428569
2006-08-10,63,65.199997,62,63.849998,131956,0,0,0,1,63.849998,113,131956,274206.3,3.521427928571426
2006-08-11,64.199997,68,64.199997,66.349998,200284,0,0,0,1,66.349998,113,200284,281600.3,3.6571423571428547
2006-08-14,65.5,70.349998,64.599998,68.75,451024,0,0,1,1,68.75,113,451024,298218.85,3.810713928571426
2006-08-16,70,72.449997,68,69.800003,563522,0,0,1,1,69.800003,113,563522,321199.6,3.710713857142854
2006-08-17,70,71.650002,68.199997,68.949997,86128,0,0,0,1,68.949997,113,86128,322478.7,3.8178569999999974
2006-08-18,68.5,69.599998,68,68.900002,61709,0,0,0,1,68.900002,113,61709,301995.35,3.321428357142854
2006-08-21,70.050003,70.050003,68,68.599998,68494,0,0,0,1,68.599998,113,68494,289393.7,2.817857285714283
2006-08-22,69.099998,72.5,69,70.849998,197792,0,0,0,1,70.849998,113,197792,294521.4,2.7964287857142835
2006-08-23,71.050003,75.699997,70.099998,74.949997,383090,0,0,1,1,74.949997,113,383090,300170.05,3.0607145714285693
2006-08-24,75,77,73.050003,76.349998,164701,0,0,0,1,76.349998,113,164701,265938.45,3.2785713571428547
2006-08-25,77,78.800003,75,76.25,181066,0,0,0,1,76.25,113,181066,269671.3,3.399999928571426
2006-08-28,75.599998,76.699997,75.199997,75.5,42235,0,0,0,1,75.5,113,42235,251877.3,3.3214286428571405
2006-08-29,75,76.599998,74.5,76.050003,514018,0,0,1,1,76.050003,113,514018,204356.1,3.3214286428571405
2006-08-30,77.5,78.599998,75.099998,75.550003,73114,0,0,0,1,75.550003,113,73114,191880.1,3.5000000714285693
2006-08-31,75,75.900002,73.5,73.699997,21923,0,0,0,1,73.699997,113,21923,178443.19999999995,3.4428575714285694
2006-09-01,74,74.949997,73.199997,74,44639,0,0,0,1,74,113,44639,174269.64999999997,3.271428857142855
2006-09-04,72.099998,77.449997,72.099998,76.599998,143153,0,0,0,1,76.599998,113,143153,175058.04999999993,3.242857357142855
2006-09-05,77.050003,78.800003,76,78.550003,159861,0,0,0,1,78.550003,113,159861,180611.3999999999,3.1250006428571413
2006-09-06,79.300003,79.699997,77,77.150002,52223,0,0,0,1,77.150002,113,52223,181460.2499999999,3.0714286428571413
2006-09-07,75.150002,77.5,74.699997,76.550003,62361,0,0,0,1,76.550003,113,62361,180164.64999999988,3.1571432857142843
2006-09-08,76.550003,78.650002,76.550003,78.300003,104217,0,0,0,1,78.300003,113,104217,178777.6999999999,3.1607144285714264
2006-09-11,78.900002,78.900002,75,76,105148,0,0,0,1,76,113,105148,174020.89999999988,3.160714428571427
2006-09-12,75,78,74.599998,76.699997,52344,0,0,0,1,76.699997,113,52344,154086.89999999988,3.0035717857142843
2006-09-13,78.5,79.099998,76.650002,78.849998,118351,0,0,0,1,78.849998,113,118351,131828.3499999999,2.896428857142856
2006-09-14,78.400002,79,77.199997,77.599998,18875,0,0,0,1,77.599998,113,18875,128465.69999999988,2.7535717142857132
2006-09-15,76.5,77.5,74.099998,75.150002,93444,0,0,0,1,75.150002,113,93444,130052.44999999988,2.896428857142856
2006-09-18,76,76.949997,74.099998,74.300003,141919,0,0,1,1,74.300003,113,141919,133723.6999999999,2.950000357142856
2006-09-19,77.900002,82.099998,73.099998,74.150002,780917,0,0,1,1,74.150002,113,780917,162879.9499999999,3.3428574999999983
2006-09-20,77.900002,77.900002,74.5,75.050003,258683,0,0,1,1,75.050003,113,258683,156659.59999999992,3.4392859285714263
2006-09-21,76,76.800003,74.150002,74.650002,107552,0,0,0,1,74.650002,113,107552,153802.14999999994,3.5035717142857123
2006-09-22,75.25,77,73.949997,75.599998,217217,0,0,1,1,75.599998,113,217217,155609.69999999992,3.339286285714284
2006-09-25,76.5,76.800003,75.150002,76.050003,212916,0,0,1,1,76.050003,113,212916,164143.74999999994,3.2571432857142844
2006-09-26,76.099998,78,74.150002,74.349998,257086,0,0,1,1,74.349998,113,257086,151297.14999999994,3.339286214285713
2006-09-27,74.849998,75.75,73,73.25,126160,0,0,0,1,73.25,113,126160,153949.44999999995,3.33571457142857
2006-09-28,73.900002,74.550003,72,72.300003,101429,0,0,0,1,72.300003,113,101429,157924.74999999994,3.3678577142857127
2006-09-29,72.5,73,71.300003,71.550003,158987,0,0,0,1,71.550003,113,158987,163642.14999999994,3.2107144999999986
2006-10-03,73,75.699997,72.800003,74.099998,628287,0,0,1,1,74.099998,113,628287,187898.84999999992,3.2642853571428545
2006-10-04,75.099998,76.800003,72.5,72.849998,698989,0,0,1,1,72.849998,113,698989,214855.2499999999,3.3964287142857126
2006-10-05,74,74,72.5,72.849998,290331,0,0,1,1,72.849998,113,290331,226760.6499999999,3.3749999285714267
2006-10-06,73,74,72.099998,72.300003,154232,0,0,0,1,72.300003,113,154232,231354.1999999999,3.2607143571428554
2006-10-09,72.5,74.949997,72,74.400002,477173,0,0,1,1,74.400002,113,477173,250001.9999999999,3.26785707142857
2006-10-10,75.800003,80,75.150002,75.400002,351903,0,0,1,1,75.400002,113,351903,262339.7499999999,3.0249997857142845
2006-10-11,75.5,76.949997,75.050003,75.650002,289974,0,0,1,1,75.650002,113,289974,274221.2499999999,2.8928564999999975
2006-10-12,76.900002,78.099998,75.199997,77.650002,692492,0,0,1,1,77.650002,113,692492,302928.29999999993,2.9107136428571403
2006-10-13,78.099998,78.5,77.050003,77.800003,596016,0,0,1,1,77.800003,113,596016,331785.3499999999,2.796427499999997
2006-10-16,78.5,78.5,75.5,75.949997,145194,0,0,0,1,75.949997,113,145194,334372.8499999999,2.8928559999999974
2006-10-17,77.5,77.5,74.349998,75.25,141725,0,0,0,1,75.25,113,141725,334363.1499999999,2.842856285714283
2006-10-18,75.25,78.599998,74.400002,74.800003,762958,0,0,1,1,74.800003,113,762958,333465.1999999999,2.9464274285714263
2006-10-19,75.900002,77.349998,73.150002,74,288268,0,0,0,1,74,110.900002,288268,334944.4499999999,3.064284071428568
2006-10-20,74.5,75,73.25,73.550003,213322,0,0,0,1,73.550003,105.400002,213322,340232.9499999999,3.067855714285712
2006-10-23,73.949997,74,72.650002,72.800003,103132,0,0,0,1,72.800003,105.400002,103132,334528.6999999999,2.8678559999999984
2006-10-26,72.800003,73.949997,72.050003,72.349998,101702,0,0,0,1,72.349998,105.400002,101702,328967.9999999999,2.696426785714283
2006-10-27,72.5,73.150002,71,71.449997,204620,0,0,0,1,71.449997,105.400002,204620,326344.6999999999,2.7428554999999974
2006-10-30,71.550003,72.050003,70.300003,70.5,122611,0,0,0,1,70.5,105.400002,122611,326167.2499999999,2.7321410714285683
2006-10-31,71.099998,71.349998,69.550003,69.800003,87690,0,0,0,1,69.800003,105.400002,87690,325480.29999999993,2.6499980714285685
2006-11-01,70.900002,71.400002,69.5,70.099998,82080,0,0,0,1,70.099998,105.400002,82080,321634.9499999999,2.38571264285714
2006-11-02,71,72,70.900002,71.050003,177240,0,0,0,1,71.050003,105.400002,177240,299082.5999999999,2.3857132142857114
2006-11-03,72.25,72.25,70.949997,71,422534,0,0,1,1,71,105.400002,422534,285259.8499999999,2.27142764285714
2006-11-06,71.5,76.900002,70.75,74.650002,800017,0,0,1,1,74.650002,105.400002,800017,310744.1499999999,2.607142285714283
2006-11-07,75.5,77.900002,73.550003,76.449997,3406795,0,0,1,1,76.449997,105.400002,3406795,473372.29999999993,2.703570785714283
2006-11-08,76.449997,79,73.900002,75.150002,1534987,0,0,1,1,75.150002,105.400002,1534987,526262.9999999999,2.8428562142857112
2006-11-09,76.099998,82,76.099998,81.349998,3193660,0,0,1,1,81.349998,105.400002,3193660,668350.8499999999,3.0321420714285687
2006-11-10,81.849998,83.300003,80,80.550003,2252815,0,0,1,1,80.550003,105.400002,2252815,766492.8999999999,2.9678568571428547
2006-11-13,81.699997,83.199997,80,81.75,1761099,0,0,1,1,81.75,105.400002,1761099,819923.2499999999,3.0714280714285684
2006-11-14,82.599998,83.699997,80,82.25,2124512,0,0,1,1,82.25,105.400002,2124512,896348.0499999998,3.2392851428571405
2006-11-15,83.599998,84.300003,80.25,80.800003,2150163,0,0,1,1,80.800003,105.400002,2150163,996596.4999999998,3.3928572142857125
2006-11-16,81.5,82,77.900002,78.25,1471764,0,0,1,1,78.25,103.800003,1471764,1063098.4499999997,3.5321426428571416
2006-11-17,79.5,79.5,76,76.400002,545251,0,0,0,1,76.400002,103.800003,545251,1052213.0999999999,3.6571426428571416
2006-11-20,77.5,77.949997,72.550003,77,724922,0,0,0,1,77,103.800003,724922,1074045.7999999998,3.9142854285714272
2006-11-21,78,80.400002,77.5,78.650002,551419,0,0,0,1,78.650002,103.800003,551419,1090950.65,4.0214282857142845
2006-11-22,78.650002,81,78.25,79.050003,537418,0,0,0,1,79.050003,103.800003,537418,1112664.9499999997,4.082142428571427
2006-11-23,79.050003,84.800003,78.25,83.800003,1263512,0,0,1,1,83.800003,103.800003,1263512,1170755.45,4.457142428571427
2006-11-24,83.900002,87.5,83.150002,85.449997,2182651,0,0,1,1,85.449997,103.800003,2182651,1269657,4.328570714285712
2006-11-27,86.400002,86.400002,82.099998,83.900002,593794,0,0,0,1,83.900002,103.800003,593794,1293216.15,4.324999642857141
2006-11-28,83.5,85.199997,82.550003,84.199997,560186,0,0,0,1,84.199997,103.800003,560186,1316840.95,4.149999357142855
2006-11-29,84.949997,88.300003,84.800003,86.849998,949762,0,0,0,1,86.849998,103.800003,949762,1360225.05,3.9535713571428555
2006-11-30,87,89,84.25,85.900002,459659,0,0,0,1,85.900002,103.800003,459659,1374346,4.057142571428569
2006-12-01,86.5,89,85.599998,88.900002,649227,0,0,0,1,88.900002,103.800003,649227,1385680.65,4.071428642857141
2006-12-04,89.699997,95.800003,88.050003,92.050003,3718682,0,0,1,1,92.050003,103.800003,3718682,1531613.9,4.360714571428569
2006-12-05,92,93.900002,90.550003,91.550003,1132225,0,0,0,1,91.550003,103.800003,1132225,1417885.4,4.310714285714283
2006-12-06,91.599998,91.849998,87.099998,88.25,1046881,0,0,0,1,88.25,103.800003,1046881,1393480.1,4.357142999999998
2006-12-07,88.550003,91.400002,86.300003,89.849998,1082997,0,0,0,1,89.849998,103.800003,1082997,1287946.95,4.47142864285714
2006-12-08,89.800003,89.800003,86.199997,87.099998,330580,0,0,0,1,87.099998,103.800003,330580,1191835.2,4.346429142857141
2006-12-11,85,89.550003,84.75,85.349998,475038,0,0,0,1,85.349998,103.800003,475038,1127532.15,4.446429214285713
2006-12-12,85.349998,86.5,80,83.300003,943811,0,0,0,0,83.300003,103.800003,943811,1068497.1,4.714286357142855
2006-12-13,82.400002,89.699997,80.5,88.199997,637266,0,0,0,0,88.199997,103.800003,637266,992852.25,4.903571642857142
2006-12-14,90.449997,90.449997,86.199997,89.099998,293404,0,0,0,1,89.099998,103.800003,293404,933934.25,4.896428928571427
2006-12-15,90.599998,93.150002,88.5,90.650002,986738,0,0,1,1,90.650002,103.800003,986738,956008.5999999999,4.921428785714284
2006-12-18,91.400002,91.699997,87.400002,89.400002,282644,0,0,0,1,89.400002,103.800003,282644,933894.6999999998,5.039285999999999
2006-12-19,89.949997,89.949997,86.550003,87.050003,309885,0,0,0,1,87.050003,103.800003,309885,921817.9999999998,4.989285142857141
2006-12-20,88.349998,88.949997,85,85.150002,282712,0,0,0,0,85.150002,103.800003,282712,909082.6999999996,4.9321420714285695
2006-12-21,86.199997,87.199997,84.449997,84.699997,378795,0,0,0,0,84.699997,103.800003,378795,864846.8499999996,4.885713357142855
2006-12-22,86.699997,87.949997,85.25,86.599998,199160,0,0,0,1,86.599998,103.800003,199160,765672.2999999997,4.564284785714283
2006-12-26,85.300003,87.699997,85.300003,85.900002,319796,0,0,0,1,85.900002,103.800003,319796,751972.3999999997,4.496427285714283
2006-12-27,86.849998,89.699997,86.550003,88.949997,441550,0,0,0,1,88.949997,103.800003,441550,746040.5999999999,4.4285697857142825
2006-12-28,88.949997,92,86.900002,88.349998,1147671,0,0,1,1,88.349998,103.800003,1147671,755936.0499999998,4.428569714285711
2006-12-29,89,93.900002,88.5,92.800003,1389760,0,0,1,1,92.800003,103.800003,1389760,802441.0999999999,4.564284214285711
2007-01-02,92.900002,95.949997,92.400002,95,1053347,0,0,1,1,95,103.800003,1053347,822647.0999999999,4.474997928571424
2007-01-03,95.25,102,93.800003,101.099998,2597548,0,0,1,1,101.099998,103.800003,2597548,766590.3999999999,4.596426285714281
2007-01-04,101,103,99,100,1274047,0,0,1,1,100,103.800003,1274047,773681.5,4.224997928571425
2007-01-05,101,107.949997,99.400002,106.5,2725713,1,1,1,1,106.5,103.800003,2725713,857623.1,4.532140428571425
2007-01-08,107.349998,109.150002,105,106.75,1478523,0,0,1,1,106.75,107.949997,1478523,877399.4,4.496426142857139
2007-01-09,107,109.900002,100.5,101.849998,1099671,0,0,1,1,101.849998,109.150002,1099671,915853.9499999998,4.860712357142853
2007-01-10,101,106.900002,99,103.199997,1414338,0,0,1,0,103.199997,109.900002,1414338,962818.9499999998,5.1821414999999975
2007-01-11,103.949997,106,102.25,105.349998,615672,0,0,0,1,105.349998,109.900002,615672,946411.9999999997,5.167855999999999
2007-01-12,106,107.800003,104.199997,105.400002,690511,0,0,0,1,105.400002,109.900002,690511,949074.2499999997,5.228570714285714
2007-01-15,106.5,107.5,103.050003,104.800003,953924,0,0,0,1,104.800003,109.900002,953924,982100.2499999998,5.3142847857142845
2007-01-16,105.199997,108,103.800003,105.75,959336,0,0,0,1,105.75,109.900002,959336,980730.1499999997,5.442856428571427
2007-01-17,106.5,107.75,103.099998,105.949997,1878970,0,0,1,1,105.949997,109.900002,1878970,1060546.4499999997,5.503571214285714
2007-01-18,105,115.449997,105,112.650002,4098468,1,1,1,1,112.650002,109.900002,4098468,1249975.5999999996,5.885713999999999
2007-01-19,113.199997,113.849998,108.349998,109.800003,963552,0,0,0,1,109.800003,115.449997,963552,1284017.5999999996,5.882142285714285
2007-01-22,110.949997,115.900002,108.599998,109.849998,2468817,0,0,1,1,109.849998,115.449997,2468817,1388518.6999999995,6.150000071428571
2007-01-23,111,111.900002,109.099998,109.699997,816198,0,0,0,1,109.699997,115.900002,816198,1419370.5999999994,5.764286285714285
2007-01-24,111,115.5,110.099998,114.650002,2043268,0,0,1,1,114.650002,115.900002,2043268,1505544.1999999995,5.89285792857143
2007-01-25,116,117.449997,114.050003,114.650002,962788,0,0,0,1,114.650002,115.900002,962788,1531606.0999999994,5.525000714285715
2007-01-29,115.300003,118.650002,112.550003,115.75,2109522,0,0,1,1,115.75,117.449997,2109522,1579698.6499999997,5.664286214285715
2007-01-31,117,121.5,116.150002,116.949997,3286456,0,0,1,1,116.949997,118.650002,3286456,1674533.4499999997,5.403571785714286
2007-02-01,118.25,118.5,116.099998,117.75,1619906,0,0,0,1,117.75,121.5,1619906,1702861.3999999997,5.010714642857144
2007-02-02,118.5,124.150002,117.5,122.900002,3062841,1,1,1,1,122.900002,121.5,3062841,1726126.0499999996,5.217857642857143
2007-02-05,123.800003,124.900002,122,123.800003,1357010,0,0,0,1,123.800003,124.150002,1357010,1730274.1999999997,5.167857357142857
2007-02-06,123,126,121.900002,123.75,1565979,0,0,0,1,123.75,124.900002,1565979,1672287.4999999995,5.142857428571429
2007-02-07,124.900002,124.900002,120.599998,122.400002,940236,0,0,0,1,122.400002,126,940236,1645373.1499999997,5.150000785714286
2007-02-08,122,123.199997,119.050003,120.449997,525013,0,0,0,1,120.449997,126,525013,1616640.2499999995,5.114285928571428
2007-02-09,120.900002,122.449997,119.099998,120.900002,613024,0,0,0,1,120.900002,126,613024,1576574.5499999996,4.607143214285713
2007-02-12,122.25,122.25,111.5,113.300003,988410,0,0,0,1,113.300003,126,988410,1595211.4499999995,4.982143214285713
2007-02-13,113.400002,116.5,110.699997,112,674110,0,0,0,0,112,126,674110,1594391.3999999994,4.875000285714285
2007-02-14,112,113.400002,101.5,112.300003,326311,0,0,0,0,112.300003,126,326311,1563010.7499999995,5.525000142857141
2007-02-15,113.900002,117.099998,113.699997,116.550003,361804,0,0,0,1,116.550003,126,361804,1533134.1499999994,5.453570999999998
2007-02-19,117.5,117.599998,114.5,115.75,258320,0,0,0,1,115.75,126,258320,1452101.6499999994,5.432142714285713
2007-02-20,108,116,108,114.900002,254752,0,0,0,1,114.900002,126,254752,1259915.8499999992,5.567857071428571
2007-02-21,115.25,115.25,107.699997,108.699997,670985,0,0,0,1,108.699997,126,670985,1245287.4999999993,5.696428714285714
2007-02-22,109.800003,113.900002,109.5,112.550003,399916,0,0,0,0,112.550003,126,399916,1141842.4499999993,5.896428928571429
2007-02-23,111.5,113.150002,108,108.199997,260125,0,0,0,0,108.199997,126,260125,1114038.7999999993,5.789286071428571
2007-02-26,109,113.300003,107,112.5,204486,0,0,0,0,112.5,126,204486,1022099.699999999,6.032143285714286
2007-02-27,112.5,115.5,110.5,111.099998,427157,0,0,0,0,111.099998,126,427157,995318.1499999991,6.096429142857143
2007-02-28,105,110,90.199997,106.650002,644644,0,0,0,0,106.650002,126,644644,922074.2499999991,7.282143214285715
2007-03-01,109.5,109.5,105.099998,107.150002,179223,0,0,0,0,107.150002,126,179223,766712.5999999992,7.300000928571429
2007-03-02,108,109.949997,104.400002,105.5,253806,0,0,0,0,105.5,126,253806,698407.5999999993,7.457143500000001
2007-03-05,101.099998,104.699997,97.550003,99.550003,580156,0,0,1,0,99.550003,126,580156,574273.3499999994,7.257143285714286
2007-03-06,103,104,80,97.900002,744043,0,0,1,0,97.900002,126,744043,543624.9999999994,8.557143071428571
2007-03-07,100,100.849998,94.5,96.400002,442411,0,0,0,0,96.400002,126,442411,487446.59999999945,8.160714214285715
2007-03-08,98.5,98.5,93.5,96,637510,0,0,1,0,96,126,637510,472310.29999999946,8.175000285714287
2007-03-09,100.5,101.650002,95.099998,96.949997,516627,0,0,1,0,96.949997,126,516627,471890.99999999953,8.421429285714288
2007-03-12,98.5,104.449997,97,102.949997,409868,0,0,0,0,102.949997,126,409868,461733.1999999996,8.385715000000001
2007-03-13,106,109.5,104.400002,106.949997,960830,0,0,1,0,106.949997,126,960830,460354.1999999996,8.31428642857143
2007-03-14,96.5,105.449997,95,104.099998,255192,0,0,0,0,104.099998,126,255192,439408.29999999964,8.796428714285716
2007-03-15,106.900002,108.199997,102.849998,104.25,470794,0,0,1,0,104.25,126,470794,446632.4499999996,8.810714214285715
2007-03-16,105,105.699997,101.300003,102.349998,187414,0,0,0,0,102.349998,126,187414,437912.9499999997,8.674999285714284
2007-03-19,103.949997,103.949997,99,100.599998,223012,0,0,0,0,100.599998,126,223012,436147.5499999998,8.671427642857141
2007-03-20,102,103.5,100.25,102,249762,0,0,0,0,102,126,249762,435898.0499999997,7.410713285714285
2007-03-21,102.800003,105.400002,101.75,102.900002,769247,0,0,1,0,102.900002,126,769247,440811.1499999996,7.357141857142856
2007-03-22,104,104.949997,102,103.349998,463338,0,0,1,0,103.349998,126,463338,443982.24999999965,7.171427714285713
2007-03-23,103,104.699997,101.75,102.5,298533,0,0,0,0,102.5,126,298533,445902.64999999973,6.814284857142854
2007-03-26,104.75,104.75,102.400002,102.900002,145226,0,0,0,0,102.900002,126,145226,442939.6499999996,5.2678561428571395
2007-03-28,102.099998,102.5,100.5,101.949997,407211,0,0,0,0,101.949997,126,407211,441942.34999999974,4.985713571428568
2007-03-29,101.800003,102.5,100.75,101.900002,585120,0,0,1,0,101.900002,126,585120,438966.1499999996,4.753570714285712
2007-03-30,102,106.900002,101.5,103.900002,522135,0,0,1,0,103.900002,126,522135,456111.74999999965,4.671427714285712
2007-04-02,100.199997,102.900002,97.800003,100,216557,0,0,0,0,100,126,216557,454249.29999999964,4.57142764285714
2007-04-03,100,101.900002,99,100.099998,148913,0,0,0,0,100.099998,126,148913,432687.1499999996,4.310713285714282
2007-04-04,100.099998,103,100.099998,102.099998,104124,0,0,0,0,102.099998,126,104124,400691.1999999996,3.6642850714285684
2007-04-05,102.599998,104.25,100,103.949997,226610,0,0,0,0,103.949997,126,226610,389901.1499999997,3.585713714285711
2007-04-09,104,106,103.25,104.099998,132165,0,0,0,0,104.099998,126,132165,364633.89999999973,3.4678569999999973
2007-04-10,102.5,105.150002,102.5,104.599998,112745,0,0,0,0,104.599998,126,112745,344439.7999999997,3.3035716428571402
2007-04-11,106,121,106,117,1828604,0,0,1,0,117,126,1828604,415376.59999999974,4.242857499999997
2007-04-12,115.5,118.349998,112.550003,117.050003,1712626,0,0,1,0,117.050003,126,1712626,452966.3999999998,4.396428428571425
2007-04-13,117.050003,129.699997,116.5,124.449997,4296253,0,0,1,1,124.449997,126,4296253,655019.45,5.1285712857142824
2007-04-16,126.400002,132,124.550003,125.800003,3709495,0,0,1,1,125.800003,129.699997,3709495,816954.5,5.45714314285714
2007-04-17,126.699997,129.899994,125,126.900002,1675506,0,0,1,1,126.900002,132,1675506,891359.1,5.639285714285711
2007-04-18,127.75,129.25,125.300003,126.699997,1133195,0,0,1,1,126.699997,132,1133195,936868.25,5.749999642857139
2007-04-19,125.5,125.5,121,123.849998,482623,0,0,0,1,123.849998,132,482623,948511.3,6.032142285714281
2007-04-20,124.400002,127.699997,122.650002,124.199997,951489,0,0,0,1,124.199997,132,951489,957623.4,6.007141785714281
2007-04-23,125,127.050003,123.900002,125.349998,571383,0,0,0,1,125.349998,132,571383,963025.65,5.796427642857139
2007-04-24,125,130.899994,123.599998,129.449997,1654116,0,0,1,1,129.449997,132,1654116,1030804.7999999998,6.110712928571424
2007-04-25,128.100006,134.899994,128.100006,132.75,1986796,1,1,1,1,132.75,132,1986796,1122883.2999999998,6.389283357142851
2007-04-26,134,134,130.75,131.399994,554272,0,0,0,1,131.399994,134.899994,554272,1130236.3499999999,6.31785478571428
2007-04-27,131.100006,133.899994,128.050003,133.050003,514716,0,0,0,1,133.050003,134.899994,514716,1126716.15,6.539282714285707
2007-04-30,133.899994,137,131.199997,136.449997,1239559,1,1,1,1,136.449997,134.899994,1239559,1162587.35,6.764282785714279
2007-05-03,139,145,137,137.800003,1641084,1,1,1,1,137.800003,137,1641084,1233813.7,6.203568571428565
2007-05-04,139.350006,140.5,136.5,137.649994,744729,0,0,0,1,137.649994,145,744729,1263604.5,6.074997499999994
2007-05-07,139,141.75,137.5,138.600006,735628,0,0,0,1,138.600006,145,735628,1295179.7,5.435711999999994
2007-05-08,138.600006,139.449997,135.550003,136.199997,475845,0,0,0,1,136.199997,145,475845,1307641.45,5.174997071428564
2007-05-09,136.149994,138.600006,134,137.449997,523685,0,0,0,1,137.449997,145,523685,1327217.45,5.153569357142851
2007-05-10,138.100006,140.5,138.100006,139.25,405462,0,0,0,1,139.25,145,405462,1341853.3,5.089284071428566
2007-05-11,138,141.5,136.100006,139.550003,656167,0,0,0,1,139.550003,145,656167,1283231.45,5.0678552857142805
2007-05-14,143.699997,146,140.5,145.300003,2149144,1,1,1,1,145.300003,145,2149144,1305057.35,5.167855428571423
2007-05-15,143.899994,146.800003,143.899994,144.850006,1008661,0,0,0,1,144.850006,146,1008661,1140677.75,5.149998857142853
2007-05-16,145.5,148.899994,144.800003,148.149994,1184526,1,1,1,1,148.149994,146.800003,1184526,1014429.3,4.921427071428566
2007-05-17,149.25,155.25,149.25,151.550003,1880554,1,1,1,1,151.550003,148.899994,1880554,1024681.7,4.942856928571424
2007-05-18,151,152.949997,146.100006,151.800003,1221624,0,0,1,1,151.800003,155.25,1221624,1029103.15,5.199999142857138
2007-05-21,152.600006,160.899994,152.25,159.850006,1351947,1,1,1,1,159.850006,155.25,1351947,1072569.35,5.4321419999999945
2007-05-22,161,161.899994,156,158.550003,879377,0,0,0,1,158.550003,160.899994,879377,1068963.7500000002,5.439284214285707
2007-05-23,159.300003,170.600006,157.050003,162.149994,1736477,1,1,1,1,162.149994,161.899994,1736477,1127218.45,5.796427071428565
2007-05-24,162,167,159,159.899994,692047,0,0,0,1,159.899994,170.600006,692047,1079115,6.08214135714285
2007-05-25,156.800003,163,155.300003,161.199997,401174,0,0,0,1,161.199997,170.600006,401174,999833.9,6.328569714285708
2007-05-28,162,175.100006,162,171.949997,2657255,1,1,1,1,171.949997,170.600006,2657255,1104983.0499999998,7.042856499999994
2007-05-29,172.949997,179,172,175.550003,1167129,1,1,1,1,175.550003,175.100006,1167129,1137603.6999999997,7.217856285714279
2007-05-30,175.050003,179.899994,170.149994,172.800003,1824093,0,0,1,1,172.800003,179,1824093,1166830.3999999997,7.696427499999993
2007-05-31,174.899994,180.5,173.5,178.699997,1685374,0,0,1,1,178.699997,179.899994,1685374,1169044.9,7.860713428571422
2007-06-01,180.800003,183.949997,178.5,181.050003,1580276,1,1,1,1,181.050003,180.5,1580276,1210822.2499999998,7.789284857142852
2007-06-04,182.050003,183.800003,173,177.199997,1576185,0,0,1,1,177.199997,183.949997,1576185,1252850.0999999999,8.353570142857137
2007-06-05,178.050003,178.5,171.100006,173.399994,1612195,0,0,1,1,173.399994,183.949997,1612195,1309667.6,8.589284642857137
2007-06-06,171.25,182.399994,171.25,176.699997,1562430,0,0,1,1,176.699997,183.949997,1562430,1361604.85,8.878569499999994
2007-06-07,177,181.449997,176.149994,180.25,820756,0,0,0,1,180.25,183.949997,820756,1382369.5500000003,8.767856071428566
2007-06-08,177.649994,182,176.800003,178.149994,783070,0,0,0,1,178.149994,183.949997,783070,1388714.7000000002,8.489285071428567
2007-06-11,179.899994,187.899994,179.699997,183.649994,2881761,0,0,1,1,183.649994,183.949997,2881761,1425345.5500000003,8.764285499999996
2007-06-12,183.5,186.699997,174.300003,180.75,1301275,0,0,0,1,180.75,187.899994,1301275,1439976.2500000005,8.682141999999995
2007-06-13,180,181.050003,173.100006,175.100006,1060844,0,0,0,1,175.100006,187.899994,1060844,1433792.1500000004,8.678570357142851
2007-06-14,176.800003,185.149994,176,181.050003,1780596,0,0,1,1,181.050003,187.899994,1780596,1428794.2500000005,8.84642685714285
2007-06-15,181.899994,189.899994,181.649994,188.75,2075635,1,1,1,1,188.75,187.899994,2075635,1471494.8000000003,8.485711285714277
2007-06-18,190.050003,202,190.050003,196.850006,4070546,1,1,1,1,196.850006,189.899994,4070546,1607424.7500000005,8.928568214285706
2007-06-19,196.949997,203.850006,196,202.350006,1888906,1,1,1,1,202.350006,202,1888906,1657901.2000000004,8.792854357142849
2007-06-20,205.25,214.899994,203.5,213.899994,4089328,1,1,1,1,213.899994,203.850006,4089328,1775543.7500000005,9.139282285714277
2007-06-21,214,219,205.25,206.600006,2790030,0,0,1,1,206.600006,214.899994,2790030,1880442.9000000004,9.732139642857135
2007-06-22,208,212.199997,204.550003,206.550003,1896604,0,0,0,1,206.550003,219,1896604,1955214.4000000008,9.507138999999992
2007-06-25,204.850006,212,204.100006,211.399994,1296292,0,0,0,1,211.399994,219,1296292,1887166.2500000005,9.542853285714276
2007-06-26,211.899994,212.800003,204.550003,207.050003,1604049,0,0,0,1,207.050003,219,1604049,1909012.2500000005,9.335710857142848
2007-06-27,206,207.399994,204,206.149994,609973,0,0,0,1,206.149994,219,609973,1848306.2500000005,9.19999592857142
2007-06-28,204.550003,214.199997,204.550003,212.949997,989699,0,0,0,1,212.949997,219,989699,1813522.5000000005,9.517852857142847
2007-06-29,214,222.25,213.550003,221.850006,3074800,1,1,1,1,221.850006,219,3074800,1888248.7,9.485710214285705
2007-07-02,222.949997,239.25,222.100006,238.100006,3687515,1,1,1,1,238.100006,222.25,3687515,1993815.2,9.842853071428562
2007-07-03,240,242,229.550003,232.75,3500479,0,0,1,1,232.75,239.25,3500479,2088229.4,10.164281642857134
2007-07-04,232.100006,236.5,226.100006,232.75,968009,0,0,0,1,232.75,242,968009,2058508.35,10.189282071428563
2007-07-05,234.050003,235,226,229.699997,1498907,0,0,0,1,229.699997,242,1498907,2092415.9,10.199996999999993
2007-07-06,228,236.449997,227,232.399994,1215227,0,0,0,1,232.399994,242,1215227,2114023.75,9.928568214285706
2007-07-09,232.5,238.600006,232.5,235.449997,765590,0,0,0,1,235.449997,242,765590,2008215.2,9.810711499999993
2007-07-10,237.899994,237.899994,228.149994,231.149994,503389,0,0,0,1,231.149994,242,503389,1968320.9,9.61071235714285
2007-07-11,230,238.5,227,231.649994,1158247,0,0,0,1,231.649994,242,1158247,1973191.05,9.449998071428565
2007-07-12,233.5,236,231.25,233.050003,878360,0,0,0,1,233.050003,242,878360,1928079.25,9.242855642857137
2007-07-13,235.449997,238.399994,232,235.350006,1485380,0,0,0,1,235.350006,242,1485380,1898566.5,9.135712785714281
2007-07-16,236,245.649994,235,244.25,2609509,1,1,1,1,244.25,242,2609509,1825514.65,9.307140928571423
2007-07-17,246.100006,247,241.199997,245.149994,1160420,0,0,0,1,245.149994,245.649994,1160420,1789090.35,9.478570142857137
2007-07-18,245,252.25,243.149994,249.899994,2324377,1,1,1,1,249.899994,247,2324377,1700842.8,9.439285285714282
2007-07-19,253.699997,254,232,244.25,2885798,0,0,1,1,244.25,252.25,2885798,1705631.2,10.346427928571426
2007-07-20,250,254.5,246.949997,250.75,2075254,0,0,1,1,250.75,254,2075254,1714563.7,9.83571407142857
2007-07-23,252,252,244,248.649994,1552216,0,0,0,1,248.649994,254.5,1552216,1727359.9,9.51785714285714
2007-07-24,250.5,263,247.300003,262.100006,2720883,1,1,1,1,262.100006,254.5,2720883,1783201.6,9.896428785714283
2007-07-25,260.5,263.5,249.300003,256.299988,2659093,0,0,1,1,256.299988,263,2659093,1885657.5999999996,10.26785714285714
2007-07-26,257.950012,260.5,252.600006,257.75,681892,0,0,0,1,257.75,263.5,681892,1870267.2499999995,10.15714264285714
2007-07-27,252,253,242.100006,245.800003,1096587,0,0,0,1,245.800003,263.5,1096587,1771356.5999999996,10.832141357142854
2007-07-30,245,254,240.199997,250,1152149,0,0,0,1,250,263.5,1152149,1644588.2999999996,11.121427285714281
2007-07-31,251,252.5,246,250.100006,640078,0,0,0,1,250.100006,263.5,640078,1501568.2499999995,10.764284428571424
2007-08-01,244.5,247,230.300003,233.149994,559736,0,0,0,0,233.149994,263.5,559736,1481154.5999999996,11.839284642857137
2007-08-02,230,248,230,240.550003,1623878,0,0,1,1,240.550003,263.5,1623878,1487403.1499999997,12.667856499999996
2007-08-03,242.899994,251.399994,241.600006,246.550003,1347982,0,0,0,1,246.550003,263.5,1347982,1494040.8999999997,12.682141999999995
2007-08-06,239,243.800003,235,240.350006,662456,0,0,0,1,240.350006,263.5,662456,1488884.1999999995,13.09285628571428
2007-08-07,245.75,248.199997,240,242.550003,624179,0,0,0,1,242.550003,263.5,624179,1494923.6999999995,13.028569928571423
2007-08-08,243,250.699997,242.5,249.550003,772601,0,0,0,1,249.550003,263.5,772601,1475641.3999999992,12.042855428571423
2007-08-09,251.75,260,247,249.149994,1342456,0,0,0,1,249.149994,263.5,1342456,1498846.1999999993,12.239283999999994
2007-08-10,242,247,233,245.949997,563474,0,0,0,0,245.949997,263.5,563474,1452750.8999999992,12.821426428571423
2007-08-13,247.699997,251.899994,241.199997,243.350006,679785,0,0,0,1,243.350006,263.5,679785,1356264.6999999993,12.464283571428565
2007-08-14,244,245.5,241.600006,242.800003,188891,0,0,0,1,242.800003,263.5,188891,1307688.2499999993,11.728569071428565
2007-08-16,233,236.5,221,225.199997,1186695,0,0,0,0,225.199997,263.5,1186695,1250804.1499999992,12.721426857142855
2007-08-17,224.699997,227.699997,201.699997,216.949997,1314110,0,0,1,0,216.949997,263.5,1314110,1172219.7499999993,13.460712999999998
2007-08-20,226.449997,232,222.25,224.949997,800789,0,0,0,0,224.949997,263.5,800789,1108496.4999999993,13.549998714285715
2007-08-21,225.25,226.5,206.5,212.100006,714134,0,0,0,0,212.100006,263.5,714134,1066592.3999999992,14.514284428571427
2007-08-22,217.699997,224,203.5,206.199997,2321651,0,0,1,0,206.199997,263.5,2321651,1046630.7999999992,14.564284214285712
2007-08-23,209.699997,225,208.149994,216.5,1789262,0,0,1,0,216.5,263.5,1789262,1003139.2499999993,14.621427285714281
2007-08-24,218.100006,229.899994,218,228.850006,724190,0,0,0,0,228.850006,263.5,724190,1005254.1499999991,14.803570357142855
2007-08-27,232.050003,234.399994,226,228.75,747144,0,0,0,0,228.75,263.5,747144,987781.9999999991,14.578569714285708
2007-08-28,226.5,229.399994,225.149994,228.699997,235229,0,0,0,0,228.699997,263.5,235229,941935.9999999991,14.296427071428566
2007-08-29,224.25,226.300003,220,225.699997,323193,0,0,0,0,225.699997,263.5,323193,926091.7499999991,14.33214135714285
2007-08-30,227.399994,235.800003,227.399994,233,570871,0,0,0,0,233,263.5,570871,926648.4999999991,14.12499892857142
2007-08-31,241,248.5,238.050003,247.550003,2569584,0,0,1,1,247.550003,263.5,2569584,973933.7999999989,14.07857078571428
2007-09-03,254,257,249.5,253.75,1367814,0,0,1,1,253.75,263.5,1367814,974925.3999999989,13.989285071428565
2007-09-04,256,256.399994,247.5,254.550003,1018486,0,0,1,1,254.550003,263.5,1018486,992726.8999999989,14.346427928571421
2007-09-05,256.700012,259.200012,253.050003,255.649994,1638184,0,0,1,1,255.649994,263.5,1638184,1043427.1499999989,13.228571214285708
2007-09-06,254.399994,258.200012,237.5,239.600006,4722285,0,0,1,1,239.600006,263.5,4722285,1240911.349999999,12.850000642857138
2007-09-07,243.699997,243.699997,227.350006,230.399994,8441569,0,0,1,1,230.399994,263.5,8441569,1595866.9999999988,12.942856928571421
2007-09-10,227.600006,237.399994,227,230.899994,4097452,0,0,1,1,230.899994,263.5,4097452,1772565.899999999,12.257142214285707
2007-09-11,232,241,232,237.25,3556333,0,0,1,1,237.25,263.5,3556333,1916393.2999999989,11.514285499999994
2007-09-12,238.800003,251.800003,238.199997,250.100006,4766907,0,0,1,1,250.100006,263.5,4766907,2145294.0999999987,11.210714071428566
2007-09-13,250.949997,268.899994,250,267,7449496,1,1,1,1,267,263.5,7449496,2458434.149999999,11.603571214285708
2007-09-14,271,279.799988,260.25,263.700012,6236405,0,0,1,1,263.700012,268.899994,6236405,2704548.899999999,12.399999357142848
2007-09-17,258.549988,271.450012,258.549988,267.75,1631300,0,0,0,1,267.75,279.799988,1631300,2746074.449999999,13.017858214285708
2007-09-18,266.549988,275.25,263.100006,271.149994,2287020,0,0,0,1,271.149994,279.799988,2287020,2824718.749999999,13.264286571428567
2007-09-19,276,280,274,276.950012,1395826,0,0,0,1,276.950012,279.799988,1395826,2778427.499999999,13.17500085714285
2007-09-20,279,295.399994,278,290.200012,3401273,1,1,1,1,290.200012,280,3401273,2859028.049999999,13.38571385714285
2007-09-21,291.25,295,276.299988,283.600006,1794122,0,0,0,1,283.600006,295.399994,1794122,2912524.649999999,14.046429214285707
2007-09-24,285,291.700012,279.25,285.049988,1014791,0,0,0,1,285.049988,295.399994,1014791,2925906.9999999986,14.300001928571422
2007-09-25,286,287,271,284.350006,2006455,0,0,0,1,284.350006,295.399994,2006455,3014468.2999999984,15.003572714285708
2007-09-26,286.399994,296.399994,281.100006,294.799988,1828915,0,0,0,1,294.799988,295.399994,1828915,3089754.3999999985,14.617856714285708
2007-09-27,297.799988,301,292.549988,296.850006,3917703,1,1,1,1,296.850006,296.399994,3917703,3257095.999999999,14.053572499999996
2007-09-28,300,301.25,290.100006,296.049988,1233512,0,0,0,1,296.049988,301,1233512,3190292.3999999985,14.107143928571423
2007-10-01,297,304.5,290,299.049988,1177586,0,0,0,1,299.049988,301.25,1177586,3180780.9999999986,14.421429214285707
2007-10-03,302.799988,310,290,300.350006,1174621,0,0,0,1,300.350006,304.5,1174621,3188587.7499999986,14.810714714285709
2007-10-04,301,312,292.100006,310,2030367,0,1,0,1,310,310,2030367,3208196.8999999985,14.88214328571428
2007-10-05,313,321.5,308.649994,312.549988,2188367,0,1,0,1,312.549988,312,2188367,3081500.9999999986,14.40357314285714
2007-10-08,315,321,292.049988,299.600006,2601358,0,0,0,1,299.600006,321.5,2601358,2789490.4499999983,15.550000857142852
2007-10-09,297.100006,306,287.600006,302.600006,2187867,0,0,0,1,302.600006,321.5,2187867,2694011.1999999983,15.996429428571423
2007-10-10,306.799988,315.75,301.200012,314.649994,1457228,0,0,0,1,314.649994,321.5,1457228,2589055.9499999983,16.403570999999992
2007-10-11,315.399994,323,309,317.649994,2005818,0,0,0,1,317.649994,321.5,2005818,2451001.4999999986,16.085715142857136
2007-10-12,319.799988,339.950012,315,333.5,3359248,1,1,1,1,333.5,323,3359248,2246489.0999999987,16.532143714285706
2007-10-15,340,352.899994,333.049988,340.049988,3354037,1,1,1,1,340.049988,339.950012,3354037,2102370.6999999983,17.060714714285705
2007-10-16,340,346,330.600006,339.350006,2002448,0,0,0,1,339.350006,352.899994,2002448,2120928.0999999987,17.01785714285713
2007-10-17,325,329.5,290,324.25,1966246,0,0,0,1,324.25,352.899994,1966246,2104889.399999999,19.450001285714286
2007-10-18,335,340.5,287,299.450012,1574182,0,0,0,1,299.450012,352.899994,1574182,2113807.199999999,22.667857571428573
2007-10-19,301,314,275.100006,288.899994,1891773,0,0,0,1,288.899994,352.899994,1891773,2038332.1999999988,24.650000428571428
2007-10-22,279.700012,295,275,290.25,1082004,0,0,0,1,290.25,352.899994,1082004,2002726.2999999993,25.042857571428573
2007-10-23,293.649994,324.450012,293.649994,319.850006,2157971,0,0,1,1,319.850006,352.899994,2157971,2059885.3,26.057144142857144
2007-10-24,328,331.649994,319,322.899994,1663219,0,0,0,1,322.899994,352.899994,1663219,2042723.5,25.539287
2007-10-25,330,330.799988,317.549988,322.350006,2143593,0,0,1,1,322.350006,352.899994,2143593,2058457.4,25.567858
2007-10-26,325,331.799988,322,329.399994,881237,0,0,0,1,329.399994,352.899994,881237,1906634.1,24.199999142857145
2007-10-29,331,340.899994,331,338.899994,1280064,0,0,0,1,338.899994,352.899994,1280064,1908961.7,23.707142428571434
2007-10-30,341.5,342,326.5,331.700012,826642,0,0,0,1,331.700012,352.899994,826642,1891414.5,23.775000428571428
2007-10-31,325,334.5,325,329.299988,568890,0,0,0,1,329.299988,352.899994,568890,1861127.95,23.45357185714286
2007-11-01,332.649994,337.899994,316,324.600006,944859,0,0,0,1,324.600006,352.899994,944859,1806852.55,23.235713428571433
2007-11-02,319,320.950012,310,315.75,1115842,0,0,0,1,315.75,352.899994,1115842,1753226.3,22.860713428571433
2007-11-05,320,328.5,314.049988,319.450012,955826,0,0,0,1,319.450012,352.899994,955826,1670949.7,22.792857571428577
2007-11-06,321.299988,332,319.100006,321.5,757853,0,0,0,1,321.5,352.899994,757853,1599449,20.189285285714288
2007-11-07,323,329,314.149994,324.149994,898542,0,0,0,1,324.149994,352.899994,898542,1571514.6999999997,17.42857142857143
2007-11-08,309,340,309,337.049988,1606019,0,0,1,1,337.049988,352.899994,1606019,1551524.7499999998,16.864286142857146
2007-11-12,331,373,321.25,367.549988,3427581,1,1,1,1,367.549988,352.899994,3427581,1554941.3999999997,19.132143285714285
2007-11-13,370,414.799988,359,410.299988,5007234,1,1,1,1,410.299988,373,5007234,1637601.2499999995,20.674998714285714
2007-11-14,401.049988,439.899994,380.399994,430.100006,3286259,1,1,1,1,430.100006,414.799988,3286259,1701791.7999999996,24.021427714285714
2007-11-15,420,438.799988,412.649994,418.5,746571,0,0,0,1,418.5,439.899994,746571,1640808.0499999996,24.942855857142852
2007-11-16,400,421.649994,398,403.200012,818698,0,0,0,1,403.200012,439.899994,818698,1603033.8499999996,25.932142
2007-11-19,390,414.899994,390,403.700012,900051,0,0,0,1,403.700012,439.899994,900051,1553447.7499999995,26.889284428571425
2007-11-20,395.5,438,395.5,413.25,2629208,0,0,1,1,413.25,439.899994,2629208,1630807.9499999997,28.817855857142856
2007-11-21,415,426.399994,372.299988,380.899994,1368328,0,0,0,1,380.899994,439.899994,1368328,1591325.7999999996,32.00357057142857
2007-11-22,385,390,341.5,370.899994,1739326,0,0,1,1,370.899994,439.899994,1739326,1595131.15,33.903571
2007-11-23,382,402.299988,378,398.850006,1571914,0,0,1,1,398.850006,439.899994,1571914,1566547.1999999997,35.103570142857144
2007-11-26,404,409.899994,392.100006,398.399994,796069,0,0,0,1,398.399994,439.899994,796069,1562288.7999999996,35.34285414285714
2007-11-27,395,398,386.049988,391.75,486774,0,0,0,1,391.75,439.899994,486774,1522624.2999999996,35.30356928571429
2007-11-28,392,404.799988,381,387.5,645924,0,0,0,1,387.5,439.899994,645924,1513588.3999999997,35.94285371428571
2007-11-29,393.700012,398,374,379.200012,1276659,0,0,0,1,379.200012,439.899994,1276659,1548976.8499999999,35.44285371428571
2007-11-30,382,423.5,382,418.100006,1524826,0,0,0,1,418.100006,439.899994,1524826,1577975.1999999997,34.910709999999995
2007-12-03,422.75,440,422,429.899994,1782632,0,0,1,1,429.899994,439.899994,1782632,1611314.6999999997,32.48928185714285
2007-12-04,431,436.799988,414.100006,419.25,815383,0,0,0,1,419.25,440,815383,1604292.5499999996,29.860709142857136
2007-12-05,420,448,420,440.75,1261356,0,1,0,1,440.75,440,1261356,1629467.6999999997,30.04642385714285
2007-12-06,448,454,427.25,432,779346,0,0,0,1,432,448,779346,1623507.8999999997,30.267852857142852
2007-12-07,425.049988,444,420.5,430.850006,843751,0,0,0,1,430.850006,454,843751,1585394.4999999995,30.16785328571428
2007-12-10,425.049988,444.899994,425.049988,439.049988,348310,0,0,0,1,439.049988,454,348310,1431430.9499999997,28.54999657142857
2007-12-11,445,480.299988,439.049988,474.200012,1974025,1,1,1,1,474.200012,454,1974025,1279770.4999999995,27.632138999999995
2007-12-12,469.450012,487,455,475.700012,1805669,0,0,1,1,475.700012,480.299988,1805669,1205740.9999999995,26.453567571428568
2007-12-13,477,493,465.049988,470.850006,1465261,0,0,1,1,470.850006,487,1465261,1241675.4999999995,26.207140285714285
2007-12-14,471,476.5,462.700012,466.149994,592860,0,0,0,1,466.149994,493,592860,1230383.5999999994,25.921426
2007-12-17,465,466.75,429.299988,433.399994,2272312,0,0,1,1,433.399994,493,2272312,1298996.6499999994,27.71428357142857
2007-12-18,432,451,430.049988,440.399994,1382818,0,0,1,1,440.399994,493,1382818,1236677.1499999994,27.510713857142857
2007-12-19,441,451.850006,426,433.75,696790,0,0,0,1,433.75,493,696790,1203100.2499999995,27.642857142857142
2007-12-20,435,444.850006,430.100006,433.549988,254909,0,0,0,1,433.549988,493,254909,1128879.3999999994,25.532143714285716
2007-12-24,438.549988,449,436,441.950012,454624,0,0,0,1,441.950012,493,454624,1073014.8999999997,25.071430714285718
2007-12-26,442,454.799988,442,447.649994,661670,0,0,0,1,447.649994,493,661670,1066294.9499999997,24.36785885714286
2007-12-27,449,454,435.549988,441.049988,1394522,0,0,1,1,441.049988,493,1394522,1111682.3499999996,23.63214542857143
2007-12-28,440.049988,456.350006,438.100006,454.600006,764953,0,0,0,1,454.600006,493,764953,1117633.7999999993,23.025002571428576
2007-12-31,454.600006,466,441,456.700012,650020,0,0,0,1,456.700012,493,650020,1086301.8499999996,23.13214542857143
2008-01-01,458.700012,467.899994,453.899994,459.75,576219,0,0,0,1,459.75,493,576219,1038871.4999999997,22.71428785714286
2008-01-02,459.75,465.5,451.049988,459.350006,468031,0,0,0,1,459.350006,493,468031,973141.4499999996,20.800003000000004
2008-01-03,455,465.899994,454,456.450012,456770,0,0,0,1,456.450012,493,456770,955210.7999999996,19.364288285714288
2008-01-04,456,471,455.100006,458.149994,389389,0,0,0,1,458.149994,493,389389,911612.4499999996,18.503572714285717
2008-01-07,455.899994,468.450012,448.5,465.100006,560023,0,0,0,1,465.100006,493,560023,900646.2999999996,18.94286014285715
2008-01-08,467,472.350006,450,455.600006,871526,0,0,0,1,455.600006,493,871526,902035.0499999996,17.86428828571429
2008-01-09,453,455.299988,441,450.700012,358561,0,0,0,1,450.700012,493,358561,902547.5999999996,17.410716428571433
2008-01-10,454.950012,484.799988,452,462.399994,2665029,0,0,1,1,462.399994,493,2665029,937097.8,18.000000000000004
2008-01-11,480,480,451.5,461.399994,909700,0,0,1,1,461.399994,493,909700,892299.35,18.98214285714286
2008-01-14,451.049988,499,449.899994,491.299988,1146271,0,0,1,1,491.299988,493,1146271,876349.85,21.38571385714286
2008-01-15,489.950012,523.950012,489.950012,512.099976,2876560,1,1,1,1,512.099976,499,2876560,990534.8499999999,22.896429857142866
2008-01-16,503,520.799988,480,499.450012,3321880,0,0,1,1,499.450012,523.950012,3321880,1043013.2499999998,24.492856714285722
2008-01-17,490,539,490,526.75,1961694,1,1,1,1,526.75,523.950012,1961694,1071957.0499999998,26.689285285714295
2008-01-18,530.549988,530.549988,485.25,494.049988,1217922,0,0,1,0,494.049988,539,1217922,1098013.6499999997,28.139284428571433
2008-01-21,494.049988,495,390,422.299988,2060246,0,0,1,0,422.299988,539,2060246,1188280.4999999995,34.63928442857143
2008-01-22,409,466,340,433.200012,1650643,0,0,1,0,433.200012,539,1650643,1248081.4499999997,42.60714071428571
2008-01-23,466,525,440,470.350006,1183834,0,0,0,0,470.350006,539,1183834,1274189.65,48.31428314285714
2008-01-24,475,519.900024,441,449.549988,1100814,0,0,0,0,449.549988,539,1100814,1259504.2499999998,52.814285285714284
2008-01-25,461,500.25,461,496.850006,745764,0,0,0,0,496.850006,539,745764,1258544.7999999996,55.010713857142854
2008-01-28,487,520,465,512.049988,598097,0,0,0,0,512.049988,539,598097,1255948.65,57.342856285714284
2008-01-29,515,528.700012,502.100006,516.400024,585595,0,0,0,0,516.400024,539,585595,1256417.4499999997,58.199999142857145
2008-01-30,516.400024,521.200012,475.299988,478.25,688904,0,0,0,0,478.25,539,688904,1267461.0999999996,59.04285971428572
2008-01-31,482.350006,499,454.100006,472.649994,1350131,0,0,1,0,472.649994,539,1350131,1312129.1499999997,60.21428785714286
2008-02-01,481,495,471,477,502515,0,0,0,0,477,539,502515,1317785.4499999997,58.42143028571429
2008-02-04,478.700012,492.5,468.5,472.950012,726509,0,0,0,0,472.950012,539,726509,1326109.7499999995,57.70714457142857
2008-02-05,465,494.700012,455.049988,485.149994,920812,0,0,0,0,485.149994,539,920812,1328574.0499999996,57.62500428571429
2008-02-06,470,478.100006,458,469.299988,551237,0,0,0,0,469.299988,539,551237,1338207.8499999996,56.06428957142858
2008-02-07,472.200012,478.899994,451.25,454.149994,748049,0,0,0,0,454.149994,539,748049,1242358.8499999996,54.80357571428572
2008-02-08,455,463.899994,415.899994,425.299988,989719,0,0,0,0,425.299988,539,989719,1246359.7999999998,50.73214714285715
2008-02-11,424,424,372.149994,383.25,1836617,0,0,1,0,383.25,539,1836617,1280877.0999999999,45.52857528571429
2008-02-12,390,414,380.299988,405.299988,1691754,0,0,1,0,405.299988,539,1691754,1221636.7999999998,41.37857700000001
2008-02-13,411,426.899994,404.25,410.25,895579,0,0,0,0,410.25,539,895579,1100321.7499999998,37.36071771428572
2008-02-14,415,442,415,439.450012,486376,0,0,0,0,439.450012,539,486376,1026555.8499999999,36.00714542857143
2008-02-15,415.049988,455,415.049988,446.850006,526215,0,0,0,0,446.850006,539,526215,991970.4999999998,34.93214628571428
2008-02-18,446.850006,476.5,442,473.950012,1201825,0,0,1,0,473.950012,539,1201825,949049.4499999998,35.496431571428566
2008-02-19,476,489.200012,473.25,477.350006,803241,0,0,0,0,477.350006,539,803241,906679.3499999999,33.357144999999996
2008-02-20,470,474,460,465.75,526048,0,0,0,0,465.75,539,526048,873790.0499999998,31.38928871428571
2008-02-21,477.299988,492,464,472.950012,1221896,0,0,1,0,472.950012,539,1221896,879844.1499999998,31.675002999999997
2008-02-22,465,468.799988,454.950012,458.200012,358958,0,0,0,0,458.200012,539,358958,860503.8499999999,31.246431571428566
2008-02-25,465,467.5,436.049988,446.100006,642594,0,0,0,0,446.100006,539,642594,862728.6999999998,30.66071642857142
2008-02-26,449,457.200012,439.799988,449.899994,671207,0,0,0,0,449.899994,539,671207,867009.3,29.96429
2008-02-27,452,465,445,448.25,364079,0,0,0,0,448.25,539,364079,850768.05,29.41786185714285
2008-02-28,449.799988,455,442.299988,451.100006,378955,0,0,0,0,451.100006,539,378955,802209.2499999999,26.896434142857135
2008-02-29,454,454,432.100006,440.450012,394404,0,0,0,0,440.450012,539,394404,796803.7,24.664291285714278
2008-03-03,431.25,434.899994,395,404.399994,350328,0,0,0,0,404.399994,539,350328,777994.6499999999,25.50357699999999
2008-03-04,414.899994,414.899994,388.100006,404.100006,461802,0,0,0,0,404.100006,539,461802,755044.1499999999,25.800005142857135
2008-03-05,409.75,419.899994,383.75,386.950012,978084,0,0,1,0,386.950012,539,978084,776386.4999999998,26.11429042857142
2008-03-07,365.5,379,346,375.049988,1289815,0,0,1,0,375.049988,539,1289815,803474.7999999997,26.185718999999988
2008-03-10,374,388,350,385.149994,705573,0,0,0,0,385.149994,539,705573,789267.4999999998,26.435718999999988
2008-03-11,384,405,371,401.899994,650020,0,0,0,0,401.899994,539,650020,729937.6499999998,27.725003857142845
2008-03-12,412,438.799988,406.100006,414.299988,1237176,0,0,1,0,414.299988,539,1237176,707208.7499999998,29.12143157142856
2008-03-13,410,410,365,372.25,836291,0,0,1,0,372.25,539,836291,704244.3499999999,30.642859285714273
2008-03-14,379.950012,389.200012,360,374.799988,512755,0,0,0,0,374.799988,539,512755,705563.2999999998,31.442860142857132
2008-03-17,363,365,347.350006,351.649994,380392,0,0,0,0,351.649994,539,380392,698272.1499999998,31.1571437142857
2008-03-18,344,358,333.5,338.5,1015584,0,0,1,0,338.5,539,1015584,688960.0999999999,31.66428485714284
2008-03-19,345,353,316,319.899994,1770786,0,0,1,0,319.899994,539,1770786,737337.3499999999,32.878570571428554
2008-03-24,325,335,284.799988,293.649994,726430,0,0,0,0,293.649994,539,726430,747356.45,35.557141999999985
2008-03-25,298.149994,334.399994,298.149994,332.299988,1021787,0,0,1,0,332.299988,539,1021787,737350.9999999998,36.903570999999985
2008-03-26,332.299988,357.549988,331.100006,350.25,1451581,0,0,1,0,350.25,539,1451581,791982.1499999998,35.54642599999998
2008-03-27,340,368,340,363.350006,1396361,0,0,1,0,363.350006,539,1396361,829670.4999999998,35.63214114285712
2008-03-28,373.450012,394,364.75,391.600006,983678,0,0,1,0,391.600006,539,983678,845294.0499999998,35.239283999999984
2008-03-31,389,399.950012,371.149994,383.149994,1733436,0,0,1,0,383.149994,539,1733436,913761.8999999998,34.37142728571427
2008-04-01,381,390,356.100006,372.299988,734585,0,0,0,0,372.299988,539,734585,931543.3999999998,34.07856971428569
2008-04-02,385,400.700012,371.100006,376,1185735,0,0,1,0,376,539,1185735,971109.9499999998,33.76428442857141
2008-04-03,376,385.899994,374.25,382.450012,625189,0,0,0,0,382.450012,539,625189,984852.9999999998,31.960712999999974
2008-04-04,382.450012,392.399994,365.899994,373.899994,577859,0,0,0,0,373.899994,539,577859,990655.8499999999,30.332142428571405
2008-04-07,379,385.700012,371.100006,381.899994,346317,0,0,0,0,381.899994,539,346317,959067.4999999998,29.28928485714283
2008-04-08,380,388.899994,375.200012,376.350006,350509,0,0,0,0,376.350006,539,350509,912102.1999999998,28.30714199999997
2008-04-09,378,386.899994,374.299988,384.700012,206528,0,0,0,0,384.700012,539,206528,887149.9499999998,27.457142428571398
2008-04-10,384.700012,391.899994,381.5,388.5,543840,0,0,0,0,388.5,539,543840,881840.9499999998,25.55714199999997
2008-04-11,390,402,389.25,390.600006,754932,0,0,0,0,390.600006,539,754932,857728.7499999998,22.935712571428546
2008-04-15,387.25,399.850006,382.049988,395.600006,372758,0,0,0,0,395.600006,539,372758,834552.0999999997,21.296428142857117
2008-04-16,399,413.299988,397.399994,404.549988,562473,0,0,0,0,404.549988,539,562473,837037.9999999998,20.671428142857117
2008-04-17,408,415,401.350006,403.200012,376598,0,0,0,0,403.200012,539,376598,836848.2999999997,19.64642771428569
2008-04-21,406,413.5,405,411.899994,258735,0,0,0,1,411.899994,539,258735,799005.8499999997,18.19285585714283
2008-04-22,412,420.899994,406,408.25,544939,0,0,0,1,408.25,539,544939,737713.4999999998,17.199996999999975
2008-04-23,409,443,406.5,438.850006,1628358,0,0,1,1,438.850006,539,1628358,782809.8999999998,17.385711714285687
2008-04-24,449,454.450012,420,422.25,1255130,0,0,1,1,422.25,539,1255130,794477.0499999998,17.732140714285688
2008-04-25,426.25,453.799988,418.100006,451.100006,1857644,0,0,1,1,451.100006,539,1857644,814780.1999999997,19.44999699999997
2008-04-28,453.700012,457,431.25,435.700012,1957786,0,0,1,1,435.700012,539,1957786,842851.4499999996,19.396425571428544
2008-04-29,438.149994,442.799988,397.049988,413.5,3136714,0,0,1,1,413.5,539,3136714,950503.2499999997,21.621425142857113
2008-04-30,419.75,424.5,400.299988,401.950012,1898892,0,0,1,1,401.950012,539,1898892,958776.0499999998,22.371427285714258
2008-05-02,408.75,413.850006,402,403.100006,783464,0,0,0,1,403.100006,539,783464,961219.9999999997,22.321426428571403
2008-05-05,402,417,402,409.950012,1376968,0,0,1,1,409.950012,539,1376968,970781.6499999997,22.649998285714258
2008-05-06,407,413.899994,392,395.450012,1123345,0,0,1,1,395.450012,539,1123345,995689.4499999996,23.24999785714283
2008-05-07,395,409.5,387.25,400.299988,1328728,0,0,1,1,400.299988,539,1328728,1033232.8999999997,23.567853714285686
2008-05-08,405,414.600006,402.049988,409.450012,1563509,0,0,1,1,409.450012,539,1563509,1094092.4999999995,23.32499914285712
2008-05-09,409,412.899994,383.049988,388.700012,1016066,0,0,0,1,388.700012,539,1016066,1127370.3499999996,24.482142857142836
2008-05-12,386,386,363,381.350006,1190656,0,0,1,1,381.350006,539,1190656,1176576.7499999995,25.582144571428554
2008-05-13,385,391.399994,377,379.299988,1047865,0,0,0,1,379.299988,539,1047865,1201777.9999999995,25.54643028571427
2008-05-14,379.299988,385.899994,376,380.450012,592923,0,0,0,1,380.450012,539,592923,1193677.5499999998,23.646429857142838
2008-05-15,382,387,381,384.799988,325340,0,0,0,1,384.799988,539,325340,1191306.6499999997,21.653570999999975
2008-05-16,384.200012,387.899994,379.850006,380.600006,499605,0,0,0,1,380.600006,539,499605,1188163.2499999998,19.67857142857141
2008-05-20,380,382.450012,369.25,374.700012,954537,0,0,0,1,374.700012,539,954537,1217060.1999999997,18.782143714285695
2008-05-21,367,388.75,365.049988,381.5,914122,0,0,0,1,381.5,539,914122,1249829.5499999996,17.20714457142855
2008-05-22,390.100006,390.100006,374,376.100006,875924,0,0,0,1,376.100006,539,875924,1266378.7999999996,16.628572714285692
2008-05-23,378,383,374.75,377,673164,0,0,0,1,377,539,673164,1218619.0999999996,16.367858857142835
2008-05-26,376,376,355.549988,357.549988,331909,0,0,0,0,357.549988,539,331909,1172458.0499999998,16.828573999999982
2008-05-27,359,363.5,338.799988,341,820795,0,0,0,0,341,539,820795,1120615.5999999999,17.02857528571427
2008-05-28,342.5,361.950012,336,359.350006,990827,0,0,0,1,359.350006,539,990827,1072267.65,17.29286185714284
2008-05-29,363.399994,381.899994,361,376.899994,2263645,0,0,1,0,376.899994,539,2263645,1028614.1999999998,17.88214542857141
2008-05-30,380,393.899994,378.950012,390.100006,965044,0,0,0,0,390.100006,539,965044,981921.7999999998,16.964287857142835
2008-06-02,387,401.950012,377.100006,380,861668,0,0,0,0,380,539,861668,985831.9999999998,16.903573142857123
2008-06-03,375,389.5,370.5,387.049988,833453,0,0,0,0,387.049988,539,833453,958656.2499999997,17.23214499999998
2008-06-04,385,393,377,379.899994,402504,0,0,0,0,379.899994,539,402504,922614.1999999996,17.667859714285697
2008-06-05,383,388,366.049988,384.899994,550910,0,0,0,0,384.899994,539,550910,883723.2999999996,18.76786142857141
2008-06-06,390,399.399994,369,374.049988,433948,0,0,0,0,374.049988,539,433948,827245.2499999997,20.364290428571415
2008-06-09,385.899994,385.899994,347,355.850006,386140,0,0,0,0,355.850006,539,386140,795748.9499999996,22.200003428571414
2008-06-10,365.549988,365.549988,325.100006,339.700012,1323181,0,0,1,0,339.700012,539,1323181,802375.1999999995,23.396429857142838
2008-06-11,344.549988,351.5,334.100006,339,464458,0,0,0,0,339,539,464458,773204.8499999994,23.48928614285712
2008-06-12,342,342.950012,325,340.850006,554472,0,0,0,0,340.850006,539,554472,771282.2999999996,24.18214414285712
2008-06-13,340,354.899994,339.299988,340.350006,325602,0,0,0,0,340.350006,539,325602,771295.3999999994,23.76428657142855
2008-06-16,349.799988,381.899994,349.799988,372.799988,2092404,0,0,1,0,372.799988,539,2092404,850935.3499999994,24.967856285714266
2008-06-17,375,380.899994,370.5,377.200012,551624,0,0,0,0,377.200012,539,551624,830789.6999999994,23.85714071428569
2008-06-18,391.899994,391.899994,370.799988,373.299988,602415,0,0,0,0,373.299988,539,602415,815204.3499999993,23.753570571428547
2008-06-19,374,374,359,363.25,404804,0,0,0,0,363.25,539,404804,791648.3499999993,23.610713428571405
2008-06-20,365,368,353,356.5,568205,0,0,0,0,356.5,539,568205,786400.3999999992,22.907141571428546
2008-06-23,357,357,331,335.399994,456082,0,0,0,0,335.399994,539,456082,792609.0499999991,23.407141571428546
2008-06-24,335,343.899994,301,308.600006,1876917,0,0,1,0,308.600006,539,1876917,845415.1499999992,25.32856971428569
2008-06-25,309,326,295,320.899994,1371617,0,0,1,0,320.899994,539,1371617,864454.6499999992,25.974997428571402
2008-06-26,325.450012,329.950012,316,318.200012,1051741,0,0,1,0,318.200012,539,1051741,803859.4499999994,24.79999871428569
2008-06-27,310,314.950012,294.549988,300.75,601759,0,0,0,0,300.75,539,601759,785695.1999999993,23.71071514285712
2008-06-30,304.799988,308.899994,289,303.75,773163,0,0,0,0,303.75,539,773163,781269.9499999994,22.242858857142835
2008-07-01,314.899994,314.899994,287.5,293,423518,0,0,0,0,293,539,423518,760773.1999999993,22.95714457142855
2008-07-02,305,315,290.100006,302.649994,771102,0,0,0,0,302.649994,539,771102,779203.0999999992,23.453571857142833
2008-07-03,312,315,279.100006,283.700012,480033,0,0,0,0,283.700012,539,480033,775659.2499999992,24.903570999999975
2008-07-04,314,314,277.649994,289.75,523975,0,0,0,0,289.75,539,523975,780160.5999999992,24.53214371428569
2008-07-07,299,303.399994,292,294.649994,309555,0,0,0,0,294.649994,539,309555,776331.3499999992,24.76428657142855
2008-07-08,314,314,284.600006,298.600006,293167,0,0,0,0,298.600006,539,293167,724830.6499999992,25.357142857142833
2008-07-09,306.75,310,302.100006,306,362678,0,0,0,0,306,539,362678,719741.6499999992,25.099999571428548
2008-07-10,302.5,316.899994,302,312.5,364636,0,0,0,0,312.5,539,364636,710249.8499999993,25.09285628571426
2008-07-11,314,315,300.200012,304.850006,337346,0,0,0,0,304.850006,539,337346,710837.0499999992,24.292855428571396
2008-07-14,306.75,313,300.200012,306.200012,257426,0,0,0,0,306.200012,539,257426,619088.1499999992,22.14285499999997
2008-07-15,299,302.200012,285.299988,289,324433,0,0,0,0,289,539,324433,607728.5999999992,21.42142814285711
2008-07-16,290,297.350006,269,275.149994,603122,0,0,0,0,275.149994,539,603122,607763.9499999991,22.44999914285711
2008-07-17,282.5,293,276.5,285.75,573725,0,0,0,0,285.75,539,573725,616209.9999999992,22.035712142857108
2008-07-18,287.399994,295.850006,276,292.700012,609925,0,0,0,0,292.700012,539,609925,618295.9999999992,22.032141571428536
2008-07-21,293.700012,297.899994,280.200012,293.299988,609020,0,0,0,0,293.299988,539,609020,625942.8999999991,21.33928357142853
2008-07-22,290.350006,322,289,314.75,2085343,0,0,1,0,314.75,539,2085343,636364.1999999991,21.91785542857139
2008-07-23,320,352,320,335.899994,1477467,0,0,1,0,335.899994,539,1477467,641656.699999999,22.014284428571393
2008-07-24,337,341.399994,322.100006,327.350006,281298,0,0,0,0,327.350006,539,281298,603134.5499999991,20.796425999999965
2008-07-25,323,337,318.200012,334,546287,0,0,0,0,334,539,546287,600360.949999999,21.16428271428568
2008-07-28,337,349.700012,330,343.299988,458670,0,0,0,0,343.299988,539,458670,584636.2999999991,20.471426857142824
2008-07-29,337,339,325,327.149994,217486,0,0,0,0,327.149994,539,217486,574334.699999999,20.964283571428535
2008-07-30,332.5,335.950012,322.549988,325.899994,754414,0,0,1,0,325.899994,539,754414,573500.2999999991,20.85714285714283
2008-07-31,329.700012,335,325.100006,328.850006,690134,0,0,1,0,328.850006,539,690134,584005.349999999,20.507143285714253
2008-08-01,322,345.649994,322,339.149994,478828,0,0,0,1,339.149994,539,478828,581747.9999999992,21.282143714285688
2008-08-04,335,355.399994,335,351.299988,763788,0,0,1,1,351.299988,539,763788,604459.6499999992,21.24642728571425
2008-08-05,353,375,353,363.850006,1064402,0,0,1,1,363.850006,539,1064402,643021.3999999991,20.914284857142825
2008-08-06,372,373.200012,343.149994,357.75,476545,0,0,0,1,357.75,539,476545,648714.7499999991,21.785714285714253
2008-08-07,356.649994,359.700012,345,351.850006,205236,0,0,0,1,351.850006,539,205236,640744.7499999992,21.417857571428538
2008-08-08,345,358,345,355,148371,0,0,0,1,355,539,148371,631295.9999999992,21.082144571428536
2008-08-11,358.100006,366.450012,358.100006,364.799988,320776,0,0,0,1,364.799988,539,320776,634463.4999999992,19.54285971428568
2008-08-12,366.75,367.25,352.100006,356.399994,251670,0,0,0,1,356.399994,539,251670,630825.3499999992,17.964287857142825
2008-08-13,354,355.700012,348.049988,349.700012,194945,0,0,0,1,349.700012,539,194945,610416.4999999993,17.182146285714254
2008-08-14,345,353.850006,339.5,343.899994,236843,0,0,0,1,343.899994,539,236843,593572.3999999992,16.8642904285714
2008-08-18,341,349.350006,340.100006,342.899994,124967,0,0,0,1,342.899994,539,124967,569324.4999999993,16.11786099999997
2008-08-19,340,346,335.100006,338.5,87315,0,0,0,1,338.5,539,87315,543239.2499999992,15.589289999999972
2008-08-20,342.850006,346.899994,341.149994,343.75,55044,0,0,0,1,343.75,539,55044,441724.29999999923,15.23214499999997
2008-08-21,344.100006,352,336.450012,342.549988,247098,0,0,0,1,342.549988,539,247098,380205.8499999992,15.635715999999968
2008-08-22,341,345.5,337.450012,343.5,77655,0,0,0,1,343.5,539,77655,370023.69999999925,14.521429857142826
2008-08-25,347,353.950012,342.25,344.049988,181820,0,0,0,1,344.049988,539,181820,351800.3499999992,13.90000257142854
2008-08-26,340,346.5,336.700012,338.850006,252282,0,0,0,1,338.850006,539,252282,341480.94999999914,12.907143714285683
2008-08-27,339,339.700012,314.799988,318.950012,1022391,0,0,1,1,318.950012,539,1022391,381726.19999999914,12.53928699999997
2008-08-28,318,321.600006,306.100006,309,432981,0,0,1,0,309,539,432981,365654.5499999991,12.59642899999997
2008-08-29,313,322,312,319.700012,283326,0,0,0,1,319.700012,539,283326,345314.1499999991,12.596428999999969
2008-09-01,315.25,327.5,315,323.899994,206179,0,0,0,1,323.899994,539,206179,331681.69999999914,12.67142814285711
2008-09-02,328,343.799988,322.649994,340.25,379412,0,0,1,1,340.25,539,379412,312462.89999999915,13.099999571428539
2008-09-04,338.100006,341.899994,330.649994,335.799988,235590,0,0,0,1,335.799988,539,235590,271022.29999999906,13.307141999999967
2008-09-05,325.100006,342.950012,325.100006,335.700012,177057,0,0,0,1,335.700012,539,177057,256047.89999999906,13.557141999999967
2008-09-08,340,346,332.299988,333.850006,142762,0,0,0,1,333.850006,539,142762,252924.1999999991,13.874999999999968
2008-09-09,330,337.850006,325.25,327.399994,244999,0,0,0,1,327.399994,539,244999,257755.5999999991,13.996429428571398
2008-09-10,320,329.399994,318,320.799988,111268,0,0,0,1,320.799988,539,111268,247280.1999999991,14.210715142857113
2008-09-11,320,321,310,314.549988,160468,0,0,0,1,314.549988,539,160468,242720.09999999907,13.885715999999972
2008-09-12,315.5,322,300.100006,305.25,365405,0,0,1,0,305.25,539,365405,251243.09999999916,14.875002142857117
2008-09-15,303.100006,303.100006,270,276,455271,0,0,1,0,276,539,455271,262164.4999999992,16.557144142857116
2008-09-16,267,273.5,248.149994,268.5,1257111,0,0,1,0,268.5,539,1257111,318771.69999999914,17.846431142857117
2008-09-17,268,284,268,270.600006,852777,0,0,1,0,270.600006,539,852777,357044.7999999992,17.210715142857115
2008-09-18,259.950012,260,241.199997,254.050003,1244462,0,0,1,0,254.050003,539,1244462,416515.69999999914,18.2035729285714
2008-09-19,265,266,252.550003,256.799988,678997,0,0,1,0,256.799988,539,678997,438110.64999999915,18.235715571428543
2008-09-22,263,264.950012,254.949997,255.300003,276735,0,0,0,0,255.300003,539,276735,448064.64999999915,18.057145214285686
2008-09-23,252.899994,260,245.100006,250.149994,475218,0,0,1,0,250.149994,539,475218,462734.5499999992,17.610716642857113
2008-09-24,252,257.5,248,252.399994,393799,0,0,0,0,252.399994,539,393799,469810.39999999915,17.485716642857117
2008-09-25,250.550003,257,245.300003,254.899994,1310386,0,0,1,0,254.899994,539,1310386,484210.14999999915,17.04643028571426
2008-09-26,255,255.449997,243.75,246.399994,397172,0,0,0,0,246.399994,539,397172,482419.69999999914,16.903572071428542
2008-09-29,245,248.899994,209,227.850006,663291,0,0,1,0,227.850006,539,663291,501417.94999999914,18.853571214285683
2008-09-30,225,241.5,210,237.449997,465401,0,0,0,0,237.449997,539,465401,514379.0499999992,20.289285928571395
2008-10-01,240.75,253.300003,233,249.199997,1511580,0,0,1,0,249.199997,539,1511580,570987.4499999993,20.953571857142826
2008-10-03,249.199997,257.399994,243.5,250,481425,0,0,0,0,250,539,481425,583279.1999999991,20.382143285714257
2008-10-06,245,245,215,219.649994,756024,0,0,1,0,219.649994,539,756024,612227.5499999991,20.36428614285711
2008-10-07,220.300003,232,190.600006,193.850006,1650151,0,0,1,0,193.850006,539,1650151,687596.9999999993,21.332142428571398
2008-10-08,189,189,157.800003,179.199997,626947,0,0,0,0,179.199997,539,626947,706694.3999999992,22.76428549999997
2008-10-10,170,170,135.100006,136,740296,0,0,1,0,136,539,740296,738145.7999999992,23.814284214285685
2008-10-13,145.100006,164,130.899994,144.399994,2033830,0,0,1,0,144.399994,539,2033830,831813.8999999992,25.217856285714255
2008-10-14,153.899994,162.25,145,146.800003,980260,0,0,1,0,146.800003,539,980260,862556.6499999992,25.778569928571397
2008-10-15,140,143.649994,124,127.300003,459949,0,0,0,0,127.300003,539,459949,862790.5499999992,26.34285628571425
2008-10-16,120,142.5,106,137.399994,1836659,0,0,1,0,137.399994,539,1836659,891767.9499999993,28.271427714285682
2008-10-17,135,144.75,120,125.449997,825323,0,0,0,0,125.449997,539,825323,890395.2499999993,29.203570785714255
2008-10-20,133,135,122.099998,124.800003,406831,0,0,0,0,124.800003,539,406831,848513.6999999993,29.289285428571397
2008-10-21,128,134.399994,126,131.25,1011743,0,0,1,0,131.25,539,1011743,865150.9999999993,27.12499949999997
2008-10-22,125.150002,131,117.050003,121.449997,423777,0,0,0,0,121.449997,539,423777,872503.0999999993,25.88928499999997
2008-10-23,120,120,106,109.050003,589123,0,0,0,0,109.050003,539,589123,878198.349999999,25.54285599999997
2008-10-24,107,108.800003,90.050003,92.550003,663097,0,0,0,0,92.550003,539,663097,891663.2499999991,25.90714214285711
2008-10-27,93,93,73.300003,84.5,790126,0,0,0,0,84.5,539,790126,865650.2499999991,24.814284785714253
2008-10-29,104.800003,114.400002,94.5,106.25,1247329,0,0,1,0,106.25,539,1247329,908158.099999999,23.992856785714256
2008-10-31,107,120.699997,107,116.400002,1241306,0,0,1,0,116.400002,539,1241306,937058.849999999,22.449999214285686
2008-11-03,119.800003,131,119.800003,129.699997,784362,0,0,0,0,129.699997,539,784362,953006.8999999991,20.34285685714283
2008-11-04,131,141,123,139.25,770938,0,0,0,0,139.25,539,770938,915974.7999999991,19.264284999999973
2008-11-05,145.899994,150.399994,122,122.150002,990263,0,0,1,0,122.150002,539,990263,941416.699999999,20.017855571428544
2008-11-06,115,127.75,112.5,115.849998,568201,0,0,0,0,115.849998,539,568201,932025.5499999991,19.478569642857114
2008-11-07,114.900002,124.800003,114.900002,121.099998,545384,0,0,0,0,121.099998,539,545384,876787.199999999,17.578569714285685
2008-11-10,126,130,122.25,128.449997,562984,0,0,0,0,128.449997,539,562984,873589.0499999991,16.44642699999997
2008-11-11,118.349998,126,115.550003,116.800003,303126,0,0,0,0,116.800003,539,303126,851730.5499999991,16.4464264285714
2008-11-12,108.349998,117.949997,105.150002,106.650002,979942,0,0,1,0,106.650002,539,979942,799036.1499999991,16.674998142857113
2008-11-14,110,114.900002,105.099998,107.800003,397883,0,0,0,0,107.800003,539,397883,769917.2999999991,16.3607129285714
2008-11-17,110.5,110.5,102.099998,106.099998,222830,0,0,0,0,106.099998,539,222830,758061.349999999,15.857141857142832
2008-11-18,114.800003,114.800003,102,103.900002,278316,0,0,0,0,103.900002,539,278316,680144.199999999,15.414284928571401
2008-11-19,105,111.449997,98.050003,99.699997,666910,0,0,0,0,99.699997,539,666910,672223.5499999991,14.964284714285686
2008-11-20,96,96.949997,91,93.849998,312253,0,0,0,0,93.849998,539,312253,667494.6499999992,13.449998642857112
2008-11-21,94,98.449997,88.099998,91.949997,527876,0,0,0,0,91.949997,539,527876,643301.2999999991,13.157141642857113
2008-11-24,92.849998,97,90.099998,93.25,286327,0,0,0,0,93.25,539,286327,636428.7999999992,12.607141928571396
2008-11-25,97,98,87.099998,88.75,326653,0,0,0,0,88.75,539,326653,623305.2999999992,12.099999214285683
2008-11-26,90,91.5,84.400002,87.199997,480461,0,0,0,0,87.199997,539,480461,614173.4999999992,10.578570928571398
2008-11-28,87.050003,89.800003,79.449997,80.550003,908751,0,0,1,0,80.550003,539,908751,620104.7499999992,10.228571357142828
2008-12-01,81.5,84,79,79.449997,323198,0,0,0,0,79.449997,539,323198,573898.199999999,9.878571285714255
2008-12-02,76.050003,82,73.150002,77.199997,496039,0,0,0,0,77.199997,539,496039,536634.8499999992,9.874999571428543
2008-12-03,79.400002,81.349998,77.099998,79.050003,406441,0,0,0,0,79.050003,539,406441,517738.7999999992,9.257142857142826
2008-12-04,80.900002,89.949997,78.650002,87.800003,761502,0,0,1,0,87.800003,539,761502,517266.9999999992,9.149999999999968
2008-12-05,89,89.900002,82,82.550003,579466,0,0,1,0,82.550003,539,579466,496727.14999999927,9.014285571428541
2008-12-08,88,89,82.900002,83.900002,494156,0,0,1,0,83.900002,539,494156,493024.8999999993,8.87499949999997
2008-12-10,85.099998,86.800003,82.5,85.699997,899434,0,0,1,0,85.699997,539,899434,510727.3999999993,8.26785664285711
2008-12-11,86.300003,93,86.300003,90.5,1230295,0,0,1,0,90.5,539,1230295,544092.9499999995,7.832142999999968
2008-12-12,88,100,85.050003,98.550003,1934112,0,0,1,0,98.550003,539,1934112,625642.2499999994,8.27857157142854
2008-12-15,101,124.900002,101,119.349998,3519805,0,0,1,0,119.349998,539,3519805,752635.3999999994,9.421428714285682
2008-12-16,118.849998,130,117,126.949997,3331028,0,0,1,1,126.949997,539,3331028,899292.6499999994,9.857142857142824
2008-12-17,128.5,129.899994,107,109.400002,1235990,0,0,1,0,109.400002,539,1235990,949950.6499999994,10.71428514285711
2008-12-18,110,117.800003,105.599998,111.099998,1542615,0,0,1,1,111.099998,539,1542615,1013165.5999999994,11.078571357142822
2008-12-19,109,118.099998,109,114.800003,987544,0,0,0,1,114.800003,539,987544,1029197.2999999995,10.989285071428538
2008-12-22,115,119.599998,107.550003,109.5,744499,0,0,0,1,109.5,539,744499,1050809.5999999994,11.492856142857107
2008-12-23,108,110,105.050003,106.300003,529299,0,0,0,1,106.300003,539,529299,1050880.7499999995,11.214284642857109
2008-12-24,104.800003,110.599998,102.550003,108.300003,491087,0,0,0,1,108.300003,539,491087,1061118.7499999993,11.48571285714282
2008-12-26,109.449997,112.900002,100,101.300003,593161,0,0,0,0,101.300003,539,593161,1074444.1499999994,11.599999071428536
2008-12-29,101,106.099998,97.25,105.150002,641889,0,0,0,1,105.150002,539,641889,1082515.5499999993,11.667855928571393
2008-12-30,104.949997,110.900002,102,108.199997,957129,0,0,0,1,108.199997,539,957129,1084934.4499999995,11.84285628571425
2008-12-31,109.099998,114.650002,107.099998,109.400002,1176174,0,0,1,1,109.400002,539,1176174,1127583.2499999995,12.074999214285679
2009-01-02,117,121.699997,115.650002,119.300003,1568071,0,0,1,1,119.300003,539,1568071,1181184.8499999994,12.432141499999963
2009-01-05,121,124.5,115,118.5,1806489,0,0,1,1,118.5,539,1806489,1251187.2499999995,12.042855999999963
2009-01-06,119,123,115.300003,118.5,1174151,0,0,0,1,118.5,539,1174151,1271819.6999999995,10.710712999999965
2009-01-07,121.849998,121.849998,97.349998,101.75,1080089,0,0,0,1,101.75,539,1080089,1296850.8499999994,11.532141571428536
2009-01-09,101,105.400002,84.099998,91.800003,1021816,0,0,0,1,91.800003,539,1021816,1323233.8499999994,11.417856571428535
2009-01-12,91,96.449997,91,92.199997,496774,0,0,0,0,92.199997,539,496774,1303100.8499999994,10.935713142857107
2009-01-13,91.050003,95.5,86.050003,90.5,528532,0,0,0,0,90.5,539,528532,1268012.6999999995,10.960713071428534
2009-01-14,93,95.25,90.349998,93.849998,425368,0,0,0,0,93.849998,539,425368,1192575.4999999995,10.44999928571425
2009-01-15,91,92.699997,87.300003,90.849998,324340,0,0,0,0,90.849998,539,324340,1032802.2499999994,10.564284857142821
2009-01-16,91.099998,96.650002,88.599998,93.050003,964265,0,0,1,0,93.050003,539,964265,914464.0999999993,10.564285499999967
2009-01-19,94.599998,96.400002,92.75,95.050003,455362,0,0,0,0,95.050003,539,455362,875432.6999999993,9.90357121428568
2009-01-20,93,93.550003,87.650002,88.650002,1079060,0,0,1,0,88.650002,539,1079060,852254.9499999995,9.799999999999967
2009-01-21,86.099998,90.300003,85,85.599998,536523,0,0,0,0,85.599998,539,536523,829703.8999999994,9.542857214285679
2009-01-22,87.199997,88.5,80,80.849998,536413,0,0,0,0,80.849998,539,536413,819299.5999999994,9.610714071428536
2009-01-23,82.800003,82.800003,71.400002,72.300003,1382782,0,0,1,0,72.300003,539,1382782,861973.7499999997,9.546428785714252
2009-01-27,73,75.800003,67.050003,68.449997,2063879,0,0,1,0,68.449997,539,2063879,940613.3499999994,9.492857357142823
2009-01-28,68,77.699997,68,76,2241720,0,0,1,0,76,539,2241720,1023041.2999999996,9.635714499999965
2009-01-29,77.5,82.5,73.199997,74.599998,2036591,0,0,1,0,74.599998,539,2036591,1092776.3999999997,8.550000428571394
2009-01-30,75,75.5,69.099998,70.900002,3067053,0,0,1,1,70.900002,539,3067053,1198272.5999999996,7.485714571428537
2009-02-02,70.900002,73.099998,66.75,67.25,2208816,0,0,1,0,67.25,539,2208816,1249904.6999999997,7.550000357142824
2009-02-03,66.449997,69.449997,64.75,65.5,1339284,0,0,1,0,65.5,530.549988,1339284,1238465.3499999999,7.21071464285711
2009-02-04,66.5,67.400002,63.5,64.5,1492436,0,0,1,0,64.5,528.700012,1492436,1222762.6999999997,7.139286071428539
2009-02-05,66,66.25,63,64.599998,1574741,0,0,1,0,64.599998,528.700012,1574741,1242792.1999999997,6.90357214285711
2009-02-06,66.800003,69.5,64,65.400002,2523082,0,0,1,0,65.400002,528.700012,2523082,1314941.85,6.721428999999968
2009-02-09,64.150002,71.25,64.150002,70.300003,3004813,0,0,1,1,70.300003,528.700012,3004813,1414091.7,6.967857285714252
2009-02-10,69,74.25,69,71.599998,3414999,0,0,1,1,71.599998,528.700012,3414999,1560002.95,6.814285785714252
2009-02-11,69,74.699997,68.599998,73.949997,2751082,0,0,1,1,73.949997,528.700012,2751082,1671130.45,6.871428357142821
2009-02-12,75,77.550003,73.349998,76.75,2325243,0,0,1,1,76.75,528.700012,2325243,1766124.2,6.5642858571428215
2009-02-13,77.050003,79.199997,75.550003,76.150002,1451582,0,0,0,1,76.150002,521.200012,1451582,1822486.3,6.010713928571393
2009-02-16,75.550003,77.75,70.300003,71,1054959,0,0,0,0,71,499,1054959,1827021,5.917856571428536
2009-02-17,68,70.599998,67.349998,67.849998,680339,0,0,0,0,67.849998,495,680339,1838269.8499999996,5.485714071428537
2009-02-18,65.5,68.800003,65.5,66.900002,989142,0,0,0,0,66.900002,494.700012,989142,1833773.9499999997,5.057142642857108
2009-02-19,66.25,68.400002,65.75,66.599998,586139,0,0,0,0,66.599998,494.700012,586139,1836254.7499999995,4.789285499999964
2009-02-20,66.800003,66.800003,63.700001,64.800003,779547,0,0,0,0,64.800003,492,779547,1848411.4499999997,4.557142928571393
2009-02-24,64.5,64.5,61.799999,62.25,711734,0,0,0,0,62.25,492,711734,1814859.0499999996,4.4357148571428215
2009-02-25,63.400002,66.400002,63,63.450001,2436522,0,0,1,0,63.450001,492,2436522,1833491.1999999997,4.453571999999965
2009-02-26,63.349998,64.650002,62.099998,62.75,1286557,0,0,0,0,62.75,492,1286557,1785733.0499999996,4.403572285714251
2009-02-27,57.099998,63.450001,57.099998,62.099998,664217,0,0,0,0,62.099998,492,664217,1717114.3499999996,4.464286785714251
2009-03-02,60.599998,60.599998,56.299999,56.849998,985619,0,0,0,0,56.849998,492,985619,1613042.6499999997,4.3714297142856795
2009-03-03,56.5,60.799999,54.75,55.299999,1992382,0,0,1,0,55.299999,492,1992382,1602220.9499999997,4.428572499999966
2009-03-04,55,57.049999,55,55.900002,1352491,0,0,0,0,55.900002,492,1352491,1602881.2999999996,4.139286785714252
2009-03-05,57.799999,57.799999,50.200001,50.950001,1645216,0,0,1,0,50.950001,492,1645216,1610520.2999999996,4.3821434285713945
2009-03-06,50.25,52.849998,49.049999,51.400002,1712164,0,0,1,0,51.400002,492,1712164,1617391.4499999997,4.392858071428538
2009-03-09,45,51.700001,45,49,890109,0,0,0,0,49,492,890109,1535742.7999999996,4.339286928571395
2009-03-12,50.049999,51.25,48.75,49.849998,1463014,0,0,1,0,49.849998,492,1463014,1458652.8499999996,4.257143928571396
2009-03-13,51.099998,55,50.5,53.900002,2057650,0,0,1,0,53.900002,468.799988,2057650,1390785.4,4.3892867142856815
2009-03-16,55,57.25,54.099998,56.75,1333738,0,0,1,0,56.75,467.5,1333738,1319918.1999999997,4.439286428571395
2009-03-17,50.099998,62.900002,50.099998,60.549999,3571384,0,0,1,0,60.549999,465,3571384,1382225.2499999995,5.132143714285681
2009-03-18,61.049999,70.900002,61.049999,68.5,6557434,0,0,1,0,68.5,465,6557434,1637517.8499999996,5.657143642857109
2009-03-19,70.949997,73.949997,68.050003,71.050003,4382656,0,0,1,0,71.050003,457,4382656,1803902.6999999997,5.782143071428537
2009-03-20,71,73.900002,69.199997,70.199997,3711333,0,0,1,0,70.199997,457,3711333,1955452.3999999997,5.935714571428538
2009-03-23,70.900002,72.300003,68.5,70.900002,2134930,0,0,1,1,70.900002,457,2134930,2012741.7999999996,5.753571714285681
2009-03-24,72,72.75,67.199997,68,1939015,0,0,0,1,68,457,1939015,2080385.5999999992,5.735714857142824
2009-03-25,68,79.199997,66.25,77.800003,7722159,0,0,1,1,77.800003,457,7722159,2427516.1999999993,6.228571857142824
2009-03-26,80,82.699997,74.599998,76.099998,7275768,0,0,1,1,76.099998,457,7275768,2755717.8999999994,6.660714714285681
2009-03-27,76,82.599998,75.199997,80.75,4096084,0,0,1,1,80.75,457,4096084,2838695.999999999,6.646429214285681
2009-03-30,80,80,70.699997,72.550003,4410268,0,0,1,1,72.550003,457,4410268,2994881.549999999,7.092858071428538
2009-03-31,74,76.449997,71.75,74.449997,2964304,0,0,0,1,74.449997,457,2964304,3109885.899999999,6.95000064285711
2009-04-01,76.400002,78.849998,74.099998,77.650002,2761684,0,0,0,1,77.650002,457,2761684,3198689.149999999,7.1107149285713955
2009-04-02,80,83.5,78.5,80.599998,4507917,0,0,1,1,80.599998,457,4507917,3324465.899999999,7.160714642857109
2009-04-06,81.650002,85.900002,80.150002,83.449997,4517137,0,0,1,1,83.449997,457,4517137,3482698.1999999983,7.332143357142824
2009-04-08,81,89.25,79,87.699997,4769580,0,0,1,1,87.699997,457,4769580,3638916.3999999985,7.150000214285681
2009-04-09,89.400002,92,84.5,86.5,4381170,0,0,1,1,86.5,457,4381170,3772366.6999999983,6.946428571428538
2009-04-13,87.849998,95.400002,86.800003,93.099998,5260756,0,0,1,1,93.099998,457,5260756,3990899.0499999984,7.160714857142824
2009-04-15,94,100.25,91.25,96.900002,5370451,0,0,1,1,96.900002,457,5370451,4186270.8999999985,7.467857357142824
2009-04-16,98,101.800003,87.599998,88.5,4459485,0,0,1,1,88.5,457,4459485,4306362.6499999985,8.21071464285711
2009-04-17,88.5,93.400002,86.650002,89,3441354,0,0,0,1,89,457,3441354,4411743.449999998,8.29642871428568
2009-04-20,91.949997,95,88.050003,89.849998,2862584,0,0,0,1,89.849998,457,2862584,4376303.449999998,7.867857285714252
2009-04-21,87.900002,107.300003,85.550003,103.599998,11716754,0,0,1,1,103.599998,457,11716754,4634269.45,8.842857357142824
2009-04-22,105,108.699997,97.550003,99.900002,13546284,0,0,1,1,99.900002,457,13546284,5092450.85,9.110713999999966
2009-04-23,101,102.699997,95.75,101,5424721,0,0,1,1,101,457,5424721,5178120.25,8.889284999999965
2009-04-24,102.25,104.849998,99.25,101.300003,3225334,0,0,0,1,101.300003,457,3225334,5232640.45,8.953570785714252
2009-04-27,101,108,99.75,101.900002,6446283,0,0,1,1,101.900002,457,6446283,5458003.85,9.203570785714252
2009-04-28,102,102.900002,90.550003,91.800003,3891917,0,0,0,1,91.800003,457,3891917,5266491.75,9.667856571428539
2009-04-29,93.199997,102.5,92.300003,100.599998,5299495,0,0,1,1,100.599998,457,5299495,5167678.1,10.021427785714252
2009-05-04,100.599998,107.449997,100.599998,104.849998,4923698,0,0,0,1,104.849998,457,4923698,5209058.8,9.778570571428535
2009-05-05,106,110.5,103.5,107.050003,9238996,0,0,1,1,107.050003,457,9238996,5450495.2,9.74285628571425
2009-05-06,108.849998,109.150002,99.650002,101.900002,4656984,0,0,0,1,101.900002,457,4656984,5535129.2,9.785713285714252
2009-05-07,106.900002,110.900002,102.050003,108.050003,4663810,0,0,0,1,108.050003,457,4663810,5630235.5,9.785713285714252
2009-05-08,109.099998,117.099998,105,114.400002,11875748,0,0,1,1,114.400002,457,11875748,5998627.05,9.63571278571425
2009-05-11,117.400002,119,106.300003,108.75,6334348,0,0,1,1,108.75,457,6334348,6089487.6,10.060712571428537
2009-05-12,108,116.75,106,115.699997,6886268,0,0,1,1,115.699997,457,6886268,6195322,10.332141357142822
2009-05-13,117,118,109.650002,111.5,4798900,0,0,0,1,111.5,457,4798900,6216208.5,9.37499835714282
2009-05-14,109.099998,115,107.550003,114.150002,4264523,0,0,0,1,114.150002,457,4264523,6166396.85,9.110712857142822
2009-05-15,115,116.849998,111.199997,112.050003,2585042,0,0,0,1,112.050003,457,2585042,6027126.399999999,9.017855999999965
2009-05-18,120.150002,129,120.150002,128.050003,32606,0,0,0,1,128.050003,457,32606,5805782.449999999,9.828570214285678
2009-05-19,135,141,115,135.899994,6099877,0,0,1,1,135.899994,457,6099877,5938708.599999999,11.09642735714282
2009-05-20,134,152.300003,132.25,150.050003,4944642,0,0,0,1,150.050003,442.799988,4944642,6042811.499999998,11.646427642857109
2009-05-21,150.050003,160.5,142.5,144.75,5772611,0,0,1,1,144.75,424.5,5772611,5745604.349999999,12.167856428571396
2009-05-22,144.100006,153.300003,141,152.199997,4442089,0,0,0,1,152.199997,417,4442089,5290394.599999999,12.557142428571398
2009-05-25,153.699997,168.899994,153.050003,166.600006,4937359,0,0,0,1,166.600006,417,4937359,5266026.499999998,13.249999357142825
2009-05-26,168.699997,172,155,157.800003,3939292,0,0,0,1,157.800003,414.600006,3939292,5301724.3999999985,13.78571364285711
2009-05-27,162.5,166.800003,159.050003,164.449997,2315880,0,0,0,1,164.449997,414.600006,2315880,5095204.249999998,13.78571364285711
2009-05-28,167.850006,171.75,158,167.899994,7837734,0,0,1,1,167.899994,414.600006,7837734,5292495.099999999,13.903570928571396
2009-05-29,170,175.75,167.25,169,3960409,0,0,0,1,169,412.899994,3960409,5225540.799999998,13.60357114285711
2009-06-01,172.899994,195,170,193.449997,7552782,0,0,1,1,193.449997,401.950012,7552782,5356994.999999998,14.692856857142827
2009-06-02,196.399994,200,183.25,198.899994,6304802,0,0,1,1,198.899994,401.950012,6304802,5210285.299999998,15.29285699999997
2009-06-03,205,232.5,200,230.699997,11702578,0,0,1,1,230.699997,401.950012,11702578,5562564.999999998,17.160714785714255
2009-06-04,230,240.399994,215.25,233.800003,7405609,0,0,1,1,233.800003,401.950012,7405609,5699654.949999997,18.553571428571395
2009-06-05,237.850006,238.449997,220.25,223.699997,3718916,0,0,0,1,223.699997,401.950012,3718916,5291813.349999998,18.64285714285711
2009-06-08,224.800003,230.899994,196.899994,200.25,4865757,0,0,0,1,200.25,401.950012,4865757,5218383.799999998,19.214285714285683
2009-06-09,201,220.800003,192.600006,217.949997,4536444,0,0,0,1,217.949997,401.950012,4536444,5100892.599999998,19.79642814285711
2009-06-10,222,225.399994,212.600006,218.5,4166074,0,0,0,1,218.5,401.950012,4166074,5069251.299999998,19.42499871428568
2009-06-11,218.5,225.850006,212.800003,222.149994,3423774,0,0,0,1,222.149994,401.950012,3423774,5027213.849999998,19.478570142857112
2009-06-12,225.699997,240.899994,221.25,230.149994,8943166,0,0,1,1,230.149994,401.950012,8943166,5345120.049999998,19.689284214285685
2009-06-15,227.699997,228.399994,208.949997,211.649994,3723370,0,0,0,1,211.649994,401.950012,3723370,5529658.249999998,19.98928399999997
2009-06-16,207.5,220.800003,201.199997,218.050003,3019336,0,0,0,1,218.050003,401.950012,3019336,5375631.199999997,20.746427285714255
2009-06-17,217,219.399994,200.649994,202.850006,3172972,0,0,0,1,202.850006,401.950012,3172972,5287047.699999997,21.103570142857112
2009-06-18,201,206.850006,182.149994,191.25,4030817,0,0,0,1,191.25,401.950012,4030817,5199957.999999998,22.260713857142825
2009-06-19,196.850006,202,187.350006,199.699997,3212361,0,0,0,1,199.699997,401.950012,3212361,5138471.599999998,21.44999914285711
2009-06-22,210,210,195.100006,199.649994,3324977,0,0,0,1,199.649994,399.399994,3324977,5057852.499999998,21.317855857142824
2009-06-23,192.550003,202.550003,191.649994,200.600006,2013523,0,0,0,1,200.600006,399.399994,2013523,4961564.049999998,19.69642749999997
2009-06-24,202.550003,211.899994,194.050003,209.350006,3831628,0,0,0,1,209.350006,399.399994,3831628,5037351.449999998,19.17499871428568
2009-06-25,219.800003,219.800003,200.25,203.5,5443563,0,0,1,1,203.5,399.399994,5443563,4917642.8999999985,19.271427714285682
2009-06-26,208.850006,208.850006,200.5,204.399994,3852486,0,0,0,1,204.399994,391.899994,3852486,4912246.749999998,17.439285285714252
2009-06-29,205.899994,215.699997,203.800003,212.199997,3951897,0,0,0,1,212.199997,391.899994,3951897,4732202.499999998,16.274999357142825
2009-06-30,214.800003,214.850006,190,192.649994,3536872,0,0,0,1,192.649994,391.899994,3536872,4593805.999999998,17.135714928571396
2009-07-01,193,203.399994,187.949997,201.5,3355830,0,0,0,1,201.5,391.899994,3355830,4176468.5999999987,17.307143071428538
2009-07-02,204,204.449997,193.649994,198.399994,2921963,0,0,0,1,198.399994,391.899994,2921963,3952286.2999999984,16.675000857142827
2009-07-03,194.050003,199.949997,191.5,197.850006,2025201,0,0,0,1,197.850006,391.899994,2025201,3867600.5499999993,15.764286571428542
2009-07-06,198.25,199.699997,183.100006,185,2251726,0,0,0,1,185,391.899994,2251726,3736898.999999999,15.549999785714258
2009-07-07,186.199997,196.5,184.25,194.899994,2411732,0,0,0,1,194.899994,391.899994,2411732,3630663.3999999994,15.085714071428542
2009-07-08,192,192.899994,182,184.550003,2697694,0,0,0,0,184.550003,375,2697694,3557244.3999999994,14.24285564285711
2009-07-09,186.399994,196.75,181.199997,193.649994,3770056,0,0,1,0,193.649994,375,3770056,3574558.4999999986,14.307141999999967
2009-07-10,195.699997,196.5,179.149994,183.699997,1599167,0,0,0,0,183.699997,375,1599167,3207358.5499999984,14.482142857142822
2009-07-13,178.649994,189,170,174.649994,1931211,0,0,0,0,174.649994,375,1931211,3117750.5999999987,15.060713642857106
2009-07-14,178.149994,186.649994,176.699997,185.300003,2694972,0,0,0,0,185.300003,375,2694972,3101532.3999999985,14.642857142857107
2009-07-15,188,209.75,187.550003,204.25,4865033,0,0,1,1,204.25,375,4865033,3186135.4499999983,14.992856714285677
2009-07-16,209.399994,209.399994,194.300003,197.350006,7549469,0,0,1,1,197.350006,375,7549469,3362068.0499999984,15.47499849999996
2009-07-17,201,206,192.100006,195.800003,6905714,0,0,1,1,195.800003,375,6905714,3546735.6999999983,15.617855642857103
2009-07-20,204.949997,204.949997,193.800003,197.399994,3545437,0,0,0,1,197.399994,375,3545437,3557758.6999999983,14.639283357142817
2009-07-21,196,198.100006,190.649994,191.850006,3939974,0,0,1,1,191.850006,375,3939974,3654081.2499999977,14.067855857142819
2009-07-22,193.449997,206.600006,193.399994,199.600006,8313389,0,0,1,1,199.600006,375,8313389,3878169.2999999984,14.349998499999959
2009-07-23,201.050003,210.899994,201.050003,208.399994,6814822,0,0,1,1,208.399994,375,6814822,3946732.2499999986,14.553569285714245
2009-07-24,210.100006,214.949997,206.149994,213.600006,4887900,0,0,1,1,213.600006,375,4887900,3998502.9499999983,13.996427285714248
2009-07-27,215,215,206.050003,210.899994,2375669,0,0,0,1,210.899994,375,2375669,3919691.5499999984,13.760712785714247
2009-07-28,213,230,211,227.350006,8074167,0,0,1,1,227.350006,375,8074167,4146556.2999999984,14.203570785714248
2009-07-29,227,234.199997,215.199997,225.25,5984149,0,0,1,1,225.25,375,5984149,4277972.249999998,14.449999142857106
2009-07-30,227.100006,239.949997,225.550003,231.300003,14198835,0,0,1,1,231.300003,375,14198835,4841815.849999999,14.260712785714247
2009-07-31,230.699997,233.5,224,226.949997,3748505,0,0,0,1,226.949997,375,3748505,4927981.049999999,13.582141357142818
2009-08-03,228.399994,231.800003,221.100006,230.600006,2644713,0,0,0,1,230.600006,375,2644713,4947630.3999999985,13.48928399999996
2009-08-04,232.449997,232.850006,224.050003,227.550003,2149513,0,0,0,1,227.550003,375,2149513,4934519.449999998,12.371427285714248
2009-08-05,229,229.850006,222.399994,227.050003,1790029,0,0,0,1,227.050003,375,1790029,4889136.199999998,11.825000214285678
2009-08-06,225.600006,233.699997,220.899994,222.449997,2894039,0,0,0,1,222.449997,375,2894039,4845335.349999999,11.746429428571393
2009-08-07,220.850006,223.5,210,211.649994,2728389,0,0,0,1,211.649994,375,2728389,4901796.449999998,11.914286999999964
2009-08-10,215.949997,217,204.5,206.75,1831363,0,0,0,1,206.75,375,1831363,4896804.049999999,12.275000428571394
2009-08-11,206.649994,216.199997,203.5,214.5,2522168,0,0,0,1,214.5,375,2522168,4888163.849999998,12.128571642857109
2009-08-12,213.25,214.899994,205.600006,213.25,1853562,0,0,0,1,213.25,375,1853562,4737590.299999998,11.985714499999967
2009-08-13,216,222.25,213.699997,220.899994,2117711,0,0,0,1,220.899994,375,2117711,4466002.399999998,11.999999999999968
2009-08-14,221.5,222.399994,215.199997,216.699997,1497456,0,0,0,1,216.699997,375,1497456,4195589.499999998,11.874999999999968
2009-08-17,207.300003,214.5,200.600006,202.100006,1434148,0,0,0,1,202.100006,375,1434148,4090025.0499999984,11.66071321428568
2009-08-18,200,211,200,209,1560126,0,0,0,1,209,375,1560126,3971032.6499999985,11.08928464285711
2009-08-19,211.649994,213.350006,203.300003,204.899994,1422052,0,0,0,1,204.899994,375,1422052,3626465.7999999984,10.757142214285684
2009-08-20,207,214.350006,207,212.149994,2048268,0,0,0,1,212.149994,375,2048268,3388138.099999999,10.753571642857114
2009-08-21,214.25,220.75,209.399994,219.75,2799750,0,0,0,1,219.75,375,2799750,3283730.599999999,10.80000085714283
2009-08-24,224,228.899994,223.050003,227.75,2188574,0,0,0,1,227.75,375,2188574,3274375.849999999,10.825000214285689
2009-08-25,226,233.449997,224.199997,232.550003,3647239,0,0,1,1,232.550003,373.200012,3647239,3053029.4499999993,10.953570785714259
2009-08-26,233.600006,237,228.100006,236.100006,2651842,0,0,0,1,236.100006,367.25,2651842,2886414.099999999,10.674998714285687
2009-08-27,236.100006,249.800003,232.550003,246.050003,6543583,0,0,1,1,246.050003,367.25,6543583,2503651.499999999,10.942855857142828
2009-08-28,246,249.800003,236,245.399994,3392871,0,0,1,1,245.399994,367.25,3392871,2485869.8,11.035713214285684
2009-08-31,240.100006,242.800003,230.199997,234.399994,3338326,0,0,1,1,234.399994,367.25,3338326,2520550.4499999997,11.214284642857113
2009-09-01,235,243,230.5,232.149994,2681412,0,0,1,1,232.149994,355.700012,2681412,2547145.4,11.4428569285714
2009-09-02,230.949997,233.699997,225.550003,226.649994,2129480,0,0,0,1,226.649994,353.950012,2129480,2564117.95,11.382142214285688
2009-09-03,229,233.449997,228.199997,230.600006,1552918,0,0,0,1,230.600006,353.950012,1552918,2497061.9,11.353571214285688
2009-09-04,232.5,240,227.5,239.050003,2473657,0,0,0,1,239.050003,353.950012,2473657,2484325.3000000003,11.096428999999972
2009-09-07,243,255.899994,242,254.550003,5659779,0,0,1,1,254.550003,353.950012,5659779,2675746.1000000006,11.514285499999971
2009-09-08,257,258.049988,246.5,248.5,3905188,0,0,1,1,248.5,353.950012,3905188,2744897.1000000006,11.621427285714258
2009-09-09,248,249.899994,242.199997,247.100006,2171290,0,0,0,1,247.100006,353.950012,2171290,2760783.5,11.496426214285686
2009-09-10,249.5,256.950012,247.100006,248.5,3917023,0,0,1,1,248.5,353.950012,3917023,2850749.0999999996,11.389283357142826
2009-09-11,250.050003,255.850006,247.149994,250.949997,2665867,0,0,0,1,250.949997,346.5,2665867,2909169.6499999994,11.357141785714257
2009-09-14,248,250.449997,243,246.5,1379782,0,0,0,1,246.5,346,1379782,2906451.3499999996,11.264284428571399
2009-09-15,248,256.899994,248,256.049988,3526401,0,0,1,1,256.049988,346,3526401,3004765.1,11.371427285714256
2009-09-16,257,262.350006,254,259.700012,4237399,0,0,1,1,259.700012,346,4237399,3145532.45,10.7357134285714
2009-09-17,261.049988,269.950012,259,267.200012,4498591,0,0,1,1,267.200012,346,4498591,3268048.6,10.532142642857114
2009-09-18,265.350006,272.450012,261.5,270.450012,2394368,0,0,0,1,270.450012,346,2394368,3247779.5,10.228572285714256
2009-09-22,271,278,271,275.25,2114322,0,0,0,1,275.25,346,2114322,3244066.9,9.874999999999968
2009-09-23,276.950012,276.950012,261.399994,265.600006,1809339,0,0,0,1,265.600006,346,1809339,3152171.9,10.403573142857113
2009-09-24,262,270.450012,259,265.899994,4639476,0,0,1,1,265.899994,346,4639476,3251553.6000000006,10.735716642857113
2009-09-25,259,262.75,250.550003,256.850006,3548925,0,0,1,1,256.850006,337.850006,3548925,3101820.7,10.939287428571399
2009-09-29,261,261.75,255.25,256.950012,1521888,0,0,0,1,256.950012,329.399994,1521888,3008271.5500000003,10.200002357142827
2009-09-30,255.899994,261.25,254.899994,260.049988,3052492,0,0,1,1,260.049988,322,3052492,2993979.85,9.828575071428544
2009-10-01,260,266.950012,260,261.899994,2758950,0,0,0,1,261.899994,322,2758950,2997856.7500000005,9.775004714285688
2009-10-05,259.700012,266.950012,256,261.600006,2279183,0,0,0,1,261.600006,303.100006,2279183,3005341.9000000004,9.853576571428544
2009-10-06,264.799988,264.799988,255,261.549988,1692651,0,0,0,1,261.549988,284,1692651,3012328.5500000003,9.932146285714254
2009-10-07,264,273.700012,263,268.700012,3615523,0,0,1,1,268.700012,284,3615523,3069421.8500000006,10.232148214285685
2009-10-08,274,281,271,272.799988,4831427,0,0,1,1,272.799988,278,4831427,3028004.250000001,10.367862071428542
2009-10-09,275,279,264.549988,267.25,1994148,0,0,0,1,267.25,281,1994148,2932452.250000001,10.803576785714256
2009-10-12,269.149994,277.399994,268.75,276.049988,4515280,0,0,1,1,276.049988,281,4515280,3049651.750000001,10.746432642857112
2009-10-14,278.799988,282.600006,275.350006,279.75,2837739,0,0,0,1,279.75,281,2837739,2995687.5500000007,10.48214607142854
2009-10-15,282,283.899994,276.5,278.850006,1709728,0,0,0,1,278.850006,282.600006,1709728,2947880.6000000006,10.471432214285683
2009-10-16,280,282.600006,277,280.75,1627290,0,0,0,1,280.75,283.899994,1627290,2960256.000000001,9.760717071428536
2009-10-20,283,285.5,281.5,282.75,1112282,0,0,0,1,282.75,283.899994,1112282,2839550.0500000007,9.282144785714248
2009-10-21,284.899994,286.700012,273,275.649994,1204445,0,0,0,1,275.649994,285.5,1204445,2687902.3500000006,9.164289142857106
2009-10-22,275.899994,280,266.200012,269.049988,1313987,0,0,0,1,269.049988,286.700012,1313987,2528672.150000001,9.685716857142822
2009-10-23,272.049988,282,272.049988,280.649994,1602754,0,0,0,1,280.649994,286.700012,1602754,2489091.450000001,10.157145857142824
2009-10-26,281.25,289.899994,275.5,283.700012,3887840,0,0,1,1,283.700012,286.700012,3887840,2577767.350000001,10.689287428571394
2009-10-27,280.950012,283.399994,266.5,269.049988,2230203,0,0,0,1,269.049988,289.899994,2230203,2598810.5500000007,11.135715999999965
2009-10-28,266.100006,271.5,262.5,266.549988,1713795,0,0,0,1,266.549988,289.899994,1713795,2452526.500000001,11.078573999999966
2009-10-29,262.149994,264.700012,251,255.399994,4380765,0,0,1,0,255.399994,289.899994,4380765,2494118.500000001,11.321428571428536
2009-10-30,260,266.899994,255.050003,257.200012,1912389,0,0,0,0,257.200012,289.899994,1912389,2513643.5500000007,11.289285928571392
2009-11-03,255.899994,261,243.5,246.5,1612893,0,0,0,0,246.5,289.899994,1612893,2441663.6000000006,11.507142214285677
2009-11-04,251,260,245,258.049988,1522053,0,0,0,0,258.049988,289.899994,1522053,2379818.750000001,11.853571214285678
2009-11-05,259,265.899994,255.050003,264.049988,2238902,0,0,0,0,264.049988,289.899994,2238902,2377804.7000000007,12.11071342857139
2009-11-06,268,279.450012,266,276.5,3053168,0,0,1,0,276.5,289.899994,3053168,2445830.5500000007,12.68214414285711
2009-11-09,282,282,272.299988,277.399994,1291108,0,0,0,1,277.399994,289.899994,1291108,2329609.8000000007,12.975001714285682
2009-11-10,281,281.049988,272.600006,274.75,1672562,0,0,0,1,274.75,289.899994,1672562,2171666.5500000007,13.23928614285711
2009-11-11,277,286.75,273,285.299988,2946560,0,0,1,1,285.299988,289.899994,2946560,2219287.150000001,13.24285671428568
2009-11-12,285,286.200012,277.200012,279.600006,1273042,0,0,0,1,279.600006,289.899994,1273042,2057175.2500000007,12.900000428571394
2009-11-13,277,284.299988,276.950012,283.200012,1305624,0,0,0,1,283.200012,289.899994,1305624,1980569.5000000007,12.499997857142821
2009-11-16,284.600006,291.399994,284.600006,287.5,2309013,0,0,1,1,287.5,289.899994,2309013,2010533.7500000007,12.05713985714282
2009-11-17,289.950012,294.799988,281.100006,284.450012,1093840,0,0,0,1,284.450012,291.399994,1093840,1983861.2500000007,11.807137714285675
2009-11-18,284,288,281.25,285.350006,1546025,0,0,0,1,285.350006,294.799988,1546025,2005548.4000000008,11.64642342857139
2009-11-19,285.899994,296.299988,285,293.149994,8117111,0,0,1,1,293.149994,294.799988,8117111,2351181.7000000007,11.342851999999962
2009-11-20,289.700012,289.950012,275.200012,282,2672772,0,0,1,1,282,296.299988,2672772,2419120.9500000007,11.778565642857103
2009-11-23,286.399994,286.399994,277.600006,280.75,748460,0,0,0,1,280.75,296.299988,748460,2376406.250000001,11.157136214285673
2009-11-24,280,282.399994,264.850006,272.549988,1852299,0,0,0,1,272.549988,296.299988,1852299,2274629.2000000007,11.339278214285672
2009-11-25,279.399994,283.700012,266.5,280.899994,2321539,0,0,1,1,280.899994,296.299988,2321539,2279196.000000001,11.792851142857101
2009-11-26,280,282,269.100006,274.75,4316865,0,0,1,1,274.75,296.299988,4316865,2409349.500000001,11.614277571428527
2009-11-27,268,269.899994,257.149994,268.25,2118128,0,0,0,1,268.25,296.299988,2118128,2296217.650000001,12.178562857142811
2009-11-30,272,278.799988,270.850006,277.450012,1410210,0,0,0,1,277.450012,296.299988,1410210,2271108.7000000007,12.32856328571424
2009-12-01,279,281.5,277.700012,280.100006,1277686,0,0,0,1,280.100006,296.299988,1277686,2254348.3500000006,11.63570528571424
2009-12-02,281.799988,282.899994,278.049988,279.899994,1321721,0,0,0,1,279.899994,296.299988,1321721,2244331.750000001,11.339277142857098
2009-12-03,280.899994,281,277,278.649994,1156533,0,0,0,1,278.649994,296.299988,1156533,2190213.3000000007,11.099993142857102
2009-12-04,277.25,280.600006,273.850006,278,760072,0,0,0,1,278,296.299988,760072,2075558.5000000007,10.996422999999961
2009-12-07,278,280,270.700012,272.950012,754214,0,0,0,1,272.950012,296.299988,754214,2048713.8000000012,10.682137714285675
2009-12-08,272.950012,275.450012,268.549988,274.600006,1462547,0,0,0,1,274.600006,296.299988,1462547,2038213.0500000012,10.692853714285677
2009-12-09,280,280,269.5,272.200012,1128470,0,0,0,1,272.200012,296.299988,1128470,1947308.5500000014,10.635711714285678
2009-12-10,271,271.299988,266.549988,268.100006,1807406,0,0,0,1,268.100006,296.299988,1807406,1974026.7500000014,9.757143285714253
2009-12-11,271,271,266.25,267.700012,1160359,0,0,0,1,267.700012,296.299988,1160359,1966763.5000000014,9.467858428571398
2009-12-14,275,275,263.75,267.799988,631385,0,0,0,1,267.799988,296.299988,631385,1882882.1000000015,9.017859285714255
2009-12-15,268,268,259.100006,260.549988,1327309,0,0,0,1,260.549988,296.299988,1327309,1894555.5500000014,8.425000857142825
2009-12-16,261.799988,263,255.300003,260.799988,1114174,0,0,0,1,260.799988,296.299988,1114174,1872963.0000000014,8.05357249999997
2009-12-17,261,263.75,259.700012,262.450012,616374,0,0,0,1,262.450012,296.299988,616374,1497926.1500000015,7.085714071428539
2009-12-18,261.049988,263,259.049988,260,786715,0,0,0,1,260,296.299988,786715,1403623.3000000014,6.6142872142856834
2009-12-21,261,263,257.049988,259,603212,0,0,0,1,259,296.299988,603212,1396360.9000000015,6.750003214285686
2009-12-22,259.600006,264.899994,259.200012,262.149994,669232,0,0,0,1,262.149994,296.299988,669232,1337207.5500000014,6.825002357142828
2009-12-23,264.799988,266.75,263.049988,266,1096048,0,0,0,1,266,296.299988,1096048,1275933.0000000014,6.8678599285714
2009-12-24,268,270.100006,266.149994,267.299988,682317,0,0,0,1,267.299988,296.299988,682317,1094205.6000000015,6.678574642857115
2009-12-29,268.200012,273.5,267.299988,271.299988,1135116,0,0,1,1,271.299988,296.299988,1135116,1045055.0000000015,6.45714778571426
2009-12-30,273,273.450012,269.200012,270.25,605222,0,0,0,1,270.25,296.299988,605222,1004805.6000000017,6.267860357142828
2009-12-31,271.5,272.350006,268.5,270.049988,2267568,0,0,1,1,270.049988,296.299988,2267568,1054299.7000000016,5.7928607857142564
2010-01-04,270.799988,277.600006,270,276.549988,1070904,0,0,1,1,276.549988,296.299988,1070904,1041758.8500000015,5.9321452142856845
2010-01-05,279,281,275.200012,276.399994,936400,0,0,0,1,276.399994,296.299988,936400,1030752.2000000015,6.007144357142827
2010-01-06,276.200012,280.450012,275.700012,276.700012,768569,0,0,0,1,276.700012,296.299988,768569,1031177.0500000014,5.542858642857112
2010-01-07,277.100006,277.450012,273.450012,275.049988,517096,0,0,0,1,275.049988,296.299988,517096,1019321.1500000017,5.192859071428542
2010-01-08,276.299988,283,273.799988,280.549988,1601829,0,0,1,1,280.549988,296.299988,1601829,1026285.2500000016,5.300002999999971
2010-01-11,284,286.700012,281.100006,285.850006,1438540,0,0,1,1,285.850006,296.299988,1438540,1041788.7500000019,5.450005571428546
2010-01-12,286,286.850006,275.75,277.299988,1069505,0,0,1,1,277.299988,296.299988,1069505,1004893.7000000018,5.9607194285714025
2010-01-13,275.200012,283,273.100006,282.149994,1010878,0,0,1,1,282.149994,296.299988,1010878,997419.6500000019,6.242860999999972
2010-01-14,283.950012,283.950012,278.100006,279.799988,328013,0,0,0,1,279.799988,296.299988,328013,982251.0500000014,6.239290428571402
2010-01-15,281.799988,283.350006,276.399994,278.950012,1034561,0,0,1,1,278.950012,296.299988,1034561,967613.6500000015,6.407147999999974
2010-01-18,278.700012,280.049988,276.549988,278.850006,400686,0,0,0,1,278.850006,296.299988,400686,931939.2500000013,6.364290428571402
2010-01-19,280,284.899994,279.5,280.25,884288,0,0,0,1,280.25,296.299988,884288,945334.9500000014,6.3535744285714
2010-01-20,281.950012,283,274.5,279.149994,837146,0,0,0,1,279.149994,296.299988,837146,947856.5000000012,6.657145857142829
2010-01-21,280,281.950012,264,265.75,965932,0,0,0,1,265.75,296.299988,965932,965992.5000000012,7.664289142857115
2010-01-22,264.5,270,249,266,1679941,0,0,1,1,266,296.299988,1679941,1016527.9500000011,8.621431571428543
2010-01-25,265.200012,273.899994,259.149994,270.5,1058442,0,0,1,1,270.5,296.299988,1058442,1014647.6500000011,9.260718142857115
2010-01-27,269,270.049988,255,256.850006,1162815,0,0,1,0,256.850006,296.299988,1162815,1038672.5500000011,10.028575285714258
2010-01-28,258.549988,263.899994,252.199997,261.799988,4716222,0,0,1,0,261.799988,296.299988,4716222,1217727.850000001,10.578575071428544
2010-01-29,257.899994,264.799988,252,262.450012,1251336,0,0,1,0,262.450012,296.299988,1251336,1250033.550000001,10.835716214285684
2010-02-01,260.100006,265,255.050003,264,741420,0,0,0,0,264,296.299988,741420,1173726.1500000008,11.107142857142824
2010-02-02,265.299988,270,258.200012,260.350006,622944,0,0,0,0,260.350006,296.299988,622944,1151328.1500000008,11.157141571428538
2010-02-03,262,266.950012,256.600006,265.450012,596931,0,0,0,0,265.450012,296.299988,596931,1134354.7000000007,11.189285285714252
2010-02-04,265.799988,265.799988,257.600006,258.799988,638740,0,0,0,0,258.799988,296.299988,638740,1127863.2500000007,11.357140714285679
2010-02-05,255,255,239.100006,246.699997,1620778,0,0,1,0,246.699997,296.299988,1620778,1183047.3500000008,12.267852857142818
2010-02-08,251,251,236.699997,242.699997,1366737,0,0,1,0,242.699997,296.299988,1366737,1171292.7500000007,13.039281642857105
2010-02-09,242.100006,246.5,240.399994,244.699997,1060860,0,0,0,0,244.699997,296.299988,1060860,1152408.7500000007,13.04285435714282
2010-02-10,248.5,250.25,239,242.199997,789720,0,0,0,0,242.199997,296.299988,789720,1138419.5000000007,13.239282928571393
2010-02-11,243.899994,245.800003,238.100006,239.449997,1187026,0,0,1,0,239.449997,296.299988,1187026,1147226.9000000008,12.507138999999963
2010-02-15,240.699997,242.949997,235,239.5,574762,0,0,0,0,239.5,296.299988,574762,1159564.3500000008,11.574995928571392
2010-02-16,240.75,244.649994,237.100006,243.699997,513681,0,0,0,0,243.699997,296.299988,513681,1133520.3500000008,11.060709357142818
2010-02-17,246,253.850006,245,252.699997,1687253,0,0,1,0,252.699997,296.299988,1687253,1197848.7000000007,10.678567142857105
2010-02-18,253,253,244.300003,247.050003,713647,0,0,0,0,247.050003,296.299988,713647,1189316.6500000008,10.464281428571391
2010-02-19,246,246,236.699997,238.600006,1110282,0,0,0,0,238.600006,296.299988,1110282,1202973.4500000007,10.289282714285678
2010-02-22,242.100006,243.5,231.25,235.149994,659128,0,0,0,0,235.149994,296.299988,659128,1187633.2500000007,10.453568642857107
2010-02-23,234.5,238.399994,230.100006,232,1050621,0,0,0,0,232,296.299988,1050621,1156167.2500000007,10.203568642857107
2010-02-24,230,237.899994,228.149994,234.149994,857752,0,0,0,0,234.149994,296.299988,857752,1146132.7500000007,10.160711071428535
2010-02-25,230,242.800003,230,237.699997,1703918,0,0,1,0,237.699997,296.299988,1703918,1173187.9000000008,10.489283999999966
2010-02-26,240.899994,245.699997,236.149994,240.300003,775841,0,0,0,0,240.300003,296.299988,775841,976168.8500000008,9.764285499999968
2010-03-02,241.699997,250,241.5,248.899994,1106045,0,0,1,0,248.899994,296.299988,1106045,968904.3000000007,9.43571364285711
2010-03-03,251,262.899994,250.949997,257.75,1566399,0,0,1,1,257.75,296.299988,1566399,1010153.2500000007,9.999998928571395
2010-03-04,257.700012,264,257.700012,262.75,1042874,0,0,1,1,262.75,296.299988,1042874,1031149.7500000007,9.646426642857108
2010-03-05,262,267.799988,261.25,266.299988,793238,0,0,0,1,266.299988,296.299988,793238,1040965.1000000008,9.564283142857107
2010-03-08,268.5,269.5,263.5,264.649994,665133,0,0,0,1,264.649994,296.299988,665133,1042284.7500000007,9.424997642857107
2010-03-09,265,271,260.100006,265.5,2573033,0,0,1,1,265.5,296.299988,2573033,1089897.500000001,9.66428378571425
2010-03-10,265.799988,268.75,261.049988,263.799988,627744,0,0,0,1,263.799988,296.299988,627744,1052947.850000001,9.489283999999966
2010-03-11,264,268.299988,261.799988,264.450012,1171277,0,0,1,1,264.450012,296.299988,1171277,1058468.7000000011,9.332141357142822
2010-03-12,264,268.100006,261.75,263.5,1063317,0,0,0,1,263.5,296.299988,1063317,1072148.5500000012,9.046427071428537
2010-03-15,262,267.399994,261,262.649994,786927,0,0,0,0,262.649994,296.299988,786927,1052143.600000001,8.628569499999966
2010-03-16,255.100006,267.899994,255.100006,265.450012,736037,0,0,0,1,265.450012,296.299988,736037,1060207.3500000013,8.949998071428537
2010-03-17,268.799988,270,264.399994,267.549988,1082480,0,0,0,1,267.549988,296.299988,1082480,1088647.3000000012,8.653569928571395
2010-03-18,270.350006,280,270.25,279.549988,3405354,0,0,1,1,279.549988,296.299988,3405354,1174552.3500000013,8.628570571428538
2010-03-19,282,284.899994,274.600006,282.850006,5803558,0,0,1,1,282.850006,296.299988,5803558,1429047.9000000013,8.682140928571394
2010-03-22,279.899994,281,269,275.700012,973600,0,0,0,1,275.700012,296.299988,973600,1422213.8000000014,8.978570142857109
2010-03-23,283,283,273.25,276.950012,1182238,0,0,0,1,276.950012,296.299988,1182238,1448369.3000000014,8.67499871428568
2010-03-25,279,280.5,273.649994,275.899994,4148955,0,0,1,1,275.899994,296.299988,4148955,1603286.0000000014,8.714285714285682
2010-03-26,283.700012,283.700012,276.100006,278.100006,982408,0,0,0,1,278.100006,296.299988,982408,1609518.8000000017,8.803573571428542
2010-03-29,282.399994,282.399994,275.049988,275.950012,931757,0,0,0,1,275.950012,296.299988,931757,1570910.7500000016,8.900002571428542
2010-03-30,278,278,273.399994,274.549988,897605,0,0,0,1,274.549988,296.299988,897605,1576998.9500000016,8.450003428571401
2010-03-31,276.299988,276.399994,272.200012,273.200012,484369,0,0,0,1,273.200012,296.299988,484369,1545915.1500000018,8.200001285714254
2010-04-01,275,278.25,274.149994,277.5,393068,0,0,0,1,277.5,296.299988,393068,1487248.6000000017,8.096428999999969
2010-04-05,280,286.399994,274.100006,285.100006,1943899,0,0,1,1,285.100006,296.299988,1943899,1532299.850000002,8.52142771428568
2010-04-06,288,293.75,284.600006,290.899994,2382300,0,0,1,1,290.899994,296.299988,2382300,1611752.9500000018,8.717856285714252
2010-04-07,294,295.75,288.5,292.850006,1949027,0,0,1,1,292.850006,296.299988,1949027,1675947.6500000018,8.32142857142854
2010-04-08,292,292.899994,268,271.5,14805784,0,0,1,1,271.5,296.299988,14805784,2287585.2000000016,9.69999914285711
2010-04-09,278.600006,285.700012,278.600006,283,1379916,0,0,0,1,283,296.299988,1379916,2325193.8000000017,9.82499914285711
2010-04-12,284.799988,284.799988,277.25,279.149994,881607,0,0,0,1,279.149994,296.299988,881607,2310710.3000000017,9.628570571428538
2010-04-13,277.549988,284.399994,276.25,283.049988,719239,0,0,0,1,283.049988,296.299988,719239,2293506.4000000013,9.221426857142822
2010-04-15,284.5,286.350006,278.5,279.5,1307852,0,0,0,1,279.5,296.299988,1307852,2319552.6500000013,9.085712999999966
2010-04-16,278.100006,278.149994,269.149994,271.350006,2037806,0,0,0,1,271.350006,296.299988,2037806,2384641.1000000015,9.335712999999966
2010-04-19,268,268,260.399994,262.200012,1709286,0,0,0,1,262.200012,296.299988,1709286,2415981.4000000013,9.560712571428537
2010-04-20,265,268.899994,263.25,266.25,922308,0,0,0,1,266.25,296.299988,922308,2291829.1000000015,9.514282285714248
2010-04-21,269,273.299988,267.299988,272.700012,984467,0,0,0,1,272.700012,296.299988,984467,2050874.5500000014,9.689280999999962
2010-04-22,270,273.399994,265.200012,267.649994,830590,0,0,0,1,267.649994,296.299988,830590,2043724.0500000014,9.974995285714247
2010-04-23,269.850006,270.5,265.25,268.700012,552438,0,0,0,1,268.700012,296.299988,552438,2012234.0500000014,9.989281857142819
2010-04-26,272,275.200012,269,273.799988,991116,0,0,0,1,273.799988,296.299988,991116,1854342.1000000015,9.574996999999964
2010-04-27,274.799988,277.950012,269.049988,274.399994,1933122,0,0,1,1,274.399994,296.299988,1933122,1901877.8000000014,9.557141999999967
2010-04-28,270,271.399994,264,265.600006,815247,0,0,0,1,265.600006,296.299988,815247,1896052.3000000014,9.782141571428538
2010-04-29,266,271.899994,264.850006,269.799988,1804858,0,0,0,1,269.799988,296.299988,1804858,1941414.9500000016,8.507141142857108
2010-04-30,271.899994,274.5,271,272.350006,465353,0,0,0,1,272.350006,296.299988,465353,1940464.1500000015,7.828569714285679
2010-05-03,269,273.899994,266.5,271.25,290929,0,0,0,1,271.25,296.299988,290929,1935357.2000000016,7.817855857142823
2010-05-04,272.5,281,266.350006,268.850006,2300698,0,0,1,0,268.850006,296.299988,2300698,1953197.1500000015,8.282141571428538
2010-05-05,265.5,271,258.649994,268.25,1568842,0,0,0,0,268.25,296.299988,1568842,1912524.2500000014,8.603570142857109
2010-05-06,268.299988,269,260.799988,267.899994,1211568,0,0,0,0,267.899994,296.299988,1211568,1875651.3000000014,8.44999914285711
2010-05-07,266.899994,266.899994,254.5,259,916858,0,0,0,0,259,296.299988,916858,1181205.0000000016,8.624997857142821
2010-05-10,261.5,268.950012,261.100006,267.850006,781535,0,0,0,0,267.850006,296.299988,781535,1151285.9500000018,8.857142857142824
2010-05-11,271,271,261.100006,262.649994,666974,0,0,0,0,262.649994,296.299988,666974,1140554.300000002,9.060714714285682
2010-05-12,261.100006,265.399994,255.5,264.299988,927000,0,0,0,0,264.299988,296.299988,927000,1150942.3500000017,9.182144142857112
2010-05-13,266,267.799988,262.549988,264.649994,505002,0,0,0,0,264.649994,296.299988,505002,1110799.8500000015,9.182144142857112
2010-05-14,264,264.700012,256,257,570371,0,0,0,0,257,296.299988,570371,1037428.1000000015,9.339287857142827
2010-05-17,252,253.449997,243,251.050003,775120,0,0,0,0,251.050003,296.299988,775120,990719.8000000014,9.703571857142824
2010-05-18,251,252.7,244.55,247.35001,794564,0,0,0,0,247.35001,296.299988,794564,984332.6000000013,9.542857999999967
2010-05-19,240.10001,246.89999,218.2,229.05,1963229,0,0,1,0,229.05,296.299988,1963229,1033270.7000000011,11.12143099999997
2010-05-20,232,235.14999,224.14999,231.45,990491,0,0,0,0,231.45,296.299988,990491,1041265.7500000012,11.57143014285711
2010-05-21,225.8,232.5,221.2,231.10001,623803,0,0,0,0,231.10001,296.299988,623803,1044834.0000000007,11.85000199999997
2010-05-24,239.89999,239.89999,231.10001,233.45,555835,0,0,0,0,233.45,296.299988,555835,1023069.9500000008,11.432143857142828
2010-05-25,230.10001,231.39999,212.7,215.10001,1076239,0,0,1,0,215.10001,296.299988,1076239,980225.8000000007,12.032143428571398
2010-05-26,220,224.8,214.7,223.14999,1176684,0,0,1,0,223.14999,296.299988,1176684,998297.6500000006,12.167856857142826
2010-05-27,222.7,222.7,216.60001,218.5,1675517,0,0,1,0,218.5,296.299988,1675517,991830.6000000003,11.678570142857113
2010-05-28,239.95,239.95,221.14999,226.2,577002,0,0,0,0,226.2,296.299988,577002,997413.0500000004,12.499997857142827
2010-05-31,227,227,217.89999,221.89999,476943,0,0,0,0,221.89999,296.299988,476943,1006713.7500000003,12.442856142857112
2010-06-01,224.95,225.39999,216.5,217.75,443853,0,0,0,0,217.75,296.299988,443853,913871.5000000003,12.371427285714256
2010-06-02,217,220.45,211.55,218.25,878893,0,0,0,0,218.25,296.299988,878893,879374.0500000002,12.632141571428539
2010-06-03,221.5,224.35001,217.25,219.3,1072757,0,0,1,0,219.3,296.299988,1072757,872433.5,12.517855714285682
2010-06-04,215.10001,231.39999,215.10001,230.5,2989829,0,0,1,0,230.5,296.299988,2989829,976082.05,12.682139999999967
2010-06-07,224.89999,225.89999,221,225.25,630712,0,0,0,0,225.25,296.299988,630712,968540.9,12.77856857142854
2010-06-08,227,228.45,217.8,220.25,752257,0,0,0,0,220.25,296.299988,752257,972805.05,11.457139285714252
2010-06-09,224,224,217,221.45,644227,0,0,0,0,221.45,296.299988,644227,958666.4,11.171424999999967
2010-06-10,223.7,228.39999,219.35001,227.64999,779942,0,0,0,0,227.64999,296.299988,779942,972413.4,11.010709285714253
2010-06-11,229,233.3,228.55,232.55,1506378,0,0,1,0,232.55,296.299988,1506378,1019213.75,10.785711428571394
2010-06-14,234.89999,238.5,231,238.05,778484,0,0,0,1,238.05,296.299988,778484,1019381.95,9.839282857142823
2010-06-15,241,243.8,234.39999,242,733928,0,0,0,1,242,296.299988,733928,1016350.15,9.789283571428538
2010-06-16,245,245.39999,239.2,242.14999,795605,0,0,0,1,242.14999,296.299988,795605,957968.95,9.764284285714252
2010-06-17,242.55,245.39999,237.5,243.95,356199,0,0,0,1,243.95,296.299988,356199,926254.35,8.796426428571396
2010-06-18,244,246.8,236.95,239.85001,1085666,0,0,1,1,239.85001,296.299988,1085666,949347.5,8.849997142857111
2010-06-21,243,246,242.3,244.64999,767739,0,0,0,1,244.64999,296.299988,767739,959942.7,8.65356857142854
2010-06-22,244,244,237.10001,238.64999,515330,0,0,0,1,238.64999,296.299988,515330,931897.25,8.557138571428542
2010-06-23,235,240.89999,231.55,240.05,513535,0,0,0,1,240.05,296.299988,513535,898739.8,8.717851428571398
2010-06-24,240.10001,242.75,233.10001,236.25,2065721,0,0,1,1,236.25,296.299988,2065721,918250,8.242852142857114
2010-06-25,236.89999,240.39999,235.14999,236.75,729308,0,0,0,1,236.75,296.299988,729308,925865.3,7.939280714285685
2010-06-28,237.64999,242,237.35001,241,516683,0,0,0,1,241,296.299988,516683,927852.2999999998,7.553566428571401
2010-06-29,240,242.60001,234.2,236.2,637338,0,0,0,1,236.2,296.299988,637338,937526.55,7.653567142857115
2010-06-30,233.10001,236.85001,230.89999,233,842144,0,0,0,1,233,296.299988,842144,935689.1,7.4321414285714
2010-07-01,232,232.5,227,229.3,380143,0,0,0,1,229.3,296.299988,380143,901058.4,7.457140714285686
2010-07-02,232.60001,232.60001,227.3,228.55,315862,0,0,0,1,228.55,296.299988,315862,767360.05,7.299998571428541
2010-07-05,227.89999,231.45,226.60001,227.64999,355571,0,0,0,1,227.64999,296.299988,355571,753603,6.974997142857112
2010-07-06,229,233,228.10001,232.45,247310,0,0,0,1,232.45,296.299988,247310,728355.65,6.9142842857142535
2010-07-07,233.60001,235.89999,229.55,232.39999,308350,0,0,0,1,232.39999,296.299988,308350,711561.7999999999,6.803569999999967
2010-07-08,234.89999,238.89999,234,235.8,437415,0,0,0,1,235.8,296.299988,437415,694435.45,6.564284285714251
2010-07-09,237.7,242.5,237.60001,241.39999,681841,0,0,1,1,241.39999,296.299988,681841,653208.6,6.603570714285679
2010-07-12,243.25,245.39999,240,242.2,636310,0,0,0,1,242.2,296.299988,636310,646099.9,6.449999999999965
2010-07-13,243,248.5,241.14999,247.89999,874035,0,0,1,1,247.89999,296.299988,874035,653105.2499999999,6.307144285714251
2010-07-14,249.64999,250,244.60001,245.5,620410,0,0,0,1,245.5,296.299988,620410,644345.5,6.003572857142822
2010-07-15,244.89999,247.5,243.10001,243.95,441765,0,0,0,1,243.95,296.299988,441765,648623.7999999999,5.942857857142822
2010-07-16,244.5,250.10001,243.10001,247.75,498975,0,0,0,1,247.75,296.299988,498975,619289.25,6.067857857142822
2010-07-19,248.60001,249.7,244.5,245.64999,494763,0,0,0,1,245.64999,296.299988,494763,605640.45,5.839285714285678
2010-07-20,245.64999,253.5,245.64999,249.10001,1524837,0,0,1,1,249.10001,296.299988,1524837,656115.8,5.974999285714249
2010-07-21,250,253,249.7,251.55,481834,0,0,0,1,251.55,296.299988,481834,654530.7499999999,5.8249985714285355
2010-07-22,251,253.14999,249,251.89999,500974,0,0,0,1,251.89999,296.299988,500974,576293.4,5.742854285714251
2010-07-23,253.39999,253.95,247.14999,248.25,508583,0,0,0,1,248.25,296.299988,508583,565257.15,5.882141428571393
2010-07-26,249.89999,250,242.5,243.35001,346818,0,0,0,1,243.35001,296.299988,346818,556763.9,6.035712142857108
2010-07-27,245,249,243.3,248,265977,0,0,0,1,248,296.299988,265977,538195.8500000001,5.98928428571425
2010-07-28,249,256.39999,249,255.10001,1956960,0,0,1,1,255.10001,296.299988,1956960,593936.6500000001,6.124997857142822
2010-07-29,256,257.29999,245.55,247.14999,1593220,0,0,1,1,247.14999,296.299988,1593220,654590.5000000002,6.485711428571392
2010-07-30,247.89999,251.89999,246.25,247.55,499754,0,0,0,1,247.55,296.299988,499754,663785.1000000001,6.503568571428535
2010-08-02,248.89999,250.89999,247.05,248.2,584144,0,0,0,1,248.2,296.299988,584144,675213.7500000001,6.253567142857106
2010-08-03,249,252,248,248.55,606910,0,0,0,1,248.55,296.299988,606910,693193.7500000002,6.15356785714282
2010-08-04,249,249.7,245.89999,247.25,335213,0,0,0,1,247.25,296.299988,335213,694536.9000000001,6.110712142857104
2010-08-05,247.8,251,247.64999,249.64999,300983,0,0,0,1,249.64999,296.299988,300983,687715.3000000002,5.8785692857142475
2010-08-06,250,252.85001,248,249.25,389426,0,0,0,1,249.25,296.299988,389426,673094.5500000002,5.853569999999962
2010-08-09,251.64999,254,249,253.2,427258,0,0,0,1,253.2,296.299988,427258,662641.9500000002,5.64999785714282
2010-08-10,254,256.60001,250.2,251.95,588311,0,0,0,1,251.95,296.299988,588311,648355.7500000002,5.828570714285677
2010-08-11,251,252.60001,245.45,246.60001,263309,0,0,0,1,246.60001,296.299988,263309,630500.7000000003,6.04285785714282
2010-08-12,244.8,252,240,248.55,650260,0,0,1,1,248.55,296.299988,650260,640925.4500000003,6.414285714285678
2010-08-13,250.10001,254.7,248.05,253.10001,872951,0,0,1,1,253.10001,296.299988,872951,659624.2500000003,6.353571428571391
2010-08-16,254.85001,255.75,248.60001,251.25,423935,0,0,0,1,251.25,296.299988,423935,656082.8500000003,6.457142142857107
2010-08-17,253.7,253.7,245.60001,248.14999,162585,0,0,0,1,248.14999,296.299988,162585,587970.2500000003,6.4357135714285345
2010-08-18,249.14999,251.5,248.2,250.14999,281570,0,0,0,1,250.14999,296.299988,281570,577957.0500000004,5.835714999999965
2010-08-19,251.3,253.55,246.55,248.8,609664,0,0,1,1,248.8,296.299988,609664,583391.5500000004,5.932144285714251
2010-08-20,248.45,249.95,247.5,248.55,138202,0,0,0,1,248.55,296.299988,138202,564872.5000000003,5.832144999999964
2010-08-23,250.10001,250.10001,247.05,247.45,113077,0,0,0,1,247.45,296.299988,113077,553185.4500000004,5.764288571428535
2010-08-24,247.10001,249.14999,244.75,246.25,271826,0,0,0,1,246.25,296.299988,271826,553477.9000000004,5.807144285714251
2010-08-25,241.25,246,237.85001,239.7,424747,0,0,0,1,239.7,296.299988,424747,476867.25000000035,6.139286428571394
2010-08-26,241.45,243,234.3,238.14999,1483769,0,0,1,1,238.14999,296.299988,1483769,471394.7000000005,6.414285714285678
2010-08-27,239,241.5,234.3,235.60001,592226,0,0,1,1,235.60001,296.299988,592226,476018.30000000045,6.571428571428535
2010-08-30,238,240.45,236.2,237.14999,523148,0,0,1,1,237.14999,296.299988,523148,472968.50000000047,6.460712857142819
2010-08-31,236,236.39999,231.60001,233.10001,403636,0,0,0,1,233.10001,296.299988,403636,462804.80000000057,6.346424999999962
2010-09-01,233.64999,239.95,233.64999,239.10001,268884,0,0,0,1,239.10001,296.299988,268884,459488.35000000056,5.978567142857104
2010-09-02,241,248.45,239,246.39999,1018468,0,0,1,1,246.39999,296.299988,1018468,495362.60000000056,6.178567142857105
2010-09-03,248.85001,248.85001,242.55,244.8,178636,0,0,0,1,244.8,296.299988,178636,484823.10000000056,6.117854285714246
2010-09-06,246.85001,251.89999,246,251.05,683469,0,0,1,1,251.05,296.299988,683469,497633.65000000055,6.046425714285675
2010-09-07,252,256,249.39999,253.60001,1099015,0,0,1,1,253.60001,296.299988,1099015,523168.85000000044,6.278568571428532
2010-09-08,251.05,258.39999,251.05,257.10001,864085,0,0,1,1,257.10001,296.299988,864085,553207.6500000005,6.303567857142817
2010-09-09,257.95001,258.45001,255,256.79999,724851,0,0,1,1,256.79999,296.299988,724851,556937.2000000004,6.374997142857105
2010-09-13,256.79999,265,256.10001,263.10001,1243064,0,0,1,1,263.10001,296.299988,1243064,575442.8500000006,6.792852857142821
2010-09-14,261.10001,263.5,254.60001,256.45001,635864,0,0,1,1,256.45001,296.299988,635864,586039.3000000005,7.114281428571393
2010-09-15,256.89999,259.89999,256.10001,257.79999,390102,0,0,0,1,257.79999,296.299988,390102,597415.1500000006,6.785709285714249
2010-09-16,257.85001,258.29999,251.35001,252.89999,823980,0,0,1,1,252.89999,296.299988,823980,624535.6500000006,6.66070785714282
2010-09-17,253.89999,260,253.10001,257.70001,1169740,0,0,1,1,257.70001,296.299988,1169740,652539.4500000005,6.653565714285678
2010-09-20,256.14999,259.39999,256.14999,258,433906,0,0,0,1,258,296.299988,433906,667324.6500000006,6.539280714285679
2010-09-21,256,256.29999,252.25,254.55,746311,0,0,1,1,254.55,296.299988,746311,698986.3500000006,6.553567857142822
2010-09-22,253.05,259,252.05,257.79999,810013,0,0,1,1,257.79999,296.299988,810013,725895.7000000005,6.560711428571393
2010-09-23,258,260,255.3,256.85001,679108,0,0,0,1,256.85001,296.299988,679108,738613.7500000005,6.221425714285679
2010-09-24,257.39999,260.89999,255.45,259.70001,821089,0,0,1,1,259.70001,296.299988,821089,705479.7500000005,6.160709999999966
2010-09-27,261,266.85001,260.25,265.54999,1433118,0,0,1,1,265.54999,296.299988,1433118,747524.3500000004,6.164282142857108
2010-09-28,268.5,270,264.10001,268.89999,1058495,0,0,1,1,268.89999,296.299988,1058495,774291.7000000004,6.114280714285679
2010-09-29,271,271.39999,263.29999,267.54999,752604,0,0,0,1,267.54999,296.299988,752604,791740.1000000006,6.167852857142825
2010-09-30,268.89999,270,263,269.29999,1353290,0,0,1,1,269.29999,296.299988,1353290,845960.4000000006,6.421423571428538
2010-10-01,269.10001,272.5,268.5,272,942595,0,0,1,1,272,296.299988,942595,842166.7500000006,6.071424285714252
2010-10-04,274,274.89999,267.5,271.79999,563897,0,0,0,1,271.79999,296.299988,563897,861429.8000000005,5.964281428571395
2010-10-05,271.79999,273.60001,270.70001,272.10001,692587,0,0,0,1,272.10001,296.299988,692587,861885.7000000005,5.899997142857107
2010-10-06,272.60001,274.39999,271.20001,272.79999,896952,0,0,1,1,272.79999,296.299988,896952,851782.5500000005,5.632139999999964
2010-10-07,273.79999,273.79999,266.5,267.5,583818,0,0,0,1,267.5,296.299988,583818,837769.2000000005,5.646424285714248
2010-10-08,269,269,263.25,266.20001,503340,0,0,0,1,266.20001,296.299988,503340,826693.6500000006,5.824995714285677
2010-10-11,268.70001,272,263.70001,270,388470,0,0,0,1,270,296.299988,388470,783963.9500000005,6.007137857142818
2010-10-12,271.10001,271.5,263.79999,265.64999,372144,0,0,0,1,265.64999,296.299988,372144,770777.9500000005,6.060709999999964
2010-10-13,264,269.35001,257.70001,262.70001,1051081,0,0,1,1,262.70001,296.299988,1051081,803826.9000000006,6.557138571428534
2010-10-14,263,263.79999,259.54999,261.35001,204017,0,0,0,1,261.35001,296.299988,204017,772828.7500000006,6.471424999999962
2010-10-15,263.39999,263.39999,254.7,258.39999,412133,0,0,0,1,258.39999,296.299988,412133,734948.4000000006,6.582138571428536
2010-10-18,256.79999,259.25,253.10001,257.85001,126412,0,0,0,1,257.85001,296.299988,126412,719573.7000000008,6.599995714285678
2010-10-19,270,270,252.05,254.64999,222466,0,0,0,1,254.64999,296.299988,222466,693381.4500000008,7.303567142857105
2010-10-20,254.14999,255.8,248,250,394109,0,0,0,1,250,296.299988,394109,672586.2500000007,7.360709999999963
2010-10-21,249.35001,253.7,249,250.8,303367,0,0,0,1,250.8,296.299988,303367,653799.2000000008,7.410709999999962
2010-10-22,251.89999,252.45,248.14999,248.89999,152036,0,0,0,1,248.89999,296.299988,152036,620346.5500000007,7.1892828571428185
2010-10-25,250.8,251.75,247.05,247.8,363582,0,0,0,1,247.8,296.299988,363582,566869.7500000007,7.3178542857142475
2010-10-26,249,255.5,247.2,251.2,541046,0,0,1,1,251.2,296.299988,541046,540997.3000000007,7.682141428571392
2010-10-27,250.95,252,247.75,249.14999,176630,0,0,0,1,249.14999,296.299988,176630,512198.60000000085,7.464284999999966
2010-10-28,249.89999,251.8,246.10001,248.35001,430005,0,0,0,1,248.35001,296.299988,430005,466034.3500000009,7.460712857142823
2010-10-29,248.35001,254.95,242.8,248.75,720150,0,0,1,1,248.75,296.299988,720150,454912.1000000009,7.735713571428538
2010-11-01,249.5,259.25,249.45,258.79999,606770,0,0,1,1,258.79999,296.299988,606770,457055.75000000093,7.935712857142822
2010-11-02,261.04999,262.5,258.10001,262.04999,547521,0,0,1,1,262.04999,296.299988,547521,449802.45000000094,7.417854999999967
2010-11-03,263,264,258.20001,260,582968,0,0,1,1,260,296.299988,582968,434103.25000000093,7.528568571428536
2010-11-04,261.5,263.10001,259.14999,262.25,211713,0,0,0,1,262.25,296.299988,211713,415498.000000001,7.1892849999999635
2010-11-05,264.39999,265,259.60001,261.95001,215137,0,0,0,1,261.95001,296.299988,215137,401087.85000000097,7.135713571428535
2010-11-08,262,267,256.64999,265.79999,318096,0,0,0,1,265.79999,296.299988,318096,397569.15000000095,6.592857142857107
2010-11-09,263.75,269.89999,263.45001,269,289014,0,0,0,1,269,296.299988,289014,393412.6500000009,6.496427142857105
2010-11-10,269,271.35001,266,268.35001,341277,0,0,0,1,268.35001,296.299988,341277,357922.4500000008,6.542856428571391
2010-11-11,268.35001,274,255.55,265.04999,691718,0,0,1,1,265.04999,296.299988,691718,382307.5000000008,7.553569999999963
2010-11-12,266,266.89999,252.95,258.60001,700915,0,0,1,1,258.60001,296.299988,700915,396746.6000000008,8.214283571428536
2010-11-15,256.35001,262.04999,254.10001,259.70001,195768,0,0,0,1,259.70001,296.299988,195768,400214.40000000084,8.189282142857106
2010-11-16,259,261,251.2,255.10001,293746,0,0,0,0,255.10001,296.299988,293746,403778.40000000084,8.585710714285678
2010-11-18,253.89999,257.39999,247.64999,254.3,240235,0,0,0,0,254.3,296.299988,240235,396084.70000000077,8.874997142857106
2010-11-19,255,255,235.95,238.55,309787,0,0,0,0,238.55,296.299988,309787,396405.70000000077,9.36785428571425
2010-11-22,245,247,230,240.7,643714,0,0,1,0,240.7,296.299988,643714,420989.60000000073,9.832139999999965
2010-11-23,238.5,239.8,227.85001,237.55,281255,0,0,0,0,237.55,296.299988,281255,416873.25000000064,10.435711428571393
2010-11-24,237,239.89999,232.85001,235.14999,204160,0,0,0,0,235.14999,295.75,204160,400028.9500000006,10.524996428571395
2010-11-25,237.3,237.8,220,228.5,2035175,0,0,1,0,228.5,295.75,2035175,492956.20000000054,11.51428071428568
2010-11-26,229.14999,229.14999,194,208.2,1419052,0,0,1,0,208.2,295.75,1419052,542408.5500000006,13.63928071428568
2010-11-29,208.2,210.95,193.10001,202.55,1071276,0,0,1,0,202.55,295.75,1071276,559964.8500000007,14.174993571428539
2010-11-30,202,211.45,198.60001,209.89999,550101,0,0,0,0,209.89999,295.75,550101,557131.4000000006,14.63213714285711
2010-12-01,209,222.8,209,220.8,494428,0,0,0,0,220.8,295.75,494428,554476.7500000006,15.235707857142826
2010-12-02,221.3,229.95,216.3,219.39999,397504,0,0,0,0,219.39999,295.75,397504,545203.5500000005,14.892850714285682
2010-12-03,190.5,194.89999,153.55,160.2,24745470,0,0,1,0,160.2,295.75,24745470,1771891.4000000008,18.599993571428538
2010-12-06,174.89999,178.25,161,170.25,12262640,0,0,1,0,170.25,295.75,12262640,2374266.5500000007,19.32142357142854
2010-12-07,175,177.89999,170,171.55,3900890,0,0,1,0,171.55,295.75,3900890,2553406.250000001,19.18570857142854
2010-12-08,170,172.89999,160.8,163.5,2831414,0,0,1,0,163.5,295.75,2831414,2680526.250000001,19.353564999999968
2010-12-09,165,167.55,152.10001,153.05,2727291,0,0,0,0,153.05,295.75,2727291,2799826.9500000007,19.096421428571396
2010-12-10,152.10001,162.25,145.3,155.8,3799090,0,0,1,0,155.8,295.75,3799090,2955195.5500000007,19.092849999999967
2010-12-13,156.60001,166.3,156,164.89999,1974529,0,0,0,0,164.89999,295.75,1974529,3018876.250000001,18.924993571428537
2010-12-14,166.7,173.25,165.8,171,2230712,0,0,0,0,171,295.75,2230712,3120623.4500000007,19.017852857142824
2010-12-15,171,174.89999,167.2,168.75,1632045,0,0,0,0,168.75,295.75,1632045,3187538.400000001,18.296423571428537
2010-12-16,169.89999,172,164.5,170.7,1046383,0,0,0,0,170.7,295.75,1046383,3227845.8000000007,16.32142428571425
2010-12-20,169.39999,170,165.25,166.10001,721824,0,0,0,0,166.10001,295.75,721824,3248447.650000001,15.43571071428568
2010-12-21,167,169.39999,167,168.2,732034,0,0,0,0,168.2,295.75,732034,3252863.650000001,14.75356714285711
2010-12-22,169.5,174.35001,168.60001,171.2,2070663,0,0,0,0,171.2,295.75,2070663,3342334.0500000007,14.207139285714252
2010-12-23,175.14999,175.14999,168.14999,169.8,745687,0,0,0,0,169.8,295.75,745687,3369410.400000001,13.732139285714254
2010-12-24,168.85001,174.35001,168,171.35001,1366800,0,0,0,0,171.35001,295.75,1366800,3335991.650000001,9.482140714285682
2010-12-27,171.5,172.85001,165.25,166.7,317406,0,0,0,0,166.7,295.75,317406,3280909.3500000006,8.735712857142826
2010-12-28,167.10001,169,165.5,166.25,254224,0,0,0,0,166.25,295.75,254224,3240056.750000001,8.421427857142826
2010-12-29,167,167.89999,163.75,164.39999,405500,0,0,0,0,164.39999,295.75,405500,3232826.7,7.8535707142856825
2010-12-30,165.8,166.7,162.75,163.60001,1318546,0,0,0,0,163.60001,295.75,1318546,3274032.6000000006,7.032142857142824
2010-12-31,165.45,173.39999,165,169.55,1832679,0,0,0,1,169.55,295.75,1832679,3345791.3500000006,6.521427142857111
2011-01-03,171.45,174.5,171.2,172.95,877021,0,0,0,1,172.95,295.75,877021,2152368.900000001,6.124998571428539
2011-01-04,173,178.25,169.7,176.8,1774057,0,0,1,1,176.8,295.75,1774057,1627939.7500000007,6.13928357142854
2011-01-05,177.05,180.5,175.60001,176.75,1681013,0,0,1,0,176.75,295.75,1681013,1516945.9000000008,5.939283571428539
2011-01-06,177.2,179.5,172.2,174.25,355033,0,0,0,0,174.25,295.75,355033,1393126.850000001,5.9249978571428255
2011-01-07,175.2,175.2,166.3,167.2,417847,0,0,0,0,167.2,295.75,417847,1277654.6500000013,6.171426428571396
2011-01-10,168.8,172.35001,164.10001,165.25,586032,0,0,0,0,165.25,295.75,586032,1117001.7500000014,6.5249992857142525
2011-01-11,167.2,168.45,159.39999,161.39999,629476,0,0,0,0,161.39999,295.75,629476,1049749.1000000017,6.732142142857108
2011-01-12,162,164.5,156.25,163.39999,758690,0,0,0,0,163.39999,295.75,758690,976148.0000000019,6.821427857142822
2011-01-13,164.25,165,159.10001,159.60001,855337,0,0,0,0,159.60001,295.75,855337,937312.6000000021,6.789283571428537
2011-01-14,160,160.75,153.64999,154.7,763244,0,0,0,0,154.7,295.75,763244,923155.6500000022,6.753569285714251
2011-01-17,151.05,157.25,148.10001,148.55,984407,0,0,1,0,148.55,295.75,984407,936284.8000000024,7.157139999999965
2011-01-18,148.5,150.45,143.64999,147.85001,951529,0,0,1,0,147.85001,295.75,951529,947259.5500000026,7.346427142857108
2011-01-19,149.3,153.3,148.55,150.10001,1004621,0,0,1,0,150.10001,295.75,1004621,893957.4500000027,7.453569285714252
2011-01-20,146.7,152.8,146,151.7,866376,0,0,0,0,151.7,295.75,866376,899991.9000000029,7.239284999999967
2011-01-21,152,163.2,151.35001,161.39999,1925705,0,0,1,0,161.39999,295.75,1925705,927937.1500000032,7.732141428571396
2011-01-24,163.55,165.55,159.5,161.95,981525,0,0,1,0,161.95,295.75,981525,961143.1000000034,7.553569999999967
2011-01-25,160,163,156.2,157.25,772568,0,0,0,0,157.25,295.75,772568,987060.3000000035,7.689284999999968
2011-01-27,159.89999,159.89999,148,149.5,1938104,0,0,1,0,149.5,295.75,1938104,1063690.5000000033,8.017855714285682
2011-01-28,149.89999,150.95,145.5,149.60001,1300264,0,0,1,0,149.60001,295.75,1300264,1062776.4000000034,7.771427142857111
2011-01-31,146.35001,152.60001,145.85001,151.5,922681,0,0,0,0,151.5,295.75,922681,1017276.5000000031,7.6642842857142535
2011-02-01,152.39999,153.7,148,148.39999,447359,0,0,0,0,148.39999,295.75,447359,995793.4000000034,7.4249978571428255
2011-02-02,151.45,151.8,149.2,150.05,532631,0,0,0,0,150.05,295.75,532631,933722.1000000034,7.078569999999969
2011-02-03,151.7,153.45,149.25,151.89999,476264,0,0,0,0,151.89999,295.75,476264,873484.6500000034,6.95714214285711
2011-02-04,152.05,162.14999,152.05,159.2,1892518,0,0,1,0,159.2,295.75,1892518,950358.9000000034,7.182141428571397
2011-02-07,159,170.35001,157.60001,167.05,2177607,0,0,1,0,167.05,295.75,2177607,1038346.9000000034,7.439284999999968
2011-02-08,168.3,170.35001,163,168.25,1680003,0,0,1,0,168.25,295.75,1680003,1093045.4500000034,7.4785707142856825
2011-02-09,168.64999,173.89999,162.2,167.35001,3067785,0,0,1,0,167.35001,295.75,3067785,1214960.9000000034,7.924999285714255
2011-02-10,168.7,173.5,166.39999,172.25,1675387,0,0,1,0,172.25,295.75,1675387,1260795.7500000033,7.946428571428539
2011-02-11,174,174,167.60001,172.85001,656939,0,0,0,0,172.85001,295.75,656939,1250875.8500000034,7.557142857142826
2011-02-14,173.8,185.64999,173.10001,184.64999,1278657,0,0,1,0,184.64999,295.75,1278657,1276646.5000000033,8.039284285714254
2011-02-15,184.5,185.25,178.5,182.2,765019,0,0,0,0,182.2,295.75,765019,1265677.1000000034,8.035712857142824
2011-02-16,180.14999,186.5,180.10001,183.89999,505891,0,0,0,0,183.89999,295.75,505891,1243395.2000000034,7.642855714285681
2011-02-17,184,187.95,184,186.8,314023,0,0,0,0,186.8,295.75,314023,1208865.3000000033,7.542856428571396
2011-02-18,187.85001,188,180.7,183.55,644218,0,0,0,0,183.55,295.75,644218,1197757.4000000034,7.58214214285711
2011-02-21,183.45,194.39999,179.05,191.39999,884467,0,0,0,0,191.39999,295.75,884467,1145695.5000000033,8.27142714285711
2011-02-22,191,196.75,188.60001,191.3,787547,0,0,0,0,191.3,295.75,787547,1135996.6000000034,8.610711428571395
2011-02-23,191,196.39999,190.25,191.85001,613860,0,0,0,0,191.85001,295.75,613860,1128061.2000000034,8.749996428571396
2011-02-24,194.64999,194.89999,179.2,181.2,1090451,0,0,1,0,181.2,295.75,1090451,1085678.5500000033,9.139281428571397
2011-02-25,184.2,189.10001,182.25,187.64999,381400,0,0,0,0,187.64999,295.75,381400,1039735.3500000034,8.792853571428541
2011-02-28,189,194.8,187.25,190.85001,383527,0,0,0,0,190.85001,295.75,383527,1012777.6500000034,8.807138571428542
2011-03-01,194.7,194.7,188,192.45,310540,0,0,0,0,192.45,295.75,310540,1005936.7000000033,8.449996428571398
2011-03-03,190.2,192.2,178.55,180.95,985936,0,0,0,0,180.95,295.75,985936,1028601.9500000036,8.935709999999968
2011-03-04,182.05,183.89999,176.55,180.39999,530063,0,0,0,0,180.39999,295.75,530063,1031291.9000000035,9.00356714285711
2011-03-07,178.10001,180.45,174.25,178.35001,336014,0,0,0,0,178.35001,295.75,336014,953466.7000000036,8.532139999999966
2011-03-08,177.3,183.8,177.3,182.8,273463,0,0,0,0,182.8,295.75,273463,858259.5000000037,8.514282857142822
2011-03-09,184.25,191.89999,182.55,189.89999,651135,0,0,0,0,189.89999,295.75,651135,806816.1000000037,8.724997142857108
2011-03-10,188,190.39999,185.3,187.39999,229244,0,0,0,0,187.39999,295.75,229244,664889.0500000038,8.79999571428568
2011-03-11,183.85001,189.75,182.64999,187.2,284325,0,0,0,0,187.2,295.75,284325,595335.9500000037,8.78571071428568
2011-03-14,188.5,199,186.39999,198.3,1100610,0,0,1,0,198.3,295.75,1100610,617519.5000000038,8.589283571428536
2011-03-15,194.5,198.39999,188.5,195.25,873065,0,0,1,0,195.25,295.75,873065,597239.9000000039,8.714283571428536
2011-03-16,198.5,207.45,197.3,205.89999,1180670,0,0,1,0,205.89999,295.75,1180670,618022.4500000039,9.146427142857107
2011-03-17,203,205.89999,199,200.35001,651604,0,0,1,0,200.35001,295.75,651604,625308.1000000039,8.517855714285677
2011-03-18,200.39999,206.45,198.3,201.14999,691561,0,0,1,0,201.14999,295.75,691561,644185.000000004,8.535712142857104
2011-03-21,202.60001,202.60001,191.5,196.2,409231,0,0,0,0,196.2,295.75,409231,632435.6500000041,8.789284285714245
2011-03-22,196.64999,198,192,193.64999,281549,0,0,0,0,193.64999,295.75,281549,602289.7500000041,8.739284285714247
2011-03-23,194,197.2,192.10001,193.95,259449,0,0,0,0,193.95,295.75,259449,575884.850000004,8.110712142857105
2011-03-24,193,201.8,192,200.55,676575,0,0,1,1,200.55,295.75,676575,579020.6000000042,8.285712857142821
2011-03-25,202.60001,206.89999,197.10001,204.75,355476,0,0,0,1,204.75,295.75,355476,542271.8500000043,8.54285428571425
2011-03-28,206.05,206.5,200.39999,201.75,528259,0,0,0,1,201.75,295.75,528259,549614.8000000042,8.514283571428535
2011-03-29,202.05,203.39999,195.39999,196.7,241936,0,0,0,1,196.7,295.75,241936,542535.2500000043,8.417855714285679
2011-03-30,199.7,201.89999,195.39999,198.14999,264358,0,0,0,1,198.14999,295.75,264358,540226.1500000041,8.517856428571394
2011-03-31,203.10001,209.5,202,207.45,1861001,0,0,1,1,207.45,295.75,1861001,583979.4000000042,8.821427857142822
2011-04-01,208.05,209.45,200.25,201.64999,619883,0,0,1,1,201.64999,295.75,619883,588470.4000000042,8.578569999999965
2011-04-04,202,207.60001,201.7,206.05,511267,0,0,0,1,206.05,295.75,511267,597233.0500000041,8.29642928571425
2011-04-05,206.10001,209.89999,201.45,207.45,795748,0,0,1,1,207.45,292.899994,795748,623347.3000000042,8.028571428571395
2011-04-06,209.85001,212.39999,206.2,207.05,681145,0,0,1,1,207.05,286.350006,681145,624847.8000000042,7.978571428571395
2011-04-07,208.95,208.95,205.89999,206.55,193334,0,0,0,1,206.55,286.350006,193334,623052.3000000042,7.614286428571396
2011-04-08,209,212,203.14999,209.95,974315,0,0,1,1,209.95,286.350006,974315,657551.8000000042,7.4535721428571104
2011-04-11,210,215.89999,210,214.5,1492564,0,0,1,1,214.5,286.350006,1492564,677149.5000000043,7.449999999999968
2011-04-13,213,216.64999,212.05,212.75,512462,0,0,0,1,212.75,281,512462,659119.3500000043,7.414285714285683
2011-04-15,212.05,215.7,210.35001,212.95,261017,0,0,0,1,212.95,281,261017,613136.7000000043,7.096427857142824
2011-04-18,212.5,214.39999,203.25,203.85001,474308,0,0,0,1,203.85001,281,474308,604271.9000000043,7.192857142857109
2011-04-19,201.64999,209.39999,200,208.14999,398559,0,0,0,1,208.14999,281,398559,589621.8000000042,7.428569999999967
2011-04-20,208.10001,210.85001,203,203.64999,736598,0,0,1,1,203.64999,281,736598,605990.1500000043,7.417856428571396
2011-04-21,204.45,207.35001,203.25,204.5,280159,0,0,0,1,204.5,281,280159,605920.6500000043,7.246428571428538
2011-04-25,203,206.7,201.3,201.75,289246,0,0,0,1,201.75,281,289246,607410.5000000043,6.821427857142822
2011-04-26,201,203,197.55,201.14999,511446,0,0,0,1,201.14999,281,511446,599154.0500000042,6.553570714285679
2011-04-27,200.39999,203.75,196,197.3,544430,0,0,0,1,197.3,281,544430,608601.7500000043,6.68214071428568
2011-04-28,197.3,199.45,194.2,197.39999,570972,0,0,0,1,197.39999,281,570972,610737.4000000043,6.4535699999999645
2011-04-29,198.55,201.89999,190.05,191.55,231171,0,0,0,1,191.55,281,231171,610199.1500000043,6.857141428571391
2011-05-02,192,194.3,185.35001,187.35001,223777,0,0,0,1,187.35001,281,223777,608170.1000000043,7.278568571428536
2011-05-03,185,188.89999,183.39999,184.75,166185,0,0,0,0,184.75,281,166185,523429.3000000043,7.039282142857108
2011-05-04,182.5,193.35001,182.5,191.2,379484,0,0,0,0,191.2,274.89999,379484,511409.3500000043,7.389283571428535
2011-05-05,192,195.35001,182.8,184.85001,216226,0,0,0,0,184.85001,274.89999,216226,496657.3000000042,7.957142142857107
2011-05-06,185.2,189.3,184,187.3,486909,0,0,1,0,187.3,274.89999,486909,481215.3500000043,7.953571428571394
2011-05-09,190.60001,192.85001,185.2,189.14999,544944,0,0,1,0,189.14999,274.89999,544944,474405.3000000043,7.703572857142823
2011-05-10,192,192.25,184.35001,187.3,378998,0,0,0,0,187.3,274.89999,378998,483688.5000000043,7.596429999999965
2011-05-11,187,188.85001,186.14999,187.10001,200606,0,0,0,0,187.10001,274.89999,200606,445003.0500000043,7.228573571428536
2011-05-12,186.45,187,178.85001,181.05,406212,0,0,1,0,181.05,274.89999,406212,390685.4500000043,7.525001428571394
2011-05-13,181.75,183.45,179.14999,180.60001,317124,0,0,0,0,180.60001,274.89999,317124,380918.55000000435,7.446430714285681
2011-05-16,180.2,180.2,174,177.45,284771,0,0,0,0,177.45,274.89999,284771,382106.2500000043,7.528574285714252
2011-05-17,177.89999,180,174.10001,175.8,323118,0,0,0,0,175.8,274.89999,323118,374546.75000000437,7.396430714285681
2011-05-18,176.10001,177.10001,159.2,174.25,352846,0,0,0,0,174.25,274.89999,352846,372261.1000000044,8.300002857142825
2011-05-19,177.8,178,173.05,176.10001,316734,0,0,0,0,176.10001,274.89999,316734,351267.90000000445,7.807146428571396
2011-05-20,174.39999,177.64999,173.14999,174.7,175053,0,0,0,0,174.7,274.89999,175053,346012.6000000044,7.489289999999967
2011-05-23,172.25,175.85001,172.25,175.2,232789,0,0,0,0,175.2,274.89999,232789,343189.7500000045,7.353576428571395
2011-05-24,175,175.95,172.25,174.5,214389,0,0,0,0,174.5,274.89999,214389,328336.9000000045,6.8428614285713945
2011-05-25,178.10001,178.10001,171.10001,173.45,259375,0,0,0,0,173.45,274.89999,259375,314084.15000000456,6.44643214285711
2011-05-26,173.45,175,171,171.85001,769111,0,0,1,0,171.85001,274.89999,769111,323991.10000000463,6.3535749999999656
2011-05-27,172.8,174.5,170.25,173.64999,246974,0,0,0,0,173.64999,274.89999,246974,324781.2500000046,6.110717142857108
2011-05-30,179,179,172.64999,176.8,126251,0,0,0,0,176.8,274.89999,126251,319904.95000000467,6.00000428571425
2011-05-31,176.5,179.89999,175.10001,176.35001,392342,0,0,1,0,176.35001,274.89999,392342,331212.8000000047,6.150001428571394
2011-06-01,177.05,182.55,176.5,177.85001,388541,0,0,1,0,177.85001,274.89999,388541,331665.65000000474,6.003572142857109
2011-06-02,174.45,178.89999,174.45,176.85001,216727,0,0,0,0,176.85001,274.89999,216727,331690.7000000047,6.014284999999968
2011-06-03,178,178.64999,170.89999,172,396834,0,0,1,0,172,274.89999,396834,327186.9500000048,6.096427142857111
2011-06-06,168.3,172.89999,166.75,169.35001,381978,0,0,1,0,169.35001,274.89999,381978,319038.65000000485,6.1142842857142545
2011-06-07,167.14999,174.89999,167.14999,173.5,587908,0,0,1,0,173.5,274.89999,587908,329484.1500000049,5.38928357142854
2011-06-08,173,175.25,171.8,173.39999,293516,0,0,0,0,173.39999,274.89999,293516,334129.6500000049,5.282140714285682
2011-06-09,173.5,175.2,171.5,173.85001,240016,0,0,0,0,173.85001,274.89999,240016,325819.85000000487,5.224997857142824
2011-06-10,174,175,171.7,174.25,255120,0,0,0,0,174.25,274.89999,255120,322719.6500000049,5.20356857142854
2011-06-13,173,175,169.5,173.75,284764,0,0,0,0,173.75,274.89999,284764,322719.3000000049,5.332139999999969
2011-06-14,174.89999,176.89999,171.10001,172.2,243920,0,0,0,0,172.2,274.89999,243920,318759.4000000049,5.246424285714255
2011-06-15,171.39999,173.5,168.3,169.64999,202086,0,0,0,0,169.64999,274.89999,202086,311221.4000000049,5.33213857142854
2011-06-16,168.39999,170.60001,165.8,166.7,281522,0,0,0,0,166.7,274.89999,281522,309460.8000000049,5.3714249999999675
2011-06-17,166.7,168.45,164.2,166.2,305923,0,0,0,0,166.2,274.89999,305923,316004.3000000049,5.221424285714254
2011-06-20,166.5,166.55,155.25,156.55,404395,0,0,1,0,156.55,274.89999,404395,324584.60000000487,5.6857114285713966
2011-06-21,160.05,167.2,151.5,158.75,617054,0,0,1,0,158.75,274.89999,617054,344717.85000000487,6.364283571428538
2011-06-22,161.64999,161.64999,154,157.5,574422,0,0,1,0,157.5,274.89999,574422,360470.2000000049,6.5928549999999655
2011-06-23,155.55,157.5,148.2,155.3,1239796,0,0,1,0,155.3,274.89999,1239796,384004.4500000049,6.703569285714252
2011-06-24,157,164,157,161.5,810946,0,0,1,0,161.5,274.89999,810946,412203.0500000049,6.885712857142822
2011-06-27,160.10001,163,158,161.2,295479,0,0,0,0,161.2,274.89999,295479,420664.45000000484,6.689284285714251
2011-06-28,162.89999,171.39999,162.25,169.05,1293873,0,0,1,0,169.05,274.89999,1293873,465741.00000000483,7.171426428571396
2011-06-29,176,178,170,174,4509165,0,0,1,1,174,274.89999,4509165,671772.2000000048,7.546426428571396
2011-06-30,175.89999,176.89999,171,172.89999,889287,0,0,1,1,172.89999,274.89999,889287,705400.2000000048,7.7321399999999665
2011-07-01,174,177.95,173.3,174.14999,370448,0,0,0,1,174.14999,274.89999,370448,704080.9000000048,7.699997857142823
2011-07-04,175.2,176.39999,174.14999,174.75,245397,0,0,0,1,174.75,274.89999,245397,697251.8500000049,7.446427857142822
2011-07-05,175,175,170.14999,171.89999,215925,0,0,0,1,171.89999,274.89999,215925,678652.7000000048,7.421428571428537
2011-07-06,170.14999,173.39999,170.14999,172.7,198608,0,0,0,1,172.7,274.89999,198608,673907.3000000048,7.310713571428538
2011-07-07,172.10001,175.8,171.64999,175,316857,0,0,0,1,175,274.89999,316857,677749.3500000049,7.303571428571396
2011-07-08,171.14999,176.8,171.14999,171.89999,202303,0,0,0,1,171.89999,274.89999,202303,675108.5000000049,6.900000714285682
2011-07-11,172,172.5,166.39999,167.14999,203152,0,0,0,1,167.14999,274.89999,203152,671027.9000000048,6.214287142857111
2011-07-12,166,166,162.35001,163.45,332453,0,0,0,1,163.45,274.89999,332453,675454.5500000048,6.010714999999968
2011-07-13,166.55,168.5,163.3,167.5,176279,0,0,0,1,167.5,274.89999,176279,674164.2000000048,5.717857857142824
2011-07-14,169,171.2,165.64999,168.45,202675,0,0,0,1,168.45,274.89999,202675,670221.8500000049,5.492858571428537
2011-07-15,168.39999,170.2,164.55,165.25,180747,0,0,0,1,165.25,274.89999,180747,663963.0500000048,5.539287142857107
2011-07-18,165.45,166.89999,163.55,164.39999,124338,0,0,0,1,164.39999,274.89999,124338,649960.2000000048,5.050001428571392
2011-07-19,166.5,166.5,163.05,164.64999,230440,0,0,0,1,164.64999,274.89999,230440,630629.5000000049,4.657144285714248
2011-07-20,167,167.39999,162.25,163.8,137862,0,0,0,1,163.8,274.89999,137862,608801.5000000049,4.6035728571428205
2011-07-21,163.14999,164.7,160.35001,161.64999,90284,0,0,0,1,161.64999,274.89999,90284,551325.9000000048,4.553571428571392
2011-07-22,163.75,167,162.10001,166.3,309839,0,0,0,1,166.3,274.89999,309839,526270.5500000048,4.775000714285677
2011-07-25,165.95,167.75,164.10001,165.89999,205490,0,0,0,1,165.89999,274.89999,205490,521771.10000000487,4.6892849999999635
2011-07-26,166.14999,166.60001,162.10001,163.14999,153718,0,0,0,1,163.14999,274.89999,153718,464763.35000000487,4.778570714285678
2011-07-27,162.95,164.45,160.5,163.2,190590,0,0,0,1,163.2,274.89999,190590,248834.60000000484,4.764284285714248
2011-07-28,162.3,162.3,151.3,152.95,1106918,0,0,1,0,152.95,274.89999,1106918,259716.1500000048,5.210712142857103
2011-07-29,152,154.35001,145.05,148.45,1482917,0,0,1,0,148.45,274.89999,1482917,315339.60000000475,5.439283571428531
2011-08-01,152,154.8,151.10001,153.45,245113,0,0,0,0,153.45,274.89999,245113,315325.4000000047,5.549999285714246
2011-08-02,151.45,155,147.3,149.45,293478,0,0,0,0,149.45,274.89999,293478,319203.05000000464,5.7285707142856745
2011-08-03,149,151.7,145.8,151.3,236758,0,0,0,0,151.3,274.89999,236758,321110.5500000046,5.75356999999996
2011-08-04,151.05,152.89999,147.14999,147.85001,174602,0,0,0,0,147.85001,274.89999,174602,313997.8000000046,5.760712857142819
2011-08-05,145,145.85001,140,143.39999,270047,0,0,0,0,143.39999,274.89999,270047,317385.00000000454,6.082142857142819
2011-08-08,137.45,144.45,137,142.05,347099,0,0,1,0,142.05,274.89999,347099,324582.35000000446,6.367857142857105
2011-08-09,136,140.45,121.4,134.5,297271,0,0,0,0,134.5,274.89999,297271,322823.2500000044,7.4750007142856765
2011-08-10,136.05,144.8,135.2,138.95,494310,0,0,1,0,138.95,274.89999,494310,338724.80000000435,7.900001428571392
2011-08-11,135.10001,146.89999,134,145.2,706960,0,0,1,0,145.2,274.89999,706960,363939.05000000435,8.439285714285678
2011-08-12,147.5,147.89999,141.2,144.60001,366286,0,0,0,0,144.60001,274.89999,366286,373216.0000000043,8.657142857142821
2011-08-16,146,146,135.25,138.8,404579,0,0,1,0,138.8,274.89999,404579,387228.05000000424,9.103571428571394
2011-08-17,135.7,140.14999,133,137.8,529221,0,0,1,0,137.8,274.89999,529221,402167.10000000417,9.332142142857109
2011-08-18,138.7,139.10001,132.5,134.05,241377,0,0,0,0,134.05,274.89999,241377,407342.85000000417,8.953571428571395
2011-08-19,129.14999,133,126.5,129.35001,286623,0,0,0,0,129.35001,274.89999,286623,417159.8000000041,8.828570714285684
2011-08-22,130,133.2,128.7,131,274140,0,0,0,0,131,274.89999,274140,415374.85000000405,8.696427857142824
2011-08-23,134,136.5,131.35001,132.64999,125463,0,0,0,0,132.64999,274.89999,125463,411373.500000004,8.539284999999968
2011-08-24,133,135,131.14999,132.10001,117701,0,0,0,0,132.10001,274.89999,117701,409572.650000004,8.392857142857112
2011-08-25,132,133.89999,122,123.85,451523,0,0,1,0,123.85,274.89999,451523,422619.3000000039,8.832142142857112
2011-08-26,124,126.05,118.4,119.7,258572,0,0,0,0,119.7,274.89999,258572,380202.00000000396,8.817855714285683
2011-08-29,120.75,123.9,119.9,122.05,207890,0,0,0,0,122.05,274.89999,207890,316450.650000004,8.585712857142827
2011-08-30,123.1,124.6,120.45,122.85,336513,0,0,1,0,122.85,274.89999,336513,321020.650000004,7.407141428571398
2011-09-02,123,126,122.1,122.95,387083,0,0,1,0,122.95,274.89999,387083,325700.900000004,6.94999857142854
2011-09-05,118.5,122.9,118.5,122,164136,0,0,0,0,122,274.89999,164136,322069.80000000395,6.346427857142826
2011-09-06,121.5,128.5,121,127.85,218559,0,0,0,0,127.85,274.89999,218559,324267.650000004,6.4035714285713965
2011-09-07,128.25,132.8,128.14999,130.10001,338607,0,0,1,0,130.10001,274.89999,338607,327695.650000004,5.989285714285684
2011-09-08,130.05,132.3,128.39999,130.25,424789,0,0,1,0,130.25,274.89999,424789,331580.150000004,5.757144285714255
2011-09-09,129,130.95,125.3,125.95,389068,0,0,1,0,125.95,274.89999,389068,336170.00000000396,5.689286428571398
2011-09-12,123,125,119.65,120.25,430465,0,0,1,0,120.25,274.89999,430465,332977.75000000396,5.600000714285683
2011-09-13,121.9,124.95,121.7,122.9,379103,0,0,1,0,122.9,274.89999,379103,316584.900000004,5.614286428571397
2011-09-14,123.5,124.6,120.5,122.65,301487,0,0,0,0,122.65,274.89999,301487,313344.95000000397,5.514286428571396
2011-09-15,123.5,125,118.7,120.55,633270,0,0,1,0,120.55,274.89999,633270,324779.50000000396,5.689285714285682
2011-09-16,123.75,123.75,119.75,121.05,1153226,0,0,1,0,121.05,274.89999,1153226,355979.75000000396,5.125000714285682
2011-09-19,121.35,124.7,120.95,123.8,734492,0,0,1,0,123.8,274.89999,734492,380635.50000000396,4.846429285714254
2011-09-20,123.7,127.6,123.3,124.9,740234,0,0,1,0,124.9,274.89999,740234,403316.05000000395,4.853572142857111
2011-09-21,124.5,126.95,124.2,126.05,677422,0,0,1,0,126.05,274.89999,677422,423480.1500000039,4.753572142857111
2011-09-22,122.05,123.9,118.1,119.65,962775,0,0,1,0,119.65,274.89999,962775,465345.7500000039,5.042857857142826
2011-09-23,118.8,119.8,114.85,115.35,504929,0,0,1,0,115.35,274.89999,504929,484707.1500000039,5.078572142857111
2011-09-26,117,117.5,110,112.55,473454,0,0,0,0,112.55,274.89999,473454,485803.7000000039,5.078572142857111
2011-09-27,115.75,116.2,113,115.05,364082,0,0,0,0,115.05,274.89999,364082,491079.2000000039,4.985714999999968
2011-09-28,115.35,116.5,110.25,111.25,326646,0,0,0,0,111.25,274.89999,326646,497017.0000000039,5.153571428571396
2011-09-29,110,117.65,107.25,115.1,1119085,0,0,1,0,115.1,274.89999,1119085,536145.6000000039,5.492857142857111
2011-09-30,115.55,116.65,110.55,111.85,389785,0,0,0,0,111.85,274.89999,389785,536280.7000000039,5.478571428571398
2011-10-03,110.4,110.4,106.5,107.45,388972,0,0,0,0,107.45,274.89999,388972,547522.500000004,5.524999999999968
2011-10-04,106.95,109,104,105.55,406982,0,0,0,0,105.55,274.89999,406982,556943.6500000039,5.589285714285682
2011-10-05,106.7,110,105.95,107.75,494907,0,0,0,0,107.75,274.89999,494907,564758.6500000039,5.457142857142826
2011-10-07,111.7,111.7,108.3,110,191555,0,0,0,0,110,274.39999,191555,553096.9500000039,5.453571428571398
2011-10-10,109.55,113.9,108.1,112.85,572396,0,0,1,0,112.85,274.39999,572396,562263.3500000039,5.59999999999997
2011-10-11,113.5,118.45,113.35,117.5,519003,0,0,0,0,117.5,274,519003,566690.250000004,5.692857142857114
2011-10-12,118.8,123.55,116.2,122.6,719008,0,0,1,1,122.6,274,719008,583685.500000004,6.021428571428542
2011-10-13,122.65,127.2,115.85,117.05,447029,0,0,0,0,117.05,274,447029,590962.6000000039,6.264285714285685
2011-10-14,117.25,118.75,115.7,117.8,228725,0,0,0,1,117.8,274,228725,570735.3500000039,6.128571428571399
2011-10-17,119,119.45,110,111.05,368883,0,0,0,1,111.05,274,368883,531518.2000000039,6.267857142857113
2011-10-18,111.1,114.95,108.5,114.6,304155,0,0,0,0,114.6,274,304155,510001.35000000393,6.467857142857113
2011-10-19,116,116.45,113.1,114.95,234995,0,0,0,1,114.95,274,234995,484739.4000000039,6.260714285714257
2011-10-20,114.7,114.7,110.4,111.05,173271,0,0,0,1,111.05,274,173271,459531.85000000393,5.842857142857113
2011-10-21,112.5,113.25,109.6,110.55,198951,0,0,0,0,110.55,274,198951,421340.6500000039,5.667857142857113
2011-10-24,112.8,113.35,100,102.6,440878,0,0,1,1,102.6,274,440878,418138.10000000393,6.239285714285685
2011-10-25,104.4,107.45,101.2,102.55,1139271,0,0,1,1,102.55,274,1139271,451428.9500000039,6.328571428571399
2011-10-26,103.25,105.2,103.25,104.45,146247,0,0,0,1,104.45,274,146247,440537.2000000038,6.19999999999997
2011-10-28,106.5,110.55,105.25,108.8,296668,0,0,0,1,108.8,274,296668,439038.3000000037,6.3535714285713984
2011-10-31,106.1,110.6,106.1,107.7,256691,0,0,0,1,107.7,274,256691,395918.6000000037,6.260714285714255
2011-11-01,107.35,109.75,105.1,106.55,291436,0,0,0,1,106.55,274,291436,391001.1500000037,6.192857142857112
2011-11-02,105.8,107.6,102.2,102.95,491296,0,0,1,1,102.95,274,491296,396117.35000000364,6.053571428571397
2011-11-03,102,106.1,99.099998,104.65,3764455,0,0,1,1,104.65,274,3764455,563991.0000000035,5.742857285714253
2011-11-04,106,109.5,104.35,105.05,1763976,0,0,1,1,105.05,274,1763976,627444.4500000036,5.892857285714254
2011-11-08,106.45,106.55,103.5,105.6,540659,0,0,0,1,105.6,274,540659,644899.6500000035,5.435714428571396
2011-11-09,106.6,107.3,99.75,100.2,1733381,0,0,1,1,100.2,274,1733381,702948.9000000034,5.514285857142824
2011-11-11,101,101,95.699997,96.300003,884022,0,0,1,1,96.300003,274,884022,721199.8500000034,5.653571785714253
2011-11-14,97,97.900002,89.849998,90.349998,702531,0,0,0,1,90.349998,274,702531,720376.0000000034,5.903572071428539
2011-11-15,90.349998,91.199997,85,85.300003,748404,0,0,1,0,85.300003,274,748404,735444.7500000034,6.085714714285681
2011-11-16,85.349998,87.449997,78.550003,85.900002,1069767,0,0,1,0,85.900002,274,1069767,777496.8500000032,5.7678571428571095
2011-11-17,86,86.75,81.050003,81.800003,780548,0,0,0,0,81.800003,274,780548,798080.1000000031,5.72857121428568
2011-11-18,81.75,81.900002,78.25,79.650002,771138,0,0,0,0,79.650002,274,771138,821429.2500000031,5.799999928571395
2011-11-21,78.5,78.5,75,76.400002,660959,0,0,0,0,76.400002,266.89999,660959,842727.4500000032,5.696428642857109
2011-11-22,76.400002,78.900002,75.449997,76.050003,557506,0,0,0,0,76.050003,262.04999,557506,861939.200000003,5.621428999999966
2011-11-23,73.099998,76,71.349998,72.050003,472505,0,0,0,0,72.050003,261,472505,875616.9000000029,5.625000785714252
2011-11-24,72,73.900002,68.5,72.349998,1504390,0,0,1,0,72.349998,257.39999,1504390,928792.500000003,5.625000928571396
2011-11-25,72.300003,74.849998,70.849998,71.650002,514334,0,0,0,0,71.650002,255,514334,897545.6500000029,5.410715071428539
2011-11-28,71,74.949997,70.599998,74.349998,381816,0,0,0,0,74.349998,247,381816,909324.100000003,5.35357214285711
2011-11-29,75.199997,75.900002,70.650002,71.150002,447756,0,0,0,0,71.150002,239.89999,447756,916878.500000003,5.510714999999967
2011-11-30,71.5,71.650002,68.099998,69.099998,554745,0,0,0,0,69.099998,239.89999,554745,931781.200000003,5.225000999999968
2011-12-01,73.849998,73.849998,68.5,69,787454,0,0,0,0,69,237.8,787454,956582.100000003,5.228572071428538
2011-12-02,69.599998,72.650002,65.5,72.25,955015,0,0,0,0,72.25,229.95,955015,979768.050000003,5.164286214285681
2011-12-05,72.25,73.449997,69.5,70.150002,536142,0,0,0,0,70.150002,229.95,536142,818352.4000000029,5.003571928571396
2011-12-07,69.099998,71.400002,68.900002,69.599998,641828,0,0,0,0,69.599998,229.95,641828,762245.000000003,4.5464294999999675
2011-12-08,69,69.550003,65,66.550003,768856,0,0,0,0,66.550003,229.95,768856,773654.8500000031,4.467858142857111
2011-12-09,66,68.300003,64.699997,67.050003,784619,0,0,1,0,67.050003,229.95,784619,726216.750000003,4.464286999999969
2011-12-12,69,71,68.099998,70,1172673,0,0,1,0,70,216.64999,1172673,740649.300000003,4.414286642857111
2011-12-13,68.099998,79.699997,68.099998,78.900002,5346404,0,0,1,0,78.900002,216.64999,5346404,972842.950000003,4.996429071428539
2011-12-14,79.300003,82.650002,78.099998,80.449997,3817028,0,0,1,0,80.449997,216.64999,3817028,1126274.150000003,4.985714714285682
2011-12-15,76.75,85.400002,76.75,84.5,2879979,0,0,1,0,84.5,216.64999,2879979,1216784.750000003,5.217857571428539
2011-12-16,83.5,85.599998,79.599998,80.949997,1587359,0,0,1,0,80.949997,216.64999,1587359,1257125.300000003,5.360714714285682
2011-12-19,79.599998,82.900002,78.449997,81.449997,1237056,0,0,0,0,81.449997,216.64999,1237056,1280421.200000003,5.367857999999968
2011-12-20,81.449997,82.800003,77,78.800003,1061572,0,0,0,0,78.800003,216.64999,1061572,1300451.850000003,5.407143928571396
2011-12-21,80.300003,82.949997,78.150002,82.099998,712217,0,0,0,0,82.099998,216.64999,712217,1308187.400000003,5.496428999999968
2011-12-22,81.800003,84.400002,80.199997,83.550003,886539,0,0,0,0,83.550003,216.64999,886539,1328889.100000003,5.414286642857111
2011-12-23,83,86.5,82.099998,82.699997,989889,0,0,0,0,82.699997,216.64999,989889,1303164.050000003,5.217858071428539
2011-12-26,82.800003,83.699997,77.25,81.900002,671464,0,0,0,0,81.900002,216.64999,671464,1311020.5500000028,5.396429499999968
2011-12-27,82.5,84.300003,81.650002,83.699997,393348,0,0,0,0,83.699997,216.64999,393348,1311597.1500000027,5.407143857142826
2011-12-28,83.050003,87.599998,83.050003,86.900002,2540259,0,0,1,0,86.900002,216.64999,2540259,1416222.3000000026,5.403572214285682
2011-12-29,87.900002,90,84.5,87.550003,8792919,0,0,1,0,87.550003,216.64999,8792919,1828131,5.539286071428539
2011-12-30,88.199997,88.75,82.650002,84.099998,1189019,0,0,0,0,84.099998,216.64999,1189019,1848209.25,5.692857571428539
2012-01-02,83.099998,88.099998,81.599998,86.599998,453434,0,0,0,0,86.599998,216.64999,453434,1823130.2,5.328571928571397
2012-01-03,88.400002,91.599998,87.5,90.449997,1681037,0,0,0,0,90.449997,216.64999,1681037,1880374.95,5.360714499999967
2012-01-04,87.949997,94,87.949997,91.349998,1398567,0,0,0,0,91.349998,216.64999,1398567,1918211.9,5.175000285714254
2012-01-05,90.900002,97.900002,90.900002,96.949997,1633119,0,0,0,0,96.949997,216.64999,1633119,1961425.05,5.246428857142825
2012-01-06,96,101.45,95.550003,100.65,2260443,0,0,1,0,100.65,216.64999,2260443,2035216.25,5.349999714285682
2012-01-09,102.5,103.05,99,100,598724,0,0,0,0,100,216.64999,598724,2006518.7999999996,5.224999499999967
2012-01-10,100.15,103,100,100.95,732537,0,0,0,0,100.95,216.64999,732537,1775825.4499999997,5.096428428571396
2012-01-11,101.45,104.35,99.5,102.55,1285012,0,0,0,0,102.55,216.64999,1285012,1649224.6499999997,5.14285664285711
2012-01-12,104,106.5,102.9,105.05,1438495,0,0,0,0,105.05,216.64999,1438495,1577150.4499999997,5.110713642857109
2012-01-13,105,112.5,105,110.75,1845731,0,0,1,1,110.75,216.64999,1845731,1590069.0499999993,5.185713857142824
2012-01-16,111,113.7,102.3,109.4,1613076,0,0,1,1,109.4,216.64999,1613076,1608870.0499999993,5.8107137857142535
2012-01-17,110.5,112.9,107.2,109.3,713295,0,0,0,1,109.3,216.64999,713295,1591456.1999999993,5.892856999999968
2012-01-18,110,114.5,108.05,111.45,984924,0,0,0,1,111.45,216.64999,984924,1605091.5499999993,5.960714142857111
2012-01-19,113,114.8,111.6,112.7,731660,0,0,0,1,112.7,216.64999,731660,1597347.5999999992,5.764285714285682
2012-01-20,112.5,121.15,112.45,120.3,1411007,0,0,0,1,120.3,216.64999,1411007,1618403.4999999993,5.92142857142854
2012-01-23,121.7,124.2,118.6,120.35,1546340,0,0,0,1,120.35,216.64999,1546340,1662147.2999999993,5.964285714285682
2012-01-24,120.95,121.75,116.25,117.65,1172812,0,0,0,1,117.65,216.64999,1172812,1701120.4999999993,5.924999785714254
2012-01-25,118.05,129.45,118,127.25,3136441,0,0,1,1,127.25,216.64999,3136441,1730929.5999999992,6.267856928571396
2012-01-27,126.8,126.8,119.75,121.3,1719204,0,0,1,1,121.3,216.64999,1719204,1377243.8499999992,6.382142857142824
2012-01-30,119.4,119.8,112.75,114.15,884254,0,0,0,1,114.15,216.64999,884254,1362005.5999999992,6.703571428571395
2012-01-31,116.8,118.75,112.5,115.7,777781,0,0,0,1,115.7,216.64999,777781,1378222.9499999995,6.935714285714253
2012-02-01,116.8,117,111,114.85,2260569,0,0,1,1,114.85,216.64999,2260569,1407199.5499999996,7.01785714285711
2012-02-02,111,123.45,110.1,121.7,3509463,0,0,1,1,121.7,216.64999,3509463,1512744.3499999996,7.689285714285682
2012-02-03,122,124.9,119.65,123.45,951387,0,0,0,1,123.45,216.64999,951387,1478657.75,7.5285714285713965
2012-02-06,125,127,122.15,126,887278,0,0,0,1,126,216.64999,887278,1409999.5,7.060714285714253
2012-02-07,127.05,127.9,123.15,124.8,717303,0,0,0,1,124.8,216.64999,717303,1415928.45,6.99285714285711
2012-02-08,125.95,127.4,124,125.7,987525,0,0,0,1,125.7,216.64999,987525,1428677.8499999999,6.7749999999999675
2012-02-09,124.5,131.8,124,131.05,1169181,0,0,0,1,131.05,216.64999,1169181,1422886.2999999998,7.092857142857111
2012-02-10,131.35001,134.55,130.14999,133.60001,1168119,0,0,0,1,133.60001,216.64999,1168119,1409367.5,6.785714999999969
2012-02-13,135,137.7,129.35001,136.64999,907371,0,0,0,1,136.64999,216.64999,907371,1362449.5,6.982142857142825
2012-02-14,135.35001,140.39999,135.2,138.10001,1090624,0,0,0,1,138.10001,216.64999,1090624,1336326.9,6.96071357142854
2012-02-15,137.8,142.64999,137.8,142.05,718015,0,0,0,1,142.05,216.64999,718015,1336562.9,6.464284285714255
2012-02-16,141,150.45,140,149.39999,876781,0,0,0,1,149.39999,216.64999,876781,1331155.7499999998,6.67499857142854
2012-02-17,150.25,156.8,150.25,153.25,1709913,0,0,1,1,153.25,216.64999,1709913,1380068.4,6.592856428571397
2012-02-21,138.2,156.45,138.2,153.14999,1087415,0,0,0,1,153.14999,216.64999,1087415,1363888.7999999996,7.449999285714255
2012-02-22,152.85001,155.5,146.25,147.7,1745330,0,0,1,1,147.7,216.64999,1745330,1373838.2999999996,7.682142142857112
2012-02-23,147.5,152.89999,144.10001,147.3,4288647,0,0,1,1,147.3,216.64999,4288647,1529630.0499999996,7.357140714285683
2012-02-24,145,149,139.3,141.5,1807625,0,0,1,1,141.5,216.64999,1807625,1463189.2499999995,7.6749978571428255
2012-02-27,141.5,141.8,131.3,132.8,1116921,0,0,0,1,132.8,216.64999,1116921,1433075.0999999996,8.078569285714254
2012-02-28,134.8,140.5,134.05,139.64999,1354261,0,0,0,1,139.64999,216.64999,1354261,1456575.4499999997,8.28928357142854
2012-02-29,140,147.5,136.10001,146.60001,2542180,0,0,1,1,146.60001,216.64999,2542180,1544795.3999999997,8.860711428571395
2012-03-01,143.85001,150.39999,143.64999,147.39999,1611693,0,0,1,1,147.39999,216.64999,1611693,1512351.5999999999,8.785711428571394
2012-03-02,149.5,149.7,142.14999,143.95,1023301,0,0,0,1,143.95,216.64999,1023301,1388043.4999999995,9.010711428571394
2012-03-05,145,146,137.25,139.05,987377,0,0,0,1,139.05,216.64999,987377,1389842.9999999998,9.039283571428538
2012-03-06,138.89999,140.64999,127.55,130,2068563,0,0,1,1,130,216.64999,2068563,1448907.2499999995,9.603569285714249
2012-03-07,132.39999,135.2,127.4,131.60001,733438,0,0,0,1,131.60001,216.64999,733438,1449713.9999999995,9.814284285714251
2012-03-09,133.85001,143,132,141.95,1046176,0,0,0,1,141.95,216.64999,1046176,1452646.5499999996,9.882140714285681
2012-03-12,142.55,145,137.55,140.5,871994,0,0,0,1,140.5,216.64999,871994,1437787.1999999997,9.885711428571394
2012-03-13,140.8,142.39999,138.7,139.8,948196,0,0,0,1,139.8,216.64999,948196,1426791.0499999996,8.846424999999964
2012-03-14,139.8,144.60001,137.3,142.89999,928476,0,0,0,1,142.89999,216.64999,928476,1427846.2999999998,8.707139999999963
2012-03-15,140.3,142.60001,137.55,139.60001,821050,0,0,0,1,139.60001,216.64999,821050,1414367.5999999999,8.460712142857107
2012-03-16,139.89999,140,134.05,136.89999,477490,0,0,0,1,136.89999,216.64999,477490,1402341.3499999999,8.192854999999962
2012-03-19,141,148.7,139.25,140,1947966,0,0,1,1,140,216.64999,1947966,1455900.5999999999,8.28571285714282
2012-03-20,141,141.39999,133,135.14999,784155,0,0,0,1,135.14999,216.64999,784155,1409612.6999999997,8.335712142857107
2012-03-21,134.2,146.89999,133.10001,146.35001,1287172,0,0,0,1,146.35001,216.64999,1287172,1419600.5499999998,8.507139999999962
2012-03-22,147.5,149,134.3,135.64999,1891484,0,0,1,1,135.64999,216.64999,1891484,1426908.2499999998,9.074997142857105
2012-03-23,136.95,146,134,144.8,2499443,0,0,1,1,144.8,216.64999,2499443,1337448.0499999998,9.392853571428535
2012-03-26,145.10001,145.85001,137.39999,138.7,1212893,0,0,0,0,138.7,216.64999,1212893,1307711.4499999997,9.371426428571393
2012-03-27,139.89999,142.3,136.3,139.7,1305941,0,0,0,0,139.7,216.64999,1305941,1317162.4499999997,8.864284285714248
2012-03-28,138.14999,139.5,132.60001,134.25,1625963,0,0,1,0,134.25,216.64999,1625963,1330747.5499999996,8.814283571428534
2012-03-29,131,135.45,125.6,128.14999,3638760,0,0,1,0,128.14999,216.64999,3638760,1385576.5499999996,8.703569999999962
2012-03-30,129.10001,135.25,126.15,134.60001,2591010,0,0,1,1,134.60001,216.64999,2591010,1434542.3999999997,8.821427142857106
2012-04-02,135.39999,137.89999,133.75,136.10001,773783,0,0,0,1,136.10001,216.64999,773783,1422066.4999999995,8.853569999999962
2012-04-03,135.7,138.05,133.39999,134.3,830054,0,0,0,1,134.3,216.64999,830054,1414200.3499999996,8.664284285714249
2012-04-04,133.2,134.3,131.35001,133.14999,483583,0,0,0,1,133.14999,216.64999,483583,1334951.3499999996,8.49285571428568
2012-04-09,131.25,133.89999,130.05,131.3,736955,0,0,0,0,131.3,216.64999,736955,1335127.1999999997,8.342854999999966
2012-04-10,131.7,136.85001,130,136.05,1271385,0,0,0,0,136.05,216.64999,1271385,1346387.6499999994,7.989283571428538
2012-04-11,134.95,137,132.7,135.39999,962698,0,0,0,0,135.39999,216.64999,962698,1350922.8499999994,7.69642714285711
2012-04-12,135.5,140.89999,133.14999,140.05,1510095,0,0,1,0,140.05,216.64999,1510095,1379017.7999999993,7.264285714285681
2012-04-13,140.7,141.75,133.60001,134.64999,1019746,0,0,0,0,134.64999,216.64999,1019746,1383581.2999999993,6.796427857142825
2012-04-16,134.39999,136.3,131.55,133.25,801474,0,0,0,0,133.25,216.64999,801474,1382602.4999999995,6.278570714285682
2012-04-17,133.25,136.45,131.2,135.95,1572194,0,0,1,0,135.95,216.64999,1572194,1437337.6999999995,6.0499978571428255
2012-04-18,136,138.3,135.5,136.7,1225292,0,0,0,1,136.7,216.64999,1225292,1401203.9999999993,5.821426428571398
2012-04-19,136.39999,136.5,133.75,134.35001,504579,0,0,0,1,134.35001,216.64999,504579,1387225.1999999993,5.52499857142854
2012-04-20,133.64999,136.95,131.05,131.75,471560,0,0,0,0,131.75,216.64999,471560,1346444.5999999992,5.242855714285682
2012-04-23,132,135.10001,124.1,125.45,1386229,0,0,1,0,125.45,215.7,1386229,1321181.8499999994,5.378570714285682
2012-04-24,126.55,129.5,125.15,128.45,793232,0,0,0,0,128.45,214.39999,793232,1235871.2999999993,5.39285714285711
2012-04-25,128.89999,130.25,123.15,125.1,1018327,0,0,0,0,125.1,210.85001,1018327,1226142.9999999993,5.567856428571395
2012-04-26,125.4,126.25,117.7,119.45,1574153,0,0,1,0,119.45,210.85001,1574153,1239553.5999999992,5.967857142857108
2012-04-27,123.4,128.2,120.05,123,1832550,0,0,1,0,123,207.35001,1832550,1249882.9499999993,6.317857857142822
2012-04-30,126.3,128.25,124,126,1113480,0,0,0,0,126,206.7,1113480,1123618.9499999993,6.203571428571394
2012-05-02,126,127.6,123.65,124.5,534715,0,0,0,0,124.5,203.75,534715,1020804.1999999993,6.178571428571392
2012-05-03,124.05,125,122.25,123.35,481771,0,0,0,0,123.35,203.75,481771,1006203.5999999993,5.821428571428535
2012-05-04,122.55,127.2,118,126.5,3683339,0,0,1,0,126.5,201.89999,3683339,1148867.8499999992,5.896429285714249
2012-05-07,124.9,124.9,120,122.8,686676,0,0,0,0,122.8,201.89999,686676,1159022.4999999993,6.021429285714249
2012-05-08,124,124.1,117.1,119.4,975786,0,0,0,0,119.4,195.35001,975786,1170964.0499999993,6.146429285714249
2012-05-09,119.5,123.4,118,120.05,3238504,0,0,1,0,120.05,195.35001,3238504,1269319.9999999993,6.332143571428534
2012-05-10,121.8,122.9,116.3,118.3,1339386,0,0,1,0,118.3,195.35001,1339386,1288154.3999999992,6.592857857142822
2012-05-11,118.3,119.45,116.3,117.4,627089,0,0,0,0,117.4,195.35001,627089,1244004.0999999992,6.396429285714253
2012-05-14,117,117.8,109.55,113.65,1003623,0,0,0,0,113.65,192.85001,1003623,1243197.949999999,6.199999999999966
2012-05-15,113,119.7,111.15,118.8,1614551,0,0,1,0,118.8,192.85001,1614551,1283851.799999999,6.499999999999966
2012-05-16,115.35,118.7,115,118.2,822254,0,0,0,0,118.2,192.25,822254,1246354.7999999993,6.264285714285681
2012-05-17,119.45,122.25,117.7,118.5,741628,0,0,0,0,118.5,188.85001,741628,1222171.5999999992,5.978571428571395
2012-05-18,115.3,123.7,115.3,123,1233634,0,0,0,0,123,187,1233634,1258624.3499999992,5.953571428571396
2012-05-21,124,125.2,119.55,120.35,690007,0,0,0,0,120.35,183.45,690007,1269546.6999999988,5.982142857142826
2012-05-22,124,124,116.6,118.35,1075167,0,0,0,0,118.35,182.55,1075167,1253993.599999999,6.2285714285713984
2012-05-23,119.95,119.95,115.9,117.7,664132,0,0,0,0,117.7,182.55,664132,1247538.599999999,6.321428571428541
2012-05-24,116.85,124.55,116,123.35,2140541,0,0,1,0,123.35,182.55,2140541,1303649.2999999989,6.274999999999969
2012-05-25,122.05,123.45,117.25,119.45,1285681,0,0,0,0,119.45,182.55,1285681,1289225.6999999988,6.253571428571398
2012-05-28,119.5,121,118,119.3,278879,0,0,0,0,119.3,182.55,278879,1211542.149999999,5.967857142857112
2012-05-29,122.4,124.9,118.5,121.2,1606099,0,0,1,0,121.2,182.55,1606099,1236173.099999999,6.0392857142856835
2012-05-30,121.5,122.5,116.2,120.5,1578100,0,0,1,0,120.5,182.55,1578100,1288342.349999999,6.017857142857111
2012-05-31,120,123.65,115.6,117.55,3208571,0,0,1,0,117.55,182.55,3208571,1424682.349999999,6.367857142857112
2012-06-01,118.25,121.4,117.45,119.15,950991,0,0,0,0,119.15,182.55,950991,1288064.949999999,6.060714285714255
2012-06-04,114.4,120.95,114.4,120.1,420315,0,0,0,0,120.1,182.55,420315,1274746.899999999,5.917857142857112
2012-06-05,120.85,122,119.05,120.4,797793,0,0,0,0,120.4,182.55,797793,1265847.249999999,5.857142857142827
2012-06-06,121,125,120.55,123.35,701854,0,0,0,0,123.35,182.55,701854,1139014.7499999993,5.860714285714255
2012-06-07,124.95,125,120.7,122.05,337891,0,0,0,0,122.05,182.55,337891,1088939.9999999993,5.567857142857112
2012-06-08,121.8,124.65,120.1,123.8,288199,0,0,0,0,123.8,178.89999,288199,1071995.4999999993,5.489285714285684
2012-06-11,124,126.5,120.5,121.85,457964,0,0,0,0,121.85,178.64999,457964,1044712.5499999992,5.389285714285683
2012-06-12,120.2,123.85,118.5,122.8,214326,0,0,0,0,122.8,178,214326,974701.2999999992,5.482142857142826
2012-06-13,123.1,123.6,120.35,121.05,299950,0,0,0,0,121.05,178,299950,948586.0999999993,5.103571428571398
2012-06-14,120.65,121.8,117.5,118.5,312571,0,0,0,0,118.5,178,312571,927133.2499999993,4.967857142857111
2012-06-15,119.25,121.4,118.7,119.6,361552,0,0,0,1,119.6,178,361552,883529.1499999994,4.960714285714254
2012-06-18,121.35,121.8,118.35,119.5,404284,0,0,0,0,119.5,178,404284,869242.9999999993,4.749999999999969
2012-06-19,119.5,120,116.65,118,233389,0,0,0,0,118,178,233389,827154.0999999993,4.539285714285683
2012-06-20,117.2,119.75,117.2,119.25,618753,0,0,0,1,119.25,178,618753,824885.1499999992,4.1464285714285385
2012-06-21,119.25,121.7,118.1,120.1,317403,0,0,0,1,120.1,178,317403,733728.2499999992,4.121428571428539
2012-06-22,120.1,124,118,121.8,1243654,0,0,1,1,121.8,178,1243654,731626.8999999992,4.082142857142825
2012-06-25,123,123.8,119.1,120.15,411448,0,0,0,1,120.15,178,411448,738255.3499999993,4.207142857142825
2012-06-26,121,121.15,118.2,118.85,124891,0,0,0,1,118.85,178,124891,664194.9499999993,4.089285714285682
2012-06-27,119.9,120.8,117.5,117.95,393044,0,0,0,1,117.95,178,393044,604942.1499999992,4.017857142857111
2012-06-28,118,119.25,115.2,116.35,910720,0,0,1,1,116.35,178,910720,490049.5999999993,3.982142857142825
2012-06-29,117,119.35,117,118.5,553718,0,0,1,1,118.5,178,553718,470185.94999999925,3.7678571428571104
2012-07-02,118.95,119.7,118,118.9,355412,0,0,0,1,118.9,178,355412,466940.79999999923,3.507142857142825
2012-07-03,119.8,120.7,118.75,119.45,259561,0,0,0,1,119.45,178,259561,440029.19999999925,3.4142857142856826
2012-07-04,120.8,121,118.85,120.05,354363,0,0,0,1,120.05,178,354363,422654.64999999927,3.2607142857142546
2012-07-05,121.5,122.4,119.15,119.8,241436,0,0,0,1,119.8,178,241436,417831.8999999993,3.285714285714254
2012-07-06,120.45,121.2,118.5,118.75,538883,0,0,1,1,118.75,177.95,538883,430366.0999999993,3.2321428571428257
2012-07-09,117.9,118.65,114.7,115.15,379696,0,0,0,1,115.15,177.95,379696,426452.69999999914,3.282142857142826
2012-07-10,115.2,118,114.75,117.5,440837,0,0,1,1,117.5,176.8,440837,437778.2499999992,3.332142857142826
2012-07-11,117.6,120.35,116.4,117.65,454429,0,0,1,1,117.65,176.8,454429,445502.1999999991,3.357142857142825
2012-07-12,116.8,117.8,115.85,116.95,320484,0,0,0,1,116.95,176.8,320484,445897.849999999,3.0678571428571106
2012-07-13,118.35,118.4,116,116.55,311426,0,0,0,1,116.55,176.8,311426,443391.54999999906,2.9035714285713965
2012-07-16,116.9,117.35,110.7,113.8,466908,0,0,1,1,113.8,176.8,466908,446522.7499999989,3.16785714285711
2012-07-17,114.7,116.45,110.95,112.6,316902,0,0,0,1,112.6,172.5,316902,450698.39999999886,3.3249999999999673
2012-07-18,113.35,113.9,111.1,112.9,160483,0,0,0,1,112.9,171.2,160483,427784.89999999886,3.2357142857142542
2012-07-19,113.5,115.5,112.5,112.8,299358,0,0,0,1,112.8,171.2,299358,426882.64999999886,3.2357142857142542
2012-07-20,112.95,113.5,111.25,111.95,413480,0,0,1,1,111.95,171.2,413480,385373.94999999896,3.274999999999968
2012-07-23,111.95,112,108.5,110.1,240826,0,0,0,1,110.1,170.2,240826,376842.849999999,3.3857142857142537
2012-07-24,110.2,115.25,110,113,397292,0,0,1,1,113,167.75,397292,390462.8999999989,3.607142857142825
2012-07-25,112.9,112.9,107.55,108.7,506144,0,0,1,1,108.7,167.75,506144,396117.89999999886,3.764285714285682
2012-07-26,109.35,111.5,103.45,106.7,2753334,0,0,1,0,106.7,167.75,2753334,488248.59999999887,4.1464285714285385
2012-07-27,107.4,108.65,98.75,103.95,1130251,0,0,1,0,103.95,167.75,1130251,517075.2499999989,4.564285714285682
2012-07-30,104.15,106,102.4,105.35,719051,0,0,1,1,105.35,167.75,719051,535257.1999999989,4.5892857142856815
2012-07-31,105.8,105.8,101.45,102.1,700185,0,0,1,1,102.1,167.75,700185,557288.3999999989,4.617857142857111
2012-08-01,100.25,103.2,100.2,103.15,380190,0,0,0,1,103.15,166.60001,380190,558579.7499999988,4.69285714285711
2012-08-02,103,103.95,101.65,102.1,200540,0,0,0,1,102.1,164.45,200540,556534.9499999989,4.685714285714253
2012-08-03,101.9,102.55,98.800003,100.8,744730,0,0,1,1,100.8,162.3,744730,566827.2999999989,4.478571214285681
2012-08-06,105,105,99.25,99.949997,494392,0,0,0,1,99.949997,156.8,494392,572562.0999999989,4.4964283571428245
2012-08-07,98.550003,100.85,98.550003,99.5,173117,0,0,0,1,99.5,156.8,173117,559176.0999999989,4.460713857142823
2012-08-08,100.45,101.5,99.449997,99.699997,278530,0,0,0,1,99.699997,156.8,278530,550381.1499999989,4.392856928571395
2012-08-09,100.95,100.95,98,99.849998,290313,0,0,0,1,99.849998,156.8,290313,548872.5999999989,4.442856928571395
2012-08-10,99.849998,103.6,99.849998,102.95,344706,0,0,0,1,102.95,156.8,344706,550536.5999999989,4.46071421428568
2012-08-13,103,105,100.65,101.95,417633,0,0,0,1,101.95,156.8,417633,548072.8499999989,4.396428499999965
2012-08-14,104.6,112,99.199997,100.1,220354,0,0,0,1,100.1,156.8,220354,543245.4499999989,4.92142871428568
2012-08-16,100.1,102.9,99.599998,102,248304,0,0,0,1,102,156.8,248304,547636.4999999988,4.582143142857109
2012-08-17,102.1,103,99.099998,99.599998,270451,0,0,0,1,99.599998,156.8,270451,546191.1499999987,4.153571857142823
2012-08-21,100.15,100.85,98.699997,99.300003,248449,0,0,0,1,99.300003,156.8,248449,537939.5999999988,4.050000642857109
2012-08-22,99.349998,102.6,98.300003,98.849998,792204,0,0,1,1,98.849998,156.8,792204,565508.4999999988,4.046428999999966
2012-08-23,100.05,100.2,94.550003,97,904953,0,0,1,1,97,156.8,904953,590891.5499999988,4.235714499999966
2012-08-24,96.800003,98.75,95,96.300003,221412,0,0,0,1,96.300003,156.8,221412,576654.9499999988,4.339285928571394
2012-08-27,96.5,98.099998,93.050003,95.900002,894066,0,0,1,1,95.900002,156.8,894066,483691.54999999877,4.432142928571395
2012-08-28,96.349998,96.349998,83,86.699997,1183839,0,0,1,1,86.699997,156.8,1183839,486370.9499999989,4.974999928571394
2012-08-29,86.699997,92.900002,83.150002,91.550003,1354524,0,0,1,0,91.550003,156.8,1354524,518144.59999999887,5.507142999999966
2012-08-30,91.449997,97.400002,89.800003,94,2917853,0,0,1,1,94,156.8,2917853,629027.9999999988,5.903571285714252
2012-08-31,94.050003,94.900002,93.099998,94,323151,0,0,0,0,94,156.8,323151,626176.0499999989,5.82142871428568
2012-09-03,95.75,95.75,91.75,93.900002,180075,0,0,0,0,93.900002,156.8,180075,625152.7999999989,5.839285714285681
2012-09-04,94.650002,94.650002,93.099998,93.949997,98612,0,0,0,0,93.949997,156.8,98612,592846.8999999989,5.639285999999967
2012-09-05,93.75,98.449997,93.400002,96,755811,0,0,1,0,96,156.8,755811,605917.8499999989,5.0857139999999665
2012-09-06,96.300003,98.199997,95.099998,97.300003,433148,0,0,0,0,97.300003,156.8,433148,618919.3999999989,5.071428071428537
2012-09-07,98.849998,104.7,97.300003,102.55,2814920,0,0,1,1,102.55,156.8,2814920,745738.8999999989,5.32142771428568
2012-09-10,103,105.45,101,103.15,1542244,0,0,1,1,103.15,156.8,1542244,808335.4499999989,5.48571321428568
2012-09-11,103,104.25,101.8,102.8,493426,0,0,0,1,102.8,156.8,493426,815771.4499999989,5.353570571428539
2012-09-12,103.1,103.25,98.300003,100.65,242015,0,0,0,1,100.65,156.8,242015,806990.5499999989,5.303570571428538
2012-09-13,100.7,101.7,99.300003,100.05,777008,0,0,0,1,100.05,156.8,777008,834823.2499999988,5.207141785714252
2012-09-14,101.05,103.25,100.65,101.1,684845,0,0,0,1,101.1,156.8,684845,856650.2999999989,5.074999285714253
2012-09-17,101.65,102.75,101,101.5,349831,0,0,0,1,101.5,156.8,349831,860619.2999999989,4.246427999999967
2012-09-18,101.1,104.5,101.1,102.55,724235,0,0,0,1,102.55,156.8,724235,884408.5999999989,3.792856571428539
2012-09-20,103,103,100.35,101.6,362754,0,0,0,1,101.6,156.8,362754,862936.0999999989,3.4392852142856825
2012-09-21,101.65,102.95,98.550003,101.5,1213647,0,0,1,1,101.5,156.8,1213647,878370.7999999989,3.624998999999968
2012-09-24,99.099998,104.45,99.099998,102,746418,0,0,0,1,102,156.8,746418,904621.0999999989,3.7214277142856824
2012-09-25,102.1,102.75,100.95,101.1,499719,0,0,0,1,101.1,156.8,499719,884903.7499999988,3.739284571428539
2012-09-26,101.25,101.45,100,100.65,397481,0,0,0,1,100.65,156.8,397481,845585.8499999989,3.48214207142854
2012-09-27,101,101.5,99.199997,100,627423,0,0,0,1,100,156.8,627423,809230.7999999989,3.424999499999969
2012-09-28,100,104.25,100,101.35,1605881,0,0,1,1,101.35,156.8,1605881,743632.1999999989,3.1999997142856835
2012-10-01,102.65,102.95,99.949997,100.75,493078,0,0,0,1,100.75,156.8,493078,752128.5499999989,3.0964284999999694
2012-10-03,102,102,99.699997,100.2,552435,0,0,0,1,100.2,156.8,552435,770746.5499999989,3.0857144285713978
2012-10-04,100.7,101.75,100,100.3,791850,0,0,0,1,100.3,156.8,791850,805408.4499999989,2.857143214285684
2012-10-05,100.95,101.45,97.800003,100.15,402523,0,0,0,1,100.15,156.8,402523,787744.0499999989,2.946428928571398
2012-10-08,100.55,100.95,98.900002,99.949997,320732,0,0,0,1,99.949997,156.8,320732,782123.2499999988,2.864285928571398
2012-10-09,99.099998,100.95,98.849998,100,245304,0,0,0,1,100,156.8,245304,653642.4499999989,2.889286071428541
2012-10-10,100.05,100.05,97.599998,98.699997,366945,0,0,0,1,98.699997,156.8,366945,594877.4999999988,2.8214290714285406
2012-10-11,99.300003,101.5,98.300003,99.650002,272792,0,0,0,1,99.650002,156.8,272792,583845.799999999,2.8607145714285402
2012-10-12,99.199997,101,98.5,99.400002,195819,0,0,0,1,99.400002,156.8,195819,581535.9999999991,2.7250004999999686
2012-10-15,99.75,100.4,98.599998,98.599998,127866,0,0,0,1,98.599998,156.8,127866,549078.8999999991,2.4714290714285405
2012-10-16,98.5,99.449997,96,97.25,285973,0,0,0,1,97.25,156.8,285973,529135.2999999991,2.589285999999969
2012-10-17,98.349998,99,95,97.050003,325738,0,0,0,1,97.050003,156.8,325738,527930.6499999991,2.771428857142826
2012-10-18,97.75,99.449997,97.050003,98.099998,186430,0,0,0,1,98.099998,156.8,186430,501040.3999999991,2.7785710714285394
2012-10-19,97.900002,98.5,96.650002,98.050003,247648,0,0,0,1,98.050003,156.8,247648,495285.09999999905,2.6071423571428247
2012-10-22,98,98.25,96.699997,98,243938,0,0,0,1,98,156.8,243938,446799.6499999991,2.503570928571396
2012-10-23,98.650002,98.75,96.099998,97.349998,286411,0,0,0,1,97.349998,156.8,286411,423799.29999999906,2.5285708571428245
2012-10-25,97.300003,99.199997,96.150002,97.550003,410717,0,0,0,1,97.550003,156.8,410717,419349.199999999,2.62142764285711
2012-10-26,98.949997,98.949997,97.099998,98.050003,104738,0,0,0,1,98.050003,156.8,104738,404712.049999999,2.492856357142824
2012-10-29,98,98.599998,96.900002,97.599998,92234,0,0,0,1,97.599998,156.8,92234,377952.5999999989,2.467856214285681
2012-10-30,97,98,96.150002,97,91501,0,0,0,1,97,156.8,91501,302233.59999999887,2.4499987857142522
2012-10-31,98,99,95.699997,96.699997,348373,0,0,1,1,96.699997,156.8,348373,294998.3499999988,2.5107131428571097
2012-11-01,96.75,98.5,96.050003,98.099998,132191,0,0,0,1,98.099998,156.8,132191,273986.1499999988,2.457141714285681
2012-11-02,97.349998,98.5,97.099998,97.5,393209,0,0,1,1,97.5,156.8,393209,254054.09999999875,2.3785704285713956
2012-11-05,98.25,98.900002,96.550003,96.949997,541428,0,0,1,1,96.949997,156.8,541428,260999.3499999987,2.4178559285713948
2012-11-06,97.349998,101.9,96.550003,100.4,906851,0,0,1,1,100.4,156.8,906851,290305.29999999865,2.553570214285681
2012-11-07,100,104.8,100,101.45,1151846,0,0,1,1,101.45,156.8,1151846,335632.3999999986,2.610713071428538
2012-11-08,101.1,103.5,100.4,103.05,1251870,0,0,1,1,103.05,156.8,1251870,379878.64999999857,2.6607134999999666
2012-11-09,103.4,103.4,100,100.65,395595,0,0,1,1,100.65,156.8,395595,386018.79999999853,2.7714279285713954
2012-11-12,100.35,101.2,99.349998,100.3,194987,0,0,0,1,100.3,156.8,194987,385977.1999999986,2.7928564285713953
2012-11-13,101.25,101.25,99.550003,100.3,62689,0,0,0,1,100.3,156.8,62689,382718.34999999864,2.724998928571395
2012-11-15,100.6,101.9,99.550003,101.45,485509,0,0,1,1,101.45,156.8,485509,392695.1499999987,2.6749990714285383
2012-11-16,101.9,106.9,101.5,105.1,5879271,0,0,1,1,105.1,156.8,5879271,670371.7999999986,2.9321419999999674
2012-11-19,106.7,108.3,104,105,1647070,0,0,1,0,105,156.8,1647070,743403.7999999988,3.117856571428539
2012-11-20,105,105.5,99.650002,102.5,1283994,0,0,1,0,102.5,156.8,1283994,795221.0999999989,3.4035708571428245
2012-11-21,102.5,104.8,100.9,104.35,568231,0,0,0,0,104.35,156.8,568231,811435.7499999988,3.4464277857142522
2012-11-22,104.4,105.2,103,104.05,334195,0,0,0,1,104.05,156.8,334195,813824.9499999989,3.428570857142824
2012-11-23,105.1,105.1,102.5,103.1,314228,0,0,0,1,103.1,156.8,314228,809000.4999999988,3.5142849999999664
2012-11-26,103.45,103.65,102.5,102.95,317325,0,0,0,1,102.95,156.8,317325,819629.8499999989,3.428570785714253
2012-11-27,104,104.75,102.7,103.1,262502,0,0,0,1,103.1,156.8,262502,828143.2499999988,3.192856714285681
2012-11-29,103.3,105.65,102.05,104.05,549288,0,0,0,1,104.05,156.8,549288,851032.5999999989,3.107142428571396
2012-11-30,103.15,107.9,103.15,105.75,1058927,0,0,1,1,105.75,156.8,1058927,886560.2999999989,3.2249995714285395
2012-12-03,105.8,107.85,103.5,104.4,1659504,0,0,1,1,104.4,156.8,1659504,962925.9499999989,3.2928567142856813
2012-12-04,105,107.4,104.55,105.45,748201,0,0,0,1,105.45,156.8,748201,980675.5499999989,3.3749994285713956
2012-12-05,106,110.95,106,110.1,5124136,0,0,1,1,110.1,156.8,5124136,1209810.9499999988,3.6464282142856814
2012-12-06,111.5,111.5,105.35,108.95,1737023,0,0,1,1,108.95,156.8,1737023,1251319.5499999989,3.9178569999999673
2012-12-07,110.45,112,108,108.95,1265453,0,0,1,1,108.95,156.8,1265453,1256999.899999999,3.8142855714285386
2012-12-10,109.75,112.95,108.15,109.5,1226485,0,0,0,1,109.5,156.8,1226485,1255730.649999999,3.8499998571428242
2012-12-11,109.1,111.8,106.75,108.3,981494,0,0,0,1,108.3,156.8,981494,1285025.599999999,3.79285714285711
2012-12-12,109,110.55,108,108.95,1205413,0,0,0,1,108.95,156.8,1205413,1335546.899999999,3.6964285714285388
2012-12-13,109.3,109.5,106.75,107.05,497028,0,0,0,1,107.05,156.8,497028,1357263.849999999,3.735714285714253
2012-12-14,108,108.25,106.8,107.45,216360,0,0,0,1,107.45,156.8,216360,1343806.399999999,3.6535714285713965
2012-12-17,107.5,108.4,107.05,107.75,321589,0,0,0,1,107.75,156.8,321589,1065922.2999999989,3.667857142857111
2012-12-18,108.2,108.45,106.25,107.15,223097,0,0,0,1,107.15,156.8,223097,994723.6499999989,3.6785714285713973
2012-12-19,107,110.4,106.35,107.5,826944,0,0,0,1,107.5,156.8,826944,971871.1499999989,3.7107142857142543
2012-12-20,107.45,111.6,106.75,111.15,963246,0,0,0,1,111.15,156.8,963246,991621.8999999989,3.717857142857111
2012-12-21,110.05,111,107,109.6,773134,0,0,0,1,109.6,156.8,773134,1013568.8499999989,3.7035714285713977
2012-12-24,109.7,109.7,106.65,107.95,273889,0,0,0,1,107.95,156.8,273889,1011551.8999999989,3.707142857142826
2012-12-26,108,108.35,106.55,107.3,229321,0,0,0,1,107.3,156.8,229321,1007151.6999999989,3.4428571428571115
2012-12-27,107.3,107.3,99.650002,104.05,7235505,0,0,1,1,104.05,156.8,7235505,1355801.849999999,3.5499998571428253
2012-12-28,104,105.7,102.55,104.55,645571,0,0,0,1,104.55,156.8,645571,1360615.9999999988,3.48928557142854
2012-12-31,106.15,107.75,105.2,106.4,1295959,0,0,0,1,106.4,156.8,1295959,1372467.599999999,3.374999857142826
2013-01-01,107.15,107.5,105.7,106.1,367045,0,0,0,1,106.1,156.8,367045,1307844.649999999,3.1428569999999687
2013-01-02,106,107.7,104.65,105.15,1820563,0,0,1,1,105.15,156.8,1820563,1361462.7499999988,3.1785712857142547
2013-01-03,105,106,103.4,104.8,348995,0,0,0,1,104.8,156.8,348995,1122705.6999999988,3.1678569999999686
2013-01-04,105.9,106.9,104.85,106.5,392837,0,0,0,1,106.5,156.8,392837,1055496.399999999,3.2142855714285403
2013-01-07,105,109.95,105,108.7,1164651,0,0,1,1,108.7,156.8,1164651,1050456.2999999989,3.471428428571397
2013-01-08,108.7,109.45,107.25,107.85,373993,0,0,0,1,107.85,156.8,373993,1007831.6999999989,3.471428428571397
2013-01-09,108.4,110.7,106,106.8,671794,0,0,0,1,106.8,156.8,671794,992346.6999999989,3.517856999999968
2013-01-10,107.65,107.95,104,104.65,649553,0,0,0,1,104.65,156.8,649553,964553.6999999989,3.453571285714254
2013-01-11,108,108,103.5,103.65,209077,0,0,0,1,103.65,156.8,209077,950156.1499999989,3.4785712857142537
2013-01-14,103.85,106.2,103.15,105.6,185350,0,0,0,1,105.6,156.8,185350,948605.6499999989,3.4785712857142537
2013-01-15,105.35,106.8,103.8,104.7,402126,0,0,0,1,104.7,156.8,402126,952632.4999999988,3.5642855714285395
2013-01-16,104.75,105,101.1,101.55,338360,0,0,0,1,101.55,156.8,338360,958395.6499999989,3.29642857142854
2013-01-17,101.6,102.7,99.300003,99.949997,517061,0,0,0,1,99.949997,156.8,517061,942901.4999999988,3.3142854999999685
2013-01-18,100.05,101.65,98,99.349998,289648,0,0,0,1,99.349998,156.8,289648,909221.5999999989,3.346428357142826
2013-01-21,100.45,101.75,99.400002,100.9,164641,0,0,0,1,100.9,156.8,164641,878796.9499999989,3.3892856428571116
2013-01-22,99.800003,101.9,98.599998,98.699997,282601,0,0,0,1,98.699997,156.8,282601,879232.5499999986,3.4071429285713983
2013-01-23,99.300003,101.3,97.449997,98.699997,593874,0,0,0,1,98.699997,156.8,593874,897460.1999999987,3.4964288571428273
2013-01-24,100.5,100.5,96.5,97.599998,382307,0,0,0,1,97.599998,156.8,382307,554800.2999999986,3.6321431428571125
2013-01-25,97.900002,98.699997,93.199997,97.449997,592206,0,0,1,1,97.449997,156.8,592206,552132.0499999986,3.671428857142826
2013-01-28,94.349998,100,94.349998,96.5,190950,0,0,0,1,96.5,156.8,190950,496881.5999999985,3.9178575714285406
2013-01-29,94.5,96.849998,92.300003,95.150002,1017301,0,0,1,1,95.150002,156.8,1017301,529394.3999999985,3.907142928571397
2013-01-30,95.75,96.550003,92,93.75,256961,0,0,0,1,93.75,156.8,256961,451214.29999999853,3.950000285714254
2013-01-31,93.449997,101.9,90.300003,100.5,7364157,0,0,1,1,100.5,156.8,7364157,801972.3999999984,4.457142928571398
2013-02-01,99.800003,100.45,97.099998,98.150002,362220,0,0,0,1,98.150002,156.8,362220,800441.5499999983,4.48214307142854
2013-02-04,98.25,99,96.400002,97.800003,144422,0,0,0,1,97.800003,156.8,144422,749430.0999999983,4.453571499999969
2013-02-05,97.5,97.5,94.25,95.400002,335662,0,0,0,0,95.400002,156.8,335662,747513.5499999983,4.428571714285683
2013-02-06,95.75,95.75,93.449997,94.150002,114360,0,0,0,0,94.150002,156.8,114360,719641.8499999982,4.350000714285684
2013-02-07,94.849998,95.800003,92.800003,94.949997,177585,0,0,0,0,94.949997,156.8,177585,696043.4499999981,4.303572142857112
2013-02-08,93.050003,95.650002,92.199997,93.550003,251512,0,0,0,0,93.550003,156.8,251512,698165.1999999981,4.3785723571428266
2013-02-11,94.150002,94.699997,92.449997,92.849998,522978,0,0,0,0,92.849998,156.8,522978,715046.5999999981,4.3035722142856825
2013-02-12,92.949997,93.699997,92.099998,92.599998,195512,0,0,0,0,92.599998,156.8,195512,704715.899999998,4.142857642857111
2013-02-13,93.5,94,91,91.699997,377091,0,0,0,0,91.699997,156.8,377091,706652.449999998,4.07142907142854
2013-02-14,92,92.599998,85.150002,85.5,561195,0,0,0,0,85.5,156.8,561195,708859.1499999979,4.210714499999968
2013-02-15,87.5,95.699997,87.5,90.75,1413561,0,0,1,0,90.75,156.8,1413561,765054.7999999981,4.535714142857111
2013-02-18,90.699997,90.900002,88.400002,90.699997,1005718,0,0,1,0,90.699997,156.8,1005718,807108.6499999982,4.389285928571397
2013-02-19,90.800003,92.5,89.25,91.5,172500,0,0,0,0,91.5,156.8,172500,801603.5999999981,4.29642857142854
2013-02-20,90.900002,92.400002,86.5,87.25,1001153,0,0,1,0,87.25,156.8,1001153,821967.5499999982,3.8892860714285393
2013-02-21,86.199997,88.5,84.800003,85.75,510648,0,0,0,0,85.75,156.8,510648,828384.5999999981,3.910714285714253
2013-02-22,85.199997,86.349998,81.900002,83.949997,544783,0,0,0,0,83.949997,156.8,544783,826013.4499999981,4.042856999999968
2013-02-25,83.75,83.75,56.599998,66.800003,20992960,0,0,1,0,66.800003,156.45,20992960,1866113.949999998,5.742856714285681
2013-02-26,69.75,71.400002,60,62,7835545,0,0,1,0,62,155.5,7835545,2207026.149999998,6.39285664285711
2013-02-27,62,65.300003,56.549999,58.099998,10373500,0,0,1,0,58.099998,152.89999,10373500,2712853.099999998,6.8035712142856815
2013-02-28,59.900002,61.25,57.099998,58.349998,4944440,0,0,1,0,58.349998,150.39999,4944440,2591867.249999998,6.853570999999967
2013-03-01,55.099998,61.400002,52.599998,58.849998,1858347,0,0,0,0,58.849998,150.39999,1858347,2666673.599999998,7.321428428571395
2013-03-04,58.849998,58.849998,55.049999,55.849998,1917712,0,0,0,0,55.849998,150.39999,1917712,2755338.099999998,7.478571285714253
2013-03-05,55.849998,58.799999,55.599998,58.200001,1048205,0,0,0,0,58.200001,150.39999,1048205,2790965.249999998,7.4928570714285385
2013-03-06,58.900002,60.900002,57.599998,60.049999,1374970,0,0,0,0,60.049999,150.39999,1374970,2853995.749999998,7.196429071428539
2013-03-07,60.049999,60.349998,57.299999,59,759654,0,0,0,0,59,149.7,759654,2883099.1999999983,6.685714928571396
2013-03-08,59.400002,60.299999,58.5,59.400002,751969,0,0,0,0,59.400002,149,751969,2908122.049999998,6.635714857142824
2013-03-11,60.75,60.75,58.650002,59.099998,657859,0,0,0,0,59.099998,149,657859,2914866.099999998,6.553571857142825
2013-03-12,59.200001,59.75,57,57.799999,758932,0,0,0,0,57.799999,149,758932,2943037.099999998,6.328571714285681
2013-03-13,57.950001,58.25,49.349998,51.900002,3707173,0,0,1,0,51.900002,149,3707173,3109541.1999999983,6.700000642857111
2013-03-14,52.549999,53.849998,49.099998,52.75,3059390,0,0,0,0,52.75,149,3059390,3234450.9499999983,6.721429499999968
2013-03-15,52.950001,53.700001,51.099998,52.549999,1752514,0,0,0,0,52.549999,149,1752514,3251398.599999998,4.953572642857111
2013-03-18,52.549999,52.849998,50.25,52,1154738,0,0,0,0,52,149,1154738,3258849.599999998,4.325000928571397
2013-03-19,52.700001,52.900002,50,51.549999,1324577,0,0,0,0,51.549999,149,1324577,3316453.4499999983,3.9071436428571107
2013-03-20,51.400002,51.799999,46.599998,48.950001,2560694,0,0,0,0,48.950001,149,2560694,3394430.4999999986,3.9821435714285394
2013-03-21,49,51.299999,43.650002,47.599998,1948735,0,0,0,0,47.599998,149,1948735,3466334.8499999987,3.900000214285682
2013-03-22,46.5,52,46.450001,49.799999,1222381,0,0,0,0,49.799999,149,1222381,3500214.7499999986,4.025000214285682
2013-03-25,48.200001,51.900002,47.049999,49.75,808780,0,0,0,0,49.75,149,808780,2491005.749999998,4.142857499999968
2013-03-26,49.599998,50.049999,48.349998,49.700001,385088,0,0,0,0,49.700001,149,385088,2118482.899999998,4.028571571428539
2013-03-28,50.099998,51.349998,48.200001,50.349998,871895,0,0,0,0,50.349998,146,871895,1643402.649999998,4.035714285714254
2013-04-01,51.299999,56.400002,50.099998,54.849998,1605923,0,0,1,0,54.849998,145.85001,1605923,1476476.7999999982,4.357143214285682
2013-04-02,54.950001,56.549999,54.400002,55.700001,1651364,0,0,1,0,55.700001,142.3,1651364,1466127.649999998,4.360714571428539
2013-04-03,55.950001,63.900002,55.650002,56.849998,3145764,0,0,1,0,56.849998,141.75,3145764,1527530.2499999981,4.753571714285682
2013-04-04,57,57.5,54.299999,55.299999,1263653,0,0,0,0,55.299999,141.75,1263653,1538302.649999998,4.346428785714253
2013-04-05,54.349998,57.900002,54.349998,56.400002,489596,0,0,0,0,56.400002,141.75,489596,1494033.949999998,4.260714785714254
2013-04-08,56.5,57.150002,55.650002,55.75,306554,0,0,0,0,55.75,141.75,306554,1471378.9499999983,4.18214314285711
2013-04-09,56.25,58,54.849998,55.099998,994918,0,0,0,0,55.099998,141.75,994918,1483526.3999999983,4.221429142857111
2013-04-10,55.450001,57.200001,53.900002,54.25,632753,0,0,0,0,54.25,141.75,632753,1482271.0999999982,4.250000357142825
2013-04-11,55,55.900002,50.5,50.799999,1112456,0,0,0,0,50.799999,141.75,1112456,1499947.2999999984,4.26428614285711
2013-04-12,51.400002,51.400002,48.25,49.650002,1148624,0,0,0,0,49.650002,141.75,1148624,1372019.8499999982,3.9428579285713963
2013-04-15,49,49.400002,47.5,47.700001,971042,0,0,0,0,47.700001,141.75,971042,1267602.4499999986,3.700000999999968
2013-04-16,47.099998,49.549999,47.099998,48.900002,1178492,0,0,0,0,48.900002,141.75,1178492,1238901.3499999985,3.5285722857142536
2013-04-17,48.75,51.950001,48.25,50.799999,1488555,0,0,1,0,50.799999,141.75,1488555,1255592.1999999988,3.6714294285713964
2013-04-18,51.950001,53.650002,50.849998,51.650002,1620302,0,0,1,0,51.650002,138.3,1620302,1270378.4499999988,3.6500012857142536
2013-04-22,52.049999,54,51.150002,53.450001,1238469,0,0,1,1,53.450001,138.3,1238469,1204267.1999999988,3.4035722857142536
2013-04-23,53.450001,53.75,50.25,50.400002,1630636,0,0,1,1,50.400002,138.3,1630636,1188362.249999999,3.5000010714285392
2013-04-25,50.75,51.950001,49.599998,51.049999,4621539,0,0,1,1,51.049999,136.95,4621539,1358320.1499999994,3.078572714285682
2013-04-26,51.599998,55,51.5,54.049999,1334633,0,0,0,1,54.049999,136.95,1334633,1384612.7999999993,3.132144142857111
2013-04-29,54.150002,55.400002,53.5,53.599998,431694,0,0,0,1,53.599998,135.10001,431694,1386943.0999999994,3.014286857142825
2013-04-30,53.599998,54,52.5,52.900002,261872,0,0,0,1,52.900002,130.25,261872,1356441.9499999995,3.014286857142825
2013-05-02,52.650002,53.700001,50.400002,50.599998,723976,0,0,0,1,50.599998,130.25,723976,1312344.5999999994,3.0250009285713966
2013-05-03,50.5,51.849998,50.150002,50.5,276483,0,0,0,1,50.5,128.25,276483,1243600.5499999993,2.9107149999999677
2013-05-06,50.5,51.200001,49.75,50.049999,311426,0,0,0,1,50.049999,128.25,311426,1101883.6499999992,2.628572071428539
2013-05-07,50,51.549999,50,50.950001,214053,0,0,0,1,50.950001,128.25,214053,1049403.6499999992,2.5142861428571104
2013-05-08,51,52.299999,50.700001,51,470115,0,0,0,1,51,127.6,470115,1048429.599999999,2.4750001428571102
2013-05-09,51.25,51.900002,50.5,50.799999,411553,0,0,0,1,50.799999,127.2,411553,1053679.5499999993,2.400000214285682
2013-05-10,50.900002,51.75,50.900002,51.299999,190242,0,0,0,1,51.299999,127.2,190242,1013445.7499999993,2.2035716428571104
2013-05-13,50.599998,51.349998,49.5,49.599998,151903,0,0,0,1,49.599998,126.5,151903,989403.2499999993,2.1321427142856817
2013-05-14,49.599998,50.200001,49.25,49.400002,122133,0,0,0,1,49.400002,126.5,122133,939887.0999999993,1.9964286428571103
2013-05-15,49.400002,51.950001,49.400002,51.099998,371651,0,0,0,1,51.099998,126.5,371651,901038.449999999,1.9285714285713962
2013-05-16,51.349998,51.900002,50.299999,50.799999,235413,0,0,0,1,50.799999,126.5,235413,864256.9999999993,1.8749999999999676
2013-05-17,50.200001,51.099998,50,50.099998,121633,0,0,0,1,50.099998,126.5,121633,811414.0499999991,1.6714283571428246
2013-05-20,50,51.900002,50,51.5,337872,0,0,0,1,51.5,126.5,337872,753879.8999999992,1.6714283571428246
2013-05-21,51,51.5,49.5,50,167713,0,0,0,1,50,126.5,167713,681250.4499999991,1.7071426428571104
2013-05-22,50,50.549999,48.900002,49.200001,128939,0,0,0,1,49.200001,126.5,128939,625773.9499999991,1.5892853571428245
2013-05-23,49.049999,49.049999,47.25,47.950001,206663,0,0,0,1,47.950001,126.5,206663,554575.2999999991,1.6071428571428246
2013-05-24,48,48.950001,47.150002,47.349998,89789,0,0,0,1,47.349998,126.5,89789,327987.7999999992,1.6321427142856817
2013-05-27,47,48.75,47,47.950001,102745,0,0,0,1,47.950001,126.5,102745,266393.39999999915,1.6464284999999674
2013-05-28,48,48.549999,48,48.150002,94933,0,0,0,1,48.150002,126.5,94933,249555.34999999916,1.574999928571396
2013-05-29,48,48.900002,47.5,47.549999,88302,0,0,0,1,47.549999,126.5,88302,240876.84999999916,1.574999928571396
2013-05-30,47,50.5,47,49.799999,611270,0,0,1,1,49.799999,126.5,611270,235241.54999999917,1.7571427142856817
2013-05-31,49.25,51.299999,44,45.5,523089,0,0,1,1,45.5,126.5,523089,247571.84999999922,2.1464284999999674
2013-06-03,45.450001,48.25,44.950001,47.299999,264539,0,0,1,1,47.299999,126.5,264539,245227.49999999916,2.3142854999999676
2013-06-04,48.099998,48.799999,47,47.150002,92745,0,0,0,1,47.150002,126.5,92745,239162.09999999922,2.2607140714285388
2013-06-05,47.200001,47.950001,46.5,47.099998,208991,0,0,0,1,47.099998,126.5,208991,226105.89999999915,2.24999964285711
2013-06-06,46.150002,47.5,46.049999,46.549999,86023,0,0,0,1,46.549999,126.5,86023,209829.39999999927,2.2749998571428245
2013-06-07,47.150002,47.150002,45.700001,45.75,71318,0,0,0,1,45.75,126.5,71318,203883.19999999934,2.242856928571396
2013-06-10,46.5,46.849998,45.200001,45.200001,131673,0,0,0,0,45.200001,126.5,131673,202871.69999999943,2.2178567142856815
2013-06-11,45.099998,45.650002,42.5,43.099998,252848,0,0,1,0,43.099998,126.5,252848,209407.44999999955,2.3249999285713963
2013-06-12,43,44.5,42.599998,44.25,128591,0,0,0,0,44.25,126.5,128591,197254.4499999995,2.3214285714285388
2013-06-13,43.25,45,43.099998,43.200001,295268,0,0,1,0,43.200001,126.5,295268,200247.19999999958,2.3285716428571104
2013-06-14,44.5,44.5,43.049999,43.75,124414,0,0,0,0,43.75,126.5,124414,200386.24999999953,2.3071431428571105
2013-06-17,43.099998,46,43.099998,44.900002,176485,0,0,0,0,44.900002,126.5,176485,192316.89999999953,2.4714291428571107
2013-06-18,44.099998,45.799999,43.700001,43.75,146334,0,0,0,0,43.75,124,146334,191247.94999999955,2.521428857142825
2013-06-19,43.5,46.900002,43.5,46.700001,235815,0,0,1,0,46.700001,124,235815,196591.74999999953,2.5142861428571104
2013-06-20,46.049999,48.799999,45.200001,47.5,591221,0,0,1,0,47.5,124,591221,215819.64999999953,2.2500003571428246
2013-06-21,49,50,47.650002,49.25,1182946,0,0,1,0,49.25,124,1182946,270477.49999999953,2.192857571428539
2013-06-24,49.099998,49.299999,44.150002,44.349998,169716,0,0,0,0,44.349998,124,169716,273826.0499999995,2.4321431428571105
2013-06-25,44,53.5,44,44.950001,144279,0,0,0,0,44.950001,124,144279,276293.3499999995,3.007143071428539
2013-06-26,45.25,46.5,43.5,44.150002,164818,0,0,0,0,44.150002,124,164818,280119.14999999956,3.1178572857142535
2013-06-27,44.049999,45.799999,39.849998,43.25,237986,0,0,0,0,43.25,124,237986,261454.94999999955,3.4392858571428246
2013-06-28,43.25,44.900002,43.25,43.900002,69959,0,0,0,0,43.900002,124,69959,238798.44999999955,3.439286214285682
2013-07-01,43.200001,47.099998,43.200001,46.400002,203824,0,0,0,0,46.400002,123.8,203824,235762.69999999955,3.4928572857142535
2013-07-02,45.950001,47.049999,44.049999,44.25,73239,0,0,0,0,44.25,122.4,73239,234787.39999999953,3.5714285714285388
2013-07-03,44,44.400002,42.099998,43.400002,185237,0,0,0,0,43.400002,122.4,185237,233599.69999999955,3.6000001428571102
2013-07-04,44.5,44.5,42.5,42.599998,71799,0,0,0,0,42.599998,122.4,71799,232888.49999999953,3.6392857857142533
2013-07-05,42.200001,44.799999,40.200001,42.299999,246279,0,0,1,0,42.299999,122.4,246279,241636.54999999952,3.7607140714285388
2013-07-08,42,43.849998,41.700001,42.75,85867,0,0,0,0,42.75,122.4,85867,239346.24999999953,3.764285428571396
2013-07-09,42.950001,43.549999,42.25,42.849998,63817,0,0,0,0,42.849998,122.4,63817,229894.69999999955,3.614285214285682
2013-07-10,44,44,42.5,43,122337,0,0,0,0,43,122.4,122337,229581.99999999953,3.4642853571428245
2013-07-11,42.900002,43.950001,42.450001,42.650002,86445,0,0,0,0,42.650002,122.4,86445,219140.84999999954,3.3928567857142533
2013-07-12,42.450001,44.5,42.25,42.849998,49503,0,0,0,1,42.849998,121.2,49503,215395.29999999952,3.1857141428571105
2013-07-15,42.5,44.400002,42.5,43.849998,135274,0,0,0,1,43.849998,120.35,135274,213334.74999999953,2.6428571428571104
2013-07-16,43,44.599998,42.650002,43.950001,103391,0,0,0,0,43.950001,120.35,103391,211187.59999999954,2.5678568571428246
2013-07-17,44.5,44.5,42.900002,43.150002,42942,0,0,0,0,43.150002,120.35,42942,201543.94999999955,2.2571423571428246
2013-07-18,43,46.25,42.75,45.799999,175061,0,0,0,1,45.799999,118.4,175061,180735.94999999955,2.3892850714285387
2013-07-19,45.549999,45.549999,43.75,43.75,33116,0,0,0,1,43.75,118.4,33116,123244.44999999953,2.2571423571428246
2013-07-22,45.200001,46.150002,43.5,45.400002,274497,0,0,1,1,45.400002,117.35,274497,128483.49999999953,2.2321424999999673
2013-07-23,44.400002,45.799999,44,44.25,36382,0,0,0,1,44.25,116.45,36382,123088.64999999953,2.1964278571428246
2013-07-24,43.950001,44,42.75,43.599998,28390,0,0,0,0,43.599998,115.5,28390,116267.24999999953,2.1607135714285386
2013-07-25,43.599998,43.599998,42.5,42.75,27196,0,0,0,0,42.75,115.5,27196,105727.74999999953,1.9107135714285388
2013-07-26,42.25,43.549999,42.099998,42.349998,40233,0,0,0,0,42.349998,115.25,40233,104241.44999999953,1.8607138571428246
2013-07-29,42,42.599998,39.849998,41.099998,99373,0,0,1,0,41.099998,115.25,99373,99018.89999999953,1.9642853571428245
2013-07-30,41,43.799999,40,40.099998,161152,0,0,1,0,40.099998,115.25,161152,103414.54999999954,2.1285709999999676
2013-07-31,40,40,35,36,284364,0,0,1,0,36,112.95,284364,108370.89999999953,2.3857137142856817
2013-08-01,37.150002,39.400002,32.400002,33.75,313035,0,0,1,0,33.75,112.95,313035,120432.69999999953,2.724999428571396
2013-08-02,32.049999,34.700001,32.049999,33.900002,124155,0,0,1,0,33.900002,112.95,124155,114326.49999999953,2.7785708571428245
2013-08-05,36,36,33,35.700001,72804,0,0,0,0,35.700001,112.95,72804,113673.34999999954,2.85357114285711
2013-08-06,36,36,33.5,34.25,41611,0,0,0,0,34.25,112.95,41611,112563.04999999954,2.9178569999999673
2013-08-07,28.25,39.75,28.25,36.599998,960128,0,0,1,0,36.599998,112.95,960128,154452.59999999954,3.489285571428539
2013-08-08,38,38.5,34.099998,34.549999,146852,0,0,0,0,34.549999,112.95,146852,157472.94999999955,3.657142928571396
2013-08-12,35.200001,35.200001,31.5,32.650002,380339,0,0,1,0,32.650002,112.95,380339,174014.74999999953,3.732142857142825
2013-08-13,32.299999,32.950001,31.6,31.799999,220827,0,0,1,0,31.799999,112.95,220827,178292.39999999953,3.7000001428571103
2013-08-14,32.799999,32.799999,31.5,31.6,252009,0,0,1,0,31.6,112.95,252009,185723.29999999952,3.6857143571428246
2013-08-16,31.049999,32,29.6,30.299999,177802,0,0,0,0,30.299999,112.95,177802,192466.29999999952,3.77857164285711
2013-08-19,29.85,30.049999,27,28.4,200536,0,0,1,0,28.4,112.95,200536,193740.04999999952,3.9107143571428247
2013-08-20,28.5,28.700001,27.35,28.15,330407,0,0,1,0,28.15,112.95,330407,208604.59999999954,3.8107144285713956
2013-08-21,28.35,29.25,26.799999,28.15,502099,0,0,1,0,28.15,112.95,502099,219984.69999999955,3.714285999999967
2013-08-22,28,30.200001,26.799999,30,943831,0,0,1,0,30,112.95,943831,265357.14999999956,3.5928577142856817
2013-08-23,30.200001,31.4,28.85,31.15,455263,0,0,1,0,31.15,112.95,455263,286700.7999999995,3.2750005714285386
2013-08-26,31,33.700001,30,31.85,191415,0,0,0,0,31.85,112.95,191415,294911.74999999953,3.3500004999999673
2013-08-27,32,32.599998,30.15,31.5,158800,0,0,0,0,31.5,112.95,158800,300840.0999999995,3.31071464285711
2013-08-28,31,32.599998,30.1,32.400002,220832,0,0,0,0,32.400002,112.95,220832,306913.0499999995,3.310714499999967
2013-08-29,32.349998,33.799999,31.549999,32.900002,207131,0,0,0,0,32.900002,112.95,207131,309211.99999999953,2.6500002142856816
2013-08-30,33,34.650002,32.650002,34.5,196593,0,0,0,0,34.5,112.95,196593,304823.44999999955,2.478571499999967
2013-09-02,34.700001,35.549999,33.75,35,172331,0,0,0,0,35,112.95,172331,297788.24999999953,2.3428570714285386
2013-09-03,35,35.450001,33.5,34,104371,0,0,0,0,34,112.95,104371,296799.0499999995,2.3857142142856813
2013-09-04,34.450001,34.849998,33,34.25,215253,0,0,0,0,34.25,112.95,215253,303921.49999999953,2.4249998571428244
2013-09-05,34.599998,36.75,34.200001,35.400002,182413,0,0,0,0,35.400002,112.95,182413,310961.5999999995,2.4357140714285386
2013-09-06,34.549999,36.799999,34.549999,35.5,192577,0,0,0,0,35.5,112.95,192577,272584.0499999995,2.36071414285711
2013-09-10,36.650002,36.700001,34.5,36.599998,123163,0,0,0,1,36.599998,112.95,123163,271399.5999999995,2.421428428571396
2013-09-11,36.400002,37.799999,36.049999,36.450001,124888,0,0,0,1,36.450001,112.95,124888,258627.04999999952,2.3714283571428245
2013-09-12,36.799999,39.75,36.599998,38,189713,0,0,0,1,38,112.95,189713,257071.34999999954,2.364285285714253
2013-09-13,38.5,39.400002,35.450001,36.049999,370869,0,0,1,1,36.049999,112.95,370869,263014.3499999995,2.4642853571428245
2013-09-16,37.299999,37.400002,35,35.049999,86470,0,0,0,1,35.049999,112.95,86470,258447.74999999953,2.371428285714253
2013-09-17,34.950001,34.950001,33.5,33.599998,80867,0,0,0,1,33.599998,112.95,80867,252464.29999999952,2.30714264285711
2013-09-18,34,34,32.25,33.150002,316200,0,0,1,1,33.150002,112.95,316200,251753.94999999955,2.2535713571428246
2013-09-19,33.549999,34.5,33.049999,34.400002,351246,0,0,1,1,34.400002,112.95,351246,244211.29999999952,2.1964285714285388
2013-09-20,34.150002,34.150002,32,32.5,815735,0,0,1,1,32.5,112.95,815735,237806.49999999953,2.2250001428571102
2013-09-23,32.299999,32.299999,30.75,30.799999,328037,0,0,1,1,30.799999,112.95,328037,231445.19999999955,2.221428785714253
2013-09-24,30.950001,31.299999,29.15,30,484219,0,0,1,1,30,112.95,484219,246085.39999999953,2.235714357142825
2013-09-25,29.85,30.6,28.549999,29,315187,0,0,1,1,29,112.95,315187,253904.74999999953,2.2500002857142536
2013-09-26,28.950001,30,28.4,28.5,528882,0,0,1,1,28.5,112.95,528882,269307.24999999953,2.182143214285682
2013-09-27,28.4,29.299999,28.200001,28.6,254295,0,0,0,1,28.6,112.95,254295,271665.44999999955,2.100000214285682
2013-09-30,28.6,30.25,28.200001,29.700001,214148,0,0,0,1,29.700001,112.95,214148,272543.19999999955,2.0892857857142535
2013-10-01,30,30.299999,29.1,30,109361,0,0,0,1,30,112.95,109361,269394.69999999955,2.049999999999968
2013-10-03,30,30.75,29.799999,30.4,180689,0,0,0,1,30.4,112.95,180689,273210.5999999995,1.8821429999999677
2013-10-04,30,30.9,30,30,92631,0,0,0,1,30,112.95,92631,267079.49999999953,1.6642857857142535
2013-10-07,30.200001,31.799999,29.700001,31.450001,181625,0,0,0,1,31.450001,112.95,181625,267040.0999999995,1.642856928571396
2013-10-08,32,32.450001,31.4,31.9,266415,0,0,0,1,31.9,112.95,266415,270731.99999999953,1.6071427857142535
2013-10-09,31,32.900002,31,32.400002,238322,0,0,0,1,32.400002,112.95,238322,276489.94999999955,1.617857214285682
2013-10-10,32.450001,33.349998,32.099998,32.700001,311751,0,0,1,1,32.700001,112.95,311751,285833.0999999995,1.6035714285713962
2013-10-11,33.049999,35,32.599998,34.150002,1370330,0,0,1,1,34.150002,112.95,1370330,344863.94999999955,1.6035714285713962
2013-10-14,33.349998,34.599998,33.299999,33.5,168587,0,0,0,1,33.5,112.95,168587,334749.8499999995,1.5714284999999677
2013-10-15,33.200001,34.599998,33.049999,33.099998,157041,0,0,0,1,33.099998,112.95,157041,338278.39999999956,1.5285713571428248
2013-10-17,33.950001,33.950001,32.099998,32.200001,152727,0,0,0,1,32.200001,112.95,152727,341871.39999999956,1.5142857857142533
2013-10-18,32.5,34.200001,32.299999,33.549999,267020,0,0,0,1,33.549999,112.95,267020,339412.39999999956,1.5428572142856818
2013-10-21,33.700001,35,33.700001,34.25,230097,0,0,0,1,34.25,112.95,230097,333354.94999999955,1.567857428571396
2013-10-22,34.450001,40.450001,34.400002,38.200001,1963277,0,0,1,1,38.200001,112.95,1963277,390732.0499999995,1.8642861428571105
2013-10-23,38.900002,39.950001,38.299999,39.599998,1422729,0,0,1,1,39.599998,112.95,1422729,445466.64999999956,1.9035719285713963
2013-10-24,39.599998,40.900002,39.400002,40.099998,437876,0,0,0,1,40.099998,112.95,437876,443149.49999999953,1.942857571428539
2013-10-25,40.299999,40.450001,38.25,39,314867,0,0,0,1,39,112.95,314867,443133.49999999953,2.0357147857142537
2013-10-28,39.299999,40.099998,39.299999,39.299999,160837,0,0,0,1,39.299999,112.95,160837,424731.24999999953,1.964286214285682
2013-10-29,38.900002,39.299999,36.900002,38.349998,122576,0,0,0,1,38.349998,112.95,122576,418145.2999999995,2.0607144999999676
2013-10-30,38.400002,41.75,38.400002,40.200001,735287,0,0,1,1,40.200001,112.95,735287,444202.24999999953,2.167857357142825
2013-10-31,41.299999,44.400002,40.150002,42.650002,1013558,0,0,1,1,42.650002,112.95,1013558,489412.0999999995,2.382143071428539
2013-11-01,42.950001,43.799999,42.5,42.75,319096,0,0,0,1,42.75,112.95,319096,496332.44999999955,2.303571428571396
2013-11-05,42.150002,43.299999,40.900002,41.799999,153454,0,0,0,1,41.799999,112.95,153454,499373.5999999995,2.3821427142856817
2013-11-06,42.450001,42.75,41.5,42.200001,312622,0,0,0,1,42.200001,112.95,312622,505923.44999999955,2.360714214285682
2013-11-07,42.299999,42.799999,41.349998,41.549999,179936,0,0,0,1,41.549999,112.95,179936,501599.49999999953,2.3321426428571104
2013-11-08,42.5,42.700001,41,41.700001,169992,0,0,0,1,41.700001,112.95,169992,498182.99999999953,2.3107141428571105
2013-11-11,41.049999,41.450001,40,40,58210,0,0,0,1,40,112.95,58210,485505.94999999955,2.3285712857142533
2013-11-12,40.799999,40.900002,38.450001,38.599998,95340,0,0,0,1,38.599998,112.95,95340,421756.44999999955,2.0607141428571105
2013-11-13,38.049999,39,37.049999,37.349998,105212,0,0,0,1,37.349998,112.95,105212,418587.69999999955,2.0749999285713963
2013-11-14,37.5,40.799999,37.349998,37.799999,163167,0,0,0,1,37.799999,112.95,163167,418893.99999999953,2.214285714285682
2013-11-18,38.599998,39.5,37.599998,38.650002,132459,0,0,0,1,38.650002,112.95,132459,417880.5999999995,2.1928572142856817
2013-11-19,38.5,40.299999,38.5,38.799999,73736,0,0,0,1,38.799999,112.95,73736,408216.39999999956,2.2428572857142535
2013-11-20,38.75,39.950001,38.150002,38.75,187037,0,0,0,1,38.75,112.95,187037,406063.39999999956,2.2000002857142533
2013-11-21,37.599998,39.900002,37.599998,38.5,98852,0,0,0,1,38.5,112.95,98852,312842.14999999956,2.1214289999999676
2013-11-22,39,39.5,38.049999,38.5,88962,0,0,0,1,38.5,112.95,88962,246153.79999999952,1.9214290714285391
2013-11-25,38.400002,39.5,38.400002,38.5,58454,0,0,0,1,38.5,112.95,58454,227182.69999999955,1.9071432857142534
2013-11-26,39,39.25,32.049999,32.900002,1000123,0,0,1,1,32.900002,112.95,1000123,261445.49999999953,2.250000714285682
2013-11-27,33.900002,35.400002,33.5,35.099998,394693,0,0,1,1,35.099998,112.95,394693,273138.2999999995,2.339286428571396
2013-11-28,34.549999,37.75,34.549999,37.5,470382,0,0,1,1,37.5,112.95,470382,290528.5999999995,2.464286428571396
2013-11-29,36.75,39.5,36.75,38.599998,402535,0,0,1,1,38.599998,112.95,402535,273890.99999999953,2.539286357142825
2013-12-02,39.299999,40.200001,38.700001,38.849998,219562,0,0,0,1,38.849998,112.95,219562,234191.19999999955,2.5321436428571107
2013-12-03,39.299999,39.400002,38,38.5,92899,0,0,0,1,38.5,112.95,92899,222881.34999999954,2.457143714285682
2013-12-04,38.099998,39,37.650002,37.799999,122735,0,0,0,1,37.799999,112.95,122735,221345.39999999953,2.414286357142825
2013-12-05,38.5,38.950001,37.799999,37.799999,122290,0,0,0,1,37.799999,112.95,122290,211828.79999999952,2.250000714285682
2013-12-06,38.349998,38.400002,37.150002,38.049999,94523,0,0,0,1,38.049999,112.95,94523,207558.14999999953,2.203571999999968
2013-12-09,39.450001,39.599998,37.900002,37.950001,114912,0,0,0,1,37.950001,112.95,114912,204804.14999999953,2.1964289285713963
2013-12-10,37.25,38.700001,36.549999,37,67929,0,0,0,1,37,112.95,67929,205290.09999999954,2.2214291428571107
2013-12-11,37.099998,37.5,36.700001,37.099998,116370,0,0,0,1,37.099998,112.95,116370,206341.59999999954,2.114285928571396
2013-12-12,36.849998,38,35.799999,36,167526,0,0,0,1,36,112.95,167526,209457.29999999952,2.167857357142825
2013-12-13,36.150002,36.549999,35.400002,35.549999,110560,0,0,0,1,35.549999,112.95,110560,206826.94999999955,2.171428714285682
2013-12-16,36,36.5,34.75,35.150002,89181,0,0,0,1,35.150002,112.95,89181,204663.04999999952,1.7821429285713961
2013-12-17,35.700001,35.75,34.75,35.099998,70147,0,0,0,1,35.099998,111.8,70147,204483.59999999954,1.675000071428539
2013-12-18,35.25,37.25,35,37.099998,180752,0,0,0,1,37.099998,111.6,180752,204169.34999999954,1.6071428571428246
2013-12-19,37.5,44.099998,36.799999,44.099998,1655107,0,0,1,1,44.099998,111.6,1655107,281982.0999999995,1.9321427857142532
2013-12-20,44.400002,49,44,46.25,1880176,0,0,1,1,46.25,111.6,1880176,371542.7999999995,2.174999714285682
2013-12-23,47,51.400002,44.700001,49.650002,2024839,0,0,1,1,49.650002,111.6,2024839,469862.0499999995,2.553571071428539
2013-12-24,50,51.75,49.599998,50.799999,713703,0,0,1,1,50.799999,111.6,713703,455541.0499999995,2.610714214285682
2013-12-26,51,55.5,51,55.5,759164,0,0,1,1,55.5,111.6,759164,473764.5999999995,2.864285571428539
2013-12-27,54.900002,58.950001,54.900002,58.950001,1693705,0,0,1,1,58.950001,111.6,1693705,534930.7499999995,3.0642854999999676
2013-12-30,60.950001,64.800003,54.150002,64.650002,3389748,0,0,1,1,64.650002,111,3389748,684291.3999999996,3.7035715714285393
2013-12-31,63.799999,66.699997,62.349998,63,1089626,0,0,1,1,63,110.7,1089626,727794.5999999995,3.860714214285682
2014-01-01,64.849998,65,62.299999,62.799999,292863,0,0,0,1,62.799999,110.7,292863,737792.7999999996,3.9964286428571105
2014-01-02,63,63.799999,59.599998,60.150002,563320,0,0,0,1,60.150002,110.7,563320,759822.0499999996,4.139285785714253
2014-01-03,58.200001,59.049999,56.849998,58,242637,0,0,0,1,58,110.7,242637,765839.3999999996,4.292857714285682
2014-01-06,58,61,57.25,61,305331,0,0,0,1,61,110.7,305331,776379.7999999996,4.435714857142825
2014-01-07,62.099998,63.900002,58.5,63.25,543300,0,0,0,1,63.25,110.7,543300,797799.1999999995,4.750000714285682
2014-01-08,64.25,64.800003,61.799999,62,388769,0,0,0,1,62,110.7,388769,813841.1999999995,4.803572428571397
2014-01-09,62,64,61.150002,61.599998,194993,0,0,0,1,61.599998,110.7,194993,817772.3499999995,4.485715214285682
2014-01-10,61.099998,63.900002,60.049999,62.900002,496885,0,0,0,1,62.900002,110.7,496885,834240.2999999996,4.40357257142854
2014-01-13,63.799999,66.050003,63,66.050003,681422,0,0,0,1,66.050003,110.7,681422,862783.3999999997,4.1500011428571115
2014-01-14,66.949997,68.5,65,65.25,328042,0,0,0,1,65.25,110.7,328042,874726.4499999996,4.24642957142854
2014-01-15,64.599998,67.25,64.349998,66.150002,310302,0,0,0,1,66.150002,110.7,310302,886734.1999999996,4.1178582142856825
2014-01-16,66.449997,67.699997,64.699997,66.150002,254077,0,0,0,1,66.150002,108,254077,890400.4499999996,4.042858285714254
2014-01-17,65.699997,65.949997,63.049999,64.650002,366879,0,0,0,1,64.650002,108,366879,825989.0499999996,3.5035727142856823
2014-01-20,64,66.800003,64,66.5,222080,0,0,0,1,66.5,106.8,222080,743084.2499999995,3.392858714285683
2014-01-21,65,66.800003,64.25,66.050003,86968,0,0,0,1,66.050003,106.8,86968,646190.6999999995,3.3821445714285403
2014-01-22,66,66.449997,65.25,66,95265,0,0,0,1,66,105,95265,615268.7999999996,3.16785857142854
2014-01-23,65.5,68.300003,65.050003,68.050003,218465,0,0,0,1,68.050003,102.7,218465,588233.8499999995,3.1642868571428258
2014-01-24,67,69.300003,65.199997,66.25,389199,0,0,0,1,66.25,101.9,389199,523008.5499999995,3.1892872857142547
2014-01-27,65.050003,65.300003,62.700001,63.549999,314344,0,0,0,0,63.549999,101.9,314344,369238.3499999995,3.057144214285683
2014-01-28,63.950001,65.5,60.799999,61.200001,245747,0,0,0,0,61.200001,101.9,245747,327044.39999999956,3.17857257142854
2014-01-29,61.5,62,57.950001,57.950001,110610,0,0,0,0,57.950001,101.9,110610,317931.74999999953,3.2642869285713974
2014-01-30,57,57,55.150002,55.150002,57878,0,0,0,0,55.150002,101.9,57878,292659.64999999956,3.1892866428571116
2014-01-31,53.099998,57.900002,52.599998,57.900002,211163,0,0,0,0,57.900002,101.9,211163,291085.94999999955,3.342858285714254
2014-02-03,58,60.75,58,60,203955,0,0,0,0,60,101.9,203955,286017.14999999956,3.29642957142854
2014-02-04,59,61.5,57.200001,60.849998,113598,0,0,0,0,60.849998,101.9,113598,264532.0499999995,3.3964293571428255
2014-02-05,61.75,63.75,60.599998,63.75,227776,0,0,0,0,63.75,101.9,227776,256482.39999999953,3.407143785714254
2014-02-06,64.800003,65.900002,63,64.5,171055,0,0,0,0,64.5,101.9,171055,255285.49999999953,3.3928579999999684
2014-02-07,65,66,64.75,65.699997,196804,0,0,0,0,65.699997,100.45,196804,240281.44999999955,3.300000642857111
2014-02-10,65.699997,65.699997,64.300003,65.25,116758,0,0,0,0,65.25,99,116758,212048.24999999953,3.21785714285711
2014-02-11,66.400002,66.400002,63.900002,64.650002,82279,0,0,0,0,64.650002,97.5,82279,199760.09999999963,3.3107144999999676
2014-02-12,64.5,65.449997,63.950001,64.050003,321054,0,0,1,0,64.050003,95.800003,321054,200297.69999999972,3.1857142142856816
2014-02-13,64.650002,65.5,62,65.25,406258,0,0,1,0,65.25,95.800003,406258,207906.74999999983,3.1428566428571094
2014-02-14,65.449997,65.449997,63,64.900002,83582,0,0,0,0,64.900002,95.699997,83582,193741.89999999982,3.064285071428538
2014-02-17,63,65,63,64.050003,41098,0,0,0,0,64.050003,95.699997,41098,184692.7999999998,2.8714278571428236
2014-02-18,63.299999,64,60.150002,63.200001,38693,0,0,0,0,63.200001,95.699997,38693,182279.0499999998,2.860713714285681
2014-02-19,61,65,60.099998,63.099998,81429,0,0,0,0,63.099998,95.699997,81429,181587.24999999983,3.0107139285713953
2014-02-20,63.049999,63.700001,62.099998,62.950001,17898,0,0,0,0,62.950001,95.699997,17898,171558.89999999982,2.7464281428571096
2014-02-21,63,64.949997,62.099998,63.25,19124,0,0,0,0,63.25,95.699997,19124,153055.14999999982,2.746428214285681
2014-02-24,63.5,65.400002,61.5,63.799999,81035,0,0,0,0,63.799999,92.5,81035,141389.6999999998,2.7178569999999667
2014-02-25,62,63,61.5,61.950001,17658,0,0,0,1,61.950001,92.5,17658,129985.24999999981,2.6571424999999667
2014-02-26,61,64.5,61,64,92276,0,0,0,1,64,92.400002,92276,129068.54999999981,2.6999994999999664
2014-02-28,61.5,64.800003,61.200001,63.900002,65195,0,0,0,1,63.900002,88.5,65195,129434.39999999982,2.8499996428571097
2014-03-03,63.299999,66,62.049999,64.900002,78213,0,0,0,1,64.900002,86.349998,78213,122786.89999999982,3.032142999999967
2014-03-04,64.900002,65,62.700001,64.199997,226725,0,0,1,1,64.199997,83.75,226725,123925.39999999982,3.0178572142856814
2014-03-05,65,68,63.400002,64.400002,61190,0,0,0,1,64.400002,71.400002,61190,121304.99999999981,3.239285928571396
2014-03-06,63.799999,68.199997,63,67.5,202713,0,0,1,1,67.5,69.300003,202713,120051.84999999982,3.360714285714253
2014-03-07,67.800003,68.900002,65.099998,67.699997,124896,0,0,1,1,67.699997,69.300003,124896,117743.89999999982,3.457143357142825
2014-03-10,63.5,70.349998,63.5,68.400002,180276,0,0,1,1,68.400002,69.300003,180276,116917.49999999981,3.8035717857142535
2014-03-11,67.300003,73.849998,67.300003,71.849998,314134,1,1,1,1,71.849998,70.349998,314134,126786.29999999981,3.9928570714285385
2014-03-12,72.400002,73.199997,69.400002,70.449997,102523,0,0,0,1,70.449997,73.849998,102523,127798.49999999981,3.9142851428571097
2014-03-13,70,71.199997,67.349998,69,99225,0,0,0,1,69,73.849998,99225,116707.04999999981,4.074999142857109
2014-03-14,67.099998,74.849998,67,71.599998,1364044,0,0,1,1,71.599998,73.849998,1364044,164596.3499999998,4.432141928571395
2014-03-18,73.050003,74.199997,72,72.900002,401265,0,0,1,1,72.900002,74.849998,401265,180480.49999999983,4.3392845714285375
2014-03-19,73.400002,73.449997,71.199997,71.800003,81288,0,0,0,1,71.800003,74.849998,81288,182489.99999999983,4.335713214285681
2014-03-20,71.449997,72.599998,71,71.5,179652,0,0,0,1,71.5,74.849998,179652,189537.9499999998,4.199998785714252
2014-03-21,70.5,73.400002,66,69.449997,270078,0,0,1,1,69.449997,74.849998,270078,198970.39999999982,4.471427357142823
2014-03-24,69.650002,71.300003,68.900002,69.099998,127890,0,0,0,1,69.099998,74.849998,127890,204469.99999999983,4.360713071428537
2014-03-25,68.050003,71.5,68.050003,70.800003,727522,0,0,1,1,70.800003,74.849998,727522,239889.89999999982,4.442855785714252
2014-03-26,70.5,70.949997,67.650002,68.800003,255007,0,0,1,1,68.800003,74.849998,255007,248588.49999999983,4.349998428571395
2014-03-27,68.650002,69.75,67,67.900002,91651,0,0,0,1,67.900002,74.849998,91651,252288.14999999982,4.174998642857109
2014-03-28,68.699997,69.599998,67.050003,67.599998,87475,0,0,0,1,67.599998,74.849998,87475,252048.0999999998,4.085712285714251
2014-03-31,67,69.449997,67,68.75,63949,0,0,0,1,68.75,74.849998,63949,251985.7999999998,3.7714264999999654
2014-04-01,69,69.699997,68,68.800003,99641,0,0,0,1,68.800003,74.849998,99641,253057.1999999998,3.424998071428537
2014-04-02,68.099998,73.349998,68.099998,72.550003,238790,0,0,0,1,72.550003,74.849998,238790,253660.4499999998,3.528569857142823
2014-04-03,73,73,69.75,70.75,52955,0,0,0,1,70.75,74.849998,52955,253248.6999999998,3.485712785714252
2014-04-04,70.099998,73,68.75,71.449997,80414,0,0,0,1,71.449997,74.849998,80414,247133.74999999983,3.2285700714285377
2014-04-07,72.800003,74.599998,71,72.050003,314732,0,0,1,1,72.050003,74.849998,314732,256625.5499999998,3.299998571428538
2014-04-09,71.849998,84.5,71.849998,80.550003,1700164,1,1,1,1,80.550003,74.849998,1700164,332619.94999999984,4.042855857142824
2014-04-10,80.900002,81.349998,77.099998,77.650002,531523,0,0,1,1,77.650002,84.5,531523,343489.3999999998,4.232141714285681
2014-04-11,77.800003,80.75,76.050003,76.650002,1100677,0,0,1,1,76.650002,84.5,1100677,393397.0999999998,4.03928421428568
2014-04-15,76.699997,81.199997,76.699997,78.050003,545565,0,0,1,1,78.050003,84.5,545565,415714.0999999998,4.19285521428568
2014-04-16,78.75,81,77.099998,77.75,350051,0,0,0,1,77.75,84.5,350051,365014.44999999984,4.224998428571395
2014-04-17,78,80,75.75,76.900002,173350,0,0,0,1,76.900002,84.5,173350,353618.69999999984,4.292855928571394
2014-04-21,79.5,81.800003,77.300003,79.449997,1220169,0,0,1,1,79.449997,84.5,1220169,410562.7499999998,4.446427428571395
2014-04-22,80.099998,80.800003,77.699997,78.199997,199548,0,0,0,1,78.199997,84.5,199548,411557.5499999998,4.485713928571395
2014-04-23,77.599998,83,77.5,80.050003,558031,0,0,1,1,80.050003,84.5,558031,425955.19999999984,4.703571285714253
2014-04-25,80.050003,80.849998,78.5,79,166817,0,0,0,1,79,84.5,166817,427901.5499999998,4.7499999285713965
2014-04-28,79,81.900002,78.5,79.650002,314489,0,0,0,1,79.650002,84.5,314489,407249.8999999998,4.617857214285682
2014-04-29,78.300003,81.849998,78.300003,80.099998,398947,0,0,0,1,80.099998,84.5,398947,414446.8999999998,4.639285428571396
2014-04-30,81.5,83.199997,80,81.650002,2347025,0,0,1,1,81.650002,84.5,2347025,527215.5999999999,4.564285214285682
2014-05-02,81.349998,83,78,78.75,497657,0,0,0,1,78.75,84.5,497657,547724.6999999998,4.664285357142824
2014-05-05,78,79.300003,75.550003,76,221159,0,0,0,1,76,84.5,221159,555585.1999999998,4.028570928571396
2014-05-06,76.800003,77.849998,75.599998,76,168649,0,0,0,1,76,84.5,168649,559035.5999999999,3.8857137857142527
2014-05-07,75.550003,77.849998,74.199997,75.199997,177675,0,0,0,1,75.199997,84.5,177675,555979.8499999999,3.810714071428539
2014-05-08,75.349998,81,75.349998,79.199997,466086,0,0,0,1,79.199997,84.5,466086,576636.3999999998,3.9000003571428254
2014-05-09,79,80.349998,77.400002,78.5,198059,0,0,0,1,78.5,84.5,198059,582518.6499999998,3.832142785714254
2014-05-12,78.400002,79.650002,77.150002,78.25,104096,0,0,0,1,78.25,84.5,104096,571986.8499999999,3.707142785714254
2014-05-13,79,82.949997,79,82.25,628620,0,0,1,1,82.25,84.5,628620,518409.6499999998,3.692856785714253
2014-05-14,82,84,79.75,80.199997,242997,0,0,0,1,80.199997,84.5,242997,503983.3499999998,3.7749992142856814
2014-05-15,81,82,78,78.199997,113590,0,0,0,1,78.199997,84.5,113590,454628.9999999998,3.667856357142824
2014-05-16,79.199997,81,77,77.650002,151144,0,0,0,1,77.650002,84.5,151144,434907.94999999984,3.78571364285711
2014-05-19,78.199997,83.300003,78.150002,82.599998,279544,0,0,0,1,82.599998,84.5,279544,431382.5999999998,3.9464278571428246
2014-05-20,83.5,89.449997,83.5,86.900002,838835,1,1,1,1,86.900002,84.5,838835,464656.8499999998,4.182142428571396
2014-05-21,88,89.5,86.099998,86.949997,265903,0,0,0,1,86.949997,89.449997,265903,416943.5499999998,4.196428499999968
2014-05-22,87.050003,91.449997,87.050003,89,648740,0,0,1,1,89,89.5,648740,439403.1499999998,4.160714214285682
2014-05-23,89.099998,91,89,89.949997,295573,0,0,0,1,89.949997,91.449997,295573,426280.2499999998,4.035714214285682
2014-05-26,90,91.400002,80.099998,82.599998,300218,0,0,0,1,82.599998,91.449997,300218,432950.2999999998,4.6821430714285395
2014-05-27,82.5,84.449997,79,80,128553,0,0,0,1,80,91.449997,128553,423653.4999999998,4.810714214285682
2014-05-28,80.5,81.599998,78.050003,78.300003,309731,0,0,0,1,78.300003,91.449997,309731,419192.69999999984,4.649999357142824
2014-05-29,78.300003,79.800003,78,78.650002,107268,0,0,0,1,78.650002,91.449997,107268,307204.8499999998,4.567856999999967
2014-05-30,77.949997,81.5,77.949997,80.050003,149282,0,0,0,1,80.050003,91.449997,149282,289786.0999999998,4.642857214285682
2014-06-02,80.949997,82.449997,79.25,81.650002,110612,0,0,0,1,81.650002,91.449997,110612,284258.7499999998,4.535714357142824
2014-06-03,81.5,87.25,81.5,86.550003,384886,0,0,1,1,86.550003,91.449997,384886,295070.5999999998,4.642857214285682
2014-06-04,86.75,100.4,85,97.800003,4243251,1,1,1,1,97.800003,91.449997,4243251,498349.3999999998,5.457142928571396
2014-06-05,97.949997,99.550003,94.199997,95.849998,684203,0,0,1,1,95.849998,100.4,684203,509255.2499999998,5.5535719285713965
2014-06-06,97.449997,98.800003,96,97.150002,383469,0,0,0,1,97.150002,100.4,383469,518525.7499999998,5.360715071428539
2014-06-09,97.75,102.5,97,101.8,870510,1,1,1,1,101.8,100.4,870510,556846.4499999998,5.26428657142854
2014-06-10,103.5,108.4,102.7,103.9,1948196,1,1,1,1,103.9,102.5,1948196,622825.2499999998,5.492857857142826
2014-06-11,103.8,104.9,97.849998,98.550003,375007,0,0,0,1,98.550003,108.4,375007,629425.7499999998,5.675000857142827
2014-06-12,97.75,100,94,97.5,161697,0,0,0,1,97.5,108.4,161697,631831.0999999999,5.960715142857112
2014-06-13,97.400002,98.949997,89.449997,90.949997,258916,0,0,0,1,90.949997,108.4,258916,637219.6999999998,5.832143428571398
2014-06-16,89,92,84.050003,90.949997,206857,0,0,0,1,90.949997,108.4,206857,633585.3499999999,6.010714857142827
2014-06-17,91.449997,97.349998,90,95.150002,359851,0,0,0,1,95.150002,108.4,359851,609636.1499999998,6.282143642857113
2014-06-18,95.150002,96,91.199997,92.25,188871,0,0,0,1,92.25,108.4,188871,605784.5499999998,6.496429357142827
2014-06-19,93,93.900002,87.25,89.550003,165442,0,0,0,1,89.550003,108.4,165442,581619.6499999998,6.7178578571428265
2014-06-20,90,91,80.900002,83.300003,1393472,0,0,1,1,83.300003,108.4,1393472,636514.5999999999,7.210715071428541
2014-06-23,84.25,86.400002,83,83.849998,537051,0,0,0,1,83.849998,108.4,537051,648356.2499999998,7.042858071428541
2014-06-24,85.050003,88.5,85.050003,87.349998,460940,0,0,0,1,87.349998,108.4,460940,664975.5999999999,6.275001071428541
2014-06-25,87.349998,88.400002,86.5,86.699997,137795,0,0,0,1,86.699997,108.4,137795,656378.7999999998,6.028572214285683
2014-06-26,85.849998,87.900002,84.5,85.550003,268561,0,0,0,1,85.550003,108.4,268561,664443.4499999998,6.060714857142826
2014-06-27,85.099998,87,83.650002,84.199997,145400,0,0,0,1,84.199997,108.4,145400,664249.3499999999,5.9071432857142545
2014-06-30,84,90.699997,84,87.300003,496561,0,0,0,1,87.300003,108.4,496561,683546.7999999998,5.914285928571396
2014-07-01,88,93.800003,88,91.599998,1075948,0,0,1,1,91.599998,108.4,1075948,718099.8999999998,5.875000071428539
2014-07-02,92.5,94.800003,92,94.199997,685078,0,0,1,1,94.199997,108.4,685078,540191.2499999998,5.675000428571396
2014-07-03,94.199997,94.900002,91,91.599998,161172,0,0,0,1,91.599998,108.4,161172,514039.69999999984,5.2750005714285395
2014-07-04,91.800003,94,90.550003,92,196803,0,0,0,1,92,108.4,196803,504706.3999999998,4.9535719999999674
2014-07-07,92,93.449997,90.25,90.949997,131979,0,0,0,1,90.949997,108.4,131979,467779.8499999998,4.657143357142824
2014-07-08,91,91.599998,84.449997,85.300003,190514,0,0,0,1,85.300003,108.4,190514,379895.7499999998,4.825000357142825
2014-07-09,85,88.199997,83.099998,86.699997,233168,0,0,0,1,86.699997,108.4,233168,372803.7999999998,4.7142858571428246
2014-07-10,85.099998,91.800003,84.199997,87.949997,226495,0,0,0,1,87.949997,108.4,226495,376043.69999999984,4.535714999999968
2014-07-11,88.199997,89.449997,83.900002,85,139555,0,0,0,1,85,108.4,139555,370075.6499999998,4.689285928571396
2014-07-14,86.800003,86.800003,81.400002,81.699997,156415,0,0,0,1,81.699997,108.4,156415,367553.5499999998,4.742857285714253
2014-07-15,81.699997,86.5,81.699997,85.550003,146117,0,0,0,1,85.550003,108.4,146117,356866.8499999998,4.950000214285682
2014-07-16,85.599998,88.5,85.550003,87.150002,115866,0,0,0,1,87.150002,108.4,115866,353216.5999999998,4.917856999999968
2014-07-17,87.400002,90.5,85.099998,88.599998,179912,0,0,0,1,88.599998,108.4,179912,353940.0999999998,5.064285857142825
2014-07-18,87,90,86.449997,87.150002,96087,0,0,0,1,87.150002,108.4,96087,289070.8499999998,4.839286285714254
2014-07-21,87.5,91,87.5,89,97331,0,0,0,1,89,108.4,97331,267084.8499999998,4.6500004285713965
2014-07-22,91.5,91.5,85.550003,87.550003,78577,0,0,0,1,87.550003,108.4,78577,247966.6999999998,4.846428428571396
2014-07-23,88.050003,89.599998,87.400002,89.150002,157196,0,0,0,1,89.150002,108.4,157196,248936.74999999983,4.724999428571396
2014-07-24,89.050003,91,87.849998,88.150002,81143,0,0,0,1,88.150002,108.4,81143,239565.8499999998,4.703571214285682
2014-07-25,88.050003,88.800003,84.75,85.050003,89660,0,0,0,1,85.050003,108.4,89660,236778.8499999998,4.764285928571397
2014-07-28,82.699997,87,82.699997,84.099998,51137,0,0,0,1,84.099998,108.4,51137,214507.64999999982,4.5607146428571115
2014-07-30,84.099998,86.5,81.949997,82.900002,89384,0,0,0,1,82.900002,108.4,89384,165179.4499999998,4.521429214285683
2014-07-31,82,85,82,83.5,277514,0,0,1,1,83.5,108.4,277514,144801.24999999983,4.192857357142826
2014-08-01,81.300003,86.400002,81.300003,84,176948,0,0,1,1,84,108.4,176948,145590.0499999998,4.160714785714254
2014-08-04,86.699997,86.699997,82.349998,82.75,75930,0,0,0,1,82.75,108.4,75930,139546.39999999982,4.085714642857111
2014-08-05,82.599998,86.599998,82.599998,86.050003,134095,0,0,0,1,86.050003,108.4,134095,139652.1999999998,4.028571571428539
2014-08-06,86.800003,87.5,83.5,83.800003,176084,0,0,1,1,83.800003,108.4,176084,138930.6999999998,4.103571785714253
2014-08-07,83.849998,84.75,78.400002,82.699997,1239098,0,0,1,1,82.699997,108.4,1239098,189227.1999999998,4.17142864285711
2014-08-08,77.599998,82.25,75.099998,79.599998,517791,0,0,1,0,79.599998,108.4,517791,203791.99999999983,4.460714071428539
2014-08-11,79.949997,81.800003,78.300003,79.099998,292732,0,0,1,0,79.099998,108.4,292732,211450.8499999998,4.435714214285682
2014-08-12,79.199997,80.900002,76.400002,77.199997,102641,0,0,0,1,77.199997,108.4,102641,208762.14999999982,4.332142999999967
2014-08-13,77.5,77.949997,69.75,70.050003,318151,0,0,1,1,70.050003,108.4,318151,217363.8499999998,4.760714499999968
2014-08-14,72,74.949997,69.199997,71.5,469154,0,0,1,1,71.5,108.4,469154,235028.24999999983,4.94642864285711
2014-08-18,70.900002,73.699997,70.900002,73.199997,95863,0,0,0,1,73.199997,108.4,95863,230825.7999999998,4.857142357142824
2014-08-19,75.099998,78.900002,74.349998,75.449997,465916,0,0,1,1,75.449997,108.4,465916,249317.24999999983,4.957142499999967
2014-08-20,75,78.949997,74.050003,76.949997,232780,0,0,0,1,76.949997,108.4,232780,256089.6999999998,4.982141857142823
2014-08-21,76.199997,78.25,75.5,75.75,345774,0,0,1,1,75.75,108.4,345774,269449.5499999998,4.9642847142856805
2014-08-22,76.300003,78.699997,72.449997,73.150002,228664,0,0,0,1,73.150002,108.4,228664,273022.94999999984,5.046427642857109
2014-08-25,73.699997,75,72,72.150002,303612,0,0,1,1,72.150002,108.4,303612,284146.3999999998,4.949999142857109
2014-08-26,70.199997,72.099998,69.25,70.150002,101867,0,0,0,1,70.150002,108.4,101867,284756.7499999998,4.871427857142824
2014-08-27,70.900002,71,69,69.400002,84330,0,0,0,1,69.400002,108.4,84330,286416.3999999998,4.728570714285681
2014-08-28,69.150002,70.449997,68.150002,68.25,74532,0,0,0,1,68.25,108.4,74532,285673.7999999998,4.439284785714252
2014-09-01,67.099998,68.949997,67.099998,67.900002,105357,0,0,0,1,67.900002,108.4,105357,277065.94999999984,4.028570499999966
2014-09-02,68,71.949997,67.849998,70.900002,264584,0,0,0,1,70.900002,108.4,264584,281447.7499999998,4.071427571428537
2014-09-03,71.199997,76.800003,71.199997,76.099998,366602,0,0,1,1,76.099998,108.4,366602,295981.3499999998,4.171427642857109
2014-09-04,75,80.25,74.300003,78.5,740943,0,0,1,1,78.5,108.4,740943,326323.7499999998,4.010713357142824
2014-09-05,77.25,78.900002,75.400002,76.099998,152165,0,0,0,1,76.099998,108.4,152165,325127.7999999998,3.8499990714285377
2014-09-08,77.800003,77.800003,74,74.300003,95729,0,0,0,1,74.300003,108.4,95729,267959.3499999998,3.921428214285681
2014-09-09,74.5,75.5,74.099998,74.949997,49721,0,0,0,1,74.949997,108.4,49721,244555.8499999998,3.6142851428571094
2014-09-10,74.949997,78.5,74,76.099998,205981,0,0,0,1,76.099998,108.4,205981,240218.2999999998,3.58571414285711
2014-09-11,77.550003,79.650002,76.800003,77.900002,242523,0,0,0,1,77.900002,108.4,242523,247212.39999999982,3.642857285714253
2014-09-12,79.400002,82.5,76,80.949997,514684,0,0,1,1,80.949997,108.4,514684,257039.0499999998,3.6607144285713957
2014-09-15,80.099998,81.449997,78.5,79.400002,226005,0,0,0,1,79.400002,108.4,226005,244881.5999999998,3.6571427857142527
2014-09-16,79.550003,81.25,75.550003,76.300003,209735,0,0,0,1,76.300003,108.4,209735,250575.1999999998,3.8571424285713953
2014-09-17,77.949997,78.75,70.699997,73.150002,239818,0,0,1,1,73.150002,108.4,239818,239270.2999999998,4.289285499999967
2014-09-18,73.949997,76,73.050003,75.150002,119648,0,0,0,1,75.150002,108.4,119648,233613.6999999998,4.335714214285681
2014-09-19,76,84,75.099998,82.75,1073592,0,0,1,1,82.75,108.4,1073592,270004.5999999998,4.8392858571428246
2014-09-22,81.949997,84.5,80.349998,82.900002,440667,0,0,1,1,82.900002,108.4,440667,280604.7499999998,4.842857499999967
2014-09-23,83.699997,83.699997,76.300003,77.550003,279587,0,0,1,1,77.550003,108.4,279587,279403.4999999998,4.949999857142823
2014-09-24,76.349998,84,75.300003,82.849998,919400,0,0,1,1,82.849998,108.4,919400,320280.1499999998,5.1464284285713955
2014-09-25,82.199997,83.650002,76.199997,77.699997,239664,0,0,0,1,77.699997,108.4,239664,328046.8499999998,5.42857164285711
2014-09-26,77.699997,77.699997,74.150002,75.050003,301165,0,0,0,1,75.050003,108.4,301165,339378.4999999998,5.410713928571395
2014-09-29,75.099998,78.25,75.099998,75.5,116476,0,0,0,1,75.5,108.4,116476,339934.44999999984,5.539284999999966
2014-09-30,73.050003,78.349998,73.050003,77.449997,152466,0,0,0,1,77.449997,108.4,152466,334328.5499999998,5.596427499999966
2014-10-01,76.050003,78.599998,76.050003,76.949997,195066,0,0,0,1,76.949997,108.4,195066,325751.7499999998,5.5249982857142514
2014-10-07,77.050003,77.75,74.150002,74.699997,196186,0,0,0,0,74.699997,108.4,196186,298513.8999999998,5.317855285714251
2014-10-08,75,79.449997,74.099998,77.849998,199886,0,0,0,0,77.849998,108.4,199886,300899.94999999984,5.489283999999965
2014-10-09,78.199997,83,78.199997,81.949997,439152,0,0,1,1,81.949997,108.4,439152,318071.0999999998,5.449998642857109
2014-10-10,81.449997,82.400002,78.199997,81.75,388647,0,0,1,0,81.75,108.4,388647,335017.3999999998,5.174998785714251
2014-10-13,81.550003,83.699997,80,83,141784,0,0,0,0,83,108.4,141784,331807.5499999998,5.22857021428568
2014-10-14,83.900002,83.949997,81.550003,82.400002,120451,0,0,0,0,82.400002,108.4,120451,325703.94999999984,4.764283928571394
2014-10-16,80.699997,82.150002,78.099998,79.5,258391,0,0,0,0,79.5,108.4,258391,312889.2999999998,4.774998357142822
2014-10-17,78.800003,80,77.599998,78.400002,57387,0,0,0,0,78.400002,108.4,57387,304458.3999999998,4.417856071428537
2014-10-20,82,82,77.099998,77.949997,52143,0,0,0,0,77.949997,108.4,52143,296578.7999999998,4.1464278571428235
2014-10-21,78.300003,82.699997,77.199997,77.75,673366,0,0,1,1,77.75,108.4,673366,318256.19999999984,4.007141785714252
2014-10-22,78.099998,80,77.75,78.5,159498,0,0,0,1,78.5,108.4,159498,320248.69999999984,3.9142849999999663
2014-10-23,79.699997,79.800003,78,78.550003,15799,0,0,0,1,78.550003,108.4,15799,267359.0499999998,3.814285428571395
2014-10-27,79.800003,79.800003,76.599998,76.900002,72185,0,0,0,1,76.900002,108.4,72185,248934.9499999998,3.6642861428571103
2014-10-28,78.349998,78.349998,76.5,76.75,49923,0,0,0,1,76.75,108.4,49923,237451.74999999983,3.6142863571428245
2014-10-29,76,77.900002,76,76.699997,59581,0,0,0,1,76.699997,108.4,59581,194460.7999999998,3.492858071428539
2014-10-30,76.5,77.699997,74.5,75.25,136617,0,0,0,1,75.25,108.4,136617,189308.4499999998,3.3392864999999676
2014-10-31,75.5,77.900002,75.5,76.800003,122257,0,0,0,1,76.800003,108.4,122257,180363.0499999998,3.160715071428539
2014-11-03,76.599998,78.400002,76.099998,76.400002,96061,0,0,0,1,76.400002,108.4,96061,179342.2999999998,3.0250007142856816
2014-11-05,76,78.400002,75.099998,75.550003,381103,0,0,1,1,75.550003,108.4,381103,190774.14999999982,2.9964297857142532
2014-11-07,75.599998,76.449997,74.300003,74.650002,108712,0,0,0,1,74.650002,108.4,108712,186456.4499999998,2.9785726428571104
2014-11-10,74.5,75.050003,71.099998,73.150002,107923,0,0,0,1,73.150002,108.4,107923,182043.2999999998,2.953572714285682
2014-11-11,74,75.5,73.400002,74.449997,217958,0,0,1,1,74.449997,108.4,217958,182946.89999999982,2.950000999999968
2014-11-12,74.949997,74.949997,72.800003,73.150002,140067,0,0,0,1,73.150002,108.4,140067,167992.64999999982,2.7535718571428243
2014-11-13,73,74.550003,73,73.75,208319,0,0,1,1,73.75,108.4,208319,158976.24999999983,2.4714292142856817
2014-11-14,73.599998,76.699997,73.5,74.099998,301285,0,0,1,1,74.099998,108.4,301285,166951.2999999998,2.5392861428571103
2014-11-17,74.099998,76,73.099998,73.900002,384488,0,0,1,1,73.900002,108.4,384488,180153.14999999982,2.617857499999967
2014-11-18,74,77.75,73.5,76.400002,618392,0,0,1,1,76.400002,108.4,618392,198153.1999999998,2.6928571428571098
2014-11-19,78,81.5,75.099998,76.099998,1258952,0,0,1,1,76.099998,108.4,1258952,258231.4499999998,3.0178574285713955
2014-11-20,76.400002,78.400002,75.550003,75.900002,205993,0,0,0,1,75.900002,108.4,205993,265923.94999999984,3.0857143571428236
2014-11-21,77.150002,77.150002,75.199997,75.849998,118252,0,0,0,1,75.849998,108.4,118252,238168.24999999983,2.996429214285681
2014-11-24,75.849998,76.699997,74.25,74.75,155954,0,0,0,1,74.75,108.4,155954,237991.0499999998,2.9821431428571095
2014-11-25,75.25,75.449997,73,73.349998,123412,0,0,0,1,73.349998,108.4,123412,243371.6999999998,2.992856928571395
2014-11-26,73.199997,74.699997,73.199997,73.949997,108532,0,0,0,1,73.949997,108.4,108532,245189.0499999998,2.8642852142856805
2014-11-27,74.849998,77,73.650002,75.449997,122226,0,0,0,1,75.449997,108.4,122226,248804.1999999998,2.9499997857142524
2014-11-28,77,78,74,74.75,287984,0,0,1,1,74.75,108.4,287984,260224.3499999998,2.953570857142824
2014-12-01,74,75.300003,73.5,74.25,83109,0,0,0,1,74.25,108.4,83109,257548.9499999998,2.9142854999999668
2014-12-02,73.550003,75.699997,72.300003,74.650002,111497,0,0,0,1,74.650002,108.4,111497,257010.9499999998,3.003571214285681
2014-12-03,74.400002,79.800003,74.400002,77.400002,629120,0,0,1,1,77.400002,108.4,629120,283663.8999999998,3.278571071428538
2014-12-04,77.199997,78.949997,75.550003,76.599998,117168,0,0,0,1,76.599998,108.4,117168,270467.1499999998,3.292856571428538
2014-12-05,76,77.25,75.75,76.599998,103405,0,0,0,1,76.599998,108.4,103405,270201.7999999998,3.192856428571395
2014-12-08,78.150002,78.150002,75.099998,76.599998,204902,0,0,0,1,76.599998,108.4,204902,275050.7499999998,3.1071424285713953
2014-12-09,76,77.199997,74.150002,74.550003,144786,0,0,0,1,74.550003,108.4,144786,271392.1499999998,2.8678562142856805
2014-12-10,76.599998,76.599998,73,74.800003,111993,0,0,0,1,74.800003,108.4,111993,269988.44999999984,2.921427571428538
2014-12-11,73.75,75.300003,73.550003,74.25,57926,0,0,0,1,74.25,108.4,57926,262468.7999999998,2.907141499999966
2014-12-12,74.699997,74.699997,70.400002,71.150002,90148,0,0,0,1,71.150002,108.4,90148,251911.9499999998,3.03928421428568
2014-12-15,70.400002,72,67.900002,68.599998,129777,0,0,0,1,68.599998,108.4,129777,239176.39999999982,3.157141428571395
2014-12-16,68,68.050003,63.700001,67,193654,0,0,0,0,67,108.4,193654,217939.49999999983,3.3999983571428234
2014-12-17,66.699997,67.449997,60.599998,64.800003,172924,0,0,1,0,64.800003,108.4,172924,163638.0999999998,3.6499984285713944
2014-12-18,66.449997,69.349998,66,67.800003,328438,0,0,1,0,67.800003,108.4,328438,169760.3499999998,3.6892837857142515
2014-12-19,69,80,68,68.400002,987759,0,0,1,1,68.400002,108.4,987759,213235.6999999998,4.432140499999965
2014-12-22,68.949997,71.900002,68,68.800003,79850,0,0,0,1,68.800003,108.4,79850,209430.49999999983,4.467855357142823
2014-12-23,69.099998,69.5,66.300003,67.25,48193,0,0,0,1,67.25,108.4,48193,205669.5499999998,4.3107122142856795
2014-12-24,66.699997,68.050003,65,65.449997,104596,0,0,0,0,65.449997,108.4,104596,205472.74999999983,4.285712857142824
2014-12-26,66.699997,68,66.25,67.25,83206,0,0,0,0,67.25,108.4,83206,203521.74999999983,4.360713071428537
2014-12-29,67.650002,68.400002,66.800003,67.199997,76121,0,0,0,1,67.199997,108.4,76121,192928.5999999998,4.257141285714252
2014-12-30,67.650002,69.550003,66,68.199997,139656,0,0,0,1,68.199997,108.4,139656,195755.9499999998,4.29285614285711
2014-12-31,69.400002,69.699997,68.199997,68.949997,89187,0,0,0,1,68.949997,108.4,89187,194640.4499999998,4.142856285714252
2015-01-01,68.5,70.25,67.75,69.349998,65232,0,0,0,1,69.349998,108.4,65232,166446.0499999998,4.196427714285681
2015-01-02,68.699997,72.699997,68.699997,70.5,198386,0,0,1,1,70.5,108.4,198386,170506.9499999998,4.174999499999967
2015-01-05,70.150002,73.550003,69.650002,71.150002,246320,0,0,1,1,71.150002,108.4,246320,177652.6999999998,4.160713999999968
2015-01-06,71.449997,71.449997,68,68.150002,134532,0,0,0,0,68.150002,108.4,134532,174134.1999999998,4.057142571428538
2015-01-07,67.5,69.900002,66.5,66.699997,98115,0,0,0,0,66.699997,108.4,98115,171800.64999999982,3.8107142142856816
2015-01-08,69.699997,70.150002,67.25,69.199997,116753,0,0,0,1,69.199997,108.4,116753,172038.64999999982,3.732143499999968
2015-01-09,69.449997,69.800003,67.400002,67.900002,55215,0,0,0,1,67.900002,108.4,55215,171903.0999999998,3.032143785714254
2015-01-12,68,69.900002,68,68.699997,63552,0,0,0,1,68.699997,108.4,63552,170573.2999999998,2.8964293571428255
2015-01-13,68.900002,69.75,67,67.25,67971,0,0,0,1,67.25,108.4,67971,167482.99999999983,2.864286714285683
2015-01-14,67.150002,68,66.550003,67.199997,73173,0,0,0,1,67.199997,108.4,73173,161458.9499999998,2.7500005714285396
2015-01-15,67.25,69.25,67.25,68.800003,97793,0,0,0,1,68.800003,108.4,97793,157702.39999999982,2.714286285714254
2015-01-16,68.800003,68.800003,66.349998,66.75,65580,0,0,0,1,66.75,108.4,65580,144559.49999999983,2.7750009999999685
2015-01-19,67,69,66.800003,67.199997,93621,0,0,0,1,67.199997,108.4,93621,99852.59999999982,2.682143642857111
2015-01-20,67.550003,69.900002,67.400002,68.849998,152374,0,0,1,1,68.849998,108.4,152374,103478.79999999981,2.7678582857142544
2015-01-21,68.800003,70,67.099998,67.400002,80809,0,0,0,1,67.400002,108.4,80809,105109.59999999982,2.796429857142826
2015-01-22,67.5,68.349998,66.5,66.849998,69319,0,0,0,1,66.849998,108.4,69319,103345.74999999981,2.6428582857142544
2015-01-23,66.849998,68,66.050003,66.449997,69736,0,0,0,1,66.449997,108.4,69736,102672.24999999981,2.5035722857142537
2015-01-27,66.449997,68.300003,66.050003,66.599998,106886,0,0,1,1,66.599998,108.4,106886,104210.49999999981,2.417858214285683
2015-01-28,66.599998,68.400002,66,67.550003,101219,0,0,0,1,67.550003,108.4,101219,102288.64999999982,2.346429642857111
2015-01-29,72,77,69.699997,70.199997,890976,0,0,1,1,70.199997,108.4,890976,142378.0999999998,2.775000499999968
2015-01-30,70.599998,70.949997,67.449997,67.75,181620,0,0,1,1,67.75,108.4,181620,148197.49999999983,2.853571857142825
2015-02-02,68,70.300003,67.800003,68.199997,195717,0,0,1,1,68.199997,108.4,195717,148064.0499999998,2.8928577857142534
2015-02-03,68.25,69.5,67,67.900002,95951,0,0,0,1,67.900002,108.4,95951,140545.5999999998,2.8750006428571107
2015-02-04,68.099998,68.949997,66.800003,67.099998,81205,0,0,0,1,67.099998,108.4,81205,137879.24999999983,2.9250004285713964
2015-02-05,66.400002,67.800003,65.150002,65.900002,79000,0,0,0,1,65.900002,108.4,79000,136923.49999999983,2.967857428571396
2015-02-06,65.400002,65.75,63.25,63.900002,67702,0,0,0,1,63.900002,108.4,67702,134470.9499999998,2.982142928571396
2015-02-09,63.900002,64.900002,62.549999,63.200001,199397,0,0,1,1,63.200001,108.4,199397,141680.0499999998,2.9892859999999675
2015-02-10,61.849998,67.400002,60.599998,61.950001,87668,0,0,0,1,61.950001,108.4,87668,142885.8499999998,3.2821430714285387
2015-02-11,64.75,64.75,62.099998,62.75,78694,0,0,0,1,62.75,108.4,78694,143421.99999999983,3.274999999999967
2015-02-12,62.599998,66.300003,62.599998,65.150002,77373,0,0,0,1,65.150002,108.4,77373,143631.99999999983,3.4071433571428247
2015-02-13,65.800003,65.949997,63,63.900002,46022,0,0,0,1,63.900002,108.4,46022,141043.4499999998,3.478571928571396
2015-02-16,63.900002,66.900002,63.299999,65.5,133259,0,0,0,1,65.5,108.4,133259,144427.39999999982,3.575000714285682
2015-02-18,66.349998,66.349998,63.700001,64,84735,0,0,0,1,64,108.4,84735,143983.0999999998,3.5928574999999676
2015-02-19,64,64.900002,59.75,62,130454,0,0,0,1,62,108.4,130454,142887.0999999998,3.2857149999999677
2015-02-20,61.5,63.799999,61.400002,62.5,115740,0,0,0,1,62.5,108.4,115740,144633.64999999982,3.207143357142825
2015-02-23,65.900002,68,63.5,64.800003,487137,0,0,1,1,64.800003,108.4,487137,165524.5499999998,3.417857428571396
2015-02-24,64.650002,67.5,64.449997,66.699997,282707,0,0,1,1,66.699997,108.4,282707,176173.0999999998,3.457143357142825
2015-02-25,66.5,68.5,65.199997,66.400002,318321,0,0,1,1,66.400002,108.4,318321,186744.8499999998,3.5392868571428258
2015-02-26,66.5,67,65,65.599998,96322,0,0,0,1,65.599998,108.4,96322,186499.99999999983,3.4928582142856825
2015-02-27,65.650002,69.900002,65.650002,68.699997,320641,0,0,1,1,68.699997,108.4,320641,157983.24999999983,3.6107154999999684
2015-02-28,69.650002,69.650002,67.5,68.25,100666,0,0,0,1,68.25,108.4,100666,153935.5499999998,3.5964297142856827
2015-03-02,68.300003,68.599998,65.699997,66.650002,51453,0,0,0,1,66.650002,108.4,51453,146722.3499999998,3.3178580714285397
2015-03-03,66.800003,69.900002,66.449997,68.75,125250,0,0,0,1,68.75,108.4,125250,148187.2999999998,3.36428707142854
2015-03-04,69,69.599998,67.150002,67.650002,114976,0,0,0,1,67.650002,108.4,114976,149875.8499999998,3.2750007142856825
2015-03-05,66.25,67.800003,65.199997,65.449997,77057,0,0,0,1,65.449997,108.4,77057,149778.6999999998,3.250001357142826
2015-03-09,65.050003,66.099998,64,64.25,44807,0,0,0,1,64.25,108.4,44807,148633.9499999998,3.142858142857112
2015-03-10,64,65.25,63.5,63.799999,57787,0,0,0,1,63.799999,108.4,57787,141553.4499999998,3.078572642857112
2015-03-11,63.049999,64.699997,63.049999,63.799999,379366,0,0,1,1,63.799999,108.4,379366,156138.3499999998,2.828572357142826
2015-03-12,63.75,65.650002,63.75,64.550003,41006,0,0,0,1,64.550003,108.4,41006,154253.9499999998,2.7928584285713973
2015-03-13,64.550003,64.900002,63,63.549999,56833,0,0,0,1,63.549999,108.4,56833,153226.9499999998,2.535715714285683
2015-03-16,64.949997,65.5,63.700001,64.599998,51894,0,0,0,1,64.599998,108.4,51894,153520.5499999998,2.4571441428571115
2015-03-17,64.099998,64.599998,59.900002,62.049999,189934,0,0,1,1,62.049999,108.4,189934,156354.2999999998,2.557143642857111
2015-03-18,62.400002,62.599998,61,61.25,100011,0,0,0,1,61.25,108.4,100011,157118.0999999998,2.5285720714285396
2015-03-19,62.75,62.75,60.5,61,54727,0,0,0,1,61,108.4,54727,153331.74999999983,2.3821432142856827
2015-03-20,60.150002,64.300003,56.099998,60.650002,524046,0,0,1,0,60.650002,108.4,524046,173747.0499999998,2.814286285714254
2015-03-23,60.400002,60.900002,54,55.5,324390,0,0,1,0,55.5,108.4,324390,165609.6999999998,3.100000642857111
2015-03-24,57.450001,57.599998,55.049999,55.299999,87242,0,0,0,0,55.299999,108.4,87242,155836.4499999998,3.035714499999968
2015-03-25,54.299999,55.099998,53.150002,53.549999,87228,0,0,0,0,53.549999,108.4,87228,144281.7999999998,3.014285999999968
2015-03-26,54.799999,54.799999,52,52.349998,68852,0,0,0,0,52.349998,108.4,68852,142908.2999999998,3.0285712142856815
2015-03-27,53.049999,57.450001,52.150002,52.700001,126428,0,0,0,0,52.700001,108.4,126428,133197.64999999982,3.2571427142856817
2015-03-30,53.049999,54.5,52,53.75,89465,0,0,0,0,53.75,108.4,89465,132637.5999999998,3.3107141428571105
2015-03-31,53.700001,55,53.650002,53.849998,183443,0,0,1,0,53.849998,108.4,183443,139237.0999999998,3.289285571428539
2015-04-01,53.150002,56.950001,53.150002,56.099998,125260,0,0,0,0,56.099998,108.4,125260,139237.5999999998,3.4249996428571103
2015-04-06,56.900002,57,54.650002,55.849998,33049,0,0,0,1,55.849998,108.4,33049,135141.24999999983,3.457142214285682
2015-04-07,55.75,56.950001,55.549999,56.299999,46224,0,0,0,1,56.299999,108.4,46224,133599.5999999998,3.417856571428539
2015-04-08,56.700001,58.75,56.700001,57.349998,74151,0,0,0,1,57.349998,108.4,74151,135066.7999999998,3.2571426428571106
2015-04-09,57.599998,59.5,57,57.450001,57887,0,0,0,1,57.450001,108.4,57887,135071.7999999998,3.3214284999999677
2015-04-10,57.450001,60.25,57.400002,59.299999,104637,0,0,0,1,59.299999,108.4,104637,121335.34999999982,3.364285499999968
2015-04-13,59.75,62.900002,59.75,60.549999,154504,0,0,1,1,60.549999,108.4,154504,127010.24999999981,3.035713928571396
2015-04-15,60.150002,61.5,58,59.200001,82568,0,0,0,1,59.200001,108.4,82568,128296.99999999981,2.79285664285711
2015-04-16,57.599998,59.400002,56.650002,58.5,136685,0,0,1,1,58.5,108.4,136685,132536.5499999998,2.807142428571396
2015-04-17,58.400002,59.200001,57.299999,57.599998,51428,0,0,0,0,57.599998,108.4,51428,125611.24999999981,2.7892856428571102
2015-04-20,58.5,58.5,56.099998,57.849998,97657,0,0,0,0,57.849998,108.4,97657,125493.54999999981,2.7607144285713963
2015-04-21,58.349998,59.950001,58.25,58.950001,110162,0,0,0,0,58.950001,108.4,110162,128265.29999999981,2.532143285714253
2015-04-22,58.349998,59.900002,56.299999,57.299999,65731,0,0,0,0,57.299999,108.4,65731,105349.54999999981,2.6107149285713964
2015-04-23,57.150002,59.400002,57.150002,58.799999,90252,0,0,0,0,58.799999,108.4,90252,93642.64999999982,2.6750007857142535
2015-04-24,59.049999,59.049999,57.099998,57.5,89990,0,0,0,0,57.5,108.4,89990,93780.04999999981,2.5428580714285394
2015-04-27,57.099998,57.75,53.849998,54.200001,71947,0,0,0,0,54.200001,108.4,71947,93015.99999999981,2.6535726428571107
2015-04-28,54.150002,65,54.150002,65,916149,0,0,1,0,65,108.4,916149,135380.8499999998,3.328572357142825
2015-04-29,70.650002,78,70.650002,78,1052767,0,0,1,0,78,108.4,1052767,181697.7999999998,4.0821437142856825
2015-04-30,83.900002,92.449997,81.550003,83.900002,4008595,0,0,1,0,83.900002,108.4,4008595,377654.2999999998,4.935714928571396
2015-05-04,84.800003,87,81.199997,83.800003,1193478,0,0,1,0,83.800003,108.4,1193478,428156.0499999998,5.1464295714285395
2015-05-05,84.400002,85,82.099998,84.400002,904688,0,0,1,0,84.400002,108.4,904688,467127.44999999984,5.096429499999968
2015-05-06,84.800003,87.75,81.800003,82.949997,861499,0,0,1,0,82.949997,108.4,861499,508549.94999999984,5.2714292857142535
2015-05-07,83.800003,83.800003,79.900002,81.25,334754,0,0,0,0,81.25,108.4,334754,522976.44999999984,5.353572214285682
2015-05-08,84.699997,84.699997,79.699997,81.25,330779,0,0,0,0,81.25,108.4,330779,535807.8499999999,5.575000642857111
2015-05-11,81.25,84.699997,81.25,83,416598,0,0,0,0,83,108.4,416598,553743.3999999998,5.6500002857142535
2015-05-12,83,84.349998,82,82.849998,278798,0,0,0,0,82.849998,108.4,278798,562451.4499999998,5.667857071428538
2015-05-13,83.199997,83.599998,82,82.650002,131881,0,0,0,0,82.650002,108.4,131881,561320.2999999998,5.5249995714285385
2015-05-14,83.5,89,83.099998,88.300003,835979,0,0,1,0,88.300003,108.4,835979,598990.8499999999,5.817856571428538
2015-05-15,91,92.599998,88.75,89.949997,886531,0,0,1,0,89.949997,108.4,886531,636483.1499999998,5.985713285714253
2015-05-18,90.5,94.800003,87.150002,92.400002,664436,0,0,0,0,92.400002,108.4,664436,667133.5499999998,6.2535703571428245
2015-05-19,91.699997,95.25,90.099998,93.25,862749,0,0,1,0,93.25,108.4,862749,705388.1499999998,5.846427785714253
2015-05-20,93,94.400002,90.050003,90.699997,337384,0,0,0,0,90.699997,108.4,337384,716749.2499999998,5.228570571428539
2015-05-21,90.150002,90.849998,87.5,88.050003,327969,0,0,0,0,88.050003,108.4,327969,729861.1499999998,4.4357134999999674
2015-05-22,88.150002,88.599998,84.699997,85.599998,366396,0,0,0,0,85.599998,108.4,366396,743668.3499999999,4.299999071428538
2015-05-25,85,89.400002,82.5,84.349998,443301,0,0,0,0,84.349998,108.4,443301,761333.8999999998,4.585713357142824
2015-05-26,83.800003,85.199997,83.449997,84.400002,263476,0,0,0,0,84.400002,108.4,263476,770910.3499999999,4.285713571428539
2015-05-27,84.25,84.25,82.25,83.050003,162149,0,0,0,0,83.050003,108.4,162149,733210.3499999999,4.16071364285711
2015-05-28,83.400002,84.099998,81.599998,82.099998,165703,0,0,0,0,82.099998,108.4,165703,688857.1499999998,3.9821422142856813
2015-05-29,82.599998,84.300003,81.599998,83.199997,284869,0,0,0,1,83.199997,108.4,284869,502670.8499999998,3.928571357142825
2015-06-01,83.5,83.900002,81,81.349998,169985,0,0,0,1,81.349998,108.4,169985,451496.19999999984,3.967857357142825
2015-06-02,81.550003,82.5,79,79.349998,250321,0,0,0,0,79.349998,108.4,250321,418777.8499999998,4.103571785714253
2015-06-03,80.150002,80.25,72.550003,76.400002,378061,0,0,0,0,76.400002,108.4,378061,394605.94999999984,4.200000285714253
2015-06-04,77.5,78,74.150002,76.349998,373021,0,0,0,0,76.349998,108.4,373021,396519.2999999998,4.16785764285711
2015-06-05,77.849998,78.199997,75.150002,76.199997,218558,0,0,0,0,76.199997,108.4,218558,390908.2499999998,3.839285785714253
2015-06-08,76.550003,81.800003,76.550003,79.650002,469305,0,0,1,0,79.650002,108.4,469305,393543.5999999998,3.8714289285713965
2015-06-09,78.849998,79.699997,77,77.650002,199518,0,0,0,0,77.650002,108.4,199518,389579.5999999998,3.7535716428571106
2015-06-10,77.5,78.300003,75.650002,76.199997,219428,0,0,0,0,76.199997,108.4,219428,393956.94999999984,3.7035718571428253
2015-06-11,76.800003,78,73.599998,74.25,210106,0,0,0,0,74.25,108.4,210106,362663.2999999998,3.739286214285682
2015-06-12,74,77,73.650002,74.25,102342,0,0,0,0,74.25,108.4,102342,323453.8499999998,3.485714499999968
2015-06-15,74,76.75,73.699997,75.199997,109531,0,0,0,0,75.199997,108.4,109531,295708.5999999998,3.5785718571428253
2015-06-16,77.699997,77.699997,75.199997,76.150002,161297,0,0,0,0,76.150002,108.4,161297,260635.99999999983,3.6035717142856822
2015-06-17,76.449997,77.699997,76,76.800003,131595,0,0,0,0,76.800003,108.4,131595,250346.5499999998,3.546428642857111
2015-06-18,76.75,77.349998,74.800003,76.550003,150246,0,0,0,0,76.550003,108.4,150246,241460.39999999982,3.53571364285711
2015-06-19,76.900002,81.849998,76.099998,78,829499,0,0,1,0,78,108.4,829499,264615.5499999998,3.739284928571396
2015-06-22,78.650002,80.900002,78.099998,79.900002,305688,0,0,1,1,79.900002,108.4,305688,257734.89999999982,3.6964279285713957
2015-06-23,79.099998,82.75,79.099998,82.25,852634,0,0,1,1,82.25,104.9,852634,287192.7999999998,3.407142571428539
2015-06-24,83,92.800003,82.400002,85.050003,3568391,0,0,1,1,85.050003,100,3568391,457504.8999999998,3.8857143571428248
2015-06-25,85.400002,97.599998,85.400002,93.050003,9812838,0,0,1,1,93.050003,98.949997,9812838,939861.6499999998,4.564285785714254
2015-06-26,95.300003,106.4,95.300003,105.2,9482213,1,1,1,1,105.2,97.599998,9482213,1399728.8499999999,5.117856571428539
2015-06-29,101,104.8,99,103,4932389,0,0,1,1,103,106.4,4932389,1637849.0499999998,5.367856785714253
2015-06-30,102.95,117,102.85,114.75,9826394,1,1,1,1,114.75,106.4,9826394,2116652.7,6.189285285714254
2015-07-01,114.4,119,110.1,111,4884410,0,0,1,1,111,117,4884410,2341970.15,6.510713714285683
2015-07-02,111.7,115.6,111.1,112.85,2063643,0,0,0,1,112.85,119,2063643,2426501.25,6.5999995714285395
2015-07-03,113.8,116.9,110.65,114.15,3176344,0,0,1,1,114.15,119,3176344,2574390.55,6.828570785714254
2015-07-06,111,125.5,110.7,124.2,5725391,1,1,1,1,124.2,119,5725391,2837194.85,7.707142214285682
2015-07-07,125.65,136.60001,122,135,4719814,1,1,1,1,135,125.5,4719814,3063209.65,8.628571714285682
2015-07-08,134,140.60001,130.60001,131.5,4723617,0,0,1,1,131.5,136.60001,4723617,3288419.1,9.160714928571396
2015-07-09,132.89999,134.25,121.25,123.6,2505874,0,0,0,1,123.6,140.60001,2505874,3403207.5,9.678572071428539
2015-07-10,125.4,131.3,122.8,123.95,2092887,0,0,0,1,123.95,140.60001,2092887,3502734.75,10.078571928571396
2015-07-13,125.2,130.89999,123,129.85001,1579144,0,0,0,1,129.85001,140.60001,1579144,3576215.4,10.38214249999997
2015-07-14,130.2,132.2,125.7,127.65,1143054,0,0,0,1,127.65,140.60001,1143054,3625303.25,10.09285657142854
2015-07-15,128.45,131.3,127,129.3,829208,0,0,0,1,129.3,140.60001,829208,3660183.9,9.503571214285683
2015-07-16,130.14999,134.39999,128.35001,133.89999,1464348,0,0,0,1,133.89999,140.60001,1464348,3725889,8.982141428571397
2015-07-17,134.60001,135.7,129,129.89999,1513724,0,0,0,1,129.89999,140.60001,1513724,3760100.25,9.017855714285682
2015-07-20,130.55,142.85001,128.39999,142.85001,3159746,0,1,0,1,142.85001,140.60001,3159746,3902803.15,9.03928571428568
2015-07-21,145.60001,146,130.8,133.14999,5908783,0,0,1,1,133.14999,142.85001,5908783,4155610.6,9.48928571428568
2015-07-22,131.05,139.39999,131.05,135.55,1244267,0,0,0,1,135.55,146,1244267,4039404.4,9.75714214285711
2015-07-23,136,141.39999,133.3,138.2,1805652,0,0,0,1,138.2,146,1805652,3639045.1,9.889284285714252
2015-07-24,138.5,138.60001,132.10001,133.5,836950,0,0,0,1,133.5,146,836950,3206781.95,9.296427142857109
2015-07-27,133,134.25,128.14999,129.2,663571,0,0,0,1,129.2,146,663571,2993341.05,8.689284285714251
2015-07-28,130.10001,134.3,130.10001,131.05,1319780,0,0,0,1,131.05,146,1319780,2568010.35,8.339284285714253
2015-07-29,132,141.5,131.7,137.3,2534045,0,0,1,1,137.3,146,2534045,2450492.1,8.157141428571395
2015-07-30,137.8,139.7,134.5,137.14999,803878,0,0,0,1,137.14999,146,803878,2387503.85,7.921427142857107
2015-07-31,137.95,149,135.10001,145.8,3045135,0,0,1,1,145.8,146,3045135,2380943.4000000004,8.349998571428538
2015-08-03,146.3,150.95,143.39999,148.25,1792043,0,0,0,1,148.25,149,1792043,2184276.000000001,8.424999285714252
2015-08-04,148.39999,148.39999,144.55,145.89999,723223,0,0,0,1,145.89999,150.95,723223,1984446.4500000007,8.392855714285679
2015-08-05,146,153.89999,145.2,150.75,1705001,0,0,0,1,150.75,150.95,1705001,1833515.6500000008,8.582142142857109
2015-08-06,151.3,152.2,144,144.8,905844,0,0,0,1,144.8,153.89999,905844,1753514.150000001,8.689284999999966
2015-08-07,145.55,150.7,143,144.14999,1196311,0,0,0,1,144.14999,153.89999,1196311,1708685.3500000015,8.20714071428568
2015-08-10,144.8,146.25,137.05,138.3,922370,0,0,0,1,138.3,153.89999,922370,1675846.6500000015,7.7785692857142505
2015-08-11,137.5,140.3,133.05,135.2,792057,0,0,0,1,135.2,153.89999,792057,1658296.8000000017,7.699998571428538
2015-08-12,135,135.2,127.85,130.89999,719534,0,0,0,1,130.89999,153.89999,719534,1652813.100000002,7.646427857142825
2015-08-13,131.95,134.39999,119.65,121.2,938813,0,0,0,1,121.2,153.89999,938813,1626536.350000002,8.235712857142826
2015-08-14,121.05,129.7,121.05,128.55,671533,0,0,0,1,128.55,153.89999,671533,1584426.8000000021,8.417854999999967
2015-08-17,128.95,133.5,124.2,131.3,621560,0,0,0,1,131.3,153.89999,621560,1457517.5000000023,8.717854999999966
2015-08-18,132.3,135.8,130.8,132.55,479672,0,0,0,1,132.55,153.89999,479672,1186061.9500000025,8.328569285714252
2015-08-19,131.60001,133.64999,128.7,131.25,559035,0,0,0,1,131.25,153.89999,559035,1151800.350000003,8.310711428571397
2015-08-20,130,138.7,129.64999,130.2,744584,0,0,0,1,130.2,153.89999,744584,1098746.950000003,7.964284285714252
2015-08-21,126.9,129.10001,124,126.7,426667,0,0,0,0,126.7,153.89999,426667,1078232.800000003,7.867854999999968
2015-08-24,118.9,121.9,101.5,103.9,1112504,0,0,1,0,103.9,153.89999,1112504,1100679.4500000034,9.392855714285682
2015-08-25,105.95,113.7,95.150002,110.3,864451,0,0,0,0,110.3,153.89999,864451,1077913.0000000035,10.096427714285682
2015-08-26,108,117.7,105.65,112.15,919314,0,0,0,0,112.15,153.89999,919314,997176.4500000036,10.371427714285684
2015-08-27,114.9,118.6,114.6,116.15,381486,0,0,0,0,116.15,153.89999,381486,976056.8500000034,10.282141999999968
2015-08-28,118,119.7,112.55,114.25,422262,0,0,0,0,114.25,153.89999,422262,844913.2000000033,10.135713428571396
2015-08-31,112.05,117.65,110.7,111.45,349619,0,0,0,0,111.45,153.89999,349619,772792.0000000035,10.114284857142826
2015-09-01,110.85,111.85,102.7,105.9,354653,0,0,0,0,105.9,153.89999,354653,754363.5000000035,10.242856285714254
2015-09-02,106.3,110.5,105.7,107.1,358136,0,0,0,0,107.1,153.89999,358136,687020.2500000034,9.532142714285683
2015-09-03,108.1,112,108.1,110.55,331987,0,0,0,0,110.55,153.89999,331987,658327.4000000034,9.264285571428543
2015-09-04,109.65,109.65,99.400002,100.2,579273,0,0,0,0,100.2,153.89999,579273,627475.5000000034,9.396428285714254
2015-09-07,101.95,102.9,90.599998,91.550003,593058,0,0,0,0,91.550003,153.89999,593058,611009.9000000034,9.91785699999997
2015-09-08,92.449997,93.800003,86.5,91.900002,784100,0,0,1,0,91.900002,153.89999,784100,610612.0500000033,10.08571507142854
2015-09-09,94,101.8,93.550003,99.099998,1189831,0,0,1,0,99.099998,153.89999,1189831,634126.9000000034,10.14642849999997
2015-09-10,95.5,106.4,93.650002,105.45,1280159,0,0,1,0,105.45,153.89999,1280159,651194.2000000033,10.614285499999971
2015-09-11,106.9,109.5,103.25,107.7,1071374,0,0,1,0,107.7,153.89999,1071374,671186.2500000034,9.260714071428541
2015-09-14,108.7,115.7,105.5,114.6,943008,0,0,1,0,114.6,153.89999,943008,687258.6500000034,8.664285642857115
2015-09-15,116.3,117.9,114.6,116,565324,0,0,0,0,116,153.89999,565324,691541.2500000034,8.039285642857115
2015-09-16,116.75,117.1,109.95,111.85,319947,0,0,0,0,111.85,153.89999,319947,679586.8500000034,8.089285642857117
2015-09-18,114.4,115.5,109,110.35,572207,0,0,0,0,110.35,153.89999,572207,670968.0000000034,8.042857071428546
2015-09-21,107.5,113.5,107.25,111.95,231727,0,0,0,0,111.95,153.89999,231727,661221.0000000034,7.992857071428545
2015-09-22,113.5,116.6,111.3,112.85,663972,0,0,1,0,112.85,153.89999,663972,638794.4000000034,7.717857071428545
2015-09-23,108.3,120.95,108.3,117.35,1299215,0,0,1,0,117.35,153.89999,1299215,660532.6000000034,8.278571357142832
2015-09-24,117.5,119.4,115,115.85,410948,0,0,0,0,115.85,153.89999,410948,635114.3000000033,8.242857071428547
2015-09-28,116,117.4,112.4,113.2,333653,0,0,0,0,113.2,153.89999,333653,632722.6500000034,7.8035714999999755
2015-09-29,109.9,113.7,107.6,110.7,325925,0,0,0,0,110.7,153.89999,325925,627905.8000000033,7.36071421428569
2015-09-30,109.5,115.8,109.5,114.8,393414,0,0,0,0,114.8,153.89999,393414,630095.5500000033,7.289285428571403
2015-10-01,116,116.6,110.45,112.85,282060,0,0,0,0,112.85,153.89999,282060,626465.9000000034,7.021428428571402
2015-10-05,112.5,121.9,112.5,118.25,1038856,0,0,1,1,118.25,153.89999,1038856,660501.9000000034,6.78214285714283
2015-10-06,119.25,120.7,115.8,116.75,725877,0,0,1,1,116.75,153.89999,725877,680196.4000000034,6.685714285714259
2015-10-07,116.95,122.75,115.35,121.4,1149290,0,0,1,1,121.4,153.89999,1149290,708697.2500000034,6.485714285714259
2015-10-08,121.95,122.95,116.1,118.95,2139381,0,0,1,1,118.95,153.89999,2139381,786013.4000000034,6.739285714285687
2015-10-09,119.9,121.2,116.5,116.95,455980,0,0,0,1,116.95,153.89999,455980,769607.4000000034,6.564285714285688
2015-10-12,116.9,118.7,113.5,115.1,286630,0,0,0,1,115.1,153.89999,286630,724447.3500000034,6.471428571428546
2015-10-13,115.9,115.9,111.95,113.45,253795,0,0,0,1,113.45,153.89999,253795,673129.1500000034,6.307142857142831
2015-10-14,113.35,115.9,111,111.75,422328,0,0,0,1,111.75,153.89999,422328,640676.8500000034,6.278571428571404
2015-10-15,112.7,113.9,108.5,110.05,417111,0,0,0,1,110.05,153.89999,417111,614382.0000000034,5.76071428571426
2015-10-16,110.95,111.7,108.55,109.2,252842,0,0,0,1,109.2,153.89999,252842,598757.9000000034,5.671428571428547
2015-10-19,108.8,114,108.8,112.8,434410,0,0,0,1,112.8,153.89999,434410,604481.0500000033,5.685714285714261
2015-10-20,112.9,114.85,109.65,111.15,379280,0,0,0,1,111.15,153.89999,379280,594834.7000000033,5.621428571428545
2015-10-21,115.3,117.25,112.05,112.9,884683,0,0,1,1,112.9,153.89999,884683,627482.5000000034,5.607142857142831
2015-10-23,114,114.4,109.5,110.75,289863,0,0,0,1,110.75,153.89999,289863,608777.0500000033,5.5178571428571175
2015-10-26,111.45,111.7,108.1,108.95,783365,0,0,1,1,108.95,153.89999,783365,582984.5500000033,5.103571428571404
2015-10-27,108.85,110.5,106,109.1,703227,0,0,1,1,109.1,153.89999,703227,597598.5000000034,5.074999999999974
2015-10-28,107.05,110.35,106,106.65,386347,0,0,0,1,106.65,153.89999,386347,600233.2000000033,4.857142857142831
2015-10-29,107.4,107.7,104.3,104.95,225299,0,0,0,1,104.95,153.89999,225299,595201.9000000034,4.610714285714259
2015-10-30,105.5,106.3,100.2,101.5,488999,0,0,0,1,101.5,153.89999,488999,599981.1500000034,4.710714285714259
2015-11-02,101.9,101.9,98.099998,100.15,243330,0,0,0,1,100.15,153.89999,243330,598044.6500000034,4.610714428571401
2015-11-03,100.9,104.6,100,103.15,344766,0,0,0,1,103.15,153.89999,344766,563340.1500000034,4.657142999999972
2015-11-04,102.3,104.2,100.5,101.25,224939,0,0,0,1,101.25,153.89999,224939,538293.2500000034,4.571428714285687
2015-11-05,100.2,101.6,96.25,97.150002,233630,0,0,0,0,97.150002,153.89999,233630,492510.2500000034,4.567857285714257
2015-11-06,96.949997,98.150002,95.5,96,196539,0,0,0,0,96,153.89999,196539,395368.15000000334,4.532143142857114
2015-11-09,94,100.7,90.449997,99.550003,262656,0,0,0,0,99.550003,153.89999,262656,385701.95000000333,4.892857642857114
2015-11-10,99.300003,102.95,97.099998,98.650002,261109,0,0,0,0,98.650002,153.89999,261109,384425.90000000334,4.939286357142829
2015-11-11,99.099998,100.8,99.099998,100.4,43178,0,0,0,0,100.4,153.89999,43178,373895.05000000336,4.65714335714283
2015-11-13,99.75,103.9,99.400002,103.45,274310,0,0,0,0,103.45,153.89999,274310,366494.15000000334,4.628571785714258
2015-11-16,108,112,105.7,106.85,1331361,0,0,1,0,106.85,153.89999,1331361,412206.65000000334,4.982143214285686
2015-11-17,107.6,107.8,103.5,103.85,320503,0,0,0,0,103.85,153.89999,320503,415589.70000000333,4.967857499999972
2015-11-18,104.1,104.5,98,98.800003,468869,0,0,1,0,98.800003,153.89999,468869,417312.65000000334,5.1214289285714
2015-11-19,100,100.55,95.5,96.349998,573194,0,0,1,0,96.349998,153.89999,573194,427008.35000000335,5.239286071428543
2015-11-20,97,97,94.050003,94.300003,631900,0,0,1,0,94.300003,153.89999,631900,414369.20000000333,5.014285857142829
2015-11-23,95,98.75,95,96.800003,966241,0,0,1,0,96.800003,153.89999,966241,448188.10000000335,5.060714071428542
2015-11-24,96,100.7,96,100,931220,0,0,1,0,100,153.89999,931220,455580.85000000335,5.0678569285714
2015-11-26,100.45,100.7,96.550003,97.300003,378207,0,0,0,0,97.300003,153.89999,378207,439329.85000000335,5.099999571428542
2015-11-27,103.35,110.5,103.3,108.25,5849728,0,0,1,0,108.25,153.89999,5849728,712498.9000000034,5.660713642857114
2015-11-30,108.1,118.8,107.2,117.45,7660287,0,0,1,0,117.45,153.89999,7660287,1084248.3000000033,6.299999214285685
2015-12-01,118.35,119.4,113.35,115.45,1570498,0,0,1,1,115.45,153.89999,1570498,1138323.2500000033,5.999998999999971
2015-12-02,115.8,115.8,111,112.65,1541396,0,0,1,0,112.65,153.89999,1541396,1203226.5500000033,5.924998857142827
2015-12-03,112.9,119.4,110.75,112.35,2316217,0,0,1,0,112.35,153.89999,2316217,1301799.1000000034,6.389284714285686
2015-12-04,111,111.85,108,108.95,646174,0,0,0,0,108.95,153.89999,646174,1322860.8500000034,6.378570571428542
2015-12-07,110,111.8,109.5,110.8,914376,0,0,0,0,110.8,153.89999,914376,1356898.1500000034,5.971427714285684
2015-12-08,110.1,111.6,108,109.1,559916,0,0,0,0,109.1,153.89999,559916,1375067.0000000033,5.921427714285684
2015-12-09,108.95,109.55,101.6,104.3,689369,0,0,0,0,104.3,153.89999,689369,1396402.6500000034,6.024999142857113
2015-12-10,103,106.7,102.5,105.85,341505,0,0,0,0,105.85,153.89999,341505,1400422.4500000034,5.964284857142828
2015-12-11,105.8,108.6,101.4,103.05,1078887,0,0,0,0,103.05,153.89999,1078887,1452207.9000000034,6.26785649999997
2015-12-14,102.25,105.25,100.8,104.35,359138,0,0,0,0,104.35,153.89999,359138,1456449.3000000033,6.267856714285685
2015-12-15,105,105.5,102.5,103.95,267966,0,0,0,0,103.95,153.89999,267966,1403279.5500000033,6.146428142857113
2015-12-16,105,108.4,105,106.8,451340,0,0,0,0,106.8,153.89999,451340,1409821.4000000034,6.167856928571399
2015-12-17,108.45,114,107.5,113.55,1154667,0,0,0,0,113.55,153.89999,1154667,1444111.3000000033,5.7392857142856855
2015-12-18,113.35,115.1,109.55,110.7,1042454,0,0,0,0,110.7,153.89999,1042454,1467574.3000000033,5.3071428571428285
2015-12-21,110.5,112.2,109.3,111,479452,0,0,0,0,111,153.89999,479452,1459951.9000000034,5.082142857142828
2015-12-22,111.1,112.4,109.9,111.15,616063,0,0,0,0,111.15,153.89999,616063,1442443.0000000033,4.917857142857114
2015-12-23,112.2,113,109.2,109.95,678126,0,0,0,0,109.95,153.89999,678126,1429788.3000000033,4.571428571428542
2015-12-24,110.9,112.35,109.4,111.65,326488,0,0,0,0,111.65,153.89999,326488,1427202.3500000034,4.471428571428541
2015-12-28,112.6,118,112,115.35,2443715,0,0,1,1,115.35,153.89999,2443715,1256901.7000000034,4.721428571428541
2015-12-29,116,116.3,113.15,114.65,518903,0,0,0,1,114.65,153.89999,518903,899832.5000000034,4.689285714285684
2015-12-30,115.1,116.9,113.1,115.2,533519,0,0,0,1,115.2,153.89999,533519,847983.5500000033,4.392857142857113
2015-12-31,116.45,117.15,114.7,115.35,956612,0,0,1,1,115.35,153.89999,956612,818744.3500000034,4.267857142857113
2016-01-01,115.95,116.25,112.5,113.3,332419,0,0,0,1,113.3,153.89999,332419,719554.4500000033,4.021428571428543
2016-01-04,113,114,107.5,109.85,527580,0,0,0,0,109.85,153.89999,527580,713624.7500000034,4.167857142857114
2016-01-05,108.05,114.85,105.55,113.2,1168484,0,0,1,0,113.2,153.89999,1168484,726330.1500000034,4.617857142857114
2016-01-06,113.8,116.6,110.6,111.7,941756,0,0,1,0,111.7,153.89999,941756,745422.1500000034,4.728571428571399
2016-01-07,110.7,111,105.05,107.15,421754,0,0,0,0,107.15,153.89999,421754,732041.4000000034,4.689285714285686
2016-01-08,109,110.8,108.2,109.65,305796,0,0,0,0,109.65,153.89999,305796,730255.9500000033,4.5535714285713995
2016-01-11,108.9,109.7,105.2,108.25,271761,0,0,0,0,108.25,153.89999,271761,689899.6500000034,4.667857142857113
2016-01-12,108.25,109.4,105.3,106.85,278747,0,0,0,0,106.85,153.89999,278747,685880.1000000034,4.782142857142828
2016-01-13,107.15,108.5,97.699997,103.4,470468,0,0,0,0,103.4,153.89999,470468,696005.2000000033,5.282143071428543
2016-01-14,99.199997,101.5,97.199997,98.349998,529257,0,0,0,0,98.349998,153.89999,529257,699901.0500000033,5.514286142857116
2016-01-15,99.349998,99.900002,91.75,92.75,399168,0,0,0,0,92.75,153.89999,399168,662126.1000000034,5.642857714285688
2016-01-18,90.099998,92.349998,84.5,85.400002,354803,0,0,0,0,85.400002,153.89999,354803,627743.5500000033,6.0071434285714025
2016-01-19,83.300003,89.849998,81.650002,88.400002,522283,0,0,0,0,88.400002,153.89999,522283,629885.1000000034,6.32142885714283
2016-01-20,87,87,84.349998,85.150002,304209,0,0,0,0,85.150002,153.89999,304209,614292.4000000034,6.4357148571428295
2016-01-21,86.099998,87.550003,84,85.849998,202008,0,0,0,0,85.849998,153.89999,202008,590486.5000000034,6.42142935714283
2016-01-22,86.75,90,84.900002,87.650002,399079,0,0,0,0,87.650002,153.89999,399079,594116.0500000033,6.321429214285687
2016-01-25,88.900002,91.900002,88.400002,90.25,422096,0,0,0,0,90.25,153.89999,422096,493035.10000000335,5.960714928571401
2016-01-27,93,95.400002,92,94.199997,588911,0,0,1,0,94.199997,153.89999,588911,496535.5000000034,5.900000785714259
2016-01-28,95.349998,98.5,92.800003,96.300003,419907,0,0,0,0,96.300003,153.89999,419907,490854.90000000334,5.832143428571401
2016-01-29,96.849998,101.3,95.099998,99.800003,378447,0,0,0,0,99.800003,153.89999,378447,461946.65000000334,6.014286428571402
2016-02-01,101.4,107.35,100,101.95,1736415,0,0,1,0,101.95,153.89999,1736415,532146.4500000033,6.23214335714283
2016-02-02,102.6,104.55,97.5,99,451856,0,0,0,0,99,153.89999,451856,528360.2500000034,6.442857642857114
2016-02-03,97.300003,97.300003,92.400002,93.349998,283992,0,0,0,0,93.349998,153.89999,283992,484135.65000000334,6.142857285714257
2016-02-04,95.5,95.5,90.050003,90.800003,238376,0,0,0,0,90.800003,153.89999,238376,448966.65000000334,6.089285428571399
2016-02-05,91.75,95.199997,90.050003,93.900002,1570965,0,0,1,0,93.900002,153.89999,1570965,506427.20000000333,5.874999142857113
2016-02-08,94.699997,97,92.099998,93.199997,1993066,0,0,1,0,93.199997,153.89999,1993066,590790.7000000033,5.635713571428541
2016-02-09,90.550003,92.800003,90.199997,91.449997,266081,0,0,0,0,91.449997,153.89999,266081,590506.7000000033,5.264285285714256
2016-02-10,90.449997,97.199997,86.199997,94.349998,1035119,0,0,1,0,94.349998,153.89999,1035119,628325.3000000033,5.760713571428541
2016-02-11,94.400002,94.400002,86.699997,88.449997,691026,0,0,1,0,88.449997,153.89999,691026,639353.2000000033,6.057142285714256
2016-02-12,89,89,81.900002,83.25,299767,0,0,0,0,83.25,153.89999,299767,627878.7000000033,6.199999428571398
2016-02-15,85.199997,92,85.199997,90.050003,411450,0,0,0,0,90.050003,153.89999,411450,628492.8000000033,6.52142799999997
2016-02-16,91.199997,91.800003,86.849998,87.150002,251050,0,0,0,0,87.150002,153.89999,251050,623305.1500000034,6.50714249999997
2016-02-17,89.449997,89.5,82.800003,84.699997,384268,0,0,0,0,84.699997,153.89999,384268,616404.4000000034,6.5785710714285415
2016-02-18,86.5,88.25,82.25,84.800003,229986,0,0,0,0,84.800003,153.89999,229986,612693.2500000034,6.564285214285684
2016-02-19,83.699997,85.75,83.099998,84.349998,218252,0,0,0,0,84.349998,153.89999,218252,613505.4500000033,6.214285571428542
2016-02-22,84,86,84,85.400002,132204,0,0,0,0,85.400002,153.89999,132204,600161.7000000033,5.853571285714257
2016-02-23,86.25,86.849998,82.599998,83.5,216690,0,0,0,0,83.5,153.89999,216690,589891.4000000034,5.685714285714257
2016-02-24,83.199997,83.849998,79.199997,80.25,296423,0,0,0,0,80.25,153.89999,296423,575267.0000000034,5.628571714285686
2016-02-25,79.400002,81.5,79.300003,80.349998,193667,0,0,0,0,80.349998,153.89999,193667,563955.0000000034,5.417857642857115
2016-02-26,81.5,82.699997,78.199997,79.300003,188430,0,0,0,0,79.300003,153.89999,188430,554454.1500000034,5.389286071428543
2016-02-29,79.449997,80.5,77.599998,79.599998,191735,0,0,0,0,79.599998,153.89999,191735,477220.15000000334,5.382143357142829
2016-03-01,79.650002,85.199997,79.650002,84.449997,332713,0,0,0,0,84.449997,153.89999,332713,471263.0000000034,4.996428999999972
2016-03-02,84.449997,88.5,84.449997,86.900002,326253,0,0,0,0,86.900002,153.89999,326253,473376.05000000336,4.735714571428543
2016-03-03,87.699997,89.349998,86.099998,88.199997,295002,0,0,0,0,88.199997,153.89999,295002,476207.35000000335,4.460714714285686
2016-03-04,88.699997,88.75,87.050003,88.050003,236857,0,0,0,1,88.050003,153.89999,236857,409501.95000000333,3.957143071428543
2016-03-08,88.849998,94.949997,87.400002,91.150002,803699,0,0,1,1,91.150002,153.89999,803699,350033.60000000335,4.142856642857113
2016-03-09,91,91,87.300003,88.699997,368986,0,0,1,1,88.699997,153.89999,368986,355178.85000000335,3.939285357142828
2016-03-10,88.699997,94.400002,88.699997,93.300003,406219,0,0,1,1,93.300003,153.89999,406219,323733.85000000335,3.917857142857114
2016-03-11,94.699997,98.900002,94.099998,97.550003,1066258,0,0,1,1,97.550003,153.89999,1066258,342495.45000000333,4.128571214285685
2016-03-14,98.349998,98.900002,96.25,97.650002,494948,0,0,1,1,97.650002,153.89999,494948,352254.5000000034,4.1749999285714
2016-03-15,97.599998,99.849998,96.550003,98.449997,580443,0,0,1,1,98.449997,153.89999,580443,360704.15000000334,4.107142428571399
2016-03-16,96.099998,98.5,95.099998,97.550003,327030,0,0,0,1,97.550003,153.89999,327030,364503.15000000334,4.017856785714256
2016-03-17,98.5,101,97.5,98.25,458307,0,0,1,1,98.25,153.89999,458307,368205.10000000335,4.1107141428571135
2016-03-18,99,100.8,97.099998,99.150002,333922,0,0,0,1,99.150002,153.89999,333922,373401.90000000334,4.0535714285713995
2016-03-21,99.5,99.849998,97.050003,97.400002,216623,0,0,0,1,97.400002,153.89999,216623,373320.45000000333,4.046428071428542
2016-03-22,98,99.5,96.099998,97.75,199629,0,0,0,1,97.75,153.89999,199629,376691.70000000333,3.889285428571399
2016-03-23,97.400002,106.4,96.800003,103.6,1098263,0,0,1,1,103.6,153.89999,1098263,420770.35000000335,4.285713571428542
2016-03-28,103.2,103.2,96.400002,97.25,351350,0,0,0,1,97.25,153.89999,351350,423516.70000000333,4.567856285714256
2016-03-29,97.550003,97.550003,94.25,94.800003,421760,0,0,0,1,94.800003,153.89999,421760,434921.35000000335,4.682142428571399
2016-03-30,95.099998,99.349998,95.099998,98.199997,398819,0,0,0,1,98.199997,153.89999,398819,445440.80000000336,4.467856714285685
2016-03-31,98,99.800003,97.400002,98.699997,315844,0,0,0,1,98.699997,153.89999,315844,451646.2500000034,4.3642854285713994
2016-04-01,98.449997,98.699997,97,97.75,169619,0,0,0,1,97.75,153.89999,169619,443491.55000000336,4.078570571428542
2016-04-04,97.5,100.5,97.5,99.599998,212519,0,0,0,1,99.599998,153.89999,212519,437804.85000000335,3.892856357142828
2016-04-05,97.5,101.6,97.050003,97.550003,246327,0,0,0,1,97.550003,153.89999,246327,435371.10000000335,4.028570285714255
2016-04-06,97.599998,101.9,97.150002,100.75,373099,0,0,0,1,100.75,153.89999,373099,442183.20000000333,4.132141928571399
2016-04-07,100.45,101.7,98,98.449997,148725,0,0,0,1,98.449997,153.89999,148725,409434.5000000034,4.1535703571428275
2016-04-08,99,106,97.300003,104.9,664177,0,0,1,1,104.9,153.89999,664177,424194.05000000336,4.524998714285685
2016-04-11,104.35,105.4,100.85,102.45,270833,0,0,0,1,102.45,153.89999,270833,417424.7500000034,4.585712857142829
2016-04-12,103.2,103.4,100.85,101.6,163189,0,0,0,1,101.6,153.89999,163189,372271.30000000336,4.567856071428544
2016-04-13,103.5,104.5,101.6,102.35,235359,0,0,0,1,102.35,153.89999,235359,359291.85000000335,4.532141642857115
2016-04-18,102.95,106.05,100.5,104.4,371845,0,0,1,1,104.4,153.89999,371845,348861.95000000333,4.242856142857115
2016-04-20,106.35,106.35,103.6,104.2,291157,0,0,0,1,104.2,153.89999,291157,347068.30000000336,3.9249991428571156
2016-04-21,104.5,109,103.9,108.15,548400,0,0,1,1,108.15,153.89999,548400,351572.95000000333,4.05357035714283
2016-04-22,109.95,112.9,106.1,107.05,732339,0,0,1,1,107.05,153.89999,732339,371493.80000000336,4.214284999999974
2016-04-25,107.05,109.55,106.15,108.3,279995,0,0,0,1,108.3,153.89999,279995,374662.40000000334,4.285713499999972
2016-04-26,108.35,111.6,107.75,109.55,494420,0,0,1,1,109.55,153.89999,494420,389401.95000000333,4.439285142857115
2016-04-27,110.25,113.45,109,112.45,566606,0,0,1,1,112.45,153.89999,566606,362819.10000000335,4.542856571428544
2016-04-28,112.5,113.05,107.5,108.3,308936,0,0,0,1,108.3,153.89999,308936,360698.40000000334,4.614285357142831
2016-04-29,107.05,111.4,106.45,110.65,270719,0,0,0,1,110.65,153.89999,270719,353146.35000000335,4.628571214285687
2016-05-02,110.7,111.5,108.2,109.15,177282,0,0,0,1,109.15,153.89999,177282,342069.5000000034,4.5999997857142585
2016-05-03,110.2,110.9,105.25,106.2,246761,0,0,0,1,106.2,153.89999,246761,338615.35000000335,4.3821428571428305
2016-05-04,105.8,106,103.8,105,137486,0,0,0,1,105,153.89999,137486,337008.70000000333,4.228571428571401
2016-05-05,106.45,106.5,100.9,101.95,148092,0,0,0,1,101.95,153.89999,148092,333787.35000000335,4.446428571428543
2016-05-06,101.95,103.35,100.2,101.75,165473,0,0,0,1,101.75,153.89999,165473,329744.65000000334,4.464285714285685
2016-05-09,101.95,104,101.1,102.95,105301,0,0,0,1,102.95,153.89999,105301,316354.7500000034,4.274999999999971
2016-05-10,102.95,106.3,102.85,105.3,195074,0,0,0,1,105.3,153.89999,195074,318672.20000000333,4.324999999999972
2016-05-11,104,107.45,103.15,105.55,200164,0,0,0,1,105.55,153.89999,200164,295471.55000000336,4.267857142857115
2016-05-12,106,107.4,104.5,106.6,140071,0,0,0,1,106.6,153.89999,140071,288933.45000000333,3.9892857142856855
2016-05-13,104.9,106.4,104,104.55,92719,0,0,0,1,104.55,153.89999,92719,285409.95000000333,3.9321428571428285
2016-05-16,104.5,105.65,102.7,103.65,114098,0,0,0,1,103.65,153.89999,114098,279346.90000000334,3.867857142857115
2016-05-17,104.8,104.8,101.5,103.25,134326,0,0,0,1,103.25,153.89999,134326,267470.95000000333,3.785714285714257
2016-05-18,102,106.65,102,103.4,478332,0,0,1,1,103.4,153.89999,478332,276829.70000000333,3.7214285714285436
2016-05-19,103.25,104.45,99.5,100,183208,0,0,0,1,100,153.89999,183208,258570.10000000335,3.7214285714285436
2016-05-20,100.2,103.7,98.599998,99.25,544305,0,0,1,1,99.25,153.89999,544305,249168.40000000334,3.8500001428571156
2016-05-23,100.6,101.5,86,87.849998,2519906,0,0,1,1,87.849998,153.89999,2519906,361163.95000000333,4.553571571428543
2016-05-24,87.849998,87.849998,80.25,81.900002,1736478,0,0,1,1,81.900002,153.89999,1736478,423266.85000000335,4.924999999999971
2016-05-25,82.5,84.800003,80.900002,81.949997,518885,0,0,1,1,81.949997,153.89999,518885,420880.80000000336,4.803571499999973
2016-05-26,82.199997,83.400002,77.199997,79.300003,766944,0,0,1,1,79.300003,153.89999,766944,443781.20000000333,5.021428999999974
2016-05-27,79.800003,82.449997,78.900002,80.949997,460098,0,0,1,1,80.949997,153.89999,460098,453250.15000000334,5.067857214285687
2016-05-30,81,82.349998,79,79.199997,237008,0,0,0,1,79.199997,153.89999,237008,456236.45000000333,5.060714214285687
2016-05-31,80,80.199997,78.050003,78.199997,249038,0,0,0,1,78.199997,153.89999,249038,456350.30000000336,4.907142357142829
2016-06-01,78.199997,79.449997,74.75,74.949997,447016,0,0,0,1,74.949997,153.89999,447016,471826.80000000336,5.035713571428543
2016-06-02,75.949997,76,72.949997,74,251148,0,0,0,1,74,153.89999,251148,476979.60000000335,5.067856642857115
2016-06-03,75.849998,75.849998,70.050003,70.449997,473475,0,0,0,1,70.449997,153.89999,473475,492379.70000000333,5.271427714285686
2016-06-06,71,72.349998,70.25,70.650002,221290,0,0,0,1,70.650002,153.89999,221290,498179.15000000334,5.185713285714257
2016-06-07,71.900002,72,70.25,70.449997,301637,0,0,0,1,70.449997,153.89999,301637,503507.30000000336,4.9785704285714
2016-06-08,70.449997,71.699997,69.400002,69.900002,870299,0,0,1,1,69.900002,153.89999,870299,537014.0500000033,4.789284357142828
2016-06-09,70.050003,72,69.25,71.300003,1208594,0,0,1,1,71.300003,153.89999,1208594,590440.2000000033,4.621427071428542
2016-06-10,72.5,75.949997,71.699997,74.800003,3283138,0,0,1,1,74.800003,153.89999,3283138,749961.1500000034,3.846426642857113
2016-06-13,74.75,75.550003,73,73.349998,1044999,0,0,1,1,73.349998,153.89999,1044999,796506.2000000033,3.4857127142856847
2016-06-14,73.699997,75.199997,73,75.050003,1106237,0,0,1,1,75.050003,153.89999,1106237,845101.7500000034,3.364283857142827
2016-06-15,75.599998,76.699997,75.199997,76.050003,977223,0,0,1,1,76.050003,153.89999,977223,870046.3000000033,3.03928307142854
2016-06-16,75.75,76.199997,73.699997,74.449997,1174389,0,0,1,1,74.449997,153.89999,1174389,919605.3500000034,2.964283428571398
2016-06-17,75.199997,77.599998,74.800003,77.050003,1192643,0,0,1,1,77.050003,153.89999,1192643,952022.2500000034,2.949997928571398
2016-06-20,76.599998,77.949997,76.400002,77.5,754861,0,0,0,1,77.5,153.89999,754861,863770.0000000034,2.907140857142827
2016-06-21,77.599998,84.699997,77,82.5,3445190,0,0,1,1,82.5,153.89999,3445190,949205.6000000034,3.121426571428541
2016-06-22,83.300003,85.5,82,84,1664424,0,0,1,1,84,153.89999,1664424,1006482.5500000033,3.153569214285684
2016-06-23,84,85.949997,82.150002,84.699997,621494,0,0,0,1,84.699997,153.89999,621494,999210.0500000033,3.0107120714285407
2016-06-24,81.099998,82.75,78.5,81.599998,980517,0,0,0,1,81.599998,153.89999,980517,1025231.0000000034,3.303569142857112
2016-06-27,81.099998,83.449997,81.099998,82.699997,348895,0,0,0,1,82.699997,153.89999,348895,1030825.3500000034,3.346426214285683
2016-06-28,83,83.599998,81.25,81.300003,464784,0,0,0,1,81.300003,153.89999,464784,1041612.6500000034,3.3499978571428266
2016-06-29,81.849998,82.599998,79.449997,79.900002,382915,0,0,0,1,79.900002,153.89999,382915,1038407.6000000034,3.3785693571428266
2016-06-30,80.650002,81,78.400002,79.5,1063329,0,0,0,1,79.5,153.89999,1063329,1079016.6500000034,3.2321410714285412
2016-07-01,79.949997,80.550003,79.400002,80.099998,701045,0,0,0,1,80.099998,153.89999,701045,1090395.1500000034,3.1321409285713986
2016-07-04,80.75,81.400002,80,80.550003,862485,0,0,0,1,80.550003,153.89999,862485,1122454.9000000034,3.0749984285713987
2016-07-05,81,83.25,79,82.25,1142394,0,0,0,1,82.25,153.89999,1142394,1164492.7500000033,3.2607131428571137
2016-07-07,82.300003,84.25,81.300003,81.800003,863486,0,0,0,1,81.800003,153.89999,863486,1164152.1000000034,3.292855785714256
2016-07-08,81.349998,83.699997,81.099998,82.349998,372277,0,0,0,1,82.349998,153.89999,372277,1122336.2500000033,3.2535699285713986
2016-07-11,83,84.099998,82.800003,83.5,360516,0,0,0,1,83.5,153.89999,360516,976205.1500000034,3.2678559999999703
2016-07-12,84,84.150002,83,83.550003,200835,0,0,0,1,83.550003,153.89999,200835,933996.9500000033,2.799999214285685
2016-07-13,83.5,87.900002,83.5,84.5,841685,0,0,0,1,84.5,153.89999,841685,920769.3500000034,2.8642850714285424
2016-07-14,84.050003,89.699997,84.050003,89.150002,1802229,0,0,1,1,89.150002,153.89999,1802229,962019.6500000034,2.9964278571428276
2016-07-15,89.949997,89.949997,86.800003,87.550003,645097,0,0,0,1,87.550003,153.89999,645097,935555.0500000033,2.77857049999997
2016-07-18,87,88.349998,84.75,85.449997,222876,0,0,0,1,85.449997,153.89999,222876,887066.7000000033,2.8678561428571134
2016-07-19,85,85.800003,83.349998,84.150002,214928,0,0,0,1,84.150002,153.89999,214928,860070.0500000033,2.8749994999999706
2016-07-20,84.650002,85.550003,83.400002,83.800003,207694,0,0,0,1,83.800003,153.89999,207694,698195.2500000034,2.8035709285713994
2016-07-21,83.800003,90.949997,83.650002,87.900002,2594000,0,0,1,1,87.900002,153.89999,2594000,744674.0500000033,3.1392849999999703
2016-07-22,88.300003,88.800003,86.199997,86.75,335137,0,0,0,1,86.75,153.89999,335137,730356.2000000033,3.2428567857142565
2016-07-25,87,89.900002,86.150002,89.300003,652517,0,0,0,1,89.300003,153.89999,652517,713956.2000000033,3.4107137857142567
2016-07-26,89.300003,91.400002,88.050003,88.699997,640648,0,0,0,1,88.699997,153.89999,640648,728543.8500000034,3.3464279999999706
2016-07-27,89.900002,90,88.400002,89.199997,319092,0,0,0,1,89.199997,153.89999,319092,721259.2500000034,3.2499994999999706
2016-07-28,89,92,83.849998,89.75,2620530,0,0,1,1,89.75,153.89999,2620530,833140.0000000034,3.646428285714257
2016-07-29,88.349998,90.199997,86.400002,87.050003,503823,0,0,0,1,87.050003,153.89999,503823,805164.7000000033,3.7928564999999708
2016-08-01,87,88.599998,85.050003,87.349998,381034,0,0,0,1,87.349998,153.89999,381034,789164.1500000034,3.964284571428542
2016-08-02,88.75,88.949997,84.650002,85.25,635375,0,0,0,1,85.25,153.89999,635375,777808.6500000034,3.9571412142856843
2016-08-03,85.650002,85.650002,82.599998,82.949997,251527,0,0,0,1,82.949997,153.89999,251527,733265.3000000033,3.7714276428571134
2016-08-04,84.800003,84.800003,81.400002,81.599998,308935,0,0,0,1,81.599998,153.89999,308935,705537.7500000034,3.789285285714257
2016-08-05,82.050003,84.349998,82.050003,83.099998,244806,0,0,0,1,83.099998,153.89999,244806,699164.2000000033,3.728571142857114
2016-08-08,83.849998,85.650002,83.099998,83.5,198738,0,0,0,1,83.5,153.89999,198738,691075.3000000033,3.7357139285714
2016-08-09,84,84.150002,82.849998,83.050003,141461,0,0,0,1,83.050003,153.89999,141461,688106.6000000034,3.6749998571428284
2016-08-10,83.599998,83.599998,81.550003,81.699997,128932,0,0,0,1,81.699997,153.89999,128932,652468.9500000033,3.2999998571428284
2016-08-11,82.300003,82.449997,81.050003,81.449997,78358,0,0,0,1,81.449997,153.89999,78358,566275.4000000034,3.2142847142856845
2016-08-12,81.449997,83.5,80.849998,81.199997,142102,0,0,0,1,81.199997,153.89999,142102,541125.6500000034,3.135713428571399
2016-08-16,81.449997,81.949997,80.599998,81.150002,88437,0,0,0,1,81.150002,152.2,88437,534403.7000000033,2.992856285714256
2016-08-17,81.849998,83.900002,81.199997,83.550003,253566,0,0,0,1,83.550003,150.7,253566,536335.6000000034,3.074999285714256
2016-08-18,84,88.400002,83.550003,87.5,2728184,0,0,1,1,87.5,146.25,2728184,662360.1000000034,2.8392847857142556
2016-08-19,87.800003,91,87.5,89.099998,1327563,0,0,1,1,89.099998,140.3,1327563,599038.2500000034,2.8178565714285417
2016-08-22,88.75,88.75,78.050003,84.400002,2926354,0,0,1,1,84.400002,138.7,2926354,728599.1000000034,3.3535708571428273
2016-08-23,82.550003,85.75,80.199997,84.449997,1068724,0,0,1,1,84.449997,138.7,1068724,749409.4500000033,3.4428571428571138
2016-08-24,83.400002,84.550003,82.349998,83,374121,0,0,0,1,83,138.7,374121,736083.1000000034,3.3821429285713998
2016-08-25,83.400002,86.900002,82.25,83.099998,931340,0,0,1,1,83.099998,138.7,931340,766695.5000000034,3.4714287142856852
2016-08-26,83.599998,84.800003,82.050003,82.550003,225257,0,0,0,1,82.550003,138.7,225257,646931.8500000034,3.4714287142856852
2016-08-29,83.900002,83.900002,80.5,80.650002,199215,0,0,0,1,80.650002,138.7,199215,631701.4500000033,3.5321428571428277
2016-08-30,80.650002,82.5,80.650002,81.150002,128415,0,0,0,1,81.150002,138.7,128415,619070.5000000034,3.5714281428571133
2016-08-31,81.900002,83.449997,80.900002,81.400002,249200,0,0,0,1,81.400002,129.10001,249200,599761.7500000034,3.6071424285713993
2016-09-01,82.400002,83.5,81,81.099998,233657,0,0,0,1,81.099998,122.95,233657,598868.2500000034,3.685714285714257
2016-09-02,81.150002,83.5,81,81.900002,263740,0,0,0,1,81.900002,122.95,263740,596608.5000000034,3.6749998571428284
2016-09-06,82.75,82.800003,73,81.349998,274892,0,0,0,1,81.349998,122.95,274892,598112.8000000033,4.278571571428543
2016-09-07,82.75,82.75,80.849998,81.199997,167869,0,0,0,1,81.199997,122.95,167869,596569.3500000034,4.2178574285714
2016-09-08,81,82,77.550003,79.599998,544879,0,0,0,1,79.599998,122.95,544879,616740.2500000034,4.189285857142829
2016-09-09,80,80,77.75,78.199997,213126,0,0,0,1,78.199997,122.95,213126,620949.9500000033,4.100000142857114
2016-09-12,76,78,71.349998,76.75,270399,0,0,0,1,76.75,122.95,270399,630552.0000000034,3.8000004285714004
2016-09-14,76.050003,79.949997,76.050003,78.150002,336878,0,0,0,1,78.150002,122.95,336878,640290.8000000033,3.6821426428571136
2016-09-15,78.650002,79.550003,76.550003,77.050003,125989,0,0,0,1,77.050003,122.95,125989,642168.4000000034,3.7392851428571134
2016-09-16,77.400002,78.650002,72.699997,73.599998,575744,0,0,0,1,73.599998,122.95,575744,658277.3000000033,3.832142499999971
2016-09-19,73.650002,76.949997,73.650002,74.050003,305769,0,0,0,1,74.050003,122.95,305769,537156.5500000033,3.874999571428542
2016-09-20,75,75.5,73.5,74.050003,191763,0,0,0,1,74.050003,122.95,191763,480366.55000000336,3.774999428571399
2016-09-21,75.800003,78,75.199997,76.949997,728618,0,0,1,1,76.949997,122.95,728618,370479.7500000034,3.9249993571428274
2016-09-22,77.400002,77.900002,76.099998,76.400002,117963,0,0,0,1,76.400002,122.95,117963,322941.70000000333,3.871428571428542
2016-09-23,77,77.699997,75.400002,75.949997,153067,0,0,0,1,75.949997,122.95,153067,311889.0000000034,3.8571424999999704
2016-09-26,74.099998,75.699997,74.099998,75.099998,100671,0,0,0,1,75.099998,122.95,100671,270355.55000000336,3.810713857142827
2016-09-27,75.150002,76,72.599998,73,240615,0,0,0,1,73,122.95,240615,271123.45000000333,3.3535709285713984
2016-09-28,73.199997,75.5,73.199997,74.900002,156919,0,0,0,1,74.900002,122.95,156919,269008.65000000334,3.3964279285713985
2016-09-29,76.300003,76.300003,70,70.699997,267294,0,0,0,0,70.699997,122.95,267294,275952.60000000335,3.5285712142856847
2016-09-30,70.5,71.75,69.099998,69.900002,336759,0,0,1,0,69.900002,122.95,336759,280330.55000000336,3.557142785714256
2016-10-03,70,71.900002,70,71.5,239099,0,0,0,1,71.5,122.95,239099,280602.65000000334,3.2107142857142565
2016-10-04,71.75,72.75,71.599998,72.150002,155479,0,0,0,1,72.150002,122.95,155479,275189.60000000335,3.0214289999999715
2016-10-05,72.5,75.949997,71.75,74.449997,553134,0,0,1,1,74.449997,122.95,553134,289101.70000000333,3.1071430714285424
2016-10-06,75.75,75.75,72.099998,72.75,196375,0,0,0,1,72.75,122.95,196375,290527.0000000034,2.9428571428571138
2016-10-07,73.5,74.150002,71.550003,71.849998,183389,0,0,0,1,71.849998,122.95,183389,272452.5000000034,2.889285714285685
2016-10-10,72,74,72,72.650002,351320,0,0,1,1,72.650002,122.95,351320,279362.20000000333,2.9000001428571136
2016-10-13,72.150002,73.800003,70.800003,71.650002,214505,0,0,0,0,71.650002,122.95,214505,276567.5000000034,2.8321432142856855
2016-10-14,71.849998,72.5,70.099998,71.400002,149178,0,0,0,1,71.400002,122.95,149178,267182.5000000034,2.875000214285685
2016-10-17,71,72.199997,69.5,70,197909,0,0,0,0,70,122.95,197909,270778.5000000034,2.9035717857142567
2016-10-18,70.5,71.800003,70.5,71,101489,0,0,0,1,71,122.95,101489,247065.75000000335,2.9000006428571146
2016-10-19,71.849998,71.849998,71,71.650002,96638,0,0,0,1,71.650002,122.95,96638,236609.20000000336,2.7178574999999716
2016-10-20,71.800003,74.099998,71.800003,73.199997,298425,0,0,1,1,73.199997,121.2,298425,241942.30000000336,2.714285785714257
2016-10-21,73.349998,73.75,71.150002,71.5,192662,0,0,0,1,71.5,119.4,192662,215144.50000000335,2.4499997142856853
2016-10-24,72.150002,74,72.050003,73.300003,301295,0,0,1,1,73.300003,119.4,301295,224311.10000000335,2.4392852857142566
2016-10-25,73.900002,74.5,69.150002,71.75,984954,0,0,1,1,71.75,119.4,984954,265905.45000000333,2.678570857142828
2016-10-26,71.050003,72.550003,70.449997,71.699997,221556,0,0,0,1,71.699997,119.4,221556,271949.70000000333,2.739285571428543
2016-10-27,71.099998,72.650002,71.099998,71.900002,174765,0,0,0,0,71.900002,119.4,174765,268657.20000000333,2.550000357142829
2016-10-28,71.5,72.5,70.300003,70.900002,85286,0,0,0,1,70.900002,119.4,85286,265075.55000000336,2.446428571428543
2016-11-01,72.099998,72.349998,69.5,69.650002,869091,0,0,1,1,69.650002,119.4,869091,295165.40000000334,2.4642856428571145
2016-11-02,69.050003,70.050003,69,69.25,180138,0,0,0,0,69.25,119.4,180138,287334.35000000335,2.3857142857142577
2016-11-03,68.400002,70.099998,68.050003,68.5,315040,0,0,1,0,68.5,119.4,315040,291131.40000000334,2.3178567857142576
2016-11-04,69,69,65.400002,66.050003,272462,0,0,0,0,66.050003,119.4,272462,296980.55000000336,2.4035707857142574
2016-11-07,67.150002,68,66,66.449997,143485,0,0,0,0,66.449997,119.4,143485,276498.10000000335,2.3535709999999717
2016-11-08,66.849998,66.849998,64.099998,65.050003,211198,0,0,0,0,65.050003,119.4,211198,277239.2500000034,2.4214279285714
2016-11-09,55.049999,62.349998,55.049999,61.400002,318318,0,0,1,0,61.400002,119.4,318318,283985.70000000333,3.0749997857142577
2016-11-10,63,73.650002,62.950001,73.650002,1505425,0,0,1,0,73.650002,119.4,1505425,341690.95000000333,3.7750000714285434
2016-11-11,74.300003,74.900002,70.099998,73.650002,753046,0,0,1,0,73.650002,119.4,753046,368618.0000000034,3.9321433571428295
2016-11-15,73.949997,74.949997,69.5,72.699997,452335,0,0,1,0,72.699997,119.4,452335,383775.85000000335,4.142857428571401
2016-11-16,73.349998,73.900002,71.550003,72.949997,345370,0,0,0,0,72.949997,119.4,345370,391148.90000000334,3.9285717857142575
2016-11-17,73.349998,73.349998,69,69.599998,180851,0,0,0,0,69.599998,119.4,180851,395117.0000000034,4.0892854999999715
2016-11-18,69.949997,71,68.599998,70.25,190159,0,0,0,0,70.25,119.4,190159,399793.05000000336,4.1499996428571135
2016-11-21,70.25,71.699997,68.949997,69.550003,171256,0,0,0,0,69.550003,119.4,171256,393434.60000000335,4.189285571428543
2016-11-22,70.75,71.449997,69.599998,71.050003,94258,0,0,0,0,71.050003,119.4,94258,388514.40000000334,4.121428142857114
2016-11-23,72,72,70.099998,70.900002,49860,0,0,0,0,70.900002,119.4,49860,375942.65000000334,4.182142357142828
2016-11-24,70.150002,71.400002,69.550003,69.800003,38547,0,0,0,0,69.800003,119.4,38547,328622.30000000336,4.167856928571399
2016-11-25,71,72.5,69.050003,70.699997,101938,0,0,0,0,70.699997,119.4,101938,322641.40000000334,4.157142571428542
2016-11-28,72.400002,72.400002,70.099998,71.150002,49669,0,0,0,0,71.150002,119.4,49669,316386.60000000335,4.1785714285713995
2016-11-29,71.150002,73.099998,70.699997,71.199997,109665,0,0,0,0,71.199997,119.4,109665,317605.55000000336,4.153571499999971
2016-11-30,71.849998,84.849998,71.849998,80.900002,6401230,0,0,1,0,80.900002,119.4,6401230,594212.5000000034,4.414285571428542
2016-12-01,81.800003,88.449997,81.099998,82.550003,4975364,0,0,1,0,82.550003,119.4,4975364,833973.8000000033,4.078570928571399
2016-12-02,82.5,82.5,79.199997,79.849998,584588,0,0,0,0,79.849998,119.4,584588,847451.2000000033,3.9749996428571137
2016-12-05,81.099998,81.099998,77.099998,77.5,318684,0,0,0,0,77.5,119.4,318684,849762.3000000033,3.8714284285713996
2016-12-06,76.849998,79.900002,76.849998,78.099998,357030,0,0,0,0,78.099998,119.4,357030,860439.5500000033,3.9214287857142573
2016-12-07,78.5,78.949997,76,76.25,157715,0,0,0,0,76.25,119.4,157715,857765.4000000034,3.8214287142856853
2016-12-08,78.400002,78.400002,76.75,77.199997,157437,0,0,0,0,77.199997,119.4,157437,849721.3500000034,3.8035715714285425
2016-12-09,78,80.449997,76.699997,77.949997,335751,0,0,0,0,77.949997,119.4,335751,791237.6500000034,3.875000142857114
2016-12-12,78,78.599998,76.150002,76.900002,136124,0,0,0,0,76.900002,119.4,136124,760391.5500000033,3.9142859999999717
2016-12-13,77.699997,77.699997,75.099998,75.650002,117659,0,0,0,0,75.650002,119.4,117659,743657.7500000034,3.964285785714257
2016-12-14,75.900002,81.599998,74.800003,78,2293747,0,0,1,0,78,118,2293747,841076.6000000034,4.3178569285714
2016-12-15,75.199997,77.949997,75.199997,76.449997,226735,0,0,0,0,76.449997,118,226735,843370.8000000033,4.271428785714257
2016-12-16,77,78.900002,76.050003,78.300003,272611,0,0,0,0,78.300003,118,272611,847493.4000000034,4.3107141428571145
2016-12-19,78,78.800003,76.150002,76.699997,126376,0,0,0,0,76.699997,118,126376,845249.4000000034,4.328571285714257
2016-12-20,76.699997,77.349998,75.099998,75.400002,127908,0,0,0,0,75.400002,118,127908,846931.9000000034,3.5142854999999713
2016-12-21,77,83.449997,77,79.75,2852717,0,0,1,0,79.75,118,2852717,987074.7500000034,3.549999785714257
2016-12-22,80.800003,82.349998,80,81.349998,1473896,0,0,1,0,81.349998,118,1473896,1058842.2000000034,3.4964277857142565
2016-12-23,81.400002,81.449997,79.050003,79.449997,425271,0,0,0,0,79.449997,118,425271,1075008.8500000034,3.382141642857113
2016-12-26,79.099998,79.099998,71.400002,73.349998,451502,0,0,0,0,73.349998,118,451502,1095100.5000000033,3.739283857142827
2016-12-27,73.199997,77.300003,72.150002,75.800003,424889,0,0,0,0,75.800003,118,424889,1110861.7000000034,3.8964269999999703
2016-12-28,75.099998,76.449997,73.599998,73.949997,188197,0,0,0,0,73.949997,118,188197,800210.0500000033,3.9464267857142556
2016-12-29,74.5,75.900002,74,75.150002,168624,0,0,0,0,75.150002,118,168624,559873.0500000033,3.8178557142856846
2016-12-30,75.300003,76.349998,74.849998,75.25,127454,0,0,0,0,75.25,118,127454,537016.3500000034,3.7499988571428275
2017-01-02,75.550003,76.400002,75.199997,75.949997,101704,0,0,0,0,75.949997,118,101704,526167.3500000034,3.6499992857142565
2017-01-03,76,77.650002,75.349998,76.150002,133944,0,0,0,0,76.150002,118,133944,515013.05000000336,3.3285713571428284
2017-01-04,76.599998,78.300003,76.349998,76.900002,130570,0,0,0,0,76.900002,118,130570,513655.80000000336,3.282142642857114
2017-01-05,77.900002,79.949997,77.599998,79.099998,358225,0,0,0,1,79.099998,117.15,358225,523695.20000000333,3.2964280714285428
2017-01-06,78.800003,79.949997,78.800003,79.199997,218769,0,0,0,1,79.199997,117.15,218769,517846.10000000335,3.1892847142856846
2017-01-09,79.349998,81.449997,79.050003,80.550003,249343,0,0,0,1,80.550003,117.15,249343,523507.05000000336,3.1999985714285413
2017-01-10,80.050003,83,78.599998,81.150002,276609,0,0,0,1,81.150002,116.6,276609,531454.5500000033,2.939284785714256
2017-01-11,81.650002,84.699997,81.550003,82.75,477006,0,0,1,1,82.75,116.6,477006,440617.5000000034,3.007141714285684
2017-01-12,82.75,83.300003,81.150002,81.300003,141661,0,0,0,1,81.300003,116.6,141661,436363.80000000336,2.9892850714285424
2017-01-13,83.050003,85.300003,81.300003,83.199997,562811,0,0,1,1,83.199997,116.6,562811,450873.80000000336,2.6999997142856853
2017-01-16,83.25,83.25,81.099998,81.550003,100945,0,0,0,1,81.550003,113.45,100945,449602.2500000034,2.4857140714285424
2017-01-17,81.599998,82.900002,80.449997,81,173159,0,0,0,1,81,113.45,173159,451864.80000000336,2.457143071428543
2017-01-18,81.400002,83,80.449997,81.75,243345,0,0,0,1,81.75,113.45,243345,321396.20000000333,2.5000000714285426
2017-01-19,80.599998,82.5,80.599998,81.099998,123392,0,0,0,1,81.099998,113.45,123392,253871.00000000335,2.528571642857114
2017-01-20,81.199997,81.699997,80.300003,80.599998,135588,0,0,0,1,80.599998,113.45,135588,239386.85000000335,2.542856571428542
2017-01-23,82.150002,82.150002,80,80.150002,168688,0,0,0,1,80.150002,113.45,168688,225246.15000000334,2.5321421428571136
2017-01-24,80.150002,81.5,78.699997,79.050003,303557,0,0,1,1,79.050003,113.45,303557,219179.55000000336,2.578570857142828
2017-01-25,79.150002,86.800003,79.150002,85,1185643,0,0,1,1,85,113.45,1185643,269051.85000000335,2.9142854999999708
2017-01-27,85.5,92.25,85.199997,87.099998,1935033,0,0,1,1,87.099998,113.45,1935033,357372.30000000336,3.3500002142856857
2017-01-30,87,87.400002,84.5,85.5,273733,0,0,0,1,85.5,113.45,273733,364686.2500000034,3.3857150714285433
2017-01-31,85.5,85.5,83.099998,83.400002,142899,0,0,0,1,83.400002,113.45,142899,366746.0000000034,3.2428579285714005
2017-02-01,83.400002,84.449997,81.300003,84.099998,235394,0,0,0,1,84.099998,113.45,235394,371818.5000000034,3.2142864285714006
2017-02-02,84.449997,84.5,82.800003,83.599998,205895,0,0,0,1,83.599998,113.45,205895,375584.7500000034,3.182143285714257
2017-02-03,83.099998,85.599998,83.099998,83.5,280598,0,0,0,1,83.5,113.45,280598,371703.40000000334,3.0750004285714
2017-02-06,83.800003,84.699997,82.5,83,227896,0,0,0,1,83,113.45,227896,372159.7500000034,3.078571499999971
2017-02-07,83.199997,84.699997,82.650002,83.300003,260265,0,0,0,1,83.300003,113.45,260265,372705.85000000335,3.0499993571428274
2017-02-08,83.099998,84.599998,83,83.5,221589,0,0,0,1,83.5,113.45,221589,369954.85000000335,2.9821418571428273
2017-02-09,83.199997,89.400002,83.199997,88.050003,921472,0,0,1,1,88.050003,113.45,921472,392178.15000000334,3.2892849285713988
2017-02-10,88.849998,89.400002,83.5,84.099998,909773,0,0,1,1,84.099998,113.45,909773,430583.7500000034,3.6107140714285424
2017-02-13,82.650002,84.949997,81,81.550003,361294,0,0,0,1,81.550003,113.45,361294,420507.90000000334,3.7392851428571134
2017-02-14,82.949997,82.949997,80.25,80.449997,200731,0,0,0,1,80.449997,113.45,200731,425497.20000000333,3.7321418571428273
2017-02-15,80.349998,81.650002,79,79.550003,235906,0,0,0,1,79.550003,113.45,235906,428634.55000000336,3.367856285714256
2017-02-16,81.5,83.5,79,82.349998,237295,0,0,0,1,82.349998,113.45,237295,428332.05000000336,3.1714277142856844
2017-02-17,82.849998,83.800003,81.650002,82.400002,98411,0,0,0,1,82.400002,113.45,98411,427083.0000000034,3.1178562142856845
2017-02-20,82.400002,84.400002,81.849998,83.150002,137325,0,0,0,1,83.150002,113.45,137325,427169.85000000335,3.128570642857113
2017-02-21,86,87.5,84.699997,85.150002,668444,0,0,1,1,85.150002,113.45,668444,452157.65000000334,3.214285214285685
2017-02-22,85.900002,85.900002,82.75,83.300003,179690,0,0,0,1,83.300003,113.45,179690,445964.30000000336,3.317856999999971
2017-02-23,84,85.150002,83.199997,84,132799,0,0,0,1,84,113.45,132799,393322.10000000335,3.278571642857114
2017-02-27,83.099998,86.5,81.050003,83.300003,256988,0,0,0,1,83.300003,113.45,256988,309419.85000000335,3.5107144999999713
2017-02-28,83.800003,84.800003,83,83.150002,123921,0,0,0,1,83.150002,113.45,123921,301929.2500000034,3.4928579285714005
2017-03-01,84,86.349998,81.099998,85.599998,510316,0,0,1,1,85.599998,113.45,510316,320300.10000000335,3.753572357142829
2017-03-02,85.599998,87.5,84,84.550003,389282,0,0,1,1,84.550003,113.45,389282,327994.5000000034,3.560714857142829
2017-03-03,84.5,84.5,82.449997,83.25,133012,0,0,0,1,83.25,113.45,133012,324350.35000000335,3.2892865714285437
2017-03-06,86.25,88.900002,86.25,87.800003,1173094,0,0,1,1,87.800003,113.45,1173094,368975.15000000334,3.4107154999999727
2017-03-07,87.699997,88.699997,85.800003,86.949997,436609,0,0,1,1,86.949997,113.45,436609,379410.80000000336,3.4250009999999724
2017-03-08,87,87.699997,85,85.699997,235564,0,0,0,1,85.699997,113.45,235564,378175.7500000034,3.4285720714285435
2017-03-09,85.5,85.699997,83.75,84.300003,164430,0,0,0,1,84.300003,113.45,164430,375317.80000000336,3.2464289999999716
2017-03-10,84.300003,85.349998,83,83.400002,153418,0,0,0,1,83.400002,113.45,153418,336915.10000000335,3.2607144999999713
2017-03-14,86.699997,86.800003,83.949997,84.199997,184629,0,0,0,1,84.199997,113.45,184629,300657.90000000334,3.321428571428543
2017-03-15,84.199997,84.949997,83.5,84.25,98412,0,0,0,1,84.25,113.45,98412,287513.80000000336,3.1142856428571144
2017-03-16,84.349998,87.449997,84.199997,85.800003,402613,0,0,1,1,85.800003,113.45,402613,297607.90000000334,3.1214283571428285
2017-03-17,85.800003,85.800003,82.650002,84.050003,423026,0,0,1,1,84.050003,113.45,423026,306963.90000000334,3.2071423571428284
2017-03-20,84.050003,86.5,83.400002,84.849998,250843,0,0,0,1,84.849998,113.45,250843,307641.30000000336,3.039285285714257
2017-03-21,84.800003,84.949997,83.400002,83.849998,137772,0,0,0,1,83.849998,113.45,137772,309609.35000000335,3.0214275714285423
2017-03-22,83.5,83.900002,83.199997,83.650002,120795,0,0,0,1,83.650002,113.45,120795,308782.85000000335,2.6964279285713997
2017-03-23,84,84.400002,83.050003,84,123419,0,0,0,1,84,113.45,123419,281531.60000000335,2.5428564285713997
2017-03-24,84,87.199997,82.699997,86.400002,912965,0,0,1,1,86.400002,113.45,912965,318195.35000000335,2.714284571428542
2017-03-27,86.599998,92.400002,81.900002,82.599998,2372236,0,0,1,1,82.599998,113.45,2372236,430167.20000000333,3.0607129999999705
2017-03-28,82.949997,84.400002,82.199997,82.650002,434579,0,0,0,1,82.650002,113.45,434579,439046.7500000034,3.0107137857142567
2017-03-29,83.199997,83.349998,80.800003,81.550003,317436,0,0,0,1,81.550003,113.45,317436,448722.5000000034,2.9999993571428285
2017-03-30,82.199997,83.400002,82.199997,82.599998,170655,0,0,0,1,82.599998,113.45,170655,431739.45000000333,2.992856642857114
2017-03-31,82.650002,83.699997,82.099998,82.599998,970995,0,0,1,1,82.599998,113.45,970995,460825.10000000335,2.9392852857142566
2017-04-03,82.300003,84.650002,82.300003,83.5,286044,0,0,0,1,83.5,113.45,286044,468476.70000000333,2.8642851428571134
2017-04-05,83.449997,85.300003,83.449997,84.650002,398638,0,0,0,1,84.650002,113.45,398638,429753.90000000334,2.892857214285686
2017-04-06,84.5,85.150002,82.900002,83.550003,219193,0,0,0,1,83.550003,113.45,219193,418883.10000000335,2.8214286428571143
2017-04-07,83.550003,84.349998,82.599998,83.099998,155757,0,0,0,1,83.099998,113.45,155757,414892.7500000034,2.7214285714285427
2017-04-10,85,85.300003,83.5,83.900002,189629,0,0,0,1,83.900002,113.45,189629,416152.70000000333,2.6571433571428287
2017-04-11,84,84.800003,83.300003,84.099998,125751,0,0,0,1,84.099998,113.45,125751,414769.35000000335,2.6535722857142576
2017-04-12,83.050003,84.75,82.050003,82.900002,184852,0,0,0,1,82.900002,113.45,184852,414780.5000000034,2.7964288571428284
2017-04-13,83.599998,83.949997,82.050003,82.449997,177338,0,0,0,1,82.449997,113.45,177338,418726.80000000336,2.835714214285685
2017-04-17,82.5,83.900002,82.099998,82.75,116071,0,0,0,1,82.75,113.45,116071,404399.70000000333,2.642857357142828
2017-04-18,83.300003,84.400002,81.75,82.300003,247237,0,0,0,1,82.300003,113.45,247237,395610.2500000034,2.0821432142856855
2017-04-19,82,82.800003,80.75,81.400002,239313,0,0,0,1,81.400002,113.45,239313,395033.7500000034,2.071428785714257
2017-04-20,82.699997,83.25,80.650002,81.300003,141498,0,0,0,1,81.300003,113.45,141498,395220.05000000336,2.0750004285714
2017-04-21,81.949997,83.400002,81.900002,82.75,561767,0,0,1,1,82.75,113.45,561767,417268.65000000334,2.0928575714285427
2017-04-24,82.349998,83,81.550003,81.949997,339822,0,0,0,1,81.949997,113.45,339822,428088.80000000336,2.082143142857114
2017-04-25,82.699997,89,82.599998,84.849998,2303477,0,0,1,1,84.849998,113.45,2303477,497614.40000000334,2.417857714285686
2017-04-26,84.849998,86.949997,83.199997,83.849998,593147,0,0,1,1,83.849998,113.45,593147,408659.95000000333,2.5535715714285425
2017-04-27,84.400002,84.400002,83,83.199997,235207,0,0,0,1,83.199997,113.45,235207,398691.35000000335,2.4928574285714
2017-04-28,83.949997,83.949997,82,82.650002,173758,0,0,0,1,82.650002,113.45,173758,391507.45000000333,2.5071429285713998
2017-05-02,83.300003,83.449997,81.099998,81.949997,271703,0,0,0,1,81.949997,113.45,271703,396559.85000000335,2.517856785714256
2017-05-03,82.900002,82.900002,81.199997,81.849998,432840,0,0,1,1,81.849998,113.45,432840,369652.10000000335,2.5321428571428277
2017-05-04,81.949997,82.199997,81.400002,81.800003,295517,0,0,0,1,81.800003,113.45,295517,370125.7500000034,2.3964284285713995
2017-05-05,81.949997,82.099998,81.150002,81.5,761950,0,0,1,1,81.5,113.05,761950,388291.35000000335,2.3285714285714
2017-05-08,81.900002,91.5,81.75,87.150002,5332840,0,0,1,1,87.150002,111.5,5332840,643973.7000000033,2.9142854285713997
2017-05-09,89.699997,90.800003,87.300003,87.949997,1486352,0,0,1,1,87.949997,111.5,1486352,710503.4500000033,2.9857139285714
2017-05-10,88.199997,88.650002,86.199997,87.199997,525461,0,0,0,1,87.199997,110.9,525461,727295.0500000033,3.0142854999999713
2017-05-11,87.75,88,83.599998,84,507092,0,0,0,1,84,107.45,507092,746362.1000000034,3.142857214285686
2017-05-12,84.75,85.25,83.599998,84.150002,404279,0,0,0,1,84.150002,107.45,404279,757333.4500000033,3.110714571428543
2017-05-15,88.949997,90.849998,86.949997,90.25,2255235,0,0,1,1,90.25,107.45,2255235,861228.3000000033,3.485714499999972
2017-05-16,90.550003,91.5,88.650002,90.449997,1036352,0,0,1,1,90.449997,107.45,1036352,907242.3500000034,3.1857141428571145
2017-05-17,89,96.800003,88,94,1976246,0,0,1,1,94,107.45,1976246,993692.8000000033,3.546428642857115
2017-05-18,92.050003,94,88.5,89.900002,721675,0,0,0,1,89.900002,107.45,721675,1017810.9000000034,3.8392856428571145
2017-05-19,90.300003,94.5,89.800003,91.75,904337,0,0,0,1,91.75,107.4,904337,1055952.8500000034,4.035714214285686
2017-05-22,92.400002,92.400002,88.800003,89.199997,298229,0,0,0,1,89.199997,106.65,298229,1042775.9500000033,4.1249999285714
2017-05-23,89.300003,89.650002,86.050003,86.599998,602249,0,0,0,1,86.599998,106.65,602249,1055897.3000000033,4.260713785714257
2017-05-24,87.5,87.5,83.099998,84.099998,310325,0,0,0,1,84.099998,106.65,310325,956239.7000000033,4.517857142857115
2017-05-25,84.25,88.5,84.25,88.150002,368982,0,0,0,1,88.150002,106.65,368982,945031.4500000033,4.764286142857115
2017-05-26,89.949997,90.949997,88.699997,89.449997,382398,0,0,0,1,89.449997,104.45,382398,952391.0000000034,4.250000071428543
2017-05-29,89,90.400002,86.900002,87.449997,159043,0,0,0,1,87.449997,103.7,159043,951655.2500000034,4.2392857142856855
2017-05-30,87.25,87.900002,86,86.699997,96470,0,0,0,1,86.699997,101.5,96470,942893.6000000034,4.199999785714256
2017-05-31,87.099998,87.800003,86.050003,86.349998,132930,0,0,0,1,86.349998,96.800003,132930,927898.1000000034,4.010713928571399
2017-06-01,86.599998,88.800003,85.550003,88.099998,184996,0,0,0,1,88.099998,96.800003,184996,922372.0500000033,4.124999499999971
2017-06-02,88.75,94,88.75,92.949997,1462169,0,0,1,1,92.949997,96.800003,1462169,957383.0000000034,4.067857071428542
2017-06-05,94,97.199997,93.400002,95.199997,1107570,0,0,1,1,95.199997,96.800003,1107570,746119.5000000034,4.167857214285685
2017-06-06,96,98,94.949997,96.449997,789667,0,0,1,1,96.449997,97.199997,789667,711285.2500000034,3.7571429285713998
2017-06-07,96.5,97,94.949997,95.25,250495,0,0,0,1,95.25,98,250495,697536.9500000033,3.510714571428543
2017-06-08,95.25,98.800003,94.5,97.400002,605303,0,0,0,1,97.400002,98,605303,702447.5000000034,3.4821435714285434
2017-06-09,97.949997,98,95.5,96.550003,354297,0,0,0,1,96.550003,98.800003,354297,699948.4000000034,3.403572214285686
2017-06-12,95.199997,102,95.199997,99.849998,1766555,1,1,1,1,99.849998,98.800003,1766555,675514.4000000034,3.6321439285714012
2017-06-13,100.5,103,97,97.550003,488280,0,0,0,1,97.550003,102,488280,648110.8000000033,3.7464294999999725
2017-06-14,97.650002,101,96.099998,99.449997,467448,0,0,0,1,99.449997,103,467448,572670.9000000034,3.782143785714258
2017-06-15,99,100.35,96.400002,97.25,271569,0,0,0,1,97.25,103,271569,550165.6000000034,3.8642868571428295
2017-06-16,98.5,99.75,95.300003,96,447068,0,0,0,1,96,103,447068,527302.1500000034,3.9321437857142576
2017-06-19,97.5,97.75,95.150002,95.599998,209416,0,0,0,1,95.599998,103,209416,522861.5000000034,3.982143499999972
2017-06-20,96,98,95.099998,97.25,348082,0,0,0,1,97.25,103,348082,510153.15000000334,4.064286499999972
2017-06-21,96.75,100.2,96,99.099998,556540,0,0,1,1,99.099998,103,556540,522463.90000000334,4.132143642857115
2017-06-22,99.150002,99.75,96.400002,96.849998,357280,0,0,0,1,96.849998,103,357280,521878.80000000336,3.9500004999999723
2017-06-23,97.099998,101.5,95.099998,100.6,906942,0,0,1,1,100.6,103,906942,548106.0000000034,4.103572071428544
2017-06-27,101.45,102.6,97.900002,100.9,692099,0,0,1,0,100.9,103,692099,574758.8000000033,4.221428857142828
2017-06-28,101,107.85,99.150002,106.95,1587817,0,1,1,0,106.95,103,1587817,649326.1500000034,4.69642849999997
2017-06-29,107.75,108.95,105.05,106.2,911924,0,0,1,0,106.2,107.85,911924,688275.8500000034,4.667856857142828
2017-06-30,105.9,109.7,103.1,107.65,843912,0,0,1,1,107.65,108.95,843912,721221.6500000034,4.960713999999972
2017-07-03,105,107.4,104.25,106.6,760167,0,0,1,1,106.6,109.7,760167,686121.5500000033,4.7178566428571145
2017-07-04,107.25,107.25,105,106.2,308871,0,0,0,1,106.2,109.7,308871,646186.6000000034,4.449999499999971
2017-07-05,106,110.95,105.6,108.7,719488,0,0,1,1,108.7,109.7,719488,642677.6500000034,4.482142214285687
2017-07-06,108.95,114.05,105.35,106.5,2192272,0,0,1,1,106.5,110.95,2192272,739766.5000000034,4.821428071428544
2017-07-07,106,109.7,103.1,107.1,1196354,0,0,1,1,107.1,114.05,1196354,769319.0500000033,4.974999714285688
2017-07-10,107.1,109,107.1,107.3,68562,0,0,0,1,107.3,114.05,68562,755032.3000000033,4.924999857142831
2017-07-11,107.8,109.4,107.25,108.2,417524,0,0,0,1,108.2,114.05,417524,687580.7500000034,4.87142828571426
2017-07-12,108.7,109.9,105.8,108.6,573362,0,0,0,1,108.6,114.05,573362,691834.8500000034,4.864285428571404
2017-07-13,108.05,108.75,105.8,106.6,404785,0,0,0,1,106.6,114.05,404785,688701.7000000033,4.835714142857118
2017-07-14,107.5,107.9,104.2,107.3,551772,0,0,0,1,107.3,114.05,551772,702711.8500000034,4.642856857142832
2017-07-17,106.25,109.5,106.25,107.95,661196,0,0,0,1,107.95,114.05,661196,713418.2500000034,4.539285571428548
2017-07-18,106.4,109.35,106.2,108.3,428327,0,0,0,1,108.3,114.05,428327,724363.8000000033,4.142857142857118
2017-07-19,109,112.4,107.2,111.55,841159,0,0,1,1,111.55,114.05,841159,749017.6500000034,4.235714285714261
2017-07-20,113.5,115,112.5,114.2,766019,1,1,1,1,114.2,114.05,766019,759491.6000000034,4.01071428571426
2017-07-21,115,124.4,114.45,122.05,2758521,1,1,1,1,122.05,115,2758521,879553.6500000034,4.496428571428546
2017-07-24,126,134.35001,125.2,132.85001,4452595,1,1,1,1,132.85001,124.4,4452595,1056836.3000000033,5.214286428571404
2017-07-25,134.39999,134.39999,128.2,130.95,1143632,0,0,1,1,130.95,134.35001,1143632,1079412.9500000034,5.2749999999999755
2017-07-26,131.5,131.85001,127.55,129.45,937455,0,0,0,1,129.45,134.39999,937455,1046894.8500000034,4.960714999999975
2017-07-27,130.5,130.5,125.1,127.6,725612,0,0,0,1,127.6,134.39999,725612,1037579.2500000034,4.875000714285689
2017-07-28,126.5,133,125.3,129.8,1231277,0,0,1,1,129.8,134.39999,1231277,1056947.5000000033,5.289286428571403
2017-07-31,128.95,131.89999,128,129.25,446122,0,0,0,1,129.25,134.39999,446122,1041245.2500000034,5.414285714285689
2017-08-01,129.95,130.14999,126.05,127.8,301155,0,0,0,1,127.8,134.39999,301155,1040859.4500000033,5.414284999999974
2017-08-02,127,134.35001,127,130.25,843472,0,0,0,1,130.25,134.39999,843472,1047058.6500000034,5.728571428571402
2017-08-03,129.5,131.39999,126,126.6,618175,0,0,0,1,126.6,134.39999,618175,968353.8000000033,5.84999928571426
2017-08-04,126.7,137.39999,125,129.89999,4848550,0,0,1,1,129.89999,134.39999,4848550,1150963.6000000034,6.503569999999974
2017-08-07,130.7,132.60001,126.15,130.85001,638463,0,0,0,1,130.85001,137.39999,638463,1179458.6500000034,6.739284999999974
2017-08-08,131,131.89999,124.2,127.75,652545,0,0,0,1,127.75,137.39999,652545,1191209.7000000034,6.917855714285688
2017-08-09,126.75,128.7,124.35,125.15,344008,0,0,0,1,125.15,137.39999,344008,1179742.0000000033,6.982141428571402
2017-08-10,125.15,125.95,107.95,112.25,624293,0,0,0,0,112.25,137.39999,624293,1190717.4000000034,7.539284285714259
2017-08-11,110.75,118.5,105.1,116.9,887203,0,0,0,0,116.9,137.39999,887203,1207488.9500000034,7.617854999999973
2017-08-14,119.3,124.2,119,120.75,456231,0,0,0,0,120.75,137.39999,456231,1197240.7000000034,7.696427142857115
2017-08-16,121.3,124.45,121,121.85,422597,0,0,0,1,121.85,137.39999,422597,1196954.2000000034,7.653569285714258
2017-08-17,123,124.9,121,121.5,371076,0,0,0,1,121.5,137.39999,371076,1173450.0500000033,7.546426428571401
2017-08-18,120.75,123.95,118.8,123.3,402919,0,0,0,1,123.3,137.39999,402919,1155295.0500000033,7.364283571428544
2017-08-21,124.7,126.9,120.6,126.25,564001,0,0,0,0,126.25,137.39999,564001,1045569.0500000033,7.535712857142831
2017-08-22,128.39999,129,125,127.6,406822,0,0,0,0,127.6,137.39999,406822,843280.4000000034,7.528570714285687
2017-08-23,128.2,132.55,127.5,132,560162,0,0,0,1,132,137.39999,560162,814106.9000000034,7.36428428571426
2017-08-24,132,134.89999,127.35,134.14999,858163,0,0,1,1,134.14999,137.39999,858163,810142.3000000033,7.517855714285688
2017-08-28,134.14999,136.85001,133.14999,136.3,568144,0,0,0,1,136.3,137.39999,568144,802268.9000000034,6.89642928571426
2017-08-29,134.14999,136.95,133,134.2,364452,0,0,0,0,134.2,137.39999,364452,758927.6500000034,6.717857142857116
2017-08-30,134.55,139.75,134.55,138.5,884648,1,1,1,1,138.5,137.39999,884648,780853.9500000033,6.564286428571402
2017-08-31,137.7,141.25,135.10001,140.39999,710609,0,1,0,1,140.39999,139.75,710609,801326.6500000034,6.692857142857117
2017-09-01,141,141.85001,137.55,138.05,384054,0,0,0,1,138.05,141.25,384054,778355.7500000034,5.714286428571403
2017-09-04,138.89999,141.25,136.60001,139.10001,628759,0,0,0,1,139.10001,141.85001,628759,778884.9500000033,5.089285714285688
2017-09-05,140,145.8,138.55,139.39999,722222,0,0,1,1,139.39999,141.85001,722222,572568.5500000033,5.08571428571426
2017-09-06,138.5,142.5,138,140.8,285046,0,0,0,1,140.8,145.8,285046,554897.7000000033,5.142857142857117
2017-09-07,141.10001,146,141,144.3,662041,0,0,1,1,144.3,145.8,662041,555372.5000000034,5.235714285714258
2017-09-08,144.2,145.45,138.60001,139.7,300992,0,0,0,1,139.7,146,300992,553221.7000000033,5.357142142857114
2017-09-11,141.45,143.60001,137.5,138.75,243516,0,0,0,1,138.75,146,243516,534182.8500000034,5.342857142857113
2017-09-12,139,142,138,140.89999,450337,0,0,0,1,140.89999,146,450337,512339.55000000336,5.342857142857113
2017-09-13,140,142.3,133,134.25,318844,0,0,0,1,134.25,146,318844,505470.20000000333,5.646428571428542
2017-09-14,137,141,137,138.75,378535,0,0,0,1,138.75,146,378535,503267.10000000335,5.589286428571398
2017-09-15,139,139,133.39999,137.64999,403729,0,0,0,1,137.64999,146,403729,504899.7500000034,5.72499999999997
2017-09-18,139.5,139.75,136.10001,137.2,179949,0,0,0,1,137.2,146,179949,493751.2500000034,5.703570714285685
2017-09-19,138.60001,141.89999,136.7,140.89999,734870,0,0,1,1,140.89999,146,734870,502294.70000000333,5.678569999999971
2017-09-20,142.35001,145,138.05,138.85001,698002,0,0,1,1,138.85001,146,698002,516853.70000000333,5.735713571428541
2017-09-21,139.10001,140.89999,134.75,137.8,324670,0,0,0,1,137.8,146,324670,505079.10000000335,5.867854999999971
2017-09-22,135.10001,137.95,127.6,129.45,562359,0,0,1,1,129.45,146,562359,490288.90000000334,6.274998571428542
2017-09-25,130.05,130.95,123,124.65,276786,0,0,0,0,124.65,146,276786,475721.0000000034,6.324998571428542
2017-09-26,126,126.7,120.6,125.6,308199,0,0,0,0,125.6,146,308199,472908.35000000335,6.4392842857142565
2017-09-27,127,129,122.3,123.65,299504,0,0,0,0,123.65,146,299504,443651.15000000334,6.546427142857114
2017-09-28,123.5,129.5,120.5,128.5,243554,0,0,0,0,128.5,146,243554,420298.40000000334,6.699999285714258
2017-09-29,128,134,126.8,132.3,284907,0,0,0,0,132.3,146,284907,415341.05000000336,6.778569999999973
2017-10-03,133.5,134.5,130.7,132.2,97125,0,0,0,0,132.2,146,97125,388759.35000000335,6.764284285714259
2017-10-04,132.60001,135,130.39999,133.95,128191,0,0,0,0,133.95,146,128191,359057.80000000336,6.428570714285686
2017-10-05,134,138,134,137.05,260710,0,0,0,0,137.05,146,260710,357841.0000000034,6.235713571428545
2017-10-06,137.05,140.45,136,138.7,307760,0,0,0,1,138.7,146,307760,340126.95000000333,6.153569999999973
2017-10-09,138,141,137.5,140.60001,351037,0,0,1,1,140.60001,146,351037,342629.20000000333,6.142856428571401
2017-10-10,138.5,141.5,138.5,139.39999,176060,0,0,0,1,139.39999,146,176060,339256.40000000334,5.985714285714257
2017-10-11,139.64999,141.5,133.10001,135.45,204280,0,0,0,1,135.45,146,204280,326953.55000000336,6.089284999999973
2017-10-12,137,140.5,134.55,139.25,416214,0,0,1,1,139.25,146,416214,331822.05000000336,6.074999999999972
2017-10-13,140.3,140.7,137.55,138.60001,190775,0,0,0,1,138.60001,146,190775,322434.05000000336,5.560714285714256
2017-10-16,138.60001,140.39999,134.3,135.2,216694,0,0,0,1,135.2,146,216694,313082.30000000336,5.4285707142856845
2017-10-17,135.3,137.2,133.7,134.60001,190750,0,0,0,1,134.60001,146,190750,313622.35000000335,5.2428564285713986
2017-10-18,135,135.7,133.25,134.25,183091,0,0,0,1,134.25,146,183091,286033.40000000334,4.939284999999969
2017-10-19,134.5,139.3,133.3,134.75,67439,0,0,0,1,134.75,146,67439,254505.25000000335,4.724999285714254
2017-10-23,136.89999,137.5,132.10001,132.89999,100030,0,0,0,1,132.89999,146,100030,243273.25000000335,4.596427142857111
2017-10-24,133.64999,135.89999,133.35001,134.8,161107,0,0,0,1,134.8,146,161107,223210.65000000334,4.5392842857142535
2017-10-25,136,138.75,132.10001,136.7,246147,0,0,1,1,136.7,146,246147,221678.70000000336,4.6857114285713966
2017-10-26,134.64999,143.5,134.64999,142.5,680510,0,0,1,1,142.5,146,680510,240294.25000000335,5.028569285714253
2017-10-27,147,149,145,146.45,876839,1,1,1,1,146.45,146,876839,269161.0000000034,5.1749978571428255
2017-10-30,147.7,148.39999,143.2,145.10001,368893,0,0,1,1,145.10001,149,368893,275427.95000000333,5.296425714285683
2017-10-31,145,148,140.25,146.5,392141,0,0,1,1,146.5,149,392141,280789.65000000334,5.635711428571398
2017-11-01,148.7,158.60001,145.05,149.7,2895460,1,1,1,1,149.7,149,2895460,420706.40000000334,6.003569999999968
2017-11-02,150.25,160,150,158.10001,1037552,0,0,1,1,158.10001,158.60001,1037552,466174.45000000333,6.314284285714256
2017-11-03,160.10001,163,153.5,157.95,1045756,0,0,1,1,157.95,160,1045756,505426.7500000034,6.767855714285686
2017-11-06,158,165.5,151,153.60001,2624353,0,0,1,1,153.60001,163,2624353,621256.4000000034,7.3678564285714
2017-11-07,154.05,155.95,144.05,145.10001,765186,0,0,1,1,145.10001,165.5,765186,641963.8500000034,7.967856428571399
2017-11-08,145.25,149.75,142.25,144.14999,487256,0,0,0,1,144.14999,165.5,487256,657523.6500000034,8.328570714285686
2017-11-09,144.89999,146.7,140.35001,141.8,565139,0,0,0,1,141.8,165.5,565139,675566.6000000034,8.353569999999971
2017-11-10,140.25,145,140.25,141.85001,376596,0,0,0,1,141.85001,165.5,376596,673585.7000000033,8.307142142857113
2017-11-13,142.89999,144.8,137.95,139.8,342520,0,0,0,1,139.8,165.5,342520,681172.9500000033,8.582142142857114
2017-11-14,139.85001,141.7,136.89999,137.89999,279655,0,0,0,1,137.89999,165.5,279655,684321.0000000034,8.450000714285684
2017-11-15,136.39999,140.45,136.39999,138.5,287111,0,0,0,1,138.5,165.5,287111,689139.0500000033,8.10714357142854
2017-11-16,140.45,140.5,130.5,133.45,404192,0,0,0,1,133.45,165.5,404192,700194.1000000034,8.35714357142854
2017-11-17,132.89999,135.5,130.3,130.85001,571393,0,0,0,1,130.85001,165.5,571393,725391.8000000033,8.357144285714254
2017-11-20,130.7,132.95,128,128.45,443037,0,0,0,1,128.45,165.5,443037,742542.1500000034,8.157144285714253
2017-11-21,128.89999,132.75,128.2,132.14999,518066,0,0,0,1,132.14999,165.5,518066,760390.1000000034,7.514286428571397
2017-11-22,133,137.25,132.85001,133.85001,640915,0,0,0,1,133.85001,165.5,640915,780128.5000000034,7.1428585714285395
2017-11-23,135.64999,139.5,133.55,138.39999,1694007,0,0,1,1,138.39999,165.5,1694007,830803.3500000034,6.88928714285711
2017-11-24,139.5,141.10001,133.2,134.64999,689640,0,0,0,1,134.64999,165.5,689640,821443.4000000034,6.417859285714253
2017-11-27,134.7,136,130.7,133.95,400382,0,0,0,1,133.95,165.5,400382,823017.8500000034,5.946430714285684
2017-11-28,134,136,131.2,132.35001,352220,0,0,0,1,132.35001,165.5,352220,821021.8000000033,5.753573571428542
2017-11-29,132.55,133.45,128.39999,129,399118,0,0,0,1,129,165.5,399118,696204.7000000033,5.660717857142828
2017-11-30,129.95,130.25,127.05,128.14999,1220498,0,0,1,1,128.14999,165.5,1220498,705352.0000000034,5.550003571428542
2017-12-01,128.55,131.25,127.1,128.25,285197,0,0,0,1,128.25,165.5,285197,667324.0500000033,5.357146428571398
2017-12-04,128,128.89999,124.55,125.95,261412,0,0,0,1,125.95,165.5,261412,549177.0000000034,5.325002142857114
2017-12-05,126.45,127,124,126.25,369258,0,0,0,1,126.25,165.5,369258,529380.6000000034,5.250001428571401
2017-12-06,127.9,131.3,127,130.2,717424,0,0,1,0,130.2,165.5,717424,540889.0000000034,4.896429999999973
2017-12-07,131.75,131.75,129.5,130.14999,244983,0,0,0,1,130.14999,165.5,244983,524881.2000000033,4.685715714285688
2017-12-08,130.3,130.89999,128.7,129.60001,196528,0,0,0,1,129.60001,165.5,196528,515877.80000000336,4.489286428571404
2017-12-11,129.64999,133,128.05,131.39999,257164,0,0,0,1,131.39999,165.5,257164,511610.0000000034,4.517857857142831
2017-12-12,131.7,132.39999,129.14999,130.7,225265,0,0,0,1,130.7,165.5,225265,508890.5000000034,4.3857142857142595
2017-12-13,130.5,135.89999,128.8,129.75,514240,0,0,0,1,129.75,165.5,514240,520246.95000000333,4.467856428571403
2017-12-14,130.75,132.89999,128.14999,131.8,228051,0,0,0,1,131.8,165.5,228051,511439.90000000334,4.242855714285688
2017-12-15,133.95,135.45,130.39999,133.35001,360173,0,0,0,1,133.35001,165.5,360173,500878.90000000334,4.224999285714257
2017-12-18,131,135.35001,127.7,131.85001,714035,0,0,1,1,131.85001,165.5,714035,514428.80000000336,4.4285714285713995
2017-12-19,132.8,135.89999,132.05,134.8,306865,0,0,0,1,134.8,165.5,306865,503868.7500000034,4.357140714285686
2017-12-20,134,135.5,133,134.14999,197805,0,0,0,1,134.14999,165.5,197805,481713.2500000034,4.307140714285686
2017-12-21,134.89999,139.35001,133.3,136.55,550289,0,0,1,1,136.55,165.5,550289,424527.35000000335,4.442855714285685
2017-12-22,138.7,138.75,136,136.64999,292362,0,0,0,1,136.64999,165.5,292362,404663.45000000333,4.328570714285684
2017-12-26,151,152,140.3,141.95,2135648,0,0,1,1,141.95,165.5,2135648,491426.7500000034,5.210714285714255
2017-12-27,142.89999,143.5,138,138.85001,694039,0,0,1,1,138.85001,165.5,694039,508517.70000000333,5.242857142857112
2017-12-28,139,140.75,136.10001,137.60001,448845,0,0,0,1,137.60001,165.5,448845,511004.05000000336,5.414284999999969
2017-12-29,137,138.60001,135.10001,135.75,268609,0,0,0,1,135.75,165.5,268609,463409.60000000335,5.507142857142825
2018-01-01,136,139.5,135,138.75,350672,0,0,0,1,138.75,165.5,350672,466683.35000000335,5.474999999999969
2018-01-02,139.64999,139.64999,135,135.95,203144,0,0,0,1,135.95,165.5,203144,463769.95000000333,5.574999285714255
2018-01-03,137,143.5,135.10001,142.3,917062,0,0,1,1,142.3,165.5,917062,491160.15000000334,5.667856428571398
2018-01-04,143.8,146,143.60001,144.8,569818,0,0,1,1,144.8,165.5,569818,483779.85000000335,5.592856428571397
2018-01-05,145.85001,154.95,145.14999,152.2,1655604,0,0,1,1,152.2,165.5,1655604,554310.9000000034,5.957141428571397
2018-01-08,153,158.39999,150.5,154.60001,1024843,0,0,1,1,154.60001,165.5,1024843,595726.6500000034,5.974997142857112
2018-01-09,155.10001,156,151.25,155.3,420061,0,0,0,1,155.3,165.5,420061,603871.5000000034,6.02499857142854
2018-01-10,152.2,158.89999,152.2,156.8,685480,0,0,1,1,156.8,165.5,685480,626882.2500000034,6.324997857142827
2018-01-11,154.14999,161.60001,154.14999,158.25,943735,0,0,1,1,158.25,165.5,943735,648357.0000000034,6.424998571428541
2018-01-12,158.95,174,158.3,170.5,2949954,1,1,1,1,170.5,165.5,2949954,784452.1500000034,7.35356999999997
2018-01-15,173.95,190.3,173.55,185.75,2968256,1,1,1,1,185.75,174,2968256,914856.3000000033,7.6714264285714
2018-01-16,189,189.25,170.25,172.5,1963995,0,0,1,1,172.5,190.3,1963995,977354.3000000033,8.635712142857114
2018-01-17,172.89999,187.89999,164.25,185.14999,1988863,0,0,1,1,185.14999,190.3,1988863,1061454.2000000034,9.992854999999972
2018-01-18,187,194.89999,176.7,179,2481861,0,0,1,1,179,190.3,2481861,1175657.0000000033,11.042854285714258
2018-01-19,178,192,173.3,190,1810224,0,0,1,1,190,194.89999,1810224,1238653.7500000033,12.057139999999972
2018-01-22,191.64999,197.14999,182.8,193.60001,1470989,0,0,1,1,193.60001,194.89999,1470989,1297585.1000000034,12.749997142857113
2018-01-23,192.05,195,188.25,191.25,1012668,0,0,0,1,191.25,197.14999,1012668,1241436.1000000034,12.632140714285685
2018-01-24,191,191,181,181.95,666684,0,0,0,1,181.95,197.14999,666684,1240068.3500000034,13.099997857142828
2018-01-25,182,183.25,175.3,177.10001,475643,0,0,0,1,177.10001,197.14999,475643,1241408.2500000033,12.942854999999971
2018-01-29,178,181.5,170.3,171.85001,475053,0,0,0,1,171.85001,197.14999,475053,1251730.4500000034,13.17856999999997
2018-01-30,172.85001,177.8,166.39999,168.39999,632986,0,0,0,1,168.39999,197.14999,632986,1265846.1500000034,13.653570714285687
2018-01-31,167.95,171.5,157,159.95,609682,0,0,0,1,159.95,197.14999,609682,1286173.0500000033,14.210714285714257
2018-02-01,160,177.39999,157.25,169.39999,1390362,0,0,1,1,169.39999,197.14999,1390362,1309838.0500000033,15.117854999999972
2018-02-02,165.8,165.8,152.10001,155.39999,975933,0,0,0,0,155.39999,197.14999,975933,1330143.8000000033,15.22856785714283
2018-02-05,151,162.8,142,161.14999,687649,0,0,0,0,161.14999,197.14999,687649,1281746.0500000033,15.2999964285714
2018-02-06,141,157.45,141,151.89999,607724,0,0,0,0,151.89999,197.14999,607724,1260890.1000000034,15.382138571428543
2018-02-07,154.5,160.45,154.5,157.39999,516670,0,0,0,0,157.39999,197.14999,516670,1265720.5500000033,14.303568571428542
2018-02-08,158,172.7,156.3,165.95,2311235,0,0,1,0,165.95,197.14999,2311235,1347008.3000000033,14.174997857142825
2018-02-09,160,167.7,156.8,165,496132,0,0,0,0,165,197.14999,496132,1324628.1500000034,13.617854999999967
2018-02-12,166.39999,170.05,162.10001,164.60001,501321,0,0,0,0,164.60001,197.14999,501321,1202196.5000000033,13.160712142857111
2018-02-14,165.89999,179,165.89999,172.64999,1304619,0,0,1,0,172.64999,197.14999,1304619,1119014.6500000034,13.707139999999969
2018-02-15,175,176,167.10001,168.14999,586349,0,0,0,0,168.14999,197.14999,586349,1050132.3500000034,13.610710714285684
2018-02-16,170.5,170.5,157.60001,158.85001,559253,0,0,0,0,158.85001,197.14999,559253,978651.8500000034,13.964281428571399
2018-02-19,161,163.8,149.7,153.10001,418396,0,0,0,0,153.10001,197.14999,418396,875478.6000000034,14.171424285714258
2018-02-20,154.8,156.95,151.14999,154.7,328029,0,0,0,0,154.7,197.14999,328029,801368.8500000034,13.771424285714257
2018-02-21,155.64999,160.3,155.64999,159.55,444217,0,0,0,0,159.55,197.14999,444217,750030.2500000034,13.135709999999973
2018-02-22,157.5,161.85001,155.64999,161.05,357158,0,0,0,0,161.05,197.14999,357158,717254.7500000034,12.139283571428544
2018-02-23,162,168.2,161,167.14999,524625,0,0,0,0,167.14999,197.14999,524625,710151.8000000033,11.4178564285714
2018-02-26,169.39999,172.5,168.2,171.7,548492,0,0,0,0,171.7,197.14999,548492,713794.2500000034,10.314285714285685
2018-02-27,170.39999,177.8,168.5,175.39999,440454,0,0,0,0,175.39999,197.14999,440454,712064.3000000033,9.5392864285714
2018-02-28,171.5,177.5,168.75,175.7,455230,0,0,0,0,175.7,197.14999,455230,703176.5000000034,9.5535714285714
2018-03-01,173.64999,179.95,173.64999,178.55,479064,0,0,0,0,178.55,197.14999,479064,696645.6000000034,8.832143571428544
2018-03-05,175.14999,178.45,171,172.85001,317504,0,0,0,0,172.85001,197.14999,317504,643002.7000000033,8.592857857142832
2018-03-06,172.10001,177.5,172.10001,173.25,380479,0,0,0,0,173.25,197.14999,380479,613230.0000000034,8.410714999999973
2018-03-07,170.2,173,163.95,165.7,468610,0,0,0,0,165.7,197.14999,468610,602278.0500000033,8.046429999999974
2018-03-08,168.10001,169.7,161.25,165.7,342062,0,0,0,0,165.7,197.14999,342062,588994.9500000033,8.01428785714283
2018-03-09,167,167.25,162.5,165.8,221134,0,0,0,0,165.8,197.14999,221134,574218.1500000034,7.432145714285688
2018-03-12,167.39999,168.25,151.95,158.45,482959,0,0,1,0,158.45,197.14999,482959,482804.35000000335,7.589288571428544
2018-03-13,160,162.60001,156.55,159.2,335694,0,0,0,0,159.2,197.14999,335694,474782.45000000333,7.607145714285687
2018-03-14,159.7,159.7,154,156.35001,269872,0,0,0,0,156.35001,197.14999,269872,463210.0000000034,7.614288571428541
2018-03-15,155.89999,159.8,154.55,158.64999,325745,0,0,0,0,158.64999,197.14999,325745,414266.30000000336,7.546429999999971
2018-03-16,157.64999,159.45,148.8,150.45,391915,0,0,0,0,150.45,197.14999,391915,404544.60000000335,7.792858571428541
2018-03-19,152,154.3,146,148.60001,312863,0,0,0,0,148.60001,197.14999,312863,392225.10000000335,8.003572142857113
2018-03-20,146.3,152,145.55,146.64999,286712,0,0,0,0,146.64999,197.14999,286712,385640.90000000334,7.800000714285683
2018-03-21,147,150.75,137.60001,139.8,462886,0,0,1,0,139.8,197.14999,462886,392383.7500000034,8.114285714285684
2018-03-22,140.45,142.85001,129.55,130.85001,1072540,0,0,1,0,130.85001,197.14999,1072540,423799.90000000334,8.614285714285684
2018-03-23,127.9,132.7,120.8,131.05,715999,0,0,1,0,131.05,197.14999,715999,441741.95000000333,8.924999999999967
2018-03-26,131,134,124.6,130.89999,673285,0,0,1,0,130.89999,197.14999,673285,449174.95000000333,9.210714999999968
2018-03-27,131.89999,137.5,131.2,135.5,422547,0,0,0,0,135.5,197.14999,422547,442877.70000000333,9.017858571428539
2018-03-28,133.85001,137.5,133.10001,134.89999,436573,0,0,0,0,134.89999,197.14999,436573,442683.65000000334,8.72857214285711
2018-04-02,136,137.05,131,135.75,304319,0,0,0,0,135.75,197.14999,304319,435138.10000000335,8.821429285714254
2018-04-03,134.8,140.10001,133.60001,139.25,356440,0,0,0,0,139.25,197.14999,356440,429006.90000000334,8.121429285714253
2018-04-04,141,142.89999,134.45,135.05,507336,0,0,1,0,135.05,197.14999,507336,438498.5000000034,8.2928564285714
2018-04-05,138.64999,141.64999,137.55,139.85001,386280,0,0,0,0,139.85001,197.14999,386280,438788.55000000336,8.3571414285714
2018-04-06,140,140.35001,135.55,138,494314,0,0,1,0,138,197.14999,494314,440073.7500000034,8.324999285714254
2018-04-09,138.95,143.7,138.3,142.10001,413625,0,0,0,0,142.10001,197.14999,413625,443651.90000000334,7.971427857142827
2018-04-10,142,148.60001,140.10001,145.85001,1097064,0,0,1,1,145.85001,197.14999,1097064,487448.40000000334,7.9857135714285405
2018-04-11,146.7,147.8,144,146.10001,360566,0,0,0,1,146.10001,197.14999,360566,481328.7500000034,7.796427857142828
2018-04-12,146.39999,149.60001,145.05,148.55,272248,0,0,0,1,148.55,197.14999,272248,478156.45000000333,7.182143571428541
2018-04-13,148.5,154,148.25,152.89999,337935,0,0,0,1,152.89999,197.14999,337935,481559.60000000335,6.642857142857113
2018-04-16,151.64999,157.25,149.05,151.5,457999,0,0,0,1,151.5,197.14999,457999,488172.30000000336,6.378571428571399
2018-04-17,152.7,152.95,146,146.95,361260,0,0,0,1,146.95,197.14999,361260,486639.55000000336,6.203571428571398
2018-04-18,146.89999,147.75,142.3,143.25,201726,0,0,0,1,143.25,197.14999,201726,481082.70000000333,6.121427857142826
2018-04-19,144.60001,154,143.05,152.35001,858814,0,0,1,1,152.35001,197.14999,858814,509687.80000000336,6.5892857142856815
2018-04-20,151,151.8,147.60001,148.75,500415,0,0,0,1,148.75,197.14999,500415,511564.2500000034,6.496428571428538
2018-04-23,148.7,150.7,147.14999,148.75,146479,0,0,0,1,148.75,197.14999,146479,465261.20000000333,6.285714999999966
2018-04-24,148.85001,150.25,140.64999,144.14999,336130,0,0,0,1,144.14999,197.14999,336130,446267.7500000034,6.367859285714251
2018-04-25,144.95,144.95,136,137.05,414081,0,0,0,1,137.05,197.14999,414081,433307.55000000336,6.5357171428571075
2018-04-26,137.89999,140.2,135.2,136.5,270337,0,0,0,1,136.5,197.14999,270337,425697.05000000336,6.5500021428571085
2018-04-27,137.45,139.95,134.35001,134.95,308588,0,0,0,1,134.95,197.14999,308588,419297.80000000336,6.542858571428537
2018-04-30,135.85001,144,135.85001,142.10001,338422,0,0,0,1,142.10001,197.14999,338422,421002.95000000333,6.582144285714252
2018-05-02,142.35001,145,131.64999,143.14999,1592856,0,0,1,1,143.14999,197.14999,1592856,482823.7500000034,7.264287857142823
2018-05-03,139.5,147.39999,134.39999,144,562165,0,0,1,1,144,197.14999,562165,485565.20000000333,7.867858571428537
2018-05-04,142.2,142.60001,139.05,140.25,352973,0,0,0,1,140.25,197.14999,352973,483899.85000000335,7.81071571428568
2018-05-07,137.05,150.85001,137,149.75,831634,0,0,1,1,149.75,197.14999,831634,500765.85000000335,8.214287857142823
2018-05-08,150.75,150.85001,146,146.89999,210820,0,0,0,1,146.89999,197.14999,210820,490625.60000000335,8.064288571428538
2018-05-09,146,147,141.55,143.3,320064,0,0,0,1,143.3,197.14999,320064,451775.60000000335,8.064288571428538
2018-05-10,144.8,146.5,142.5,143.55,211166,0,0,0,1,143.55,197.14999,211166,444305.60000000335,7.567859999999968
2018-05-11,142.5,146.85001,142.2,143.25,128664,0,0,0,1,143.25,197.14999,128664,437126.40000000334,7.5607178571428255
2018-05-14,144.95,144.95,134,135.3,326509,0,0,0,1,135.3,197.14999,326509,436555.10000000335,8.08928857142854
2018-05-15,134.10001,140.64999,134.10001,136.7,223901,0,0,0,1,136.7,197.14999,223901,424850.20000000333,7.871429285714255
2018-05-16,136.7,137.75,131.7,136.60001,251696,0,0,0,1,136.60001,197.14999,251696,419372.0000000034,7.664286428571399
2018-05-17,138.45,139.5,136,137.3,107464,0,0,0,1,137.3,197.14999,107464,414658.90000000334,7.557143571428542
2018-05-18,137.64999,137.64999,130.75,132.10001,142672,0,0,0,1,132.10001,197.14999,142672,378851.80000000336,7.650000714285686
2018-05-21,132.10001,133.95,124.85,129.10001,266546,0,0,0,0,129.10001,197.14999,266546,367158.35000000335,7.653572142857113
2018-05-22,129.3,133.55,127.2,131.3,147934,0,0,0,0,131.3,197.14999,147934,367231.10000000335,7.153571428571399
2018-05-23,131.60001,132,128,129.10001,198423,0,0,0,0,129.10001,197.14999,198423,360345.7500000034,6.510714285714257
2018-05-24,129.55,131.39999,127.5,130.8,175822,0,0,0,0,130.8,197.14999,175822,348432.80000000336,6.435713571428543
2018-05-25,133.75,137,130.60001,136.5,207473,0,0,0,1,136.5,197.14999,207473,345289.60000000335,5.903569285714258
2018-05-28,138.39999,140,136.7,138.05,219024,0,0,0,1,138.05,197.14999,219024,340811.40000000334,5.807139999999973
2018-05-29,138.05,139.45,135.14999,138.25,121874,0,0,0,1,138.25,197.14999,121874,329984.0000000034,5.72499785714283
2018-05-30,137,139,135.3,138.64999,128893,0,0,0,1,138.64999,197.14999,128893,256785.85000000335,5.7035692857142575
2018-05-31,137.10001,139.75,130.8,133.55,438806,0,0,1,1,133.55,197.14999,438806,250617.90000000334,6.0107114285713985
2018-06-01,132.3,135.5,131.10001,134.14999,241275,0,0,0,1,134.14999,197.14999,241275,245033.00000000335,5.542853571428543
2018-06-04,134,134,127.6,130.2,226228,0,0,1,0,130.2,197.14999,226228,214762.70000000336,5.542854285714257
2018-06-05,129,130.25,116,122,425788,0,0,1,0,122,197.14999,425788,225511.10000000335,6.128568571428542
2018-06-06,119,134,117.1,132,541430,0,0,1,0,132,197.14999,541430,236579.40000000334,7.0857114285714
2018-06-07,131.60001,136,131.60001,134.10001,315161,0,0,1,1,134.10001,197.14999,315161,241779.15000000334,6.907139999999971
2018-06-08,134,134,130.10001,130.89999,226106,0,0,0,1,130.89999,197.14999,226106,246651.25000000335,6.542854285714257
2018-06-11,134.55,137.5,133.05,136.3,524496,0,0,1,1,136.3,197.14999,524496,256550.60000000335,6.560712142857113
2018-06-12,139,140.55,135.60001,137.2,600486,0,0,1,1,137.2,197.14999,600486,275379.85000000335,6.628568571428543
2018-06-13,137.5,137.60001,133.89999,134.75,134340,0,0,0,1,134.75,197.14999,134340,269512.05000000336,6.614284999999971
2018-06-14,133.55,134.95,132.3,133.64999,145182,0,0,0,1,133.64999,197.14999,145182,271397.95000000333,6.34642857142854
2018-06-15,133.25,136.5,132,134.85001,230418,0,0,0,1,134.85001,197.14999,230418,275785.2500000034,6.417857142857112
2018-06-18,134.5,134.5,128.05,129.89999,325715,0,0,1,1,129.89999,197.14999,325715,278743.70000000333,6.59642857142854
2018-06-19,128.85001,128.85001,125.2,126,224061,0,0,0,0,126,197.14999,224061,282550.05000000336,6.667856428571398
2018-06-20,124.15,127.35,124.15,124.8,213017,0,0,0,0,124.8,197.14999,213017,283279.7500000034,6.257142142857113
2018-06-21,122.9,130,120,123.4,598576,0,0,1,0,123.4,197.14999,598576,304417.45000000333,6.657142857142827
2018-06-22,123.8,125,121.6,123.7,168023,0,0,0,0,123.7,197.14999,168023,302444.95000000333,6.432143571428541
2018-06-25,122.95,125,120.6,122.4,279426,0,0,0,0,122.4,197.14999,279426,305465.05000000336,5.728572142857113
2018-06-26,121.9,122.55,116.4,117.45,233285,0,0,0,0,117.45,197.14999,233285,311035.60000000335,4.960714999999969
2018-06-27,117.55,120.2,114.4,116.1,219337,0,0,0,0,116.1,197.14999,219337,315557.80000000336,5.060715714285683
2018-06-28,115.45,116.5,112.05,113.8,166988,0,0,0,0,113.8,197.14999,166988,301966.90000000334,5.092858571428541
2018-06-29,115,120.2,114,118.4,216192,0,0,0,0,118.4,197.14999,216192,300712.7500000034,5.078572142857112
2018-07-02,119.5,119.55,112.2,114.55,192633,0,0,0,0,114.55,197.14999,192633,299033.0000000034,5.250001428571396
2018-07-03,113,116.85,112.2,116.35,143693,0,0,0,0,116.35,197.14999,143693,284928.2500000034,5.31785714285711
2018-07-04,116.35,122,113.45,120.55,220896,0,0,0,0,120.55,197.14999,220896,268901.55000000336,5.739285714285684
2018-07-05,120,123,118.1,121.9,140982,0,0,0,0,121.9,197.14999,140982,260192.60000000335,5.767857142857112
2018-07-06,122.6,124.75,120.05,121.25,257233,0,0,0,0,121.25,197.14999,257233,261748.95000000336,5.617856428571399
2018-07-09,121.55,122.5,121,122.15,132789,0,0,0,1,122.15,197.14999,132789,242163.60000000335,5.389285714285685
2018-07-10,122,124.5,121.45,123.9,304552,0,0,1,1,123.9,197.14999,304552,227366.90000000334,5.3785714285714
2018-07-11,122.05,123.4,120.15,121.7,130749,0,0,0,1,121.7,197.14999,130749,227187.35000000335,4.9321428571428285
2018-07-12,122.4,122.6,120.3,122.15,165113,0,0,0,1,122.15,197.14999,165113,228183.90000000334,4.853571428571399
2018-07-13,121.8,123.5,116,116.6,148772,0,0,0,1,116.6,197.14999,148772,224101.60000000335,5.07499999999997
2018-07-16,117.9,117.9,105.9,106.55,352773,0,0,1,0,106.55,197.14999,352773,225454.50000000335,5.492857142857114
2018-07-17,108,109.35,105.3,106.4,333153,0,0,1,1,106.4,197.14999,333153,230909.10000000335,5.367857142857114
2018-07-18,108.5,108.5,105,106.2,135076,0,0,0,1,106.2,197.14999,135076,227012.05000000336,5.2999999999999705
2018-07-19,106.2,110.95,103,104.65,285858,0,0,1,0,104.65,197.14999,285858,211376.15000000334,5.410714285714256
2018-07-20,105.65,108.75,102.75,108.05,134874,0,0,0,1,108.05,197.14999,134874,209718.70000000336,5.314285714285686
2018-07-23,109,114.65,105.5,109.75,568679,0,0,1,1,109.75,197.14999,568679,224181.35000000335,5.635714285714258
2018-07-24,108.9,117.6,107.1,115.05,424486,0,0,1,1,115.05,197.14999,424486,233741.40000000334,5.774999999999972
2018-07-25,116.25,116.25,110.1,111.75,262271,0,0,1,1,111.75,197.14999,262271,235888.10000000335,5.864285714285686
2018-07-26,112.65,133.8,108.3,127.8,14491073,0,0,1,1,127.8,197.14999,14491073,952092.3500000034,7.349999999999973
2018-07-27,129,129.89999,121.75,123.1,3200508,0,0,1,1,123.1,197.14999,3200508,1101308.1500000034,7.8249992857142585
2018-07-30,124.3,124.3,119.75,121.8,819393,0,0,0,1,121.8,197.14999,819393,1132646.1500000034,7.932142142857116
2018-07-31,121.95,129.60001,120.5,125.1,1737737,0,0,1,1,125.1,197.14999,1737737,1212348.3500000034,8.314285714285687
2018-08-01,126,127.95,124.95,125.85,441017,0,0,0,1,125.85,197.14999,441017,1223354.4000000034,8.364285714285687
2018-08-02,125.3,128.5,121.7,125.6,694916,0,0,0,1,125.6,197.14999,694916,1251051.1000000034,8.314285714285687
2018-08-03,125.7,127.65,125,125.85,450022,0,0,0,1,125.85,197.14999,450022,1260690.5500000033,7.646428571428545
2018-08-06,126.45,130,125.1,125.8,504142,0,0,0,1,125.8,197.14999,504142,1279258.2000000034,7.7071428571428315
2018-08-07,126.8,127.35,121.65,124.55,325385,0,0,0,1,124.55,197.14999,325385,1280299.8500000034,7.864285714285687
2018-08-08,124.1,131.5,124.1,127.15,1067332,0,0,0,1,127.15,197.14999,1067332,1327129.0000000033,7.8249999999999735
2018-08-09,127.95,131.5,126.9,129.45,799775,0,0,0,1,129.45,197.14999,799775,1358862.1000000034,7.724999999999973
2018-08-10,127.55,129.89999,126.3,127.75,307378,0,0,0,1,127.75,197.14999,307378,1366792.4000000034,7.3285707142856875
2018-08-13,129,130.25,125.1,126.1,755597,0,0,0,1,126.1,197.14999,755597,1386933.6000000034,6.94642785714283
2018-08-14,127,128.95,125.7,127,1278324,0,0,0,1,127,197.14999,1278324,1434192.1500000034,6.739284999999972
2018-08-16,126.8,128.3,125.55,126.35,546342,0,0,0,1,126.35,197.14999,546342,1454755.4500000034,5.114284999999972
2018-08-17,126.85,127.35,125.7,126.3,471627,0,0,0,1,126.3,197.14999,471627,1464043.9000000034,4.649999999999971
2018-08-20,127,143.5,126.2,140.8,2519307,0,0,1,1,140.8,197.14999,2519307,1583265.5500000033,5.560714285714257
2018-08-21,141.3,152,141.3,148.95,2983802,0,0,1,1,148.95,197.14999,2983802,1704021.7000000034,5.710713571428542
2018-08-23,150.5,164.55,150.5,156.10001,3914667,0,0,1,1,156.10001,197.14999,3914667,1878530.7500000033,6.610713571428543
2018-08-24,156.5,164,155.05,162.25,2005014,0,0,1,1,162.25,197.14999,2005014,1965667.9000000034,6.764284999999972
2018-08-27,164.25,165.64999,160.10001,163.45,879727,0,0,0,1,163.45,197.14999,879727,1285100.6000000034,6.9714264285714
2018-08-28,163.60001,169.7,161.3,166.7,898800,0,0,0,1,166.7,197.14999,898800,1170015.2000000034,7.221426428571398
2018-08-29,166.05,166.10001,160.14999,161.14999,707576,0,0,0,1,161.14999,197.14999,707576,1164424.3500000034,7.282141428571398
2018-08-30,160.7,163.89999,158,160.85001,429680,0,0,0,1,160.85001,197.14999,429680,1099021.5000000033,7.174997857142826
2018-08-31,160.95,168.3,159.5,166.89999,1223102,0,0,1,1,166.89999,197.14999,1223102,1138125.7500000033,7.474997857142827
2018-09-03,167.60001,177.2,166.89999,175.35001,1897538,0,0,1,1,175.35001,197.14999,1897538,1198256.8500000034,7.953570714285683
2018-09-04,176,179.39999,173.5,174.89999,1952286,0,0,1,1,174.89999,197.14999,1952286,1273370.0500000033,8.007141428571398
2018-09-05,174,179.89999,172.7,177.75,887891,0,0,0,1,177.75,197.14999,887891,1292557.5000000033,8.289283571428543
2018-09-06,179.55,186.5,174,174.75,2290931,0,0,1,1,174.75,197.14999,2290931,1390834.8000000033,8.985712142857112
2018-09-07,178.7,185,175.05,179.8,2087063,0,0,1,1,179.8,197.14999,2087063,1441821.3500000034,9.599997857142828
2018-09-10,177.35001,179.89999,175.10001,175.8,543946,0,0,0,1,175.8,197.14999,543946,1429029.9000000034,8.707139285714257
2018-09-11,176.55,176.60001,167.14999,169.25,722100,0,0,0,1,169.25,197.14999,722100,1449766.0000000033,8.582140714285686
2018-09-12,168,176.39999,164.05,175.14999,712592,0,0,0,1,175.14999,197.14999,712592,1447615.7500000033,8.349997142857111
2018-09-14,175.5,176.5,169.10001,170.14999,597568,0,0,0,1,170.14999,197.14999,597568,1413577.9500000034,8.239282142857112
2018-09-17,169.3,175.45,168,170.75,875412,0,0,0,1,170.75,197.14999,875412,1430031.4500000034,8.374997857142827
2018-09-18,171,174,168,169.10001,490341,0,0,0,0,169.10001,197.14999,490341,1430967.1500000034,8.203569285714256
2018-09-19,170.25,172.55,166.10001,167.14999,402459,0,0,0,0,167.14999,197.14999,402459,1325124.7500000033,8.196424999999973
2018-09-21,167.25,169.35001,158.05,163.39999,1649702,0,0,1,0,163.39999,197.14999,1649702,1258419.7500000033,8.582140714285686
2018-09-24,162,163.8,153.10001,154.2,689517,0,0,0,0,154.2,197.14999,689517,1097162.2500000033,8.717854285714257
2018-09-25,155.89999,155.95,145.95,149.95,543675,0,0,0,0,149.95,197.14999,543675,1024095.3000000033,8.696424999999973
2018-09-26,150.05,155.5,150,150.60001,634477,0,0,0,0,150.60001,197.14999,634477,1011832.8000000033,8.671425714285688
2018-09-27,150.95,151.64999,141.2,142.10001,518998,0,0,0,0,142.10001,197.14999,518998,992842.7000000033,8.903568571428545
2018-09-28,143.10001,143.10001,114.15,124.25,1798997,0,0,1,0,124.25,197.14999,1798997,1047413.7500000034,10.078569285714257
2018-10-01,125,134.10001,121.3,132.89999,1185218,0,0,1,0,132.89999,197.14999,1185218,1085190.6500000034,10.260712857142831
2018-10-03,131.95,151.5,130,143.10001,1211316,0,0,1,0,143.10001,197.14999,1211316,1084601.3500000034,11.453571428571403
2018-10-04,137,142.7,126.25,131,1592587,0,0,1,0,131,197.14999,1592587,1069353.8000000033,11.982142142857116
2018-10-05,131.75,134.7,124,125.45,1022136,0,0,0,0,125.45,197.14999,1022136,1022846.3000000033,11.864285714285687
2018-10-08,125.25,135,114.3,129.39999,1905886,0,0,1,0,129.39999,197.14999,1905886,1073746.0500000033,12.814286428571402
2018-10-09,132.5,135.35001,126,133.85001,646886,0,0,0,0,133.85001,197.14999,646886,991543.8000000033,12.950001428571401
2018-10-10,134.85001,144.45,134.85001,142.3,655126,0,0,0,0,142.3,197.14999,655126,919946.9500000033,13.278572142857115
2018-10-11,136,139.89999,134.25,136.14999,398374,0,0,0,0,136.14999,197.14999,398374,912668.3500000034,13.392858571428544
2018-10-12,137.85001,150.60001,137.85001,149.5,786122,0,0,0,0,149.5,197.14999,786122,915869.4500000033,13.617859285714259
2018-10-15,149.05,151,145.10001,147.8,471914,0,0,0,0,147.8,197.14999,471914,903835.5500000033,13.275002142857115
2018-10-16,149.64999,152.5,148.55,150.25,546432,0,0,0,0,150.25,197.14999,546432,901278.7500000034,12.896430714285685
2018-10-17,151.85001,154.5,135,138.45,676859,0,0,0,0,138.45,197.14999,676859,891351.1000000034,13.892859285714255
2018-10-19,137,140,127,131.05,1224948,0,0,1,0,131.05,197.14999,1224948,928081.4500000033,14.075002857142826
2018-10-22,131.95,136,126.1,128.35001,628458,0,0,0,0,128.35001,197.14999,628458,939381.4000000034,12.714287857142827
2018-10-23,127.95,130,121.5,123.6,714547,0,0,0,0,123.6,197.14999,714547,892623.6500000034,12.407144285714256
2018-10-24,125.2,129.35001,123.5,126.4,497010,0,0,0,0,126.4,197.14999,497010,882998.3000000033,11.289287857142828
2018-10-25,123.15,126.4,118,119.6,694567,0,0,0,0,119.6,197.14999,694567,890542.9000000034,10.685715714285688
2018-10-26,120.1,121.5,116.3,118.5,668957,0,0,0,0,118.5,197.14999,668957,892266.9000000034,10.292858571428544
2018-10-29,120,131.7,118.05,129.2,1277415,0,0,1,0,129.2,197.14999,1277415,930187.7500000034,9.789287142857118
2018-10-30,129.55,134.2,128,131.25,824015,0,0,0,0,131.25,197.14999,824015,881438.6500000034,9.564286428571403
2018-10-31,134,137.89999,128.45,135.89999,879997,0,0,1,0,135.89999,197.14999,879997,866177.6000000034,9.482143571428548
2018-11-01,137.8,144.7,136.5,142.39999,1430971,0,0,1,0,142.39999,197.14999,1430971,877160.3500000034,9.535715714285688
2018-11-02,142.10001,146.60001,138.45,139.95,579516,0,0,0,0,139.95,197.14999,579516,826506.8000000033,9.085714999999976
2018-11-05,141.7,144.5,135,141.05,380138,0,0,0,0,141.05,197.14999,380138,794406.9000000034,9.342858571428547
2018-11-06,142.5,148.7,139.85001,146.5,493457,0,0,0,0,146.5,197.14999,493457,723785.4500000033,9.639286428571404
2018-11-07,148,154.5,147.55,153.35001,341485,0,0,0,0,153.35001,197.14999,341485,708515.4000000034,8.817857857142831
2018-11-09,152,157.5,151.35001,152.45,464147,0,0,0,0,152.45,197.14999,464147,698966.4500000033,8.328571428571404
2018-11-12,152.55,153.35001,147.5,149.85001,257833,0,0,0,0,149.85001,197.14999,257833,691939.4000000034,8.039286428571403
2018-11-13,147.60001,152.2,147.60001,149.2,323823,0,0,0,0,149.2,197.14999,323823,668824.4500000033,7.76071428571426
2018-11-14,149.25,151.75,140.39999,142.2,413728,0,0,0,0,142.2,197.14999,413728,665915.1500000034,8.153571428571404
2018-11-15,142.2,148.75,140.45,147.95,476913,0,0,0,0,147.95,197.14999,476913,662439.2000000033,8.146428571428546
2018-11-16,148.64999,160,146.25,153.8,1242260,0,0,1,0,153.8,197.14999,1242260,690709.2500000034,8.757142857142831
2018-11-19,154.60001,158.95,153.8,156.64999,794752,0,0,1,1,156.64999,197.14999,794752,669199.4500000033,8.149999999999974
2018-11-20,155.95,163.8,154.10001,163,1900481,0,0,1,0,163,197.14999,1900481,732800.6000000034,8.39999928571426
2018-11-21,162.60001,163.89999,155.25,156.5,506247,0,0,0,0,156.5,197.14999,506247,722385.6000000034,8.342856428571404
2018-11-22,157,163.7,155.5,159.60001,582006,0,0,0,0,159.60001,197.14999,582006,726635.4000000034,8.299998571428546
2018-11-26,159.35001,159.60001,147.39999,156.05,692780,0,0,0,0,156.05,197.14999,692780,726546.0500000033,8.589284999999974
2018-11-27,157.10001,160.64999,155.14999,159.35001,399563,0,0,0,1,159.35001,197.14999,399563,713076.3500000034,8.303570714285687
2018-11-28,161,162.55,152.60001,160,515292,0,0,0,1,160,197.14999,515292,674970.2000000033,8.382142142857118
2018-11-29,161.89999,162.25,155.25,157.5,286754,0,0,0,1,157.5,197.14999,286754,648107.1500000034,8.310713571428547
2018-11-30,157.5,158.45,152.8,153.7,269603,0,0,0,1,153.7,197.14999,269603,617587.4500000033,8.274999999999974
2018-12-03,154.95,155.95,153.2,154.45,149586,0,0,0,1,154.45,197.14999,149586,553518.2000000033,8.053570714285687
2018-12-04,154.75,158.35001,150.2,156.75,372379,0,0,0,1,156.75,197.14999,372379,543161.3500000034,8.307143571428545
2018-12-05,154.3,157.39999,149.05,150.39999,259967,0,0,0,1,150.39999,197.14999,259967,537152.8000000033,8.092856428571404
2018-12-06,147.8,153.75,146.64999,149.39999,341281,0,0,0,1,149.39999,197.14999,341281,529544.0000000034,8.00714285714283
2018-12-07,149.95,151.85001,145.85001,148.10001,248733,0,0,0,1,148.10001,197.14999,248733,524906.4000000034,7.453571428571402
2018-12-10,145.10001,148.39999,145,146.39999,148717,0,0,0,0,146.39999,197.14999,148717,509134.90000000334,7.328570714285689
2018-12-11,143,150.5,140.55,149.85001,348912,0,0,0,0,149.85001,197.14999,348912,513688.85000000335,7.346428571428545
2018-12-12,151,159.2,149.05,158.7,454679,0,0,0,1,158.7,197.14999,454679,520231.65000000334,7.453572142857114
2018-12-13,159,160,153.2,155.2,276502,0,0,0,1,155.2,197.14999,276502,513370.35000000335,7.353572142857116
2018-12-14,154,157,153.5,155.39999,108606,0,0,0,1,155.39999,197.14999,108606,494955.0000000034,6.732142142857116
2018-12-17,155.55,157.5,154.10001,155.10001,100463,0,0,0,1,155.10001,197.14999,100463,437865.15000000334,6.582141428571402
2018-12-18,155,155.89999,149.05,150.10001,386017,0,0,0,1,150.10001,197.14999,386017,417428.40000000334,6.360712857142829
2018-12-19,151.35001,152.10001,147.8,148.60001,251651,0,0,0,1,148.60001,197.14999,251651,334986.90000000334,6.167856428571399
2018-12-20,147.5,152.39999,146,151.45,328541,0,0,1,1,151.45,197.14999,328541,326101.60000000335,6.221427142857116
2018-12-21,151,153.45,146.5,147.2,302356,0,0,0,1,147.2,197.14999,302356,312119.10000000335,6.521427142857115
2018-12-24,148.39999,149.14999,143.55,143.89999,142829,0,0,0,1,143.89999,197.14999,142829,284621.55000000336,6.339282857142828
2018-12-26,144.8,144.8,140.5,141.39999,149364,0,0,0,1,141.39999,197.14999,149364,272111.60000000335,6.049997857142829
2018-12-27,143,144.25,138.39999,139.05,209399,0,0,0,1,139.05,197.14999,209399,256816.95000000336,5.960712142857115
2018-12-28,138.10001,141.45,138.10001,139.05,148170,0,0,0,1,139.05,197.14999,148170,249887.75000000335,5.7714257142856855
2018-12-31,141.60001,142.05,138.64999,139.3,126335,0,0,0,1,139.3,197.14999,126335,242724.35000000335,5.771427142857115
2019-01-01,138.60001,141.75,138.60001,139.85001,716987,0,0,1,1,139.85001,197.14999,716987,271094.40000000334,5.285712142857116
2019-01-02,139.10001,140.39999,135,135.5,224191,0,0,0,1,135.5,197.14999,224191,263685.0000000034,4.946425714285689
2019-01-03,136,136.89999,132.05,132.8,138997,0,0,0,1,132.8,197.14999,138997,257636.50000000335,4.807139285714259
2019-01-04,133.05,134.75,130.7,133.75,188342,0,0,0,1,133.75,197.14999,188342,249989.55000000336,4.846424999999974
2019-01-07,134.35001,140.64999,134.35001,137.85001,369160,0,0,1,1,137.85001,197.14999,369160,256010.90000000334,5.096424999999974
2019-01-08,138.8,138.8,134.14999,135.25,1087189,0,0,1,1,135.25,197.14999,1087189,302934.5000000034,4.939283571428547
2019-01-09,135.3,136.5,133.2,134.25,184662,0,0,0,1,134.25,197.14999,184662,294722.0000000034,4.867854285714263
2019-01-10,134.64999,135.14999,133.05,134.05,71416,0,0,0,1,134.05,197.14999,71416,275558.85000000335,4.5607114285714045
2019-01-11,135.95,140.75,134,137.7,386776,0,0,1,1,137.7,197.14999,386776,281072.55000000336,4.546425714285691
2019-01-14,138.64999,138.64999,134,134.45,123221,0,0,0,1,134.45,197.14999,123221,281803.30000000336,4.478568571428549
2019-01-15,135.45,135.95,132.05,132.75,184891,0,0,0,1,132.75,197.14999,184891,286024.70000000333,4.449997142857119
2019-01-16,132.05,133.55,127.65,128.45,295884,0,0,1,1,128.45,197.14999,295884,281518.05000000336,4.453567857142834
2019-01-17,129,129.60001,123.65,124.05,576096,0,0,1,1,124.05,197.14999,576096,297740.30000000336,4.639283571428548
2019-01-18,125,126,119.5,119.9,288413,0,0,0,1,119.9,197.14999,288413,295733.90000000334,4.860711428571404
2019-01-21,120,121.75,116.1,117.1,234729,0,0,0,1,117.1,197.14999,234729,292352.55000000336,5.039283571428547
2019-01-22,117.15,121.25,113.5,116.15,756556,0,0,1,1,116.15,197.14999,756556,323038.90000000334,5.207141428571404
2019-01-23,116.15,118.9,114.5,114.85,318756,0,0,0,1,114.85,197.14999,318756,331508.5000000034,5.174999285714263
2019-01-24,115.3,117,110.1,111,736259,0,0,1,1,111,197.14999,736259,357851.5000000034,5.378570714285691
2019-01-25,112,114.3,104.1,105.25,700055,0,0,1,0,105.25,197.14999,700055,385445.7500000034,5.614285714285691
2019-01-28,106.25,109.4,101.35,107.4,457246,0,0,1,0,107.4,197.14999,457246,401991.30000000336,5.8571421428571195
2019-01-29,107.7,112.95,106.8,108.1,809677,0,0,1,0,108.1,197.14999,809677,406625.80000000336,6.060713571428548
2019-01-30,108.95,110.75,103,104.45,437313,0,0,1,0,104.45,197.14999,437313,417281.90000000334,6.464285714285691
2019-01-31,105.05,108.65,103.5,104.05,574374,0,0,1,0,104.05,195,574374,439050.7500000034,6.349999999999977
2019-02-01,105.2,107.45,102.35,103.9,493260,0,0,1,0,103.9,191,493260,454296.65000000334,6.382143571428549
2019-02-04,105,105,101.45,102.35,257523,0,0,0,0,102.35,186.5,257523,448714.80000000336,6.3571435714285505
2019-02-05,102.65,104.35,100.25,102.4,334840,0,0,0,0,102.4,186.5,334840,411097.35000000335,6.228572142857121
2019-02-06,103,104.95,101.25,102.15,336607,0,0,0,1,102.15,186.5,336607,418694.60000000335,6.067857142857122
2019-02-07,102.9,114.9,86.800003,105,2468486,0,0,1,1,105,186.5,2468486,538548.1000000034,7.610714071428551
2019-02-08,102,103.7,100,101.5,867449,0,0,1,0,101.5,186.5,867449,562581.7500000034,7.564285499999978
2019-02-11,100,101.9,95.099998,95.400002,761120,0,0,1,0,95.400002,186.5,761120,594476.7000000033,7.496428499999979
2019-02-12,95.099998,99.900002,95.050003,97,585912,0,0,0,0,97,186.5,585912,614527.7500000034,7.528571285714264
2019-02-13,97.550003,102,96.449997,98.800003,565040,0,0,0,0,98.800003,186.5,565040,627985.5500000033,7.432142928571407
2019-02-14,98.150002,99,94,95.050003,354851,0,0,0,0,95.050003,186.5,354851,616923.3000000033,7.060714357142835
2019-02-15,95.199997,95.349998,91,91.849998,401389,0,0,0,0,91.849998,186.5,401389,622572.1000000034,6.796428499999977
2019-02-18,92.5,92.599998,89,89.949997,419992,0,0,0,0,89.949997,186.5,419992,631835.2500000034,6.614285499999977
2019-02-19,90.75,100.6,90.25,97.75,1475324,0,0,1,0,97.75,186.5,1475324,667773.6500000034,6.821428571428548
2019-02-20,99,103.55,98.050003,101,1269043,0,0,1,0,101,186.5,1269043,715288.0000000034,6.867857142857119
2019-02-21,101.5,108.65,101,107.25,567259,0,0,0,0,107.25,186.5,567259,706838.0000000034,7.049999999999976
2019-02-22,107,114.9,105.55,113,1140742,0,0,1,0,113,186.5,1140742,728872.3500000034,7.464285714285691
2019-02-25,113.3,116.35,110.15,111.75,563153,0,0,0,0,111.75,186.5,563153,734167.7000000033,7.614285714285691
2019-02-26,108.05,111.75,106.65,109.95,428910,0,0,0,0,109.95,186.5,428910,715129.3500000034,7.7142857142856895
2019-02-27,111.35,113.45,106.2,107.7,306484,0,0,0,0,107.7,186.5,306484,708587.9000000034,6.22500021428569
2019-02-28,107,111,107,108.25,559347,0,0,0,0,108.25,186.5,559347,707836.5500000033,6.153571642857118
2019-03-01,109.35,115.8,108.15,115,971029,0,0,1,1,115,186.5,971029,731725.0000000034,6.21428578571426
2019-03-05,116.4,122.7,115.1,120.6,1091454,0,0,1,1,120.6,186.5,1091454,773421.5500000033,6.417857285714261
2019-03-06,121.9,124.8,117.05,118.2,549144,0,0,0,1,118.2,186.5,549144,784136.7500000034,6.574999928571403
2019-03-07,118.5,122.5,116.5,119.8,643344,0,0,0,1,119.8,186.5,643344,799473.6000000034,6.646428499999975
2019-03-08,120.2,121.5,117.4,117.8,526776,0,0,0,1,117.8,186.5,526776,702388.1000000034,6.628571499999974
2019-03-11,116.25,121.95,116.25,119.9,686074,0,0,0,1,119.9,186.5,686074,693319.3500000034,6.778571642857117
2019-03-12,127,127.95,122,123.05,1461478,0,0,1,1,123.05,186.5,1461478,728337.2500000034,6.592857142857118
2019-03-13,124,124.5,119.1,119.85,530276,0,0,0,1,119.85,186.5,530276,725555.4500000033,6.564285714285689
2019-03-14,119.5,124.95,119.45,120.9,604756,0,0,0,1,120.9,186.5,604756,727541.2500000034,6.410714285714261
2019-03-15,121.75,123,119.3,120.05,423206,0,0,0,1,120.05,186.5,423206,730959.0000000034,6.007142857142831
2019-03-18,120.9,121.5,115.9,116.2,721652,0,0,0,1,116.2,186.5,721652,746972.1500000034,5.964285714285689
2019-03-19,117,121.7,116.8,120.75,561151,0,0,0,1,120.75,186.5,561151,754030.1000000034,5.992857142857118
2019-03-20,120.75,122.45,116.9,117.75,775255,0,0,1,1,117.75,186.5,775255,719026.6500000034,5.871428571428546
2019-03-22,118.3,120.2,117.45,117.95,298377,0,0,0,1,117.95,186.5,298377,670493.3500000034,5.782142857142832
2019-03-25,117,120.6,115.4,119.4,635591,0,0,0,1,119.4,186.5,635591,673909.9500000033,5.607142857142832
2019-03-26,119.8,127.7,119.65,125.4,1178781,0,0,1,1,125.4,186.5,1178781,675811.9000000034,5.649999999999975
2019-03-27,125.6,134,125.6,132.55,2439080,0,0,1,1,132.55,186.5,2439080,769608.2500000034,5.71071428571426
2019-03-28,134.55,136.89999,130.2,131.7,1032981,0,0,1,1,131.7,186.5,1032981,799811.8000000033,5.760713571428546
2019-03-29,132.89999,137,132.89999,136.2,801655,0,0,0,1,136.2,186.5,801655,824570.3500000034,5.846427857142833
2019-04-01,143,150.85001,143,146.85001,3436068,0,0,1,1,146.85001,186.5,3436068,968406.4000000034,6.485714285714262
2019-04-02,146.3,146.3,142.10001,144.05,735399,0,0,0,1,144.05,186.5,735399,956624.9000000034,6.249999999999977
2019-04-03,143.64999,148.89999,143.25,145.2,809837,0,0,0,1,145.2,186.5,809837,942544.0500000033,6.267856428571405
2019-04-04,145.8,149.55,143.75,148.8,808729,0,0,0,1,148.8,186.5,808729,955523.3000000033,6.289284999999977
2019-04-05,148.2,149.5,145.14999,146.45,339066,0,0,0,1,146.45,186.5,339066,940309.4000000034,6.335714285714262
2019-04-08,146.64999,148,143.35001,144.10001,370343,0,0,0,1,144.10001,186.5,370343,932487.7500000034,6.267856428571406
2019-04-09,144.10001,144.75,137.55,138.7,563224,0,0,0,1,138.7,186.5,563224,926345.2500000034,6.389284999999977
2019-04-10,138.05,141.2,136.10001,138.05,611884,0,0,0,1,138.05,186.5,611884,883865.5500000033,6.3571414285714045
2019-04-11,144.05,146.35001,136.10001,137.55,1810298,0,0,1,1,137.55,186.5,1810298,947866.6500000034,6.89285571428569
2019-04-12,136.3,139,135,135.64999,892150,0,0,0,1,135.64999,186.5,892150,962236.3500000034,6.807141428571406
2019-04-15,137.10001,140.95,136.89999,139.60001,1750486,0,0,1,1,139.60001,186.5,1750486,1028600.3500000034,6.592856428571404
2019-04-16,140.89999,143.5,140.10001,141.05,525666,0,0,0,1,141.05,186.5,525666,1018801.0500000033,6.257141428571406
2019-04-18,141.05,142.64999,135.5,136.45,493210,0,0,0,1,136.45,186.5,493210,1015404.0000000034,6.2892842857142615
2019-04-22,135.8,136,133.14999,134.45,580292,0,0,0,1,134.45,186.5,580292,1005655.8500000034,6.1464278571428315
2019-04-23,135.2,135.5,131.55,132.7,253844,0,0,0,1,132.7,186.5,253844,1003429.2000000033,5.382141428571401
2019-04-24,133.7,138.3,132.5,137.39999,379720,0,0,0,1,137.39999,186.5,379720,990635.6500000034,5.457141428571402
2019-04-25,137.89999,138.5,133.2,134.55,231228,0,0,0,1,134.55,186.5,231228,943258.0000000034,5.432142142857117
2019-04-26,133.3,135.64999,132.05,132.39999,214061,0,0,0,1,132.39999,186.5,214061,832007.0500000033,5.274998571428545
2019-04-30,132.85001,134,129.3,132.95,203231,0,0,0,1,132.95,186.5,203231,790519.5500000033,5.299997857142829
2019-05-02,133,135,131.3,132.10001,157475,0,0,0,1,132.10001,186.5,157475,758310.5500000033,5.2321414285714
2019-05-03,132,133.64999,128.75,129.75,218357,0,0,0,1,129.75,186.5,218357,597425.0000000034,5.067854999999972
2019-05-06,130,133.60001,125.7,132.60001,371369,0,0,0,1,132.60001,186.5,371369,579223.5000000034,5.267856428571401
2019-05-07,133.85001,136.64999,131.10001,132.10001,333941,0,0,0,1,132.10001,186.5,333941,555428.7000000033,4.932140714285687
2019-05-08,129.7,132.39999,128.7,131.5,307396,0,0,0,0,131.5,186.5,307396,530362.0500000033,4.910711428571402
2019-05-09,132.10001,141.60001,132.10001,140.35001,782416,0,0,1,0,140.35001,186.5,782416,552529.5500000033,5.253568571428546
2019-05-10,143.2,145,141.35001,144.2,1457830,0,0,1,0,144.2,186.5,1457830,606903.9000000034,5.307139999999975
2019-05-13,144,144.3,137,140.60001,611212,0,0,1,0,140.60001,186.5,611212,609303.3000000033,5.317854999999975
2019-05-14,139.8,140,133.7,136.2,627466,0,0,1,0,136.2,186.5,627466,610082.4000000034,5.574997857142834
2019-05-15,130,135.45,127,133.2,1283922,0,0,1,0,133.2,186.5,1283922,583763.6000000034,5.949997857142834
2019-05-16,133.2,134.3,127.3,127.95,431488,0,0,0,0,127.95,186.5,431488,560730.5000000034,6.03571214285712
2019-05-17,129,131.39999,126.25,130.14999,668325,0,0,1,0,130.14999,186.5,668325,506622.45000000333,6.024997142857119
2019-05-20,134.3,140.2,131.7,139.2,677605,0,0,1,1,139.2,186.5,677605,514219.40000000334,6.4857128571428335
2019-05-21,138.60001,139.35001,133.14999,133.8,207345,0,0,0,1,133.8,186.5,207345,499926.15000000334,6.592857142857119
2019-05-22,134.5,139,132.45,136.10001,282096,0,0,0,1,136.10001,186.5,282096,485016.35000000335,6.7964285714285495
2019-05-23,138,140.75,135.64999,139.2,946598,0,0,1,1,139.2,186.5,946598,519654.05000000336,6.810715714285692
2019-05-24,137.60001,147.14999,137.25,144.45,701815,0,0,1,1,144.45,186.5,701815,535758.8000000033,6.953571428571407
2019-05-27,144.5,144.75,141.8,142.60001,187052,0,0,0,1,142.60001,186.5,187052,533550.0000000034,6.767858571428548
2019-05-28,142.95,152,142.85001,149.35001,998139,0,0,1,1,149.35001,186.5,998139,572753.9000000034,7.175001428571405
2019-05-29,149.5,150.39999,145.14999,146.25,203287,0,0,0,1,146.25,186.5,203287,572756.7000000033,6.828572142857119
2019-05-30,146,146.2,140.5,142.10001,252874,0,0,0,1,142.10001,186.5,252874,577526.6500000034,6.907144285714262
2019-05-31,142.2,146.5,138.95,142.3,337314,0,0,0,1,142.3,186.5,337314,583474.5000000034,6.925001428571405
2019-06-03,141.14999,145.2,139.35001,142.75,375488,0,0,0,1,142.75,186.5,375488,583680.4500000033,6.849999999999975
2019-06-04,144.60001,147.95,141.25,142.39999,542862,0,0,0,1,142.39999,186.5,542862,594126.5000000034,6.671428571428547
2019-06-06,142.39999,142.89999,137.3,139.10001,266865,0,0,0,1,139.10001,186.5,266865,592099.9500000033,6.57142785714283
2019-06-07,138.45,143.7,137.5,139.14999,302785,0,0,0,1,139.14999,186.5,302785,568118.4000000034,6.646428571428544
2019-06-10,139.89999,142.3,138.95,141.14999,146620,0,0,0,1,141.14999,186.5,146620,502557.90000000334,6.167856428571404
2019-06-11,140.45,142,138,139.3,189714,0,0,0,1,139.3,186.5,189714,481483.0000000034,6.010712142857118
2019-06-12,139.85001,143.60001,139.35001,139.8,686200,0,0,1,1,139.8,186.5,686200,484419.70000000333,5.849998571428545
2019-06-13,139.5,141.3,139,140.35001,388375,0,0,0,1,140.35001,186.5,388375,439642.35000000335,5.649997857142831
2019-06-14,142.5,142.5,139.7,140.05,183129,0,0,0,1,140.05,186.5,183129,427224.40000000334,5.142855714285689
2019-06-17,142,142,137.5,138.75,225707,0,0,0,0,138.75,186.5,225707,405093.5000000034,5.253569999999976
2019-06-18,138.55,142.39999,137,137.7,226661,0,0,0,0,137.7,186.5,226661,382546.30000000336,4.96785571428569
2019-06-19,139.39999,141.5,135.60001,136.3,375798,0,0,0,0,136.3,186.5,375798,390968.95000000333,5.014283571428548
2019-06-20,137.55,139,135,137.2,254143,0,0,0,1,137.2,186.5,254143,389571.30000000336,4.889283571428548
2019-06-21,138.39999,141,137.5,140.05,284987,0,0,0,0,140.05,186.5,284987,356490.7500000034,4.621426428571405
2019-06-24,141.85001,142.05,139.39999,139.95,163358,0,0,0,0,139.95,186.5,163358,329567.90000000334,4.392856428571406
2019-06-25,135.05,140,135.05,139,209759,0,0,0,1,139,186.5,209759,330703.2500000034,4.267856428571406
2019-06-26,138.5,143,137.60001,140.60001,296112,0,0,1,1,140.60001,186.5,296112,295601.90000000334,4.253570714285693
2019-06-27,140.60001,140.95,139.10001,140,165344,0,0,0,1,140,186.5,165344,293704.7500000034,3.9428557142856926
2019-06-28,140,141.45,139.14999,140.45,244794,0,0,0,1,140.45,186.5,244794,293300.7500000034,3.8678564285714043
2019-07-01,140.25,150,140.25,147.05,1291195,0,0,1,1,147.05,186.5,1291195,340994.80000000336,4.27857071428569
2019-07-02,148,148.89999,142.14999,144.35001,334173,0,0,0,1,144.35001,186.5,334173,338929.05000000336,4.453569999999977
2019-07-03,145,148.39999,141.5,143.45,267648,0,0,0,1,143.45,186.5,267648,325168.35000000335,4.78214071428569
2019-07-04,143.39999,149,143,146.14999,284249,0,0,0,1,146.14999,186.5,284249,326037.55000000336,5.010712142857118
2019-07-05,147.39999,147.64999,143.10001,144.3,169480,0,0,0,1,144.3,186.5,169480,319372.30000000336,5.014282142857119
2019-07-08,140,142.7,138.25,140.39999,351064,0,0,1,0,140.39999,186.5,351064,329594.5000000034,5.0607114285714045
2019-07-09,141.75,141.75,139.05,139.7,180532,0,0,0,0,139.7,186.5,180532,329135.40000000334,4.83214071428569
2019-07-10,138.64999,140.39999,136.5,137.2,220192,0,0,0,0,137.2,186.5,220192,305835.0000000034,4.824997142857119
2019-07-11,138,139.14999,135.35001,136.85001,254687,0,0,0,0,136.85001,186.5,254687,299150.60000000335,4.82499571428569
2019-07-12,137,139.2,135.14999,138.35001,205810,0,0,0,0,138.35001,186.5,205810,300284.65000000334,4.9249957142856875
2019-07-15,138.35001,140.2,135.25,136.5,223266,0,0,0,0,136.5,186.5,223266,300162.60000000335,4.9249957142856875
2019-07-16,136.39999,137.35001,135.64999,136.35001,161440,0,0,0,0,136.35001,186.5,161440,296901.55000000336,4.660712142857116
2019-07-17,136.35001,138.5,135.8,135.89999,204595,0,0,0,0,135.89999,186.5,204595,288341.40000000334,4.721427142857116
2019-07-18,135.89999,135.89999,131.5,134.35001,346710,0,0,1,0,134.35001,186.5,346710,292969.7500000034,4.871425714285688
2019-07-19,135.2,135.89999,129.75,130.25,254849,0,0,0,0,130.25,186.5,254849,291462.85000000335,4.614282142857117
2019-07-22,129.75,130.7,123.4,125.2,446543,0,0,1,0,125.2,186.5,446543,305622.10000000335,4.65356785714283
2019-07-23,126,131,121.9,127.9,474076,0,0,1,0,127.9,186.5,474076,318837.95000000333,4.810711428571401
2019-07-24,126.35,128.7,122.2,123.8,1542489,0,0,1,0,123.8,186.5,1542489,381156.80000000336,4.846425714285686
2019-07-25,122.75,125.5,122,123.2,151915,0,0,0,0,123.2,186.5,151915,380485.35000000335,4.771427142857114
2019-07-26,122.4,124,117.75,118.6,473799,0,0,1,0,118.6,186.5,473799,391935.60000000335,4.785712857142827
2019-07-29,119.75,119.75,111.25,112.05,1122285,0,0,1,0,112.05,186.5,1122285,383490.10000000335,5.199998571428543
2019-07-30,112,113.9,105.5,107.75,759184,0,0,1,0,107.75,186.5,759184,404740.65000000334,5.521427857142828
2019-07-31,107.65,113.9,104.65,111.8,624470,0,0,1,0,111.8,186.5,624470,422581.7500000034,5.91071499999997
2019-08-01,112,118,110.3,115.95,498497,0,0,1,0,115.95,186.5,498497,433294.15000000334,6.171428571428543
2019-08-02,113.7,124.7,112.5,120.15,494892,0,0,1,0,120.15,186.5,494892,449564.7500000034,6.689285714285687
2019-08-05,120,120,112.5,114.6,358151,0,0,0,0,114.6,186.5,358151,449919.10000000335,7.11428428571426
2019-08-06,114.7,119.7,113.65,115.1,254623,0,0,0,0,115.1,186.5,254623,453623.65000000334,7.353569999999975
2019-08-07,115.15,123.2,115.15,116.85,1123805,0,0,1,0,116.85,186.5,1123805,498804.30000000336,7.617856428571403
2019-08-08,118.05,118.5,114.5,117.9,316490,0,0,0,0,117.9,186.5,316490,501894.45000000333,7.464285714285689
2019-08-09,117.95,118.95,115.5,116.7,208114,0,0,0,0,116.7,186.5,208114,502009.65000000334,7.18928571428569
2019-08-13,116.75,120.7,113,113.8,235875,0,0,0,0,113.8,186.5,235875,502640.10000000335,7.089285714285691
2019-08-14,114.9,118.95,114.25,118.2,217235,0,0,0,0,118.2,186.5,217235,505429.85000000335,6.992857142857121
2019-08-16,118.9,118.9,113.4,114.9,307895,0,0,0,0,114.9,186.5,307895,510594.85000000335,7.135714285714264
2019-08-19,115.8,117,113.65,115.35,173458,0,0,0,0,115.35,186.5,173458,501932.2500000034,6.928571428571407
2019-08-20,116,116.6,114.5,115.7,127786,0,0,0,0,115.7,186.5,127786,495579.10000000335,6.471428571428548
2019-08-21,114.5,116.4,112.15,113.25,147780,0,0,0,0,113.25,186.5,147780,480640.95000000333,6.174999999999977
2019-08-22,112.55,113.8,109.2,110.45,207605,0,0,0,0,110.45,186.5,207605,467317.40000000334,5.842857142857119
2019-08-23,107.75,113.7,104.1,111.05,304292,0,0,0,0,111.05,186.5,304292,405407.55000000336,5.9785714285714056
2019-08-26,114.7,114.9,107.55,114.05,835030,0,0,1,0,114.05,186.5,835030,439563.30000000336,5.632142857142834
2019-08-27,115.2,119.4,113.5,117.35,487317,0,0,1,0,117.35,186.5,487317,440239.20000000333,5.507142857142834
2019-08-28,115.7,122.75,115.7,118.75,915941,0,0,1,0,118.75,186.5,915941,429922.0000000034,5.578571428571406
2019-08-29,117.2,120.4,117,118.95,1835923,0,0,1,0,118.95,186.5,1835923,483758.95000000333,5.24285714285712
2019-08-30,119.75,122.5,117.75,121.1,750202,0,0,1,0,121.1,186.5,750202,490045.55000000336,5.296428571428549
2019-09-03,120.8,121.9,119,120.1,196527,0,0,0,0,120.1,186.5,196527,474947.05000000336,5.257142857142834
2019-09-04,119.65,122.4,118.35,121.75,192785,0,0,0,0,121.75,186.5,192785,459841.70000000333,4.99642857142855
2019-09-05,121.15,126.6,121.05,124.8,203457,0,0,0,0,124.8,186.5,203457,452107.0000000034,5.024999999999977
2019-09-06,125.45,131.60001,125.25,129.95,367452,0,0,0,0,129.95,186.5,367452,457748.45000000333,5.117857857142835
2019-09-09,129.7,131.5,126.45,128.14999,307274,0,0,0,0,128.14999,186.5,307274,416921.90000000334,5.239286428571406
2019-09-11,127.3,136.35001,127.3,135.60001,327018,0,0,0,0,135.60001,186.5,327018,417448.30000000336,5.735715714285692
2019-09-12,133,135.8,133,134.5,522265,0,0,1,0,134.5,186.5,522265,433155.85000000335,5.632144285714264
2019-09-13,135,135,130.25,130.7,133139,0,0,0,0,130.7,186.5,133139,428019.05000000336,5.64285857142855
2019-09-16,129.95,134.89999,127.65,133.95,307609,0,0,0,0,133.95,186.5,307609,432537.7500000034,5.4750007142856925
2019-09-17,134.64999,137.39999,127.1,128.3,723460,0,0,1,0,128.3,186.5,723460,453316.0000000034,5.685714285714264
2019-09-18,130,133,128.35001,132.2,212690,0,0,0,0,132.2,186.5,212690,455277.60000000335,5.599999999999977
2019-09-19,132.2,132.75,126,127,218320,0,0,0,0,127,186.5,218320,459804.30000000336,5.578571428571406
2019-09-20,127,137.5,127,132.75,1248017,0,0,1,1,132.75,185,1248017,514816.15000000334,6.085714285714262
2019-09-23,134.89999,139,133.39999,137.75,639264,0,0,1,1,137.75,179.89999,639264,536399.1000000034,6.19285714285712
2019-09-24,137.8,143.5,135.10001,138.7,1198998,0,0,1,1,138.7,176.60001,1198998,581134.4000000034,6.585713571428548
2019-09-25,138.95,139.89999,134.05,134.95,223205,0,0,0,1,134.95,176.5,223205,550543.1500000034,6.714284285714261
2019-09-26,136.8,140.5,135.25,138.64999,598047,0,0,1,1,138.64999,176.5,598047,556079.6500000034,6.714284285714262
2019-09-27,138.95,140,137.55,138.75,674415,0,0,1,1,138.75,175.45,674415,544003.3500000034,6.403569285714261
2019-09-30,139.25,139.5,131.8,133.55,414834,0,0,0,1,133.55,174,414834,472948.90000000334,6.592854999999974
2019-10-01,134.35001,134.89999,124.4,128,505377,0,0,1,1,128,172.55,505377,460707.65000000334,6.696424999999975
2019-10-03,125.3,129,124.3,125.05,356869,0,0,0,1,125.05,169.35001,356869,468724.7500000034,6.83213928571426
2019-10-04,125.75,127.8,123.55,124.4,191079,0,0,0,1,124.4,163.89999,191079,468639.45000000333,6.7964249999999735
2019-10-07,125,126.4,119.9,121.6,160009,0,0,0,1,121.6,163.89999,160009,466467.05000000336,6.74285428571426
2019-10-09,123,126.8,120.85,126.1,216089,0,0,0,1,126.1,163.89999,216089,458898.90000000334,6.432140714285688
2019-10-10,125.7,130,125,129.45,164898,0,0,0,1,129.45,163.89999,164898,451780.10000000335,6.45356928571426
2019-10-11,131.64999,131.64999,127.25,129.8,136088,0,0,0,1,129.8,163.89999,136088,442233.60000000335,6.285711428571403
2019-10-14,129.8,131.5,128.5,129.05,129236,0,0,0,1,129.05,163.89999,129236,422582.15000000334,5.749997142857118
2019-10-15,129.05,132.35001,127.3,131.3,194383,0,0,0,1,131.3,163.89999,194383,425644.35000000335,5.664283571428546
2019-10-16,133,134.35001,130.5,133.35001,149693,0,0,0,1,133.35001,163.89999,149693,417748.55000000336,5.3392849999999745
2019-10-17,134,134,130.10001,130.7,160897,0,0,0,1,130.7,163.89999,160897,389620.40000000334,5.199999285714261
2019-10-18,130.7,133.95,130.7,131.7,206933,0,0,0,1,131.7,163.89999,206933,389332.55000000336,5.035713571428546
2019-10-22,130.2,138.85001,130.2,137.95,449932,0,0,1,1,137.95,163.89999,449932,400913.15000000334,5.478571428571405
2019-10-23,140,148,137.5,143.7,1469092,0,0,1,1,143.7,163.89999,1469092,411966.90000000334,5.678571428571405
2019-10-24,144.85001,147,143,143.5,514686,0,0,1,1,143.5,163.89999,514686,405738.0000000034,5.2142864285714055
2019-10-25,144.45,147.5,141.5,146.7,423951,0,0,1,1,146.7,163.89999,423951,366985.65000000334,5.307143571428548
2019-10-29,146.8,154.8,144.5,149.60001,1131101,0,0,1,1,149.60001,163.89999,1131101,412380.45000000333,5.739286428571406
2019-10-30,150,151.5,146.85001,148.3,785246,0,0,1,1,148.3,163.89999,785246,421740.40000000334,5.607142857142835
2019-10-31,148.89999,152,147.10001,147.75,690207,0,0,1,1,147.75,163.89999,690207,422530.0000000034,5.53214214285712
2019-11-01,148.45,150,145.2,146,326991,0,0,0,1,146,163.89999,326991,418137.85000000335,5.517856428571407
2019-11-04,147.35001,154.3,140.64999,142.35001,18855009,0,0,1,1,142.35001,163.89999,18855009,1335619.4500000034,6.178572142857122
2019-11-05,141.8,142.5,136.14999,137.05,4920179,0,0,1,1,137.05,163.89999,4920179,1563784.9500000034,6.4178585714285505
2019-11-06,137.89999,142.39999,137.14999,139.95,2018800,0,0,1,1,139.95,163.89999,2018800,1655171.0000000033,6.439285714285693
2019-11-07,142,143.60001,140.14999,141.85001,1125331,0,0,0,1,141.85001,163.89999,1125331,1703437.1000000034,6.4249999999999785
2019-11-08,141.5,142.89999,137,137.55,837541,0,0,0,1,137.55,163.89999,837541,1734509.7000000034,6.567857142857122
2019-11-11,138,140.89999,137.5,138.35001,539865,0,0,0,1,138.35001,163.89999,539865,1753258.0500000033,6.578570714285694
2019-11-13,140.39999,142,138.2,139.10001,1257872,0,0,0,1,139.10001,163.89999,1257872,1809347.2500000033,6.232141428571408
2019-11-14,139.64999,139.89999,137.39999,138.05,295962,0,0,0,1,138.05,163.89999,295962,1817683.5500000033,5.660712857142836
2019-11-15,137.60001,139.05,135,136.2,445229,0,0,0,1,136.2,163.89999,445229,1830225.8500000034,5.664284285714266
2019-11-18,136.3,137.7,133,134.14999,436012,0,0,0,1,134.14999,163.89999,436012,1844541.8000000033,5.5714271428571225
2019-11-19,135.39999,139,135,137.05,717478,0,0,0,1,137.05,163.89999,717478,1872370.8500000034,5.1821421428571215
2019-11-20,138,138,135.75,136.3,326480,0,0,0,1,136.3,163.89999,326480,1878348.2000000034,5.010714285714264
2019-11-21,137.2,137.95,135.14999,136.45,447212,0,0,0,1,136.45,163.89999,447212,1878212.2000000034,4.860715714285691
2019-11-22,137.14999,137.14999,133.8,135.2,780173,0,0,0,1,135.2,163.89999,780173,1843766.2500000033,4.757143571428547
2019-11-25,136.3,137,135.14999,136,250323,0,0,0,1,136,163.89999,250323,1830548.1000000034,3.9142864285714034
2019-11-26,136.85001,138.25,134.95,136.89999,313128,0,0,0,1,136.89999,163.89999,313128,1825006.9500000034,3.696428571428547
2019-11-27,136.75,137.45,133.25,133.75,384522,0,0,0,1,133.75,163.89999,384522,1787678.0000000033,3.614286428571404
2019-11-28,134.25,135.95,133.75,134.85001,281929,0,0,0,1,134.85001,163.89999,281929,1762512.1500000034,3.51071428571426
2019-11-29,135,140.55,134.25,139.2,686627,0,0,0,1,139.2,163.89999,686627,1762333.1500000034,3.5392864285714034
2019-12-02,138.5,140.89999,136.3,140,847650,0,0,0,1,140,163.89999,847650,1788366.1000000034,3.625000714285688
2019-12-03,140.39999,141.14999,137.25,139.2,304795,0,0,0,1,139.2,163.89999,304795,860855.4000000034,3.6321428571428305
2019-12-04,138.39999,138.75,136.25,137.89999,168674,0,0,0,1,137.89999,163.89999,168674,623280.1500000034,3.6642857142856866
2019-12-05,137.8,138.89999,134.5,135.3,137265,0,0,0,1,135.3,163.7,137265,529203.4000000034,3.689284999999972
2019-12-06,135.64999,136.14999,132.7,133.05,211009,0,0,0,1,133.05,162.55,211009,483487.30000000336,3.599998571428545
2019-12-09,135.3,137.89999,132.14999,135.14999,1191765,0,0,1,1,135.14999,162.55,1191765,501198.5000000034,3.664283571428545
2019-12-10,134.7,135.5,131.95,132.85001,201062,0,0,0,1,132.85001,162.55,201062,484258.35000000335,3.757140714285689
2019-12-11,133.10001,137.05,132.75,136.25,493482,0,0,1,1,136.25,162.25,493482,446038.85000000335,3.8642828571428334
2019-12-12,136.64999,137.55,134.64999,136.05,154906,0,0,0,1,136.05,160,154906,438986.05000000336,3.8321414285714064
2019-12-13,136.75,141.89999,135.3,139.05,521535,0,0,1,1,139.05,160,521535,442801.35000000335,4.171425714285691
2019-12-16,139.5,141.85001,138.64999,139.75,577887,0,0,1,1,139.75,160,577887,449895.10000000335,4.1642842857142615
2019-12-17,139.5,140,136.55,137.3,233529,0,0,0,1,137.3,160,233529,425697.65000000334,4.1107128571428335
2019-12-18,137.3,138.95,132.85001,133.35001,398792,0,0,0,1,133.35001,160,398792,429313.2500000034,4.389283571428548
2019-12-19,133.45,134.39999,132.10001,132.60001,181914,0,0,0,1,132.60001,160,181914,416048.35000000335,4.103567857142833
2019-12-20,133.45,136.3,131.75,135.89999,482121,0,0,1,1,135.89999,160,482121,401145.7500000034,4.09999714285712
2019-12-23,133.5,135.39999,132.3,133.39999,172690,0,0,0,1,133.39999,160,172690,397264.10000000335,4.078568571428548
2019-12-24,132.7,132.7,131.5,132.25,225470,0,0,0,1,132.25,160,225470,392881.20000000333,4.003567857142834
2019-12-26,132.3,132.5,130.55,131.25,266827,0,0,0,1,131.25,160,266827,386996.45000000333,3.828568571428548
2019-12-27,132.35001,134.89999,131.75,132.95,306152,0,0,0,1,132.95,157.5,306152,388207.60000000335,3.842854285714261
2019-12-30,132.10001,144.35001,132.10001,142.3,1239823,0,0,1,1,142.3,157.5,1239823,415867.40000000334,4.3071399999999755
2019-12-31,143.45,147.7,141.95,144.25,1773050,0,0,1,1,144.25,155.89999,1773050,462137.40000000334,4.464282857142832
2020-01-01,143.60001,148.7,143,146.85001,999508,0,0,1,1,146.85001,154.8,999508,496873.05000000336,4.56428285714283
2020-01-02,147.85001,148.60001,145,146.2,467634,0,0,0,1,146.2,154.8,467634,511821.05000000336,4.61428285714283
2020-01-03,145.5,154.39999,143.05,148.5,1872702,0,0,1,1,148.5,154.8,1872702,598592.9000000034,4.953568571428543
2020-01-06,149.7,153.89999,143.89999,148.25,1065668,0,0,1,0,148.25,154.8,1065668,641325.8500000034,5.439281428571401
2020-01-07,146,153.64999,146,149.75,509253,0,0,0,1,149.75,154.8,509253,607200.2500000034,5.739280714285688
2020-01-08,147.10001,153.39999,146.35001,150.89999,703894,0,0,1,1,150.89999,154.8,703894,632341.8500000034,5.807137142857117
2020-01-09,152.89999,162.89999,151.5,160.7,3225003,1,1,1,1,160.7,154.8,3225003,768917.9000000034,6.499995714285689
2020-01-10,160.5,170.8,159.25,167.75,3155979,1,1,1,1,167.75,162.89999,3155979,918971.5500000033,6.999995714285689
2020-01-13,168.35001,173.25,167.8,171.05,1304303,1,1,1,1,171.05,170.8,1304303,958109.9500000033,7.135710714285689
2020-01-14,172.05,174.75,170.10001,171.25,689187,0,0,0,1,171.25,173.25,689187,963674.9500000033,7.332139285714261
2020-01-15,171.14999,178,170.5,176.89999,1024818,1,1,1,1,176.89999,174.75,1024818,1003239.4000000034,7.728567857142833
2020-01-16,176.89999,183.8,175,181.2,1299430,1,1,1,1,181.2,178,1299430,1048271.3000000033,8.09642571428569
2020-01-17,182.8,184.39999,179.5,180.95,774270,0,0,0,1,180.95,183.8,774270,1077889.1000000034,7.5714249999999765
2020-01-20,181,181.89999,170,171.8,580171,0,0,0,1,171.8,184.39999,580171,1082791.6000000034,8.010709999999976
2020-01-21,170.7,175.5,168,168.60001,560191,0,0,0,1,168.60001,184.39999,560191,1102166.6500000034,8.139281428571406
2020-01-22,169.64999,174.14999,165.5,166.60001,540929,0,0,0,1,166.60001,184.39999,540929,1117939.6000000034,8.499994285714264
2020-01-23,167.10001,171.75,165,170.45,549262,0,0,0,1,170.45,184.39999,549262,1132061.3500000034,8.17142357142855
2020-01-24,170.45,173.75,169.75,171.2,371966,0,0,0,1,171.2,184.39999,371966,1135352.0500000033,7.742852142857122
2020-01-27,170.5,180,168.64999,178.8,920994,0,0,0,1,178.8,184.39999,920994,1119410.6000000034,8.007139285714263
2020-01-28,179.89999,184.2,173.05,176.25,881742,0,0,0,1,176.25,184.39999,881742,1074845.2000000034,8.299997857142833
2020-01-29,176.95,179,174.10001,177.85001,349462,0,0,0,1,177.85001,184.39999,349462,1042342.9000000034,7.792854285714262
2020-01-30,178.45,178.8,169.64999,170.95,389463,0,0,0,1,170.95,184.39999,389463,1038434.3500000034,7.621426428571405
2020-01-31,171,176.39999,170.7,171.64999,425882,0,0,0,0,171.64999,184.39999,425882,966093.3500000034,7.635711428571406
2020-02-01,170,175.25,160.55,166.55,782847,0,0,0,0,166.55,184.39999,782847,951952.3000000033,8.353569285714261
2020-02-03,164.2,175,163.8,173.25,1159524,0,0,1,0,173.25,184.39999,1159524,984465.8500000034,8.617854999999976
2020-02-04,178.60001,189.95,175.60001,186.89999,4072574,0,1,1,0,186.89999,184.39999,4072574,1152899.8500000034,9.182140714285689
2020-02-05,189.5,195.39999,185.5,192,2325464,1,1,1,1,192,189.95,2325464,1107922.9000000034,9.539283571428545
2020-02-06,192,199,191.85001,198.35001,1790366,1,1,1,1,198.35001,195.39999,1790366,1039642.2500000034,9.199997857142831
2020-02-07,199.35001,230,198.85001,224.45,6717712,1,1,1,1,224.45,199,6717712,1310312.7000000034,10.924997142857118
2020-02-10,222.85001,229,211.7,221.45,3110738,0,0,1,1,221.45,230,3110738,1431390.2500000033,11.542854999999975
2020-02-11,221.5,233.95,220.39999,223.2,2910943,0,0,1,1,223.2,230,2910943,1525696.5000000033,12.028569999999974
2020-02-12,213.8,217.45,205,212.10001,1794791,0,0,1,1,212.10001,233.95,1794791,1550464.5500000033,13.042855714285688
2020-02-13,213.39999,214.89999,205.55,208.64999,1271985,0,0,0,1,208.64999,233.95,1271985,1575350.3000000033,12.899997142857115
2020-02-14,209.35001,214,205.55,207.35001,1111762,0,0,0,1,207.35001,233.95,1111762,1601929.8500000034,12.707139999999972
2020-02-17,208.60001,208.8,201.25,203.14999,841955,0,0,0,0,203.14999,233.95,841955,1616018.0500000033,12.896426428571402
2020-02-18,202.85001,209.60001,200,206.45,1314912,0,0,0,0,206.45,233.95,1314912,1654717.2000000034,12.928569285714259
2020-02-19,209.3,210.95,207.5,209.5,608204,0,0,0,1,209.5,233.95,608204,1657664.3000000033,12.842855714285687
2020-02-20,209.5,210,202.5,203.95,494914,0,0,0,1,203.95,233.95,494914,1663811.7000000034,12.328569999999972
2020-02-24,202,203.85001,199.89999,202.2,695259,0,0,0,0,202.2,233.95,695259,1652524.9500000034,11.817856428571401
2020-02-25,204.05,206.45,191,192.85001,978425,0,0,0,0,192.85001,233.95,978425,1657359.1000000034,11.728570714285686
2020-02-26,190.25,199.8,186.25,195.25,1010889,0,0,0,0,195.25,233.95,1010889,1690430.4500000034,11.989285714285687
2020-02-27,195.7,204.8,187.2,201.25,889635,0,0,0,0,201.25,233.95,889635,1715439.0500000033,12.735714999999974
2020-02-28,194,194,182.05,185.89999,1044772,0,0,0,0,185.89999,233.95,1044772,1746383.5500000033,11.846429999999973
2020-03-02,190.2,197.8,166.10001,169.39999,1766962,0,0,0,0,169.39999,233.95,1766962,1795589.3000000033,12.875000714285688
2020-03-03,172,179.39999,168,172.89999,1207120,0,0,0,0,172.89999,233.95,1207120,1797969.1000000034,12.721427857142832
2020-03-04,173.89999,174.7,157.5,167.45,1542210,0,0,0,0,167.45,233.95,1542210,1671450.9000000034,12.64999928571426
2020-03-05,169.7,177.60001,163.25,168.3,1019912,0,0,0,0,168.3,233.95,1019912,1606173.3000000033,13.007143571428546
2020-03-06,156.89999,161.5,154.10001,155.45,1073806,0,0,0,0,155.45,233.95,1073806,1570345.3000000033,13.41785714285712
2020-03-09,146.5,146.5,124.4,124.45,4325207,0,0,1,0,124.45,233.95,4325207,1450720.0500000033,15.096428571428547
2020-03-11,120.3,125.9,101,119.25,6853591,0,0,1,0,119.25,233.95,6853591,1637862.7000000034,16.189284999999977
2020-03-12,109,110.8,107.35,107.35,334708,0,0,0,0,107.35,233.95,334708,1509050.9500000034,16.717856428571405
2020-03-13,96.650002,105,96.650002,98.650002,4120020,0,0,1,0,98.650002,233.95,4120020,1625312.4000000034,16.94642771428569
2020-03-16,90.25,95.150002,88.800003,88.800003,1220796,0,0,0,0,88.800003,233.95,1220796,1622752.9500000034,17.36071264285712
2020-03-17,88.800003,94.699997,81.300003,82.949997,1264493,0,0,0,0,82.949997,233.95,1264493,1630389.5000000033,17.21428364285712
2020-03-18,86.400002,87.050003,78.849998,78.849998,1146343,0,0,0,0,78.849998,233.95,1146343,1645608.9000000034,16.832141142857118
2020-03-19,74.949997,74.949997,74.949997,74.949997,263555,0,0,0,0,74.949997,233.95,263555,1593041.0500000033,15.85356978571426
2020-03-20,74.5,78,71.25,71.949997,1512324,0,0,0,0,71.949997,233.95,1512324,1638247.0500000033,14.964284071428548
2020-03-23,68.400002,68.400002,68.400002,68.400002,39665,0,0,0,0,68.400002,233.95,39665,1615484.6000000034,12.953570142857117
2020-03-24,65,65.599998,65,65,388249,0,0,0,0,65,233.95,388249,1600134.1000000034,12.382142428571402
2020-03-25,61.75,66.849998,61.75,62.799999,683434,0,0,0,0,62.799999,233.95,683434,1585384.5500000033,11.517856571428547
2020-03-26,64,65.900002,63.049999,65.900002,581400,0,0,0,0,65.900002,233.95,581400,1563910.1000000034,10.714284642857118
2020-03-27,69,69,62.650002,63.049999,796345,0,0,0,0,63.049999,233.95,796345,1559245.6000000034,10.153570928571403
2020-03-30,62,65,59.900002,60.299999,1144546,0,0,0,0,60.299999,233.95,1144546,1564234.3000000033,8.299999357142832
2020-03-31,63.299999,63.299999,60.200001,62.049999,635592,0,0,0,0,62.049999,233.95,635592,1507665.8000000033,6.742856357142832
2020-04-01,63,65.150002,60.200001,61.25,643017,0,0,0,0,61.25,233.95,643017,1479460.6500000034,6.246427857142832
2020-04-03,63.900002,64.300003,61.25,64.300003,465068,0,0,0,0,64.300003,233.95,465068,1425603.5500000033,5.699999642857118
2020-04-07,67.5,67.5,62.200001,65.849998,1079973,0,0,0,0,65.849998,233.95,1079973,1428606.6000000034,5.3749996428571185
2020-04-08,65.150002,68.199997,63.700001,64.949997,952268,0,0,0,0,64.949997,233.95,952268,1422529.7000000034,4.739285499999975
2020-04-09,66.5,68.150002,65.199997,68.150002,704629,0,0,0,0,68.150002,233.95,704629,1241500.8000000033,4.382142642857119
2020-04-13,70.900002,71.550003,66.449997,68.050003,1495730,0,0,1,0,68.050003,233.95,1495730,973607.7500000034,4.4678572857142616
2020-04-15,70.400002,71.449997,67,67.650002,1363639,0,0,1,0,67.650002,233.95,1363639,1025054.3000000033,4.303571357142833
2020-04-16,67.650002,69.400002,66.150002,68,1324716,0,0,1,0,68,233.95,1324716,885289.1000000034,4.282143142857119
2020-04-17,69.449997,70.900002,67.099998,67.75,1571920,0,0,1,0,67.75,233.95,1571920,902845.3000000033,4.31071471428569
2020-04-20,69,71.099998,68,70.550003,2023887,0,0,1,0,70.550003,233.95,2023887,940815.0000000034,4.18571471428569
2020-04-21,68.900002,68.900002,67.050003,67.050003,506839,0,0,0,0,67.050003,233.95,506839,908839.8000000033,4.214285928571405
2020-04-22,64.199997,66.5,63.75,65.099998,483166,0,0,0,0,65.099998,233.95,483166,919820.3500000034,3.996429142857118
2020-04-23,66.449997,68.349998,64.650002,68.349998,1612426,0,0,1,0,68.349998,233.95,1612426,924825.4500000033,3.8964289999999755
2020-04-24,68.25,68.25,64.949997,65.050003,560938,0,0,0,0,65.050003,233.95,560938,950889.1000000034,3.9178577857142614
2020-04-27,65.449997,67.849998,65.449997,66,1722433,0,0,1,0,66,233.95,1722433,1017598.3000000033,3.764285928571404
2020-04-28,66.699997,66.699997,65.050003,65.400002,265606,0,0,0,0,65.400002,233.95,265606,996706.9000000034,3.6642852857142603
2020-04-29,65.5,66.5,64.800003,65.199997,962782,0,0,0,0,65.199997,233.95,962782,1015776.0000000034,3.40714228571426
2020-04-30,66.5,66.900002,64.800003,65.150002,910139,0,0,0,0,65.150002,233.95,910139,1021465.7000000033,3.235713928571403
2020-05-04,63.5,63.5,61.900002,61.900002,376705,0,0,0,0,61.900002,233.95,376705,983073.6500000034,3.239284999999974
2020-05-05,61.099998,63.450001,60.099998,60.799999,400570,0,0,0,0,60.799999,233.95,400570,971322.5500000033,3.114284785714259
2020-05-06,62.150002,62.299999,59.549999,59.849998,497016,0,0,0,0,59.849998,233.95,497016,964022.5000000034,2.9928564285714025
2020-05-07,59.849998,61.5,59.549999,60.799999,337808,0,0,0,0,60.799999,233.95,337808,957659.5000000034,2.899999357142831
2020-05-08,61.400002,63.799999,61.25,62.75,490658,0,0,0,0,62.75,233.95,490658,928193.7500000034,2.842856214285688
2020-05-11,63.5,65.099998,60.400002,60.75,591535,0,0,0,0,60.75,233.95,591535,910157.1000000034,2.9392846428571167
2020-05-12,60.650002,61.900002,59.450001,60.900002,314631,0,0,0,0,60.900002,233.95,314631,890657.2000000033,2.864284714285688
2020-05-13,63.75,63.75,60.700001,61.400002,526903,0,0,0,0,61.400002,233.95,526903,842215.8500000034,2.846427285714259
2020-05-14,60.950001,61.400002,59.599998,61.150002,242407,0,0,0,0,61.150002,233.95,242407,786154.2500000034,2.710713571428545
2020-05-15,61.849998,61.849998,60.200001,60.349998,536052,0,0,0,0,60.349998,233.95,536052,746721.0500000033,2.585713285714259
2020-05-18,60.299999,60.700001,57.349998,57.349998,380683,0,0,0,0,57.349998,233.95,380683,687159.2000000033,2.6249995714285452
2020-05-19,57.549999,58.549999,56.25,57.099998,241766,0,0,0,0,57.099998,233.95,241766,598053.1500000034,2.671428499999974
2020-05-20,56.549999,58.799999,56.549999,57.049999,244511,0,0,0,0,57.049999,233.95,244511,584936.7500000034,2.710714428571403
2020-05-21,57.049999,58,55.5,56.150002,1416693,0,0,1,1,56.150002,233.95,1416693,631613.1000000034,2.739285928571403
2020-05-22,57,57.549999,55.25,56.349998,583207,0,0,1,0,56.349998,233.95,583207,580152.1500000034,2.671428714285689
2020-05-26,56.5,57,55,55.5,352824,0,0,0,1,55.5,233.95,352824,569746.4500000033,2.5749999285714034
2020-05-27,55.400002,57.400002,55.099998,55.799999,526960,0,0,1,1,55.799999,233.95,526960,509972.80000000336,2.542857357142832
2020-05-28,56,58.549999,55.799999,58.450001,2134850,0,0,1,1,58.450001,233.95,2134850,603435.0000000034,2.6000001428571173
2020-05-29,58.5,61.349998,57.799999,59.950001,3159077,0,0,1,1,59.950001,233.95,3159077,713249.7500000034,2.6392857857142604
2020-06-01,62.900002,62.900002,61.200001,62.900002,1157474,0,0,1,1,62.900002,233.95,1157474,725616.5000000034,2.5142861428571175
2020-06-02,66,66,66,66,229821,0,0,0,1,66,233.95,229821,718272.3000000033,2.5607144999999747
2020-06-03,69.300003,69.300003,66.800003,69.300003,1218919,0,0,1,1,69.300003,233.95,1218919,759189.7500000034,2.5785719285714035
2020-06-04,71.699997,72.599998,68.550003,71.099998,2625857,0,0,1,1,71.099998,233.95,2625857,865631.8000000033,2.739285571428546
2020-06-05,71.900002,74.650002,69.199997,74.650002,1792609,0,0,1,1,74.650002,233.95,1792609,938371.8500000034,3.0107147142856894
2020-06-08,78.349998,78.349998,77.849998,78.349998,435001,0,0,0,1,78.349998,233.95,435001,935589.0000000034,3.035714214285689
2020-06-09,82.25,82.25,75.150002,80.5,2479435,0,0,1,1,80.5,233.95,2479435,1029984.0000000034,3.3785712857142607
2020-06-10,84,84,77,79.25,1796317,0,0,1,1,79.25,233.95,1796317,1104068.3000000033,3.7178569999999747
2020-06-11,78.5,81.5,75.300003,75.300003,1292545,0,0,1,1,75.300003,233.95,1292545,1142350.4000000034,3.9821424999999744
2020-06-12,71.550003,74.349998,71.550003,73.349998,1743926,0,0,1,1,73.349998,233.95,1743926,1217426.3500000034,4.0857139999999745
2020-06-15,75.550003,77,75.550003,77,1140047,0,0,0,1,77,233.95,1140047,1247626.1000000034,4.20357128571426
2020-06-16,80.849998,80.849998,77.150002,80.849998,1674785,0,0,1,1,80.849998,233.95,1674785,1312331.2000000034,4.314285142857117
2020-06-17,84.349998,84.849998,77.300003,82.349998,7775927,0,0,1,1,82.349998,233.95,7775927,1689039.2500000033,4.657141928571403
2020-06-18,84.300003,84.300003,81.449997,82.449997,3534291,0,0,1,1,82.449997,233.95,3534291,1853528.2500000033,4.607142428571403
2020-06-19,83,83.5,80.199997,80.849998,1379725,0,0,0,1,80.849998,233.95,1379725,1851679.8500000034,4.632142571428546
2020-06-22,81.949997,82.599998,80.400002,81.099998,1062170,0,0,0,1,81.099998,233.95,1062170,1875628.0000000033,4.567856714285689
2020-06-23,81.349998,85.150002,80.599998,85.150002,2228868,0,0,1,1,85.150002,233.95,2228868,1969430.2000000034,4.657142499999975
2020-06-24,89.400002,89.400002,83.400002,84.599998,3082705,0,0,1,1,84.599998,233.95,3082705,2097217.4500000034,4.796428571428547
2020-06-25,82.800003,86.199997,81.400002,84.099998,901977,0,0,0,1,84.099998,233.95,901977,2035573.8000000033,4.74999928571426
2020-06-26,85.449997,87.199997,82.949997,83.25,916073,0,0,0,1,83.25,233.95,916073,1923423.6000000034,4.78928528571426
2020-06-29,83.949997,83.949997,79.300003,80.550003,1044363,0,0,0,1,80.550003,233.95,1044363,1917768.0500000033,4.614284999999974
2020-06-30,81.300003,82.5,78,79.75,831010,0,0,0,1,79.75,233.95,831010,1947827.5000000033,4.435713571428545
2020-07-01,80.050003,82.150002,77.449997,80.099998,986793,0,0,0,1,80.099998,233.95,986793,1936221.2000000034,4.32857128571426
2020-07-02,81,81.800003,80.550003,80.949997,527784,0,0,0,1,80.949997,233.95,527784,1831317.5500000033,4.182143071428547
2020-07-03,81.349998,81.5,79.150002,79.599998,1320401,0,0,0,1,79.599998,233.95,1320401,1807707.1500000034,4.089285642857118
2020-07-06,80.199997,83.550003,79.800003,83.400002,1810442,0,0,0,1,83.400002,233.95,1810442,1876479.2000000034,4.096428999999975
2020-07-07,83.699997,84,81.400002,82.550003,1299785,0,0,0,1,82.550003,233.95,1299785,1817496.7000000034,3.742857785714261
2020-07-08,82.599998,86.650002,82.099998,85.349998,4073321,0,0,1,1,85.349998,233.95,4073321,1931346.9000000034,3.864286214285689
2020-07-09,86,89.599998,85.650002,88.449997,3958509,0,0,1,1,88.449997,233.95,3958509,2064645.1000000034,3.9321431428571176
2020-07-10,88.400002,90.800003,86,87.25,1906154,0,0,0,1,87.25,233.95,1906154,2072756.5000000033,4.117857928571404
2020-07-13,87.800003,89.25,85.550003,85.949997,849402,0,0,0,1,85.949997,233.95,849402,2058224.2500000033,4.057143142857117
2020-07-14,85,85.099998,81.699997,81.800003,1099206,0,0,0,1,81.800003,233.95,1099206,2029445.3000000033,3.9321431428571176
2020-07-15,82.949997,83.849998,78.5,79.349998,1006412,0,0,0,1,79.349998,233.95,1006412,1690969.5500000033,3.9714290714285463
2020-07-16,80.050003,82.849998,78,82.349998,936083,0,0,0,1,82.349998,233.95,936083,1561059.1500000034,4.014286071428546
2020-07-17,82.900002,84.5,82.199997,82.400002,610089,0,0,0,1,82.400002,233.95,610089,1522577.3500000034,3.8464295714285472
2020-07-20,82.800003,83.849998,81.699997,82.599998,693126,0,0,0,1,82.599998,233.95,693126,1504125.1500000034,3.678572499999976
2020-07-21,82.800003,83.949997,80.800003,81.349998,560335,0,0,0,1,81.349998,233.95,560335,1420698.5000000033,3.5678574285714038
2020-07-22,82.550003,82.550003,80.800003,81.550003,420214,0,0,0,1,81.550003,233.95,420214,1287573.9500000034,3.571428499999975
2020-07-23,81.900002,83.900002,81.050003,81.900002,590770,0,0,0,1,81.900002,233.95,590770,1272013.6000000034,3.607142857142832
2020-07-24,81.5,81.599998,79.900002,80.75,780126,0,0,0,1,80.75,233.95,780126,1265216.2500000033,3.46785678571426
2020-07-27,81.099998,81.599998,79.800003,80.25,609322,0,0,0,1,80.25,233.95,609322,1243464.2000000034,3.4107137142856883
2020-07-28,80.349998,84.25,79.550003,82.900002,1311724,0,0,1,1,82.900002,233.95,1311724,1267499.9000000034,3.421427499999974
2020-07-29,84.699997,84.699997,82.650002,83.25,1352664,0,0,1,1,83.25,233.95,1352664,1285793.4500000034,3.264284285714259
2020-07-30,83.25,85.800003,83,84.150002,1121376,0,0,0,1,84.150002,233.95,1121376,1315473.0500000033,3.121427142857116
2020-07-31,84.150002,88.349998,83,87.800003,2440921,0,0,1,1,87.800003,233.95,2440921,1371499.0500000033,3.239284357142831
2020-08-03,87.949997,92.150002,85.699997,92.150002,1523633,0,0,1,1,92.150002,233.95,1523633,1357158.6000000034,3.3964275714285455
2020-08-04,96.75,96.75,95.550003,96.75,358245,0,0,0,1,96.75,233.95,358245,1310081.6000000034,3.3428561428571166
2020-08-05,101.55,101.55,94.849998,100.45,6158772,0,0,1,1,100.45,233.95,6158772,1414354.1500000034,3.4749992857142593
2020-08-06,99.650002,101.45,97.449997,100.6,2350647,0,0,1,1,100.6,233.95,2350647,1333961.0500000033,3.596427857142831
2020-08-07,101.75,104.4,98.800003,103.1,3061465,0,0,1,1,103.1,233.95,3061465,1391726.6000000034,3.8428561428571166
2020-08-10,103.65,106,102.65,103.65,1098553,0,0,0,1,103.65,233.95,1098553,1404184.1500000034,3.85714228571426
2020-08-11,103.7,108.8,103.7,108.8,1460545,0,0,1,1,108.8,233.95,1460545,1422251.1000000034,4.099999428571402
2020-08-12,109.9,114.2,106.7,112.1,2923095,0,0,1,1,112.1,233.95,2923095,1518085.2500000033,4.432142357142831
2020-08-13,113.5,114.9,110.4,111.1,1047834,0,0,0,1,111.1,233.95,1047834,1523672.8000000033,4.6107137857142595
2020-08-14,112,113.75,105.55,106.3,1503023,0,0,0,1,106.3,233.95,1503023,1568319.5000000033,5.067856999999974
2020-08-17,108,110,106.15,109.35,727919,0,0,0,1,109.35,233.95,727919,1570059.1500000034,5.007142928571403
2020-08-18,110.4,114.8,109,114.8,1112065,0,0,0,1,114.8,233.95,1112065,1597645.6500000034,5.275000428571403
2020-08-19,115.8,120.5,114.3,115.65,2023688,0,0,1,1,115.65,233.95,2023688,1677819.3500000034,5.517857357142831
2020-08-20,114,117.8,113.05,115.95,642847,0,0,0,1,115.95,233.95,642847,1680423.2000000034,5.475000357142831
2020-08-21,117.75,118.2,115.5,115.9,462164,0,0,0,1,115.9,233.95,462164,1664525.1000000034,5.2071428571428315
2020-08-24,116.2,118.75,115.75,117.5,536346,0,0,0,1,117.5,233.95,536346,1660876.3000000033,5.09285728571426
2020-08-25,118.75,118.85,112.5,114,1120833,0,0,0,1,114,233.95,1120833,1651331.7500000033,5.067857142857116
2020-08-26,115.5,117.95,114.15,114.95,911050,0,0,0,1,114.95,233.95,911050,1629251.0500000033,5.064285499999974
2020-08-27,115.75,117.35,112.7,115.5,1084067,0,0,0,1,115.5,233.95,1084067,1627385.6000000034,4.996428571428544
2020-08-28,116.05,116.9,113,113.2,671742,0,0,0,1,113.2,233.95,671742,1538926.6500000034,5.035714285714259
2020-08-31,114.05,115.25,107.55,107.55,912472,0,0,0,1,107.55,233.95,912472,1508368.6000000034,5.217857142857118
2020-09-01,104.05,110.3,103,108.1,726789,0,0,0,1,108.1,233.95,726789,1526795.8000000033,5.2035714285714025
2020-09-02,108.1,110.5,107,109.15,293290,0,0,0,1,109.15,233.95,293290,1233521.7000000034,5.132142857142831
2020-09-03,109.55,112.1,108.95,111,348876,0,0,0,1,111,233.95,348876,1133433.1500000034,4.771428571428545
2020-09-04,105.45,109.4,105.45,105.8,467814,0,0,0,1,105.8,233.95,467814,1003750.6000000034,4.892857142857117
2020-09-07,106.85,110,106,106.35,301184,0,0,0,1,106.35,233.95,301184,963882.1500000034,4.778571428571403
2020-09-08,106,106.75,101.05,101.25,518633,0,0,0,1,101.25,233.95,518633,916786.5500000033,4.742857142857117
2020-09-09,98.550003,99.599998,96.199997,96.199997,676638,0,0,0,1,96.199997,233.95,676638,804463.7000000033,4.764285928571403
2020-09-10,96.900002,100.45,96.900002,98.400002,652525,0,0,0,1,98.400002,233.95,652525,784698.2500000034,4.875000428571403
2020-09-11,99.449997,99.900002,97.5,98.050003,416158,0,0,0,1,98.050003,233.95,416158,730355.0000000034,4.8321434285714036
2020-09-14,100.1,102.95,99.300003,102.95,678971,0,0,0,1,102.95,233.95,678971,727907.6000000034,4.72857178571426
2020-09-15,108.05,108.05,103.7,108.05,1035224,0,0,1,1,108.05,233.95,1035224,724065.5500000033,4.810714642857117
2020-09-16,109,110.8,105.8,108.55,757960,0,0,1,1,108.55,233.95,757960,660779.1500000034,4.835714642857118
2020-09-17,109.6,112.15,107,110.85,820388,0,0,1,1,110.85,233.95,820388,669656.2000000033,4.9250003571428325
2020-09-18,112.75,116.35,111.25,114.95,1465268,0,0,1,1,114.95,233.95,1465268,719811.4000000034,4.767857499999975
2020-09-21,115.4,115.4,109.25,109.25,583919,0,0,0,1,109.25,233.95,583919,722190.0500000033,4.685714642857119
2020-09-22,107.15,108,103.8,103.9,878867,0,0,1,0,103.9,233.95,878867,710091.7500000034,4.825000357142833
2020-09-23,105,106.8,99.300003,102.3,711649,0,0,1,0,102.3,233.95,711649,700121.7000000033,5.135714428571404
2020-09-24,97.699997,102.4,97.650002,98,494978,0,0,0,0,98,233.95,494978,670667.2500000034,5.078571428571405
2020-09-25,100.05,102.9,98.5,102.35,1057288,0,0,1,0,102.35,233.95,1057288,689944.5500000033,5.128571428571405
2020-09-28,105,107.45,105,107.15,2426709,0,0,1,1,107.15,233.95,2426709,765656.4000000034,5.085714285714262
2020-09-29,110,111,107.3,108.3,1596466,0,0,1,1,108.3,233.95,1596466,809140.2500000034,4.9999997857142615
2020-09-30,113.7,113.7,111.55,113.7,1730570,0,0,1,1,113.7,233.95,1730570,881004.2500000034,5.082142428571404
2020-10-01,115,116.3,111.2,111.8,820544,0,0,0,1,111.8,233.95,820544,904587.6500000034,5.274999428571404
2020-10-05,113,117.35,109.5,117.35,1219067,0,0,1,1,117.35,233.95,1219067,942150.3000000033,5.485713928571404
2020-10-06,118.95,123.2,117.3,119.35,2504732,0,0,1,1,119.35,233.95,2504732,1052327.7000000034,5.542856785714262
2020-10-07,119.7,120.5,114,114.85,1037880,0,0,0,1,114.85,233.95,1037880,1078290.0500000033,5.649999642857119
2020-10-08,118,118.7,113.3,114.9,1127646,0,0,1,1,114.9,233.95,1127646,1100840.4500000034,5.667856785714262
2020-10-09,114.65,117.8,113.5,113.95,388042,0,0,0,1,113.95,233.95,388042,1087616.3000000033,5.582142499999976
2020-10-12,115,115.7,106,106.8,741179,0,0,0,1,106.8,233.95,741179,1103867.3500000034,5.835713928571404
2020-10-13,106.9,109.85,105.15,107.25,694580,0,0,0,1,107.25,233.95,694580,1104647.8000000033,5.782142499999975
2020-10-14,107,114.4,105.3,113.15,1080105,0,0,0,1,113.15,233.95,1080105,1106891.8500000034,5.896428428571404
2020-10-15,113,113.65,107.5,107.95,600697,0,0,0,1,107.95,233.95,600697,1099028.7000000034,5.996428571428547
2020-10-16,109,116.45,109,115.15,2212301,0,0,1,1,115.15,233.95,2212301,1168624.3500000034,6.253571428571404
2020-10-19,115.8,117.7,114.3,115.45,1668495,0,0,1,1,115.45,233.95,1668495,1178785.7000000034,6.132142857142832
2020-10-20,114.75,115.45,111.5,112.95,476591,0,0,0,1,112.95,233.95,476591,1173419.3000000033,6.13928571428569
2020-10-21,113.9,113.9,109.55,111.1,480985,0,0,0,1,111.1,233.95,480985,1153525.2000000034,6.06428571428569
2020-10-22,109.1,117.75,109.1,116.4,3834813,0,0,1,1,116.4,233.95,3834813,1309683.4000000034,6.31785714285712
2020-10-23,117.55,119.7,115.5,117.55,1005832,0,0,0,1,117.55,233.95,1005832,1335226.1000000034,6.057142857142835
2020-10-26,118.25,118.25,113.65,115.05,381866,0,0,0,1,115.05,233.95,381866,1301455.0000000033,5.964285714285691
2020-10-27,114,116.3,112,114.75,418157,0,0,0,1,114.75,233.95,418157,1201027.4000000034,5.807142857142834
2020-10-28,114.75,116.5,112.8,113.65,590391,0,0,0,1,113.65,233.95,590391,1150723.6500000034,5.685714285714262
2020-10-29,112.55,114.9,111.25,114.05,466108,0,0,0,1,114.05,233.95,466108,1087500.5500000033,5.639285714285691
2020-10-30,114.2,114.3,105.15,107.45,2499110,0,0,1,1,107.45,233.95,2499110,1171428.8500000034,5.599999999999976
2020-11-02,107.95,108.6,99.5,101.5,2091712,0,0,1,1,101.5,233.95,2091712,1215061.1000000034,5.914285714285691
2020-11-03,102.7,104.35,100.1,101.3,877063,0,0,0,1,101.3,233.95,877063,1133677.6500000034,5.567857142857119
2020-11-04,102,102.8,99,99.949997,1066846,0,0,0,1,99.949997,233.95,1066846,1135125.9500000034,5.3999999999999755
2020-11-05,102.4,103.6,100,100.9,747329,0,0,0,1,100.9,233.95,747329,1116110.1000000034,5.053571642857118
2020-11-06,101.75,103.8,99.050003,100.55,989134,0,0,0,1,100.55,233.95,989134,1146164.7000000034,5.149999999999975
2020-11-09,101.5,104.3,101.05,103.4,747337,0,0,0,1,103.4,233.95,747337,1146472.6000000034,5.1357142857142595
2020-11-10,104.5,105.4,101.15,101.8,662663,0,0,0,1,101.8,233.95,662663,1144876.7500000033,5.128571428571402
2020-11-11,102.55,103,100.5,101.85,653453,0,0,0,1,101.85,233.95,653453,1123544.1500000034,4.689285714285687
2020-11-12,101.9,103.2,101,102,594231,0,0,0,1,102,233.95,594231,1123220.8500000034,4.546428571428544
2020-11-13,102,103.9,100,101.45,1197144,0,0,1,1,101.45,233.95,1197144,1072463.0000000033,4.496428571428545
2020-11-14,102,102.8,101.6,102.15,128922,0,0,0,1,102.15,233.95,128922,995484.3500000034,4.285714285714259
2020-11-17,102.2,110.85,101.5,107,2480276,0,0,1,1,107,233.95,2480276,1095668.6000000034,4.689285714285687
2020-11-18,107,110.9,106.75,109.45,2004444,0,0,1,1,109.45,233.95,2004444,1171841.5500000033,4.724999999999973
2020-11-19,109,112,105.7,107.9,1102268,0,0,1,1,107.9,233.95,1102268,1035214.3000000033,4.521428571428545
2020-11-20,108.75,114,108.2,112.7,2950348,0,0,1,1,112.7,233.95,2950348,1132440.1000000034,4.30714285714283
2020-11-23,113.8,113.8,111.1,111.6,1840552,0,0,1,1,111.6,233.95,1840552,1205374.4000000034,4.196428571428545
2020-11-24,111.95,113.6,111,111.4,2382269,0,0,1,1,111.4,233.95,2382269,1303580.0000000033,4.110714285714259
2020-11-25,112.25,116,111.3,115.2,3936048,0,0,1,1,115.2,233.95,3936048,1470862.8500000034,4.185714071428545
2020-11-26,116.05,118,114.05,115.65,1452319,0,0,0,1,115.65,233.95,1452319,1520173.4000000034,4.128571428571403
2020-11-27,116,120,114.95,118.1,2300417,0,0,1,1,118.1,233.95,2300417,1510238.7500000033,4.221428571428546
2020-12-01,118.2,127.35,116.55,125.65,3557627,0,0,1,1,125.65,233.95,3557627,1583534.5000000033,4.689285714285688
2020-12-02,126.6,128,122.8,126.3,2033387,0,0,1,1,126.3,233.95,2033387,1641350.7000000034,4.882142857142831
2020-12-03,127.3,131.39999,125.75,128.89999,2386598,0,0,1,1,128.89999,233.95,2386598,1707338.3000000033,5.128570714285688
2020-12-04,129.10001,129.8,124,126.65,1511807,0,0,0,1,126.65,233.95,1511807,1745562.2000000034,5.264284999999974
2020-12-07,126.65,131.7,126.55,128.95,1488386,0,0,0,1,128.95,233.95,1488386,1770524.8000000033,5.535713571428546
2020-12-08,130,130.14999,122.7,126.3,1100543,0,0,0,1,126.3,233.95,1100543,1788185.1000000034,5.399998571428546
2020-12-09,126.3,133.64999,125,126.1,1937305,0,0,1,1,126.1,233.95,1937305,1851917.2000000034,5.721426428571403
2020-12-10,125.6,132.89999,123.15,131.89999,1913324,0,0,0,1,131.89999,233.95,1913324,1914910.7500000033,5.96785428571426
2020-12-11,132.95,136.8,129.64999,134.75,2161917,0,0,1,1,134.75,233.95,2161917,1993295.0500000033,6.042854999999975
2020-12-14,134.75,136,129.5,129.8,1469570,0,0,0,1,129.8,233.95,1469570,2006916.3500000034,6.314283571428547
2020-12-15,130,138.3,130,137.10001,6490349,0,0,1,1,137.10001,233.95,6490349,2324987.7000000034,6.7357121428571185
2020-12-16,140,141.3,136.45,137.10001,3296637,0,0,1,1,137.10001,233.95,3296637,2365805.7500000033,6.7464264285714055
2020-12-17,137.60001,139,134,135.3,1238276,0,0,0,1,135.3,233.95,1238276,2327497.3500000034,6.821426428571406
2020-12-18,135.75,136.10001,129.8,131.35001,1165711,0,0,0,1,131.35001,233.95,1165711,2330669.5000000033,6.910712857142833
2020-12-21,131.5,131.5,114.45,118.75,1722513,0,0,0,1,118.75,233.95,1722513,2269277.7500000033,7.3571414285714045
2020-12-22,119,126.5,110.95,125.35,1829922,0,0,0,1,125.35,233.95,1829922,2268746.2500000033,8.096427142857118
2020-12-23,126.4,127.6,122.75,126.4,979815,0,0,0,1,126.4,233.95,979815,2198623.5500000035,8.039284999999975
2020-12-24,127.5,129.5,123.8,124.9,892308,0,0,0,1,124.9,233.95,892308,2046436.5500000033,8.032142142857117
2020-12-28,130,134.64999,130,132.2,1662966,0,0,0,1,132.2,233.95,1662966,2056968.9000000034,8.360712857142833
2020-12-29,134.89999,134.89999,130,130.7,778461,0,0,0,1,130.7,233.95,778461,1980871.1000000034,8.178569999999976
2020-12-30,131.2,136.8,127.35,135.2,1816958,0,0,0,1,135.2,233.95,1816958,1893837.6500000034,8.235713571428548
2020-12-31,136.45,136.85001,132.5,133.10001,962929,0,0,0,1,133.10001,233.95,962929,1840314.7500000033,7.850000714285691
2021-01-01,132.5,133.89999,131.05,131.5,590916,0,0,0,1,131.5,233.95,590916,1750530.6500000034,7.542856428571404
2021-01-04,132.60001,135.89999,131.64999,134.95,1038024,0,0,0,1,134.95,233.95,1038024,1726841.5000000033,7.392855714285689
2021-01-05,132.3,135,126.5,133.39999,998315,0,0,0,1,133.39999,233.95,998315,1702337.9500000034,7.392855714285689
2021-01-06,134,135,130.14999,133.05,791180,0,0,0,1,133.05,233.95,791180,1686869.8000000033,7.392856428571402
2021-01-07,133.2,144,133.2,142.05,4790771,0,0,1,1,142.05,233.95,4790771,1829543.1000000034,7.817856428571401
2021-01-08,143.45,145.5,140,142.89999,1773732,0,0,0,1,142.89999,233.95,1773732,1822563.5000000033,7.76071285714283
2021-01-11,143.8,144.14999,135.8,139.5,979812,0,0,0,1,139.5,233.95,979812,1763458.2500000033,7.139283571428544
2021-01-12,139.5,142.5,136.95,140.5,1002612,0,0,0,1,140.5,233.95,1002612,1740110.3500000034,6.424997857142832
2021-01-13,140,144.75,138.64999,141.95,1304206,0,0,0,1,141.95,233.95,1304206,1480803.2000000034,6.51428428571426
2021-01-14,141,141.89999,137.5,138.5,722402,0,0,0,1,138.5,233.95,722402,1352091.4500000034,6.424998571428545
2021-01-15,137.3,139.3,135.7,136.95,545355,0,0,0,1,136.95,233.95,545355,1317445.4000000034,5.985713571428547
2021-01-18,135,136.5,127.9,129.60001,1282458,0,0,0,1,129.60001,233.95,1282458,1323282.7500000033,6.282142857142831
2021-01-19,129.7,132.95,129.7,131.95,739964,0,0,0,1,131.95,233.95,739964,1274155.3000000033,5.846427857142829
2021-01-20,133.7,133.7,130.8,132.05,538073,0,0,0,1,132.05,233.95,538073,1209562.8500000034,5.742855714285684
2021-01-21,134.5,135.7,131.10001,133.8,922715,0,0,0,1,133.8,233.95,922715,1206707.8500000034,5.867855714285684
2021-01-22,133.8,133.8,126.55,128.64999,1456348,0,0,1,1,128.64999,233.95,1456348,1234909.8500000034,6.071427857142829
2021-01-25,129.85001,131.25,123.05,124.05,738459,0,0,0,1,124.05,233.95,738459,1188684.5000000033,6.049999285714257
2021-01-27,124,128.64999,121,126.8,862452,0,0,0,1,126.8,233.95,862452,1192884.0500000033,6.249997857142829
2021-01-28,126.2,128.25,119.65,123.05,1816975,0,0,1,1,123.05,233.95,1816975,1192884.9000000034,6.0821407142856865
2021-01-29,124.4,125.2,119.5,120.05,855374,0,0,0,0,120.05,233.95,855374,1187507.1500000034,6.096426428571401
2021-02-01,120.1,125.6,117.6,122.75,1086253,0,0,0,1,122.75,233.95,1086253,1212274.0000000033,6.071427142857116
2021-02-02,125,125.6,122.25,122.9,672913,0,0,0,1,122.9,233.95,672913,1194018.4500000034,5.914284285714258
2021-02-03,124.5,127.35,122,124.7,1115541,0,0,0,1,124.7,233.95,1115541,1199879.7500000033,5.860712142857115
2021-02-04,126.5,126.9,124.25,125.45,611133,0,0,0,1,125.45,233.95,611133,1190877.4000000034,5.732140714285687
2021-02-05,129,129.5,125.05,126.15,1080971,0,0,1,1,126.15,233.95,1080971,1005387.4000000034,5.792854999999972
2021-02-08,127.15,127.55,125.4,125.9,420562,0,0,0,1,125.9,233.95,420562,937728.9000000034,5.299997857142829
2021-02-09,126.5,126.75,123.65,124.1,571334,0,0,0,1,124.1,233.95,571334,917305.0000000034,5.282141428571401
2021-02-10,123.05,124.7,122.2,123.6,368323,0,0,0,1,123.6,233.95,368323,885590.5500000033,5.253569999999974
2021-02-11,123,126.5,123,125.8,430162,0,0,0,1,125.8,233.95,430162,841888.3500000034,5.17499928571426
2021-02-12,125,125.7,121.55,122.35,557740,0,0,0,1,122.35,233.95,557740,833655.2500000034,4.960713571428545
2021-02-15,123,126.65,122.4,123.45,621358,0,0,0,1,123.45,233.95,621358,837455.4000000034,4.682142142857117
2021-02-16,124.9,126.25,123.95,125.45,426459,0,0,0,1,125.45,217.45,426459,794655.4500000033,4.33571428571426
2021-02-17,125.95,125.95,123.1,124.15,429422,0,0,0,1,124.15,214.89999,429422,779128.3500000034,3.924999999999975
2021-02-18,125.4,128.05,124,126.65,982866,0,0,1,1,126.65,214,982866,801368.0000000034,3.8071428571428325
2021-02-19,126.65,128.60001,124.6,125.15,1241397,0,0,1,1,125.15,210.95,1241397,817302.1000000034,3.5214292857142615
2021-02-22,125.8,126.3,121.05,121.55,540930,0,0,0,1,121.55,210.95,540930,771531.2000000033,3.6571435714285476
2021-02-23,123.1,123.95,119.65,121.25,600001,0,0,0,1,121.25,210.95,600001,764608.3000000033,3.582143571428548
2021-02-24,122.45,125.6,122.2,123.65,391909,0,0,0,1,123.65,210,391909,741081.1500000034,3.7035721428571184
2021-02-25,126.4,132.5,125.2,131.55,2457305,0,0,1,1,131.55,206.45,2457305,773097.6500000034,4.017857857142832
2021-02-26,129,134,125.5,130.25,2153179,0,0,1,1,130.25,206.45,2153179,837987.9000000034,4.471429285714261
2021-03-01,131.60001,134,129.60001,132.05,1668905,0,0,1,1,132.05,204.8,1668905,867120.5000000034,4.56428571428569
2021-03-02,133.05,135.75,131.45,133.45,1121838,0,0,1,1,133.45,204.8,1121838,889566.7500000034,4.69285714285712
2021-03-03,134.45,135.89999,132.14999,133,963478,0,0,1,1,133,197.8,963478,881963.6000000034,4.710714285714262
2021-03-04,131,143,130.55,136.89999,2893300,0,0,1,1,136.89999,197.8,2893300,996071.9500000033,5.296428571428548
2021-03-05,138,140.64999,130.75,132.14999,1530807,0,0,1,1,132.14999,179.39999,1530807,1018563.7500000034,5.696427857142832
2021-03-08,134.2,139.95,134,136.95,1652095,0,0,1,1,136.95,177.60001,1652095,1080140.4000000034,6.053571428571403
2021-03-09,137.64999,139.89999,131.64999,133.45,874009,0,0,0,1,133.45,177.60001,874009,1095274.1500000034,6.439285714285688
2021-03-10,133.8,135.7,130.5,133.8,705456,0,0,0,1,133.8,161.5,705456,1112130.8000000033,6.521428571428544
2021-03-12,137.5,137.89999,131.05,132.14999,1112799,0,0,0,1,132.14999,146.5,1112799,1146262.6500000034,6.724998571428543
2021-03-15,133.14999,133.25,127.65,130.3,720351,0,0,0,1,130.3,145.5,720351,1154393.2000000034,6.749998571428542
2021-03-16,131.39999,133,127.5,129.95,1458593,0,0,1,1,129.95,145.5,1458593,1196254.9500000034,6.835712857142829
2021-03-17,130.64999,132.25,128,129.45,1016936,0,0,0,1,129.45,145.5,1016936,1225778.8000000033,6.828569999999972
2021-03-18,129.5,136.25,129.25,133.60001,2766138,0,0,1,0,133.60001,145.5,2766138,1342614.6000000034,6.696427142857115
2021-03-19,134,137.3,129,135.10001,1547522,0,0,1,1,135.10001,145.5,1547522,1370847.4000000034,6.682141428571401
2021-03-22,134.89999,137,134.3,135.55,807698,0,0,0,1,135.55,145.5,807698,1349162.4500000034,6.560713571428543
2021-03-23,136,137.5,134.8,135.2,1021864,0,0,0,1,135.2,145.5,1021864,1373209.1500000034,6.446427857142828
2021-03-24,134.10001,135.39999,130.55,131.7,780592,0,0,0,0,131.7,145.5,780592,1382238.7000000034,6.524998571428541
2021-03-25,131.7,135,128.8,130.25,991590,0,0,0,0,130.25,145.5,991590,1412222.7500000033,6.07856999999997
2021-03-26,134.85001,135.7,132.5,134.85001,919793,0,0,0,0,134.85001,145.5,919793,1335347.1500000034,5.76071357142854
2021-03-30,135.55,136.3,131.39999,134.2,564959,0,0,0,1,134.2,145.5,564959,1255936.1500000034,5.5535707142856845
2021-03-31,134.5,142.89999,134.2,138.35001,2355698,0,0,1,1,138.35001,145.5,2355698,1290275.8000000033,5.585712857142829
2021-04-01,140.7,148.8,140.55,147.3,4195656,1,1,1,1,147.3,145.5,4195656,1443966.7000000034,5.960712142857116
2021-04-05,148.5,148.55,136.7,138.60001,2256377,0,0,1,0,138.60001,148.8,2256377,1508611.6500000034,6.31785571428569
2021-04-06,139,144.39999,137.14999,143.14999,1746397,0,0,1,1,143.14999,148.8,1746397,1451266.5000000033,6.435712857142833
2021-04-07,142.3,150.60001,142.3,149.5,2332455,1,1,1,1,149.5,148.8,2332455,1491348.9000000034,6.635713571428546
2021-04-08,150.95,164.95,150,154.10001,4892456,1,1,1,1,154.10001,150.60001,4892456,1653366.9500000034,7.435713571428545
2021-04-09,154,157,152,155.45,1800495,0,0,1,1,155.45,164.95,1800495,1699691.2500000033,7.292856428571403
2021-04-12,155,155.3,146.8,148,4057138,0,0,1,0,148,164.95,4057138,1867275.3500000034,7.3178564285714005
2021-04-13,150.05,152.55,147.60001,148.85001,1048505,0,0,0,0,148.85001,164.95,1048505,1864060.6500000034,7.478569999999974
2021-04-15,148.55,151.95,142.7,145.25,1388106,0,0,0,0,145.25,164.95,1388106,1897448.4000000034,7.946427142857117
2021-04-16,145.95,146.89999,141.14999,142.05,1078935,0,0,0,0,142.05,164.95,1078935,1878465.5000000033,8.010713571428546
2021-04-19,139.55,139.75,133.5,137.8,919594,0,0,0,0,137.8,164.95,919594,1873598.4000000034,8.17857071428569
2021-04-20,139,142.89999,135.89999,137.35001,800823,0,0,0,0,137.35001,164.95,800823,1775332.6500000034,8.289284999999976
2021-04-22,136.95,140,135.10001,138.25,802050,0,0,0,0,138.25,164.95,802050,1738059.0500000033,8.289283571428548
2021-04-23,136.3,140.5,136.25,138.25,747653,0,0,0,0,138.25,164.95,747653,1735056.8000000033,7.971427142857118
2021-04-26,140,145.3,138.5,144.2,963680,0,0,0,0,144.2,164.95,963680,1732147.6000000034,7.72857071428569
2021-04-27,145.8,154.5,144.3,152.14999,2409991,0,0,1,0,152.14999,164.95,2409991,1813617.5500000033,7.617856428571403
2021-04-28,154,157.85001,147.60001,147.95,2701595,0,0,1,1,147.95,164.95,2701595,1899117.8000000033,7.832142142857117
2021-04-29,149.5,150.85001,144.55,145.75,1035350,0,0,0,1,145.75,164.95,1035350,1904895.6500000034,7.689284999999975
2021-04-30,144.55,148,142,142.89999,915960,0,0,0,0,142.89999,164.95,915960,1922445.7000000034,7.014284999999975
2021-05-03,143.39999,147,142.7,144.89999,1294507,0,0,0,1,144.89999,164.95,1294507,1869386.1500000034,6.964284999999976
2021-05-04,146.89999,146.95,138.25,139.25,2344383,0,0,1,0,139.25,164.95,2344383,1776822.5000000033,6.967856428571406
2021-05-05,140.45,143.64999,139.10001,140.45,1108731,0,0,0,1,140.45,164.95,1108731,1719440.2000000034,6.939284285714263
2021-05-06,141.89999,145.39999,141,142.95,1817315,0,0,1,1,142.95,164.95,1817315,1722986.1000000034,6.632140714285692
2021-05-07,145,146.95,141.64999,144.3,2118694,0,0,1,1,144.3,164.95,2118694,1712298.0500000033,6.599998571428548
2021-05-10,146.89999,150.75,146.5,147.89999,1838820,0,0,1,1,147.89999,164.95,1838820,1559616.2500000033,6.449998571428546
2021-05-11,146.7,149.2,145.25,146.64999,786340,0,0,0,1,146.64999,164.95,786340,1508908.5000000033,6.232141428571403
2021-05-12,145.25,147.5,143.60001,144.89999,792563,0,0,0,1,144.89999,164.95,792563,1345679.7500000033,6.160712857142832
2021-05-14,145.7,148.45,141.55,143.5,1224467,0,0,0,1,143.5,164.95,1224467,1354477.8500000034,6.349998571428544
2021-05-17,144,144.85001,142.14999,142.45,736799,0,0,0,1,142.45,164.95,736799,1321912.5000000033,6.039285714285685
2021-05-18,143,144.85001,141.5,142.10001,610693,0,0,0,1,142.10001,164.95,610693,1298500.4000000034,5.5428578571428275
2021-05-19,142,146,142,143.3,1070033,0,0,0,1,143.3,164.95,1070033,1306022.3500000034,5.096429285714256
2021-05-20,144.75,145.7,141,141.95,872205,0,0,0,1,141.95,164.95,872205,1309591.4500000034,4.9821428571428275
2021-05-21,142.55,149.2,142.55,146.60001,2830668,0,0,1,1,146.60001,164.95,2830668,1411022.3500000034,5.071428571428542
2021-05-24,149,152.2,147.3,148.25,2837733,0,0,1,1,148.25,164.95,2837733,1515526.3500000034,5.164284999999969
2021-05-25,150,150.64999,144.2,144.75,1121680,0,0,0,1,144.75,164.95,1121680,1523426.3500000034,5.0035699999999705
2021-05-26,144.2,147.35001,144.2,145.55,1352413,0,0,0,1,145.55,164.95,1352413,1470547.4500000034,4.903572142857114
2021-05-27,144.8,150.8,143.5,148.8,2655908,0,0,1,1,148.8,164.95,2655908,1468263.1000000034,5.071429999999971
2021-05-28,149.89999,154.8,148.10001,148.7,3793830,0,0,1,1,148.7,164.95,3793830,1606187.1000000034,5.171428571428544
2021-05-31,150.2,153.60001,148,152.35001,2559746,0,0,1,1,152.35001,164.95,2559746,1688376.4000000034,5.110714999999973
2021-06-01,153,153.7,146,146.95,1570721,0,0,0,1,146.95,164.95,1570721,1702187.1000000034,5.3785721428571165
2021-06-02,145.89999,151.60001,145.10001,150.35001,2185631,0,0,1,1,150.35001,164.95,2185631,1694249.5000000033,5.564287142857117
2021-06-03,150.60001,152.75,148.5,148.89999,1001591,0,0,0,1,148.89999,164.95,1001591,1688892.5000000033,5.375001428571403
2021-06-04,150.3,150.3,147.45,147.75,936734,0,0,0,1,147.75,164.95,936734,1644863.4500000034,5.385714285714263
2021-06-07,153.7,158.89999,151.35001,155.85001,6425009,0,0,1,1,155.85001,164.95,6425009,1860179.2000000034,5.942855714285692
2021-06-08,156.05,158,152.7,155.10001,1760057,0,0,0,1,155.10001,164.95,1760057,1856241.0500000033,6.035712857142835
2021-06-09,165,165.89999,154,156.35001,7061407,0,0,1,1,156.35001,164.95,7061407,2169994.400000003,6.549997857142836
2021-06-10,158.25,160.89999,154.10001,156.35001,2602587,0,0,1,1,156.35001,165.89999,2602587,2260495.6000000034,6.517853571428551
2021-06-11,156.35001,157.39999,153.35001,153.85001,1354226,0,0,0,1,153.85001,165.89999,1354226,2266983.5500000035,6.407138571428552
2021-06-14,153.5,153.5,148.14999,149.60001,1950106,0,0,0,1,149.60001,165.89999,1950106,2327648.900000003,6.353569285714265
2021-06-15,150.39999,156.75,150.39999,154.25,2700181,0,0,1,1,154.25,165.89999,2700181,2432123.3000000035,6.639282142857121
2021-06-16,155,156.75,151.45,151.7,1301316,0,0,0,1,151.7,165.89999,1301316,2443687.4500000034,6.496424999999979
2021-06-17,150.95,153,144.60001,146.75,1947884,0,0,0,1,146.75,165.89999,1947884,2497471.400000003,6.617853571428549
2021-06-18,147.10001,149.25,142.2,144.55,1556038,0,0,0,1,144.55,165.89999,1556038,2433739.900000003,6.7214242857142645
2021-06-21,141.89999,147.85001,141,144.05,1877481,0,0,0,1,144.05,165.89999,1877481,2385727.3000000035,6.660710714285694
2021-06-22,146,151.75,145.75,150.10001,2157958,0,0,0,1,150.10001,165.89999,2157958,2437541.2000000034,6.746424999999979
2021-06-23,151.60001,151.85001,147.14999,148,966174,0,0,0,1,148,165.89999,966174,2418229.2500000033,6.778569285714264
2021-06-24,149.35001,151,146.3,147.7,1076545,0,0,0,1,147.7,165.89999,1076545,2339261.1000000034,6.910712142857119
2021-06-25,148.5,150.45,145.60001,146,1080070,0,0,0,1,146,165.89999,1080070,2203573.1000000034,6.460712142857118
2021-06-28,147.25,148,139.2,141.8,2427353,0,0,1,1,141.8,165.89999,2427353,2196953.4500000034,6.710712142857118
2021-06-29,145,148.7,142.10001,144,3979506,0,0,1,1,144,165.89999,3979506,2317392.7000000034,6.353569999999974
2021-06-30,145.85001,147.89999,141.55,143.10001,1761812,0,0,0,1,143.10001,165.89999,1761812,2296201.7500000033,6.3214278571428295
2021-07-01,143.5,144.10001,141.64999,143.3,833639,0,0,0,1,143.3,165.89999,833639,2287804.150000003,6.207144999999971
2021-07-02,143.89999,144.39999,139.7,139.95,2159750,0,0,0,1,139.95,165.89999,2159750,2348954.9500000034,6.135714285714259
2021-07-05,141,141.75,139,139.39999,1721175,0,0,0,1,139.39999,165.89999,1721175,2113763.2500000033,5.821429285714259
2021-07-06,140,141.75,138.75,139.25,1164012,0,0,0,1,139.25,165.89999,1164012,2083961.0000000033,5.657143571428543
2021-07-07,139.8,140.75,137.10001,137.7,1088112,0,0,0,1,137.7,165.89999,1088112,1785296.2500000033,5.317857857142829
2021-07-08,137.5,140.8,137.45,138.5,1279998,0,0,0,1,138.5,165.89999,1279998,1719166.8000000033,5.053572142857115
2021-07-09,138.95,140.10001,137.60001,139.45,638290,0,0,0,1,139.45,165.89999,638290,1683370.0000000033,4.742857142857116
2021-07-12,141,151.35001,139.85001,147.85001,9022539,0,0,1,1,147.85001,165.89999,9022539,2036991.6500000034,5.042857857142832
2021-07-13,149.95,158.39999,149.95,156.05,14978789,0,0,1,1,156.05,165.89999,14978789,2650922.0500000035,5.460712142857118
2021-07-14,157.5,160.7,154.14999,156.89999,10024430,0,0,1,1,156.89999,165.89999,10024430,3087077.7500000033,5.592855714285689
2021-07-15,158.55,159.7,153.10001,153.85001,4436648,0,0,1,1,153.85001,165.89999,4436648,3211515.9500000034,5.717855714285689
2021-07-16,154,155.25,150.5,152.89999,2874342,0,0,0,1,152.89999,165.89999,2874342,3277431.150000003,5.428569999999974
2021-07-19,150.75,151.89999,146.64999,147.7,2358280,0,0,0,1,147.7,165.89999,2358280,3301471.1000000034,5.382141428571404
2021-07-20,147,148.25,140,142.8,3293836,0,0,0,1,142.8,165.89999,3293836,3358265.000000003,5.517856428571405
2021-07-22,144.10001,147,143.05,143.85001,2043440,0,0,0,1,143.85001,165.89999,2043440,3412128.300000003,5.642854999999976
2021-07-23,145.2,149.39999,142.8,146.05,2557845,0,0,0,1,146.05,165.89999,2557845,3486193.300000003,5.77856928571426
2021-07-26,147,150.39999,145,145.8,2129592,0,0,0,1,145.8,165.89999,2129592,3538669.400000003,5.96785428571426
2021-07-27,146.3,151.5,146.3,149.60001,3121906,0,0,0,1,149.60001,165.89999,3121906,3573397.050000003,6.160711428571402
2021-07-28,150.39999,151,144.35001,147.89999,1397823,0,0,0,1,147.89999,165.89999,1397823,3444312.900000003,6.374997142857117
2021-07-29,149.5,151.89999,142,142.8,4361717,0,0,1,1,142.8,165.89999,4361717,3574308.150000003,6.8428535714285434
2021-07-30,143,144.5,136.55,138.45,4442103,0,0,1,1,138.45,165.89999,4442103,3754731.350000003,7.232139285714257
2021-08-02,140,141.2,137.5,137.89999,1993345,0,0,0,1,137.89999,165.89999,1993345,3746411.100000003,6.6464242857142555
2021-08-03,138.05,140.5,137.85001,139.05,1539979,0,0,0,1,139.05,165.89999,1539979,3737351.300000003,6.0821392857142555
2021-08-04,140.39999,141.5,136.75,137.85001,2349479,0,0,0,1,137.85001,165.89999,2349479,3796624.650000003,5.953567142857113
2021-08-05,137.7,138.45,132.55,133.35001,2882919,0,0,0,1,133.35001,165.89999,2882919,3886365.000000003,5.903567857142827
2021-08-06,133.7,137.3,133.55,134.2,1758599,0,0,0,1,134.2,165.89999,1758599,3910295.050000003,5.8464242857142565
2021-08-09,132.75,132.75,129.05,129.85001,1491580,0,0,0,1,129.85001,165.89999,1491580,3952959.550000003,5.7678528571428265
2021-08-10,129.75,131.3,122.3,124.25,1790642,0,0,0,1,124.25,165.89999,1790642,3591364.700000003,5.821424285714256
2021-08-11,124.75,128.2,121.15,127.55,2228827,0,0,0,1,127.55,165.89999,2228827,2953866.6000000034,6.0249957142856845
2021-08-12,127.55,130.85001,127.55,129.75,1071366,0,0,0,1,129.75,165.89999,1071366,2506213.400000003,5.789282857142828
2021-08-13,130.10001,130.5,126.1,127.05,853878,0,0,0,1,127.05,165.89999,853878,2327074.900000003,5.717854999999971
2021-08-16,125.35,126.65,123.5,125.1,902738,0,0,0,1,125.1,165.89999,902738,2228494.7000000034,5.564283571428542
2021-08-17,124.9,124.9,117.65,119.4,1423353,0,0,0,1,119.4,165.89999,1423353,2181748.3500000034,5.621427142857113
2021-08-18,119,121.1,114,114.85,1917867,0,0,0,1,114.85,165.89999,1917867,2112949.900000003,5.4214278571428265
2021-08-20,113.95,113.95,109.9,110.3,2064283,0,0,0,1,110.3,165.89999,2064283,2113992.0500000035,5.207142142857113
2021-08-23,112.15,113.3,105.85,109.85,1672864,0,0,0,1,109.85,165.89999,1672864,2069743.000000003,5.474999285714256
2021-08-24,110.8,117,110.6,115.55,1934018,0,0,0,1,115.55,165.89999,1934018,2059964.3000000026,5.796428571428542
2021-08-25,116,121.35,115.1,120.5,1849176,0,0,0,1,120.5,165.89999,1849176,1996327.8000000021,5.903571428571399
2021-08-26,120.4,121.2,116.65,117.4,897184,0,0,0,1,117.4,165.89999,897184,1971295.850000002,5.807142857142829
2021-08-27,117.4,119.5,115.6,118.8,822109,0,0,0,1,118.8,165.89999,822109,1794315.4500000016,5.8035721428571145
2021-08-30,119.25,121,118.9,119.65,640696,0,0,0,1,119.65,165.89999,640696,1604245.100000001,5.592857857142831
2021-08-31,119.9,120.25,118.3,118.95,479689,0,0,0,1,118.95,165.89999,479689,1528562.3000000007,5.089286428571401
2021-09-01,118.25,120.4,115.15,115.65,846015,0,0,0,1,115.65,165.89999,846015,1493864.1000000003,4.960714999999974
2021-09-02,116.3,118.65,116,117.7,699498,0,0,0,1,117.7,165.89999,699498,1411365.05,4.939285714285688
2021-09-03,118.1,119.25,116.4,117.2,752941,0,0,0,1,117.2,165.89999,752941,1304866.1499999997,4.828571428571402
2021-09-06,118.5,118.5,116.55,117.5,560430,0,0,0,1,117.5,165.89999,560430,1244957.6999999993,4.714285714285688
2021-09-07,118.2,119.95,116.95,118.1,818188,0,0,0,1,118.1,165.89999,818188,1211288.099999999,4.396428571428546
2021-09-08,118.15,119.15,117.4,118.35,643199,0,0,0,1,118.35,165.89999,643199,1153915.9499999986,4.014285714285689
2021-09-09,118.7,126.4,118.25,124.95,2692482,0,0,1,1,124.95,165.89999,2692482,1177098.6999999986,4.242857142857119
2021-09-13,125.5,125.9,121.5,122.1,977026,0,0,0,1,122.1,165.89999,977026,1172381.6999999986,4.024999999999976
2021-09-14,123.45,127,121.8,123.95,1319380,0,0,1,1,123.95,165.89999,1319380,1195656.7999999984,3.8857142857142617
2021-09-15,124.8,125.8,123.7,124.15,838128,0,0,0,1,124.15,165.89999,838128,1192426.2999999984,3.58928571428569
2021-09-16,124.9,125.6,123.2,123.9,726833,0,0,0,1,123.9,165.89999,726833,1157600.2999999984,3.435714285714261
2021-09-17,124.75,124.75,119,121.6,1484297,0,0,1,1,121.6,165.89999,1484297,1135921.7999999984,3.5678571428571177
2021-09-20,122,125.9,121.75,122.45,2033821,0,0,1,1,122.45,165.89999,2033821,1134398.6999999986,3.717857142857118
2021-09-21,125,127,122.55,125.75,1622789,0,0,1,1,125.75,165.89999,1622789,1131894.9499999986,3.9035714285714036
2021-09-22,126.9,128.89999,125,125.35,1517068,0,0,1,1,125.35,165.89999,1517068,1111047.4499999986,3.807142142857118
2021-09-23,126,128.7,125.4,127.35,1688123,0,0,1,1,127.35,165.89999,1688123,1102994.7999999984,3.832142142857118
2021-09-24,128,129,126.8,127.6,1209123,0,0,1,1,127.6,165.89999,1209123,1118591.7499999986,3.785713571428547
2021-09-27,129,129,125,125.4,1134906,0,0,1,1,125.4,165.89999,1134906,1134231.5999999985,3.932142142857118
2021-09-28,126.25,128.95,124.4,127.2,1035127,0,0,0,1,127.2,165.89999,1035127,1153953.1499999985,4.042856428571403
2021-09-29,126.65,128.89999,125.65,128.2,998176,0,0,0,1,128.2,165.89999,998176,1179877.4999999986,4.1499985714285454
2021-09-30,129,149.39999,128.95,144.85001,15250142,0,0,1,1,144.85001,165.89999,15250142,1900083.8499999985,5.082140714285688
2021-10-01,144,149,140,143,7894307,0,0,1,1,143,165.89999,7894307,2259824.2999999984,5.4107121428571165
2021-10-04,144.3,145,139.39999,143.45,2635956,0,0,1,1,143.45,165.89999,2635956,2353975.0499999984,5.439284285714259
2021-10-05,142,152,141.39999,148.45,7129284,0,0,1,1,148.45,165.89999,7129284,2682417.7499999986,6.046427857142831
2021-10-06,149,150.89999,144.5,145.95,3473990,0,0,1,1,145.95,165.89999,3473990,2815207.8499999987,6.332141428571403
2021-10-07,146.14999,147.39999,145.10001,145.14999,1429475,0,0,0,1,145.14999,165.89999,1429475,2854521.6499999985,6.085711428571403
2021-10-08,146.05,149.25,145.10001,145.95,1629573,0,0,0,1,145.95,165.89999,1629573,2801376.1999999983,6.074996428571403
2021-10-11,146.95,149.39999,145.10001,147.55,2146059,0,0,0,1,147.55,165.89999,2146059,2859827.8499999987,6.057137857142832
2021-10-12,147.95,147.95,142.7,143.7,1863828,0,0,0,1,143.7,165.89999,1863828,2887050.2499999986,6.153567142857118
2021-10-13,144.8,148.85001,143.25,147.2,2800373,0,0,0,1,147.2,165.89999,2800373,2985162.4999999986,6.314282142857118
2021-10-14,148.45,150.64999,145.10001,147.7,4022498,0,0,1,1,147.7,165.89999,4022498,3149945.7499999986,6.553566428571403
2021-10-18,149.5,153.64999,148.2,149.35001,2167187,0,0,0,1,149.35001,165.89999,2167187,3184090.2499999986,6.692851428571404
2021-10-19,149.89999,150.25,136.35001,139.85001,2457668,0,0,0,1,139.85001,165.89999,2457668,3205282.5999999987,7.360707857142835
2021-10-20,140,141,132.7,134.5,1871348,0,0,0,1,134.5,165.89999,1871348,3217710.5499999984,7.721422857142835
2021-10-21,136.2,139.35001,127.35,128.5,5112503,0,0,1,1,128.5,165.89999,5112503,3397482.2999999984,7.064281428571406
2021-10-22,128,138.55,128,136.95,3887781,0,0,1,1,136.95,165.89999,3887781,3507465.1999999983,7.174995714285693
2021-10-25,138.25,138.25,130.35001,133.35001,1153607,0,0,0,1,133.35001,165.89999,1153607,3504689.3999999985,7.339279999999979
2021-10-26,133.35001,134.95,131,133.64999,926546,0,0,0,1,133.64999,165.89999,926546,3494271.3999999985,6.864279285714264
2021-10-27,133.39999,134.3,130.2,130.89999,776825,0,0,0,1,130.89999,165.89999,776825,3481356.2999999984,6.699994285714266
2021-10-28,130.85001,133.2,127.75,129.10001,689533,0,0,0,1,129.10001,165.89999,689533,3465924.1499999985,6.924995714285693
2021-10-29,123.1,134.39999,123.1,133.5,1736236,0,0,0,1,133.5,165.89999,1736236,2790228.8499999987,7.435709999999979
2021-11-01,135,135.14999,131,131.55,493364,0,0,0,1,131.55,165.89999,493364,2420181.6999999983,7.424996428571407
2021-11-02,132.2,133.89999,129.2,129.8,726631,0,0,0,1,129.8,165.89999,726631,2324715.4499999983,7.38570999999998
2021-11-03,129.3,130,127.05,128.60001,608273,0,0,0,1,128.60001,165.89999,608273,1998664.8999999985,7.196423571428552
2021-11-04,129.5,130.95,129.10001,130.7,153043,0,0,0,1,130.7,165.89999,153043,1832617.5499999984,6.967852857142836
2021-11-08,132.35001,132.35001,128,128.45,634999,0,0,0,1,128.45,165.89999,634999,1792893.7499999986,6.853568571428549
2021-11-09,128.8,133.39999,128.64999,132.64999,1020738,0,0,0,1,132.64999,165.89999,1020738,1762451.9999999986,6.214282857142836
2021-11-10,132.10001,137.8,131.25,133.14999,1040134,0,0,0,1,133.14999,165.89999,1040134,1707155.7499999986,6.089282857142836
2021-11-11,133.95,141,133.75,139.85001,3073489,0,0,1,1,139.85001,165.89999,3073489,1767638.7999999984,5.792854285714264
2021-11-12,141.7,149.89999,141,147.95,6183788,0,0,1,1,147.95,165.89999,6183788,1936809.5499999984,5.757138571428549
2021-11-15,146.5,147.5,140.5,141.3,1255337,0,0,0,1,141.3,165.89999,1255337,1798451.4999999986,5.724996428571406
2021-11-16,141.3,148.75,140.14999,144.85001,2490578,0,0,1,1,144.85001,165.89999,2490578,1814621.0499999984,6.057139999999977
2021-11-17,143.7,163.7,143.55,159.39999,22890005,0,0,1,1,159.39999,165.89999,22890005,2836237.8999999985,7.203568571428546
2021-11-18,160.3,162.45,154,154.85001,9948186,0,0,1,1,154.85001,165.89999,9948186,3240079.7999999984,7.41785428571426
2021-11-22,154.5,155.3,143.39999,148.2,4192854,0,0,1,0,148.2,165.89999,4192854,3194097.3499999987,7.460712857142831
2021-11-23,146.05,153.7,144.64999,150.05,3055907,0,0,0,0,150.05,165.89999,3055907,3152503.6499999985,7.810714285714259
2021-11-24,150.10001,157.5,150.10001,153.10001,3788819,0,0,1,0,153.10001,165.89999,3788819,3284264.2499999986,8.007143571428543
2021-11-25,155,169.8,154,168.10001,15301195,0,1,1,0,168.10001,165.89999,15301195,4002996.6999999983,8.989285714285687
2021-11-26,163.10001,173.89999,159.55,169.85001,17989810,0,1,1,0,169.85001,169.8,17989810,4863645.949999998,9.846428571428545
2021-11-29,171.39999,175.39999,164.3,170.95,9594266,0,0,1,0,170.95,173.89999,9594266,5308882.599999999,10.328569999999972
2021-11-30,171.64999,174.7,162,165.05,4646144,0,0,0,0,165.05,175.39999,4646144,5454377.999999998,10.882142142857115
2021-12-01,166,168.95,157.45,166.2,6087095,0,0,1,0,166.2,175.39999,6087095,5734064.549999999,11.235713571428542
2021-12-02,166.2,171.5,162.55,170.2,4053581,0,0,0,0,170.2,175.39999,4053581,5900412.049999999,11.314284285714255
2021-12-03,171.5,172.55,163.45,165.05,3446644,0,0,0,0,165.05,175.39999,3446644,6042330.599999999,11.246428571428542
2021-12-06,165,168.89999,163.2,165.64999,2586717,0,0,0,0,165.64999,175.39999,2586717,6164014.299999999,11.12142785714283
2021-12-07,166,167.60001,163.3,164.45,1962067,0,0,0,0,164.45,175.39999,1962067,6230367.699999998,10.814284999999972
2021-12-08,164.89999,178.3,164.89999,176.7,7102560,0,1,1,0,176.7,175.39999,7102560,6534458.799999999,10.364284999999976
2021-12-09,177.60001,179.3,174.25,178,4438297,0,0,0,0,178,178.3,4438297,6704366.949999998,10.121427857142834
2021-12-10,176.8,185.39999,176.8,183.5,5541371,0,1,0,0,183.5,179.3,5541371,6827761.049999999,9.885712142857118
2021-12-13,185,194,180.5,189.05,6139676,0,1,0,0,189.05,185.39999,6139676,6825555.449999998,10.203568571428548
2021-12-14,186,192.64999,185.05,189.7,3569965,0,0,0,0,189.7,194,3569965,6941286.849999999,10.214282142857119
2021-12-15,189.7,190.55,179.60001,180.64999,2347356,0,0,0,0,180.64999,194,2347356,6934125.749999998,9.803567857142834
2021-12-16,181.64999,182.89999,170.10001,171.55,3575469,0,0,0,0,171.55,194,3575469,5968398.949999998,9.692852857142835
2021-12-17,171.8,173.3,164.89999,166.8,3513686,0,0,0,0,166.8,194,3513686,5646673.949999998,9.499997142857122
2021-12-20,164.8,164.8,152,153.8,3358724,0,0,0,0,153.8,194,3358724,5604967.449999998,9.649997142857123
2021-12-21,155.89999,163.7,155.64999,161.25,3155813,0,0,0,0,161.25,194,3155813,5609962.749999998,9.535711428571409
2021-12-22,162.10001,169.7,161.75,168.2,1771423,0,0,0,0,168.2,194,1771423,5509092.949999998,9.499997142857126
2021-12-23,169,176.89999,168.14999,175.95,2478488,0,0,0,0,175.95,194,2478488,4867957.599999999,9.474997142857124
2021-12-24,175.95,176.95,168.5,172.14999,2434290,0,0,0,0,172.14999,194,2434290,4090181.5999999987,9.671426428571408
2021-12-27,169.45,176.3,166.60001,174.85001,1432360,0,0,0,0,174.85001,194,1432360,3682086.2999999984,10.05713928571427
2021-12-28,176.45,181.2,174.3,179,2354794,0,0,0,0,179,194,2354794,3567518.7999999984,9.560710714285696
2021-12-29,178.39999,181.05,175,180.10001,1854142,0,0,0,0,180.10001,194,1854142,3355871.1499999985,9.632139285714269
2021-12-30,179.85001,180.05,176.10001,177.8,912631,0,0,0,0,177.8,194,912631,3198823.6499999985,9.303568571428555
2021-12-31,176,182.5,175.8,178.45,1620933,0,0,0,0,178.45,194,1620933,3107538.0999999987,8.81785428571427
2022-01-03,177,181.39999,176,177.75,962789,0,0,0,1,177.75,194,962789,3026341.6999999983,8.660711428571414
2022-01-04,178.5,186.5,178,185.45,3787088,0,0,1,1,185.45,194,3787088,3117592.7499999986,8.50356928571427
2022-01-05,185,186,179.5,180.25,1286097,0,0,0,1,180.25,194,1286097,2826769.5999999987,8.0535707142857
2022-01-06,178.5,182,178.2,179.60001,1505582,0,0,0,1,179.60001,194,1505582,2680133.8499999987,7.724998571428556
2022-01-07,180,182,178.10001,178.89999,778453,0,0,0,1,178.89999,194,778453,2441987.9499999983,6.946426428571413
2022-01-10,179.85001,182,178.7,181.39999,796973,0,0,0,1,181.39999,194,796973,2174852.7999999984,6.474997857142844
2022-01-11,180.60001,184,178.8,179.14999,1087511,0,0,0,1,179.14999,194,1087511,2050730.0999999985,6.242854999999986
2022-01-12,180.10001,186,179.25,184.8,2742237,0,0,1,1,184.8,194,2742237,2070474.1499999985,6.107141428571415
2022-01-13,184.60001,189,180.39999,188.35001,2318250,0,0,1,1,188.35001,194,2318250,2007613.1999999986,6.117856428571415
2022-01-14,185.5,194.89999,185.5,190.39999,5070024,0,0,1,1,190.39999,194,5070024,2085430.0999999985,6.096427857142843
2022-01-17,191.89999,197,191,195.14999,3735114,1,1,1,1,195.14999,194.89999,3735114,2104249.5999999987,6.074999999999988
2022-01-18,196.5,197.3,183.14999,185.64999,1540354,0,0,0,1,185.64999,197,1540354,2023476.6499999985,6.65357214285713
2022-01-19,185,186.64999,180.25,181.60001,1230749,0,0,0,1,181.60001,197.3,1230749,1996442.9499999986,6.824999999999988
2022-01-20,182.55,190.2,181.64999,185.8,1403404,0,0,0,1,185.8,197.3,1403404,1942688.7499999986,6.960713571428559
2022-01-21,184.75,185.39999,174.85001,178.25,1323318,0,0,0,1,178.25,197.3,1323318,1887140.1499999985,7.357142142857131
2022-01-24,179.3,179.85001,167.05,170.60001,1608678,0,0,0,0,170.60001,197.3,1608678,1895956.0499999984,7.646428571428559
2022-01-25,170.75,178.45,160.14999,177.14999,1296334,0,0,0,0,177.14999,197.3,1296334,1843033.0499999984,8.489286428571415
2022-01-27,175.89999,181.3,173,179.60001,1193558,0,0,0,0,179.60001,197.3,1193558,1810003.8499999985,8.810714999999986
2022-01-28,179.60001,185.3,177.10001,178.3,1033926,0,0,0,0,178.3,197.3,1033926,1816068.5999999985,9.117857857142845
2022-01-31,183.89999,186,180.8,184.35001,1729511,0,0,0,0,184.35001,197.3,1729511,1821497.4999999986,9.432143571428558
2022-02-01,187,190,181.7,189.05,2137355,0,0,1,1,189.05,197.3,2137355,1880225.7999999984,9.653572142857131
2022-02-02,189.2,191.89999,186,189.75,2929526,0,0,1,1,189.75,197.3,2929526,1837347.6999999986,9.58571357142856
2022-02-03,187.14999,191,186.5,189.25,853649,0,0,0,1,189.25,197.3,853649,1815725.2999999984,9.292855714285704
2022-02-04,190,193.89999,187.35001,190.3,2258400,0,0,1,1,190.3,197.3,2258400,1853366.1999999986,9.08928357142856
2022-02-07,191,191,178.10001,180.5,1009290,0,0,0,0,180.5,197.3,1009290,1864908.0499999984,9.539282142857132
2022-02-08,181.8,183.35001,176.60001,178.5,1349405,0,0,0,0,178.5,197.3,1349405,1892529.6499999985,9.010709999999987
2022-02-09,179.95,183.8,178.95,181.95,1224068,0,0,0,0,181.95,197.3,1224068,1899357.4999999986,8.932139285714275
2022-02-10,182,186,180.35001,185,719028,0,0,0,1,185,197.3,719028,1798197.0499999984,8.72142499999999
2022-02-11,176,177.5,170,172.85001,3342925,0,0,1,0,172.85001,197.3,3342925,1849430.7999999984,9.010711428571417
2022-02-14,169,169.3,153,156.05,1901177,0,0,1,0,156.05,197.3,1901177,1690988.4499999986,9.514282857142847
2022-02-15,158.7,160.89999,152.45,159.60001,969978,0,0,0,0,159.60001,197.3,969978,1552731.6499999985,8.810709999999991
2022-02-16,162,164.7,160.75,162.7,657929,0,0,0,0,162.7,197.3,657929,1508610.3999999985,8.582137857142847
2022-02-17,164.89999,164.89999,155.95,156.45,521774,0,0,0,0,156.45,197.3,521774,1473161.6499999985,8.635709285714276
2022-02-18,153.64999,158.2,153.64999,155.85001,484793,0,0,0,0,155.85001,197.3,484793,1427231.0999999985,8.41070999999999
2022-02-21,151.05,153.05,147.25,148.60001,807129,0,0,0,0,148.60001,197.3,807129,1401421.6499999985,8.432139285714275
2022-02-22,142.5,147.60001,142,145.39999,655130,0,0,0,0,145.39999,197.3,655130,1353744.2499999986,8.482140714285704
2022-02-23,147,152.14999,145.14999,147,594737,0,0,0,0,147,197.3,594737,1318664.3999999985,8.660712142857133
2022-02-24,142,143.89999,136.05,137.2,767653,0,0,0,0,137.2,197.3,767653,1297369.1499999985,8.974999285714274
2022-02-25,142.5,145.3,140.5,142.64999,635399,0,0,0,0,142.64999,197.3,635399,1277442.7999999984,8.632142857142847
2022-02-28,141.89999,144.60001,140.10001,142.2,806371,0,0,0,0,142.2,197.3,806371,1231285.7999999984,8.47142857142856
2022-03-02,142.2,152.5,142.2,148.89999,886125,0,0,0,0,148.89999,197.3,886125,1168724.2999999984,8.828571428571419
2022-03-03,149,151.8,145.3,147,528975,0,0,0,0,147,197.3,528975,1048696.7499999986,8.889286428571419
2022-03-04,147.7,148.25,142.64999,143.3,476914,0,0,0,0,143.3,197.3,476914,1029859.9999999985,8.217858571428561
2022-03-07,140.2,141.14999,135.5,138.25,695728,0,0,0,0,138.25,197.3,695728,951726.3999999985,7.357143571428561
2022-03-08,139.85001,142.35001,136.45,140.5,612332,0,0,0,0,140.5,197.3,612332,931878.4999999985,7.1750021428571324
2022-03-09,141.95,148.89999,141.5,148,679323,0,0,0,0,148,197.3,679323,898374.3999999985,7.410716428571419
2022-03-10,151,153,146.85001,147.55,644998,0,0,0,0,147.55,197.3,644998,869420.8999999985,7.210716428571418
2022-03-11,148.75,151.35001,147.10001,148.64999,344707,0,0,0,0,148.64999,197.3,344707,850704.8499999985,7.189287142857133
2022-03-14,149.95,150.64999,146.10001,147.10001,390567,0,0,0,0,147.10001,197.3,390567,703086.9499999986,6.899999285714277
2022-03-15,147.10001,148.39999,140.85001,143.05,464242,0,0,0,0,143.05,197.3,464242,631240.1999999986,6.967854285714277
2022-03-16,144.85001,144.85001,138.95,143.60001,1754450,0,0,1,0,143.60001,197.3,1754450,670463.7999999985,6.889283571428564
2022-03-17,144.95,147.8,143,144.05,923150,0,0,1,0,144.05,197.3,923150,683724.8499999985,6.449997857142852
2022-03-21,145.75,150.5,144.8,149.89999,841693,0,0,1,0,149.89999,197.3,841693,699720.7999999985,6.332140714285706
2022-03-22,151.39999,152.60001,144.14999,145,1528991,0,0,1,0,145,197.3,1528991,751930.6999999986,6.614284999999991
2022-03-23,145.95,149.7,145.85001,147.60001,926405,0,0,1,0,147.60001,197.3,926405,757894.4999999985,6.21428499999999
2022-03-24,147.5,156.5,147,153.75,2489699,0,0,1,0,153.75,197.3,2489699,849622.9499999986,6.428570714285704
2022-03-25,155.45,156.75,152.14999,153.60001,1401384,0,0,1,0,153.60001,197.3,1401384,889955.2999999985,6.357142142857133
2022-03-28,153.60001,155.8,147.75,153,1264116,0,0,1,0,153,197.3,1264116,914778.4499999986,6.374999285714275
2022-03-29,153,164.5,153,163.64999,2732823,0,0,1,1,163.64999,197.3,2732823,1019649.6499999985,6.7749985714285605
2022-03-30,166.05,167.60001,161.2,162.55,1490590,0,0,1,1,162.55,197.3,1490590,1053860.5999999985,6.6321428571428465
2022-03-31,162.45,168.8,160.35001,167.39999,1857118,0,0,1,1,167.39999,197.3,1857118,1102410.2499999986,6.796428571428562
2022-04-01,168.35001,187.5,168,184.3,9244249,0,0,1,1,184.3,197.3,9244249,1538173.9499999986,7.928572142857133
2022-04-04,182.35001,189.5,178.7,186.55,2991500,0,0,1,1,186.55,197.3,2991500,1663903.2499999986,8.375002142857133
2022-04-05,186,190.8,183,187.25,2120828,0,0,1,1,187.25,197.3,2120828,1735158.2499999986,8.392860714285705
2022-04-06,185.89999,203.05,185.14999,199,7353159,1,1,1,1,199,197.3,7353159,2072199.5999999985,9.250003571428563
2022-04-07,198.95,207.25,197.85001,202.45,4387782,0,0,1,1,202.45,203.05,4387782,2257622.5499999984,9.578574285714277
2022-04-08,202.75,203.95,195.10001,195.85001,2075738,0,0,0,1,195.85001,207.25,2075738,2329159.5499999984,9.750002142857133
2022-04-11,194.55,197.39999,192.10001,194.7,1041294,0,0,0,1,194.7,207.25,1041294,2363988.8999999985,9.524999285714276
2022-04-12,193.7,199.64999,190,198.10001,1881700,0,0,0,1,198.10001,207.25,1881700,2438545.5499999984,9.878569999999993
2022-04-13,199.60001,214.39999,199.35001,211.7,6138700,1,1,1,1,211.7,207.25,6138700,2722268.4499999983,10.36428285714285
2022-04-18,213,216.8,206.89999,210.95,4613038,0,0,1,1,210.95,214.39999,4613038,2865197.8499999987,10.742854285714278
2022-04-19,213,214.7,195.10001,202.05,1718118,0,0,0,1,202.05,216.8,1718118,2904946.2499999986,11.567853571428563
2022-04-20,203.60001,206.95,200,203.25,1138078,0,0,0,1,203.25,216.8,1138078,2919765.4999999986,11.242853571428563
2022-04-21,204.89999,220,203.10001,217,2556389,0,1,0,1,217,216.8,2556389,2971135.3999999985,11.992852142857133
2022-04-22,218.5,222,212.2,213.64999,2000791,0,0,0,1,213.64999,220,2000791,3024854.6999999983,12.08928142857142
2022-04-25,208.2,213.85001,204.89999,209.14999,1169282,0,0,0,1,209.14999,222,1169282,2958833.8499999987,11.292853571428562
2022-04-26,211.95,215.89999,207,213.95,952194,0,0,0,1,213.95,222,952194,2936374.3499999987,11.157138571428561
2022-04-27,210,213.39999,202.10001,206.75,1083183,0,0,0,1,206.75,222,1083183,2927327.6999999983,11.446423571428559
2022-04-28,207.5,211,204,209.7,558170,0,0,0,1,209.7,222,558170,2818595.0499999984,10.667851428571415
2022-04-29,209.7,211.89999,203.2,205.35001,619352,0,0,0,1,205.35001,222,619352,2775033.1499999985,10.617851428571417
2022-05-02,202.10001,204.89999,190.10001,199.2,908348,0,0,0,1,199.2,222,908348,2727594.6499999985,11.074994999999989
2022-05-04,201.39999,207.7,197.05,199.60001,679058,0,0,0,0,199.60001,222,679058,2299335.0999999987,11.457139285714273
2022-05-05,203.2,205,196.5,198.89999,534240,0,0,0,0,198.89999,222,534240,2176472.0999999987,11.37499714285713
2022-05-06,193.8,200.60001,186.2,198.95,1077857,0,0,0,0,198.95,222,1077857,2124323.5499999984,11.239284999999986
2022-05-09,197.7,199.05,186.25,188.8,864566,0,0,0,0,188.8,222,864566,1799893.8999999985,11.44642714285713
2022-05-10,188.95,191.60001,170.10001,174.8,634714,0,0,0,0,174.8,222,634714,1612240.4999999986,11.582142142857132
2022-05-11,170,176.25,160.25,168.64999,870484,0,0,0,0,168.64999,222,870484,1551977.7999999984,12.228570714285704
2022-05-12,166.64999,173.25,159.75,167.45,916751,0,0,0,0,167.45,222,916751,1545750.6499999985,11.985714285714275
2022-05-13,172,180.89999,171,178.10001,983438,0,0,0,0,178.10001,222,983438,1500837.5499999984,12.246427857142846
2022-05-16,183.89999,187.7,179.14999,186.14999,967769,0,0,0,0,186.14999,222,967769,1242290.9999999986,12.292854285714274
2022-05-17,187,192.7,184.05,192,849341,0,0,0,0,192,222,849341,1054106.1499999985,12.274997857142845
2022-05-18,192.05,205.7,189.35001,200.7,2597221,0,0,1,0,200.7,222,2597221,1098061.2999999984,12.596426428571416
2022-05-19,197,209.89999,194.2,208.89999,3290826,0,0,1,0,208.89999,222,3290826,1205698.6999999986,13.217854285714273
2022-05-20,211,250.64999,210.95,244.89999,29945638,0,1,1,0,244.89999,222,29945638,2575161.1499999985,15.578569285714272
2022-05-23,246.89999,249.75,220.2,223.75,8055568,0,0,1,0,223.75,250.64999,8055568,2877899.9999999986,16.599997857142846
2022-05-24,224.7,228.7,211.05,213.8,2175507,0,0,0,0,213.8,250.64999,2175507,2928211.2499999986,17.099997857142846
2022-05-25,215,215.89999,192.60001,194.60001,2402410,0,0,0,0,194.60001,250.64999,2402410,3000722.0499999984,18.157139285714273
2022-05-26,197.95,204.7,186.5,200.64999,2480420,0,0,0,0,200.64999,250.64999,2480420,3070583.8999999985,18.42856714285713
2022-05-27,206,212,200.64999,206.25,1720452,0,0,0,0,206.25,250.64999,1720452,3128697.9999999986,18.324996428571414
2022-05-30,208.95,222.2,205,219.75,2651984,0,0,0,0,219.75,250.64999,2651984,3230329.5999999987,18.017853571428557
2022-05-31,219.75,229.89999,214.55,226.3,4839557,0,0,1,0,226.3,250.64999,4839557,3426890.0499999984,17.97142428571427
2022-06-01,226,234.7,225.45,230.14999,1956683,0,0,0,0,230.14999,250.64999,1956683,3490771.2999999984,17.66785285714284
2022-06-02,232.2,235.8,225.60001,233.39999,1647463,0,0,0,0,233.39999,250.64999,1647463,3546432.4499999983,17.435709999999983
2022-06-03,233.3,235.55,223.39999,224.85001,1094081,0,0,0,0,224.85001,250.64999,1094081,3547243.6499999985,17.61785428571427
2022-06-06,225,234.8,223.35001,233.25,1510919,0,0,0,0,233.25,250.64999,1510919,3579561.2999999984,17.81785357142856
2022-06-07,232.89999,239.85001,230.10001,235.35001,2536238,0,0,0,0,235.35001,250.64999,2536238,3674637.4999999986,17.346425714285704
2022-06-08,235.35001,238.2,227.2,236.89999,1583766,0,0,0,0,236.89999,250.64999,1583766,3710301.5999999987,17.01071214285713
2022-06-09,231.89999,236.89999,230.10001,235.5,1052861,0,0,0,0,235.5,250.64999,1052861,3717107.0999999987,14.51428214285713
2022-06-10,233,237.89999,231.2,235.2,1016467,0,0,0,0,235.2,250.64999,1016467,3718758.5499999984,12.882138571428559
2022-06-13,230,237,217.89999,219.85001,1323092,0,0,0,0,219.85001,250.64999,1323092,3736524.6999999983,12.985710714285704
2022-06-14,216,225,216,220.55,781397,0,0,0,0,220.55,250.64999,781397,3733127.4999999986,11.964283571428561
2022-06-15,220.55,223.3,212.05,213.64999,996385,0,0,0,0,213.64999,250.64999,996385,3653085.6999999983,11.46785499999999
2022-06-16,217.45,219.64999,198.7,200.2,1848967,0,0,0,0,200.2,250.64999,1848967,3580992.7499999986,12.153567857142848
2022-06-17,200.14999,212.5,196.55,208.55,2069400,0,0,0,0,208.55,250.64999,2069400,2187180.8499999987,12.064282142857135
2022-06-20,206,208.05,183.05,190.45,1928268,0,0,1,0,190.45,250.64999,1928268,1880815.8499999985,12.78928285714285
2022-06-21,189.89999,204.60001,189.8,200.39999,1250248,0,0,0,0,200.39999,250.64999,1250248,1834552.8999999985,13.185712142857133
2022-06-22,196.55,202,194.14999,198.75,1618470,0,0,0,0,198.75,250.64999,1618470,1795355.8999999985,13.017856428571418
2022-06-23,200.45,206,196.64999,198.8,969514,0,0,0,0,198.8,250.64999,969514,1719810.5999999985,12.817856428571417
2022-06-24,201.85001,214.89999,200,213.39999,1611602,0,0,0,0,213.39999,250.64999,1611602,1714368.0999999985,13.149999285714273
2022-06-27,220,224.7,216.25,222.95,1879528,0,0,1,0,222.95,250.64999,1879528,1675745.2999999984,13.260714285714272
2022-06-28,217.5,229,216.2,227.5,1746913,0,0,1,0,227.5,250.64999,1746913,1521113.0999999985,13.389285714285702
2022-06-29,223,228.89999,221.10001,223.3,973624,0,0,0,0,223.3,250.64999,973624,1471960.1499999985,13.460714285714273
2022-06-30,223,226.89999,217.39999,218.85001,999958,0,0,0,0,218.85001,250.64999,999958,1439584.8999999985,13.660714999999986
2022-07-01,217,221.55,213.10001,214.64999,880477,0,0,0,0,214.64999,250.64999,880477,1428904.6999999986,12.899999285714273
2022-07-04,214.64999,217.14999,212,212.95,438877,0,0,0,0,212.95,250.64999,438877,1375302.5999999985,12.62499857142856
2022-07-05,213.5,217.55,205.45,208.35001,725097,0,0,0,0,208.35001,250.64999,725097,1284745.5499999984,12.685712857142846
2022-07-06,209.8,223.95,209.3,220.3,1098983,0,0,0,0,220.3,250.64999,1098983,1260506.3999999985,12.303569999999988
2022-07-07,222.89999,226.5,217.10001,224.85001,1043308,0,0,0,1,224.85001,250.64999,1043308,1260028.7499999986,11.835712142857131
2022-07-08,227.10001,229,218.5,220,902157,0,0,0,1,220,250.64999,902157,1254313.2499999986,10.76428357142856
2022-07-11,218.89999,224,216.10001,222.10001,547172,0,0,0,1,222.10001,250.64999,547172,1215517.2499999986,10.27142499999999
2022-07-12,222.39999,226,213.2,213.85001,1258784,0,0,1,1,213.85001,250.64999,1258784,1239386.5999999985,10.624995714285705
2022-07-13,215.05,216.25,209.75,210.95,711741,0,0,0,1,210.95,250.64999,711741,1225154.3999999985,10.421423571428562
2022-07-14,211.39999,214.7,206.39999,209.7,1604120,0,0,1,1,209.7,250.64999,1604120,1212912.0499999984,9.864282142857133
2022-07-15,210.5,211.89999,207.64999,209.45,415671,0,0,0,1,209.45,250.64999,415671,1130225.5999999985,9.360709999999992
2022-07-18,211.60001,217.5,210.8,214.39999,893963,0,0,0,1,214.39999,250.64999,893963,1078510.3499999985,9.021424285714277
2022-07-19,213.64999,218.89999,213.05,217.14999,787571,0,0,0,1,217.14999,250.64999,787571,1055376.4999999986,8.882139285714276
2022-07-20,219,219.89999,211.10001,212.10001,972924,0,0,0,1,212.10001,250.64999,972924,1023099.1999999986,8.832137857142849
2022-07-21,212.89999,214,209.55,211.14999,756491,0,0,0,1,211.14999,250.64999,756491,1012448.0499999985,8.546424285714275
2022-07-22,212.3,214.45,207.25,210.10001,1055928,0,0,1,1,210.10001,250.64999,1055928,984664.3499999985,8.692853571428559
2022-07-25,209,211.85001,206.10001,207.89999,943101,0,0,1,1,207.89999,250.64999,943101,937842.9999999985,8.23928214285713
2022-07-26,208.5,212.60001,205.60001,210.55,943181,0,0,1,1,210.55,250.64999,943181,897656.3999999985,7.62499714285713
2022-07-27,211.45,212.2,208.64999,210.25,852103,0,0,0,1,210.25,250.64999,852103,891580.3499999985,7.207141428571414
2022-07-28,211.85001,220,207.60001,212.45,2013585,0,0,1,1,212.45,250.64999,2013585,942261.6999999986,7.342854999999986
2022-07-29,214,227.64999,213.5,226,3415835,0,0,1,1,226,250.64999,3415835,1069029.5999999985,7.864283571428558
2022-08-01,227.60001,236.45,226.75,233.5,2882847,0,0,1,1,233.5,250.64999,2882847,1191228.0999999985,7.696426428571414
2022-08-02,232.8,234.45,225.2,226.7,1063278,0,0,0,1,226.7,250.64999,1063278,1208137.1499999985,7.892854999999985
2022-08-03,227,228,221.7,224.05,817627,0,0,0,1,224.05,250.64999,817627,1194069.3499999985,7.74999714285713
2022-08-04,225,230.75,218,220.7,1237277,0,0,1,1,220.7,250.64999,1237277,1203767.7999999984,8.357139999999987
2022-08-05,209.05,210.45,203,206.45,3575811,0,0,1,1,206.45,250.64999,3575811,1337450.4999999986,9.0464257142857
2022-08-08,206,214,202.45,210.89999,1428078,0,0,1,1,210.89999,250.64999,1428078,1381495.7999999984,9.453569285714272
2022-08-10,210.89999,211.95,205,205.2,984336,0,0,0,1,205.2,250.64999,984336,1367773.3999999985,9.321427857142842
2022-08-11,207.55,209,205.5,208.05,789827,0,0,0,1,208.05,250.64999,789827,1371677.6999999986,9.274999285714273
2022-08-12,207.85001,214.5,207.2,212.05,838837,0,0,0,1,212.05,250.64999,838837,1333413.5499999984,9.282142142857131
2022-08-16,211.14999,228.39999,211,226.85001,3611320,0,0,1,1,226.85001,250.64999,3611320,1493195.9999999986,10.114284285714275
2022-08-17,227.7,229.8,222,227.25,1110375,0,0,0,1,227.25,250.64999,1110375,1504016.5999999985,10.171427142857132
2022-08-18,226.05,234.2,225,226.35001,1317576,0,0,0,1,226.35001,250.64999,1317576,1530516.8499999985,10.574997857142847
2022-08-19,227.3,227.85001,220.14999,221.8,698195,0,0,0,1,221.8,250.64999,698195,1516780.3999999985,10.239285714285703
2022-08-22,221.60001,222.10001,217.7,218.5,784236,0,0,0,1,218.5,250.64999,784236,1518167.6499999985,9.467858571428561
2022-08-23,216.7,235.95,215.5,233.7,2356044,0,0,1,1,233.7,250.64999,2356044,1583173.4499999986,10.182144285714275
2022-08-24,235,242,231.2,233.05,3020804,0,0,1,1,233.05,250.64999,3020804,1687058.5999999985,10.292858571428562
2022-08-25,234.75,236.8,227.05,228.55,664397,0,0,0,1,228.55,250.64999,664397,1673119.3999999985,10.539287142857132
2022-08-26,230.2,233.95,226.8,228.85001,652891,0,0,0,1,228.85001,250.64999,652891,1663158.7999999984,10.13928714285713
2022-08-29,222.60001,229.35001,222.05,224.35001,544709,0,0,0,1,224.35001,250.64999,544709,1589714.9999999986,9.396430714285701
2022-08-30,226,230.05,226,226.35001,640954,0,0,0,1,226.35001,250.64999,640954,1450970.9499999986,8.978572857142845
2022-09-01,226.8,233.35001,225.85001,227.85001,881472,0,0,0,1,227.85001,250.64999,881472,1350902.1999999986,9.01785857142856
2022-09-02,228.95,243.35001,228.89999,241.3,2650752,0,0,1,1,241.3,250.64999,2650752,1430275.8999999985,9.853572857142845
2022-09-05,242.55,255.5,242.2,254.10001,4726504,1,1,1,1,254.10001,250.64999,4726504,1625719.7499999986,10.346429999999986
2022-09-06,256.60001,258.70001,245.95,252.8,1946819,0,0,1,1,252.8,255.5,1946819,1661196.8499999985,10.01428857142856
2022-09-07,251.7,254.85001,243.2,246.45,1056151,0,0,0,1,246.45,258.70001,1056151,1535213.8499999985,10.289289285714274
2022-09-08,248.5,260.60001,243,255.89999,3180460,0,0,1,1,255.89999,258.70001,3180460,1622832.9499999986,10.889289999999988
2022-09-09,257.64999,257.89999,245,246.10001,1261271,0,0,0,1,246.10001,260.60001,1261271,1636679.6999999986,11.260716428571417
2022-09-12,248.25,254.7,247.5,250,1034423,0,0,0,1,250,260.60001,1034423,1648909.4999999986,11.560714999999988
2022-09-13,251.3,253.89999,246.10001,247.60001,961131,0,0,0,1,247.60001,260.60001,961131,1655024.1999999986,10.657142142857131
2022-09-14,242.2,247.60001,240.2,243.45,1285569,0,0,0,1,243.45,260.60001,1285569,1538736.6499999985,10.414285714285702
2022-09-15,244.85001,267.70001,243,263.75,5262138,1,1,1,1,263.75,260.60001,5262138,1746324.7999999984,11.482143571428562
2022-09-16,263,265.64999,245,247.2,2635545,0,0,1,1,247.2,267.70001,2635545,1812223.2499999986,12.446428571428564
2022-09-19,254,271.85001,251.5,266.60001,6017006,0,0,1,1,266.60001,267.70001,6017006,2078163.7999999984,13.68571428571428
2022-09-20,268.89999,281.29999,268.35001,272.79999,3961858,1,1,1,1,272.79999,271.85001,3961858,2237044.8999999985,14.328570714285705
2022-09-21,273.25,286.5,269.25,283.35001,3719719,1,1,1,1,283.35001,281.29999,3719719,2305228.6499999985,15.024999285714276
2022-09-22,284.5,298.5,281.25,292.60001,5738054,1,1,1,1,292.60001,286.5,5738054,2441091.1499999985,15.149999285714276
2022-09-23,295,295.39999,278.20001,280.79999,1933169,0,0,0,1,280.79999,298.5,1933169,2504529.7499999986,15.364283571428562
2022-09-26,277.89999,279.54999,262.10001,265.25,2008716,0,0,0,0,265.25,298.5,2008716,2572320.9999999986,15.789281428571416
2022-09-27,267.64999,278.29999,257,274.70001,1883933,0,0,0,0,274.70001,298.5,1883933,2639282.1999999983,16.4785657142857
2022-09-28,272.20001,277.70001,264.35001,266.04999,1216772,0,0,0,0,266.04999,298.5,1216772,2668073.0999999987,16.17499357142856
2022-09-29,270,273.10001,261.5,268.20001,918583,0,0,0,0,268.20001,298.5,918583,2669928.6499999985,16.082137857142843
2022-09-30,268,271.95001,263.29999,265.10001,1090580,0,0,0,0,265.10001,298.5,1090580,2591920.0499999984,16.08571142857142
2022-10-03,264.45001,266.5,252.05,255.3,997719,0,0,0,0,255.3,298.5,997719,2405480.7999999984,16.560712857142846
2022-10-04,258.10001,261.70001,255.3,258.89999,907279,0,0,0,0,258.89999,298.5,907279,2353503.7999999984,16.489284285714273
2022-10-06,262,278.89999,260.45001,275.85001,1826659,0,0,0,0,275.85001,298.5,1826659,2392029.1999999983,16.153569285714273
2022-10-07,276.89999,277.29999,270.54999,274,662633,0,0,0,0,274,298.5,662633,2266137.8499999987,15.160712857142844
2022-10-10,270.54999,272.79999,266.04999,270.25,441322,0,0,0,0,270.25,298.5,441322,2225140.3999999985,13.967855714285703
2022-10-11,270.20001,270.39999,250.35001,254.35001,936427,0,0,0,0,254.35001,298.5,936427,2220240.5999999987,14.34999857142856
2022-10-12,253.05,254.75,240.60001,245.60001,1709273,0,0,0,0,245.60001,298.5,1709273,2257647.6999999983,14.128569285714276
2022-10-13,244,250.05,236.55,241.64999,1331677,0,0,0,0,241.64999,298.5,1331677,2259953.0999999987,13.860712142857134
2022-10-14,247.89999,248.89999,240,241.7,711331,0,0,0,0,241.7,298.5,711331,2032412.7499999986,13.267855714285705
2022-10-17,238,239.89999,228.75,231.25,2543717,0,0,1,0,231.25,298.5,2543717,2027821.3499999985,12.857142857142849
2022-10-18,236.3,240.3,225.8,227.5,2770742,0,0,1,0,227.5,298.5,2770742,1865508.1499999985,12.37142928571428
2022-10-19,227.5,232.39999,226.05,227.25,1206357,0,0,0,0,227.25,298.5,1206357,1727733.0999999985,11.871428571428563
2022-10-20,226.10001,230.2,225.25,228.89999,737378,0,0,0,0,228.89999,298.5,737378,1578616.0499999984,11.396427857142848
2022-10-21,230.45,232.10001,225.10001,226.5,744528,0,0,0,0,226.5,298.5,744528,1328939.7499999986,11.278569285714273
2022-10-24,226.5,228.89999,225.35001,226.45,171353,0,0,0,1,226.45,298.5,171353,1240848.9499999986,10.499996428571418
2022-10-25,225.25,226.89999,221,223.39999,903026,0,0,0,1,223.39999,298.5,903026,1185564.4499999986,10.464280714285703
2022-10-27,224.14999,229.39999,222.89999,224.14999,985530,0,0,0,1,224.14999,298.5,985530,1140644.2999999984,9.499994999999988
2022-10-28,224.89999,227.39999,214.10001,219,1047757,0,0,0,1,219,298.5,1047757,1132193.5499999984,9.967850714285703
2022-10-31,220.10001,225.39999,220.05,222.3,695169,0,0,0,1,222.3,298.5,695169,1121022.8499999985,9.857134999999987
2022-11-01,221.5,224.95,217.2,219.39999,1158792,0,0,1,1,219.39999,298.5,1158792,1124433.4499999986,8.978564999999987
2022-11-02,220.5,223.5,217.35001,218.8,1404907,0,0,1,1,218.8,298.5,1404907,1144792.8499999985,8.407136428571416
2022-11-03,218.25,223.95,217.60001,219.3,1108779,0,0,0,1,219.3,298.5,1108779,1154867.8499999985,7.896421428571415
2022-11-04,218,234.3,217.95,227.39999,3899722,0,0,1,1,227.39999,298.5,3899722,1258520.9999999986,8.428564999999988
2022-11-07,228.5,231.14999,224.2,228.55,869336,0,0,0,1,228.55,298.5,869336,1268856.1499999985,7.999992857142847
2022-11-09,229.7,235.60001,228.64999,229.55,1080045,0,0,0,1,229.55,298.5,1080045,1300792.2999999984,7.467850714285703
2022-11-10,230,235.3,229.55,233.85001,1078140,0,0,0,1,233.85001,298.5,1078140,1307877.9499999986,7.424994285714275
2022-11-11,235.5,236.89999,227.05,229.35001,700687,0,0,0,1,229.35001,298.5,700687,1257448.6499999985,7.774993571428561
2022-11-14,229,234.3,222.2,231.85001,1115315,0,0,0,1,231.85001,298.5,1115315,1246630.5499999984,8.139279285714277
2022-11-15,231.89999,233.10001,226.39999,228.5,403079,0,0,0,1,228.5,298.5,403079,1231217.9499999986,8.364282142857133
2022-11-16,230,236.7,227,229.75,1087126,0,0,0,1,229.75,298.5,1087126,1158388.3999999985,8.635711428571417
2022-11-17,230.45,239.3,226.2,236.95,1362862,0,0,1,1,236.95,298.5,1362862,1087994.3999999985,9.10713999999999
2022-11-18,238.39999,243.64999,235.60001,238.2,1075980,0,0,0,1,238.2,298.5,1075980,1081475.5499999984,8.73213999999999
2022-11-21,237.89999,237.89999,229.05,229.89999,545206,0,0,0,1,229.89999,298.5,545206,1071866.9499999986,8.928569285714275
2022-11-22,230.3,236.7,230.14999,235.5,446776,0,0,0,1,235.5,298.5,446776,1056979.3499999985,8.860712857142845
2022-11-23,236.64999,237.89999,232.55,233.35001,248565,0,0,0,1,233.35001,298.5,248565,1060839.9499999986,8.803569999999988
2022-11-24,234.55,237.5,230.64999,231.39999,375461,0,0,0,1,231.39999,298.5,375461,1034461.6999999986,8.839285714285703
2022-11-25,231.95,240.5,231.89999,238.45,559849,0,0,0,1,238.45,298.5,559849,1013177.6499999985,8.321429285714272
2022-11-28,239.64999,248.55,238,246.8,1466521,0,0,1,1,246.8,298.5,1466521,1034115.8499999985,8.578572857142843
2022-11-29,248.35001,252,241.10001,245.45,1145410,0,0,1,1,245.45,298.5,1145410,1056627.8999999985,8.853571428571415
2022-11-30,246.64999,251.95,244.7,250.5,870867,0,0,0,1,250.5,298.5,870867,1042231.6499999985,8.960714285714273
2022-12-01,250.5,251.7,243.05,244.85001,731181,0,0,0,1,244.85001,298.5,731181,1008545.3499999985,8.8750007142857
2022-12-02,245.39999,251,242.8,249.85001,615112,0,0,0,1,249.85001,298.5,615112,983861.9999999985,8.596429285714269
2022-12-05,250.3,255.85001,244.60001,253.89999,1394255,0,0,1,1,253.89999,298.5,1394255,858588.6499999985,8.921427857142842
2022-12-06,254.14999,254.45,246.55,247.7,449460,0,0,0,1,247.7,298.5,449460,837594.8499999985,8.792856428571412
2022-12-07,247.35001,249.7,243.55,245.39999,372721,0,0,0,1,245.39999,298.5,372721,802228.6499999985,8.296427857142836
2022-12-08,245.10001,249.35001,243.45,247.3,548830,0,0,0,1,247.3,298.5,548830,775763.1499999985,8.142858571428551
2022-12-09,247,248.60001,234,244,1215762,0,0,1,1,244,298.5,1215762,801516.8999999985,8.532144999999982
2022-12-12,244.5,252.05,243.25,246.75,573640,0,0,0,1,246.75,298.5,573640,774433.1499999985,8.675001428571411
2022-12-13,247.60001,247.85001,240.89999,241.95,572181,0,0,0,1,241.95,298.5,572181,782888.2499999985,8.78928928571427
2022-12-14,243.14999,246.8,242,245.05,410655,0,0,0,1,245.05,298.5,410655,749064.6999999986,8.646431428571415
2022-12-15,244.05,245.60001,233.14999,234.5,843156,0,0,1,1,234.5,298.5,843156,723079.3999999985,8.885717857142842
2022-12-16,233,236.2,225.14999,232.8,1070123,0,0,1,1,232.8,298.5,1070123,722786.5499999985,8.921432857142841
2022-12-19,232.89999,235.05,227.2,230.60001,567776,0,0,0,1,230.60001,298.5,567776,723915.0499999985,8.703576428571413
2022-12-20,230.60001,232.8,224.60001,225.2,746485,0,0,1,1,225.2,298.5,746485,738900.4999999985,8.771432857142843
2022-12-21,226.3,229.95,217.75,219.5,870908,0,0,1,1,219.5,298.5,870908,770017.6499999985,9.025004285714273
2022-12-22,220.95,225.85001,212.3,218.39999,602002,0,0,0,0,218.39999,298.5,602002,781344.6999999986,9.407147857142844
2022-12-23,216.39999,216.89999,201.95,203.85001,893370,0,0,1,0,203.85001,298.5,893370,798020.7499999985,9.778575714285703
2022-12-26,203.89999,218.45,201.60001,216.7,887240,0,0,1,0,216.7,298.5,887240,769056.6999999986,10.417860714285704
2022-12-27,218,231.89999,217.45,225.35001,1063848,0,0,1,0,225.35001,298.5,1063848,764978.5999999985,11.064288571428563
2022-12-28,226.35001,229.3,225,228.8,473880,0,0,0,0,228.8,298.5,473880,745129.2499999985,10.950002142857134
2022-12-29,227.60001,228.95,223.64999,226.3,180575,0,0,0,0,226.3,298.5,180575,717598.9499999986,10.285716428571419
2022-12-30,227.45,239,227.35001,236.95,1299523,0,0,1,0,236.95,298.5,1299523,751819.4999999985,10.564287857142846
2023-01-02,232.60001,242.75,232.60001,237.25,718068,0,0,1,0,237.25,298.5,718068,718010.1499999985,10.792857142857132
2023-01-03,238.10001,238.60001,233.05,233.55,425245,0,0,0,0,233.55,298.5,425245,716799.3999999985,10.842857857142844
2023-01-04,234,234,227,228.64999,371051,0,0,0,0,228.64999,298.5,371051,716715.8999999985,10.453570714285702
2023-01-05,229.05,230.25,225.14999,226.39999,340164,0,0,0,0,226.39999,298.5,340164,706282.5999999985,10.028570714285703
2023-01-06,226.64999,230.39999,217.55,218.75,675198,0,0,0,0,218.75,298.5,675198,679254.3999999985,10.385712857142844
2023-01-09,220.7,224.2,219.75,220.55,368938,0,0,0,0,220.55,298.5,368938,669019.2999999985,10.189284999999984
2023-01-10,221,226.25,216.10001,217.3,578224,0,0,0,0,217.3,298.5,578224,669321.4499999986,10.042855714285698
2023-01-11,218.39999,222.14999,212.2,216.7,450994,0,0,0,0,216.7,298.5,450994,671338.3999999985,9.785711428571416
2023-01-12,217.8,223.89999,214.05,214.75,805470,0,0,1,0,214.75,298.5,805470,669454.0999999985,9.314282857142842
2023-01-13,216.39999,217.75,214.14999,215.8,359710,0,0,0,0,215.8,298.5,359710,633933.4499999986,8.3678557142857
2023-01-16,217,220.89999,215.05,215.89999,253147,0,0,0,0,215.89999,298.5,253147,618201.9999999985,7.699998571428556
2023-01-17,216.64999,217.60001,213.5,215.60001,291566,0,0,0,0,215.60001,298.5,291566,595456.0499999985,7.685713571428555
2023-01-18,216.3,228.39999,214.5,225.8,1390136,0,0,1,0,225.8,298.5,1390136,621417.4499999986,8.299997857142841
2023-01-19,224.05,228.75,222.39999,226.10001,574799,0,0,0,0,226.10001,298.5,574799,620057.2999999985,7.846427142857128
2023-01-20,226.10001,230,223.75,226.7,366151,0,0,0,0,226.7,298.5,366151,593696.3499999985,7.567856428571413
2023-01-23,227,228.10001,224.89999,226.39999,193868,0,0,0,0,226.39999,298.5,193868,559027.7499999985,7.399999999999985
2023-01-24,228.35001,234,224.35001,225.39999,1122839,0,0,1,0,225.39999,298.5,1122839,561977.2999999985,7.589284999999985
2023-01-25,225.45,226,219.75,220.35001,415542,0,0,0,0,220.35001,298.5,415542,559060.3999999985,7.671427142857128
2023-01-27,220.5,223.85001,206,206.89999,1085068,0,0,1,0,206.89999,298.5,1085068,604285.0499999985,8.028571428571414
2023-01-30,205.95,212,201.14999,204.2,680426,0,0,1,0,204.2,298.5,680426,573330.1999999986,8.414286428571415
2023-01-31,204.85001,212,200.14999,210.75,873150,0,0,1,0,210.75,298.5,873150,581084.2999999985,8.535716428571416
2023-02-01,211.8,216.8,201.7,205.14999,642160,0,0,1,0,205.14999,298.5,642160,591930.0499999985,8.903574285714273
2023-02-02,203.3,220,202.5,208.64999,2492698,0,0,1,0,208.64999,298.5,2492698,698012.3999999985,9.450003571428558
2023-02-03,215,215.10001,182.89999,192.14999,3650078,0,0,1,0,192.14999,298.5,3650078,863508.0999999985,11.492861428571416
2023-02-06,193.25,197.8,190,195.60001,849707,0,0,0,0,195.60001,298.5,849707,872233.5499999985,11.632147857142845
2023-02-07,196.45,204.39999,191.14999,202.89999,984492,0,0,1,0,202.89999,298.5,984492,903011.2499999985,12.28571857142856
2023-02-08,203,206.7,200.35001,203.85001,374926,0,0,0,0,203.85001,298.5,374926,892846.3499999985,11.746432857142846
2023-02-09,202.5,203.8,198.39999,200.39999,409669,0,0,0,0,200.39999,298.5,409669,890780.0999999985,11.682147857142846
2023-02-10,199,210,197.89999,206,1279111,0,0,1,0,206,298.5,1279111,914462.1499999985,12.100005714285702
2023-02-13,207.10001,208.25,200.60001,202.25,529397,0,0,0,0,202.25,298.5,529397,922946.4999999985,12.417860714285704
2023-02-14,202.5,204.45,192.05,194.45,1135462,0,0,1,0,194.45,298.5,1135462,967062.2499999985,12.614289999999986
2023-02-15,194.55,199,193.10001,197.85001,441217,0,0,0,0,197.85001,298.5,441217,974544.7999999985,12.589289285714273
2023-02-16,198.60001,201.3,193.55,195.60001,656229,0,0,0,0,195.60001,298.5,656229,937849.4499999986,11.867859999999988
2023-02-17,194.7,198.89999,194.05,195.14999,344664,0,0,0,0,195.14999,298.5,344664,926342.6999999986,11.439287142857129
2023-02-20,195.8,196.95,193.14999,194.35001,184146,0,0,0,0,194.35001,298.5,184146,917242.4499999986,10.864287142857128
2023-02-21,195,196.64999,192.05,192.95,284813,0,0,0,0,192.95,298.5,284813,921789.6999999986,10.114286428571413
2023-02-22,192.14999,194.2,186.10001,187.3,353180,0,0,0,0,187.3,298.5,353180,883306.7499999985,9.442857142857125
2023-02-23,188.39999,189.39999,184.85001,186.60001,518549,0,0,0,0,186.60001,298.5,518549,888457.0999999985,7.467854285714269
2023-02-24,187,189.64999,184.2,185.75,415222,0,0,0,0,185.75,298.5,415222,854964.7999999985,7.299996428571412
2023-02-27,185.35001,186.95,177.64999,180.5,510658,0,0,0,0,180.5,298.5,510658,846476.3999999985,7.017854285714269
2023-02-28,181,184.7,179.8,184.2,324730,0,0,0,0,184.2,298.5,324730,819055.3999999985,6.9142835714285535
2023-03-01,184.10001,195.60001,183.95,193,867938,0,0,1,0,193,298.5,867938,830344.2999999985,7.3571399999999825
2023-03-02,192.05,195.60001,187.3,193.3,1013304,0,0,1,0,193.3,298.5,1013304,756374.5999999985,7.08571142857141
2023-03-03,194.3,200.5,194.10001,199.10001,873976,0,0,1,0,199.10001,298.5,873976,617569.4999999985,7.053569285714267
2023-03-06,200,205.39999,198.5,204.7,740898,0,0,1,0,204.7,298.5,740898,612129.0499999985,6.660711428571411
2023-03-08,204.5,209.2,203.2,204.60001,625139,0,0,1,0,204.60001,298.5,625139,594161.3999999985,6.6678549999999825
2023-03-09,204.7,214.89999,204.5,210.64999,1238352,0,0,1,0,210.64999,298.5,1238352,637332.6999999986,6.8571399999999825
2023-03-10,207,215,207,211.35001,1002578,0,0,1,0,211.35001,298.5,1002578,666978.1499999985,7.082140714285698
2023-03-13,212.95,214.45,198.7,200.64999,753910,0,0,1,0,200.64999,298.5,753910,640718.0999999985,7.935711428571413
2023-03-14,201.39999,206.39999,196.05,200.25,706246,0,0,1,0,200.25,298.5,706246,649560.5499999985,8.346425714285699
2023-03-15,202,204.85001,200.05,201.89999,717772,0,0,1,0,201.89999,298.5,717772,628676.0499999985,8.110712857142842
2023-03-16,200.2,200.39999,190.89999,197.3,1199277,0,0,1,0,197.3,298.5,1199277,666579.0499999985,8.571428571428555
2023-03-17,199.10001,203.35001,197.95,198.89999,560733,0,0,0,0,198.89999,298.5,560733,661804.2499999985,8.614287142857124
2023-03-20,198.8,200.95,192.2,195.10001,398994,0,0,0,0,195.10001,298.5,398994,664520.7499999985,8.575000714285697
2023-03-21,196.2,197.35001,194,195.05,394570,0,0,0,0,195.05,298.5,394570,675041.9499999986,8.464287142857128
2023-03-22,195.25,201.95,195.25,199.39999,744391,0,0,1,0,199.39999,298.5,744391,698020.8499999985,8.125000714285695
2023-03-23,198.60001,202.25,197.8,199.25,313537,0,0,0,0,199.25,298.5,313537,696038.6999999986,7.849999999999982
2023-03-24,199,206.5,197,198.14999,914537,0,0,1,0,198.14999,298.5,914537,715838.0999999985,8.014285714285696
2023-03-27,198.14999,198.7,191.05,192.45,534161,0,0,0,0,192.45,298.5,534161,721785.0499999985,8.067857857142839
2023-03-28,191.60001,193.55,186.05,187.05,487386,0,0,0,0,187.05,298.5,487386,720621.4499999986,8.175000714285696
2023-03-29,187,199.5,186,197.45,666719,0,0,0,0,197.45,298.5,666719,737720.8999999985,8.396429999999981
2023-03-31,200,203.25,199.10001,200.5,535079,0,0,0,0,200.5,298.5,535079,721077.9499999986,8.239287142857124
2023-04-03,201,207.39999,201,205.75,474129,0,0,0,0,205.75,298.5,474129,694119.1999999986,7.607143571428553
2023-04-05,209.5,214.64999,208.05,213.45,971216,0,0,1,0,213.45,298.5,971216,698981.1999999986,7.503572142857125
2023-04-06,214.45,218.7,212.05,217.8,794893,0,0,1,1,217.8,298.5,794893,701680.9499999986,7.6357142857142675
2023-04-10,219.39999,219.39999,212,212.75,486475,0,0,0,1,212.75,298.5,486475,694747.7499999985,7.378570714285696
2023-04-11,212.60001,217.35001,212.60001,214.64999,600819,0,0,0,1,214.64999,298.5,600819,662871.0999999985,7.2857128571428404
2023-04-12,214.60001,216.89999,213.5,215.8,437097,0,0,0,1,215.8,298.5,437097,634597.0499999985,6.903569285714269
2023-04-13,215.89999,221.8,213.89999,219.75,791630,0,0,1,1,219.75,298.5,791630,636483.0499999985,7.22856928571427
2023-04-17,222.25,224,218.25,219.25,773536,0,0,1,1,219.25,298.5,773536,639847.5499999985,7.146426428571415
2023-04-18,219.89999,220.45,214.2,215,491719,0,0,0,1,215,298.5,491719,628544.8999999985,7.274997857142844
2023-04-19,215.95,222.3,214,221.55,987107,0,0,1,1,221.55,298.5,987107,617936.3999999985,7.189283571428559
2023-04-20,222,222.3,217.2,217.8,315672,0,0,0,1,217.8,298.5,315672,605683.3499999985,7.007140714285705
2023-04-21,217.5,219.3,215,216.05,301800,0,0,0,1,216.05,298.5,301800,600823.6499999985,6.778569285714277
2023-04-24,215.2,222,215.2,219.14999,558272,0,0,0,1,219.14999,298.5,558272,609008.7499999985,6.299997857142849
2023-04-25,219.95,221.45,217.60001,220.05,376267,0,0,0,1,220.05,298.5,376267,590602.5499999985,6.160711428571419
2023-04-26,218.05,226,218.05,221.25,848785,0,0,1,1,221.25,298.5,848785,617364.9499999986,6.235712142857133
2023-04-27,221.25,222.25,219.2,219.55,191124,0,0,0,1,219.55,298.5,191124,581194.2999999985,5.817855714285705
2023-04-28,221,225.7,220.35001,225.14999,713212,0,0,1,1,225.14999,298.5,713212,590146.8499999985,5.782141428571419
2023-05-02,226.3,230,225.7,228.64999,565669,0,0,0,1,228.64999,298.5,565669,594060.9999999985,5.59999999999999
2023-05-03,229,233.5,229,232.45,986371,0,0,1,1,232.45,298.5,986371,610043.5999999985,5.607143571428561
2023-05-04,233.39999,237.7,232.60001,235.8,926433,0,0,1,1,235.8,298.5,926433,629611.2999999985,5.739287142857132
2023-05-05,235.5,237,228.60001,230.14999,642394,0,0,1,1,230.14999,298.5,642394,638024.5499999985,5.77499999999999
2023-05-08,230.85001,236,229.45,232.14999,406418,0,0,0,1,232.14999,298.5,406418,609784.6499999985,5.8321428571428475
2023-05-09,232.7,234.95,226.10001,227.45,446659,0,0,0,1,227.45,298.5,446659,592372.9499999986,6.0178564285714184
2023-05-10,227.45,227.95,224.3,224.7,233663,0,0,0,1,224.7,298.5,233663,579732.3499999985,5.6857135714285585
2023-05-11,225.10001,229.3,225.10001,228.3,192220,0,0,0,1,228.3,298.5,192220,559302.3999999985,5.649999285714273
2023-05-12,227.10001,229.2,225.05,225.85001,112928,0,0,0,1,225.85001,298.5,112928,543093.9499999986,5.639284999999985
2023-05-15,225,233.10001,223.5,231.55,437324,0,0,0,1,231.55,298.5,437324,525378.6499999985,5.839285714285698
2023-05-16,231.60001,234.3,230,230.35001,293611,0,0,0,1,230.35001,298.5,293611,501382.3999999985,5.871429285714271
2023-05-17,230.35001,239.45,230.35001,235.85001,1027457,0,0,1,1,235.85001,298.5,1027457,528169.2999999985,5.953571428571414
2023-05-18,236.8,239.85001,233.64999,234.45,568468,0,0,1,1,234.45,298.5,568468,507237.3499999985,6.178572857142841
2023-05-19,234.7,239.14999,230.60001,238.10001,606364,0,0,1,1,238.10001,298.5,606364,521771.9499999985,6.349999999999986
2023-05-22,238.25,245.35001,236.45,241.10001,1402188,0,0,1,1,241.10001,298.5,1402188,576791.3499999985,6.639285714285701
2023-05-23,242,243,240,240.14999,391529,0,0,0,1,240.14999,298.5,391529,568454.1999999986,6.50714214285713
2023-05-24,239.89999,244.35001,237,241.35001,617438,0,0,1,1,241.35001,298.5,617438,580512.7499999985,6.657142857142844
2023-05-25,240.85001,243.89999,238,238.75,523236,0,0,0,1,238.75,298.5,523236,564235.2999999985,6.478571428571415
2023-05-26,238.95,246,238.55,242.55,881287,0,0,1,1,242.55,298.5,881287,598743.4499999986,6.5428571428571285
2023-05-29,243.95,247.55,243,246.39999,759660,0,0,1,1,246.39999,298.5,759660,601065.8499999985,6.267857857142843
2023-05-30,246.39999,248.3,240.10001,242.95,899013,0,0,1,1,242.95,298.5,899013,617733.0499999985,6.592857142857132
2023-05-31,250,257.54999,247.85001,252.64999,4447603,0,0,1,1,252.64999,298.5,4447603,790794.6499999985,7.3071421428571295
2023-06-01,253.64999,264.10001,253.14999,260.04999,2668984,0,0,1,1,260.04999,298.5,2668984,877922.1999999986,7.828572142857131
2023-06-02,263,275.5,260.10001,268.04999,3068037,0,0,1,1,268.04999,298.5,3068037,999204.3499999985,8.246429285714274
2023-06-05,270,275,263,263.85001,1846316,0,0,1,1,263.85001,298.5,1846316,1071199.2499999986,8.796429285714273
2023-06-06,264.29999,273,259,269.60001,1675145,0,0,1,1,269.60001,298.5,1675145,1132623.5499999984,9.14642999999999
2023-06-07,271,284,268.20001,281.35001,2689450,0,0,1,1,281.35001,298.5,2689450,1255412.8999999985,9.832142142857132
2023-06-08,281.95001,281.95001,270.10001,271.64999,1161664,0,0,0,1,271.64999,298.5,1161664,1303885.0999999985,10.067857857142846
2023-06-09,272.25,275.75,269.70001,272.20001,481044,0,0,0,1,272.20001,298.5,481044,1322290.8999999985,9.864284999999986
2023-06-12,273.79999,277.39999,271.14999,273.70001,495216,0,0,0,1,273.70001,298.5,495216,1325185.4999999986,10.096427857142844
2023-06-13,273.04999,275.60001,268.20001,268.75,702226,0,0,0,1,268.75,298.5,702226,1345616.2499999986,10.099998571428557
2023-06-14,269.5,274.64999,269.5,270.5,504993,0,0,0,1,270.5,298.5,504993,1319493.0499999984,10.099998571428557
2023-06-15,270.85001,274.89999,264.79999,266.5,1102011,0,0,0,1,266.5,298.5,1102011,1346170.1999999986,10.289284285714274
2023-06-16,266.75,272.79999,264.25,269,1164624,0,0,0,1,269,298.5,1164624,1374083.1999999986,10.542854999999987
2023-06-19,269.29999,272,265,265.64999,623210,0,0,0,1,265.64999,298.5,623210,1335134.2999999984,10.457141428571415
2023-06-20,265.64999,269.35001,261.35001,266.29999,737652,0,0,0,1,266.29999,298.5,737652,1352440.4499999986,9.985713571428558
2023-06-21,266.29999,272.54999,266.04999,267.79999,732171,0,0,0,1,267.79999,298.5,732171,1358177.0999999985,9.6321407142857
2023-06-22,268.29999,276,267,268,1259579,0,0,0,1,268,298.5,1259579,1394994.2499999986,9.1714257142857
2023-06-23,268.10001,270.60001,261.35001,262.10001,707579,0,0,0,1,262.10001,298.5,707579,1386308.8499999985,8.974997142857129
2023-06-26,262.29999,266,258.54999,261.60001,752844,0,0,0,1,261.60001,298.5,752844,1385968.0499999984,8.5071407142857
2023-06-27,263,268,261.54999,263.5,643532,0,0,0,1,263.5,298.5,643532,1373193.9999999986,7.83928499999999
2023-06-28,263,268.79999,262.04999,262.75,523064,0,0,0,1,262.75,298.5,523064,1176967.0499999984,7.474999285714274
2023-06-30,263.29999,265.60001,260.39999,260.95001,608246,0,0,0,1,260.95001,298.5,608246,1073930.1499999985,7.414287142857132
2023-07-03,262,272,262,270.35001,1280528,0,0,1,1,270.35001,298.5,1280528,984554.6999999986,7.757143571428559
2023-07-04,270.39999,271.85001,264.79999,266.85001,905834,0,0,0,1,266.85001,298.5,905834,937530.5999999985,7.73214499999999
2023-07-05,267.5,288.89999,267.5,285.54999,4768695,0,0,1,1,285.54999,298.5,4768695,1092208.0999999985,8.885715714285706
2023-07-06,285.25,295,283.54999,286.70001,2159292,0,0,1,1,286.70001,298.5,2159292,1065700.1999999986,8.98214499999999
2023-07-07,286.89999,293.60001,283.04999,290.79999,1432979,0,0,1,1,290.79999,298.5,1432979,1079265.9499999986,9.12500428571428
2023-07-10,295.25,312.5,295.25,307.5,4791632,1,1,1,1,307.5,298.5,4791632,1294795.3499999985,10.175004999999995
2023-07-11,309.79999,310.89999,301.89999,303.29999,1178396,0,0,0,1,303.29999,312.5,1178396,1328954.3499999985,10.246433571428566
2023-07-12,304.29999,307.39999,300.10001,301.75,910366,0,0,0,1,301.75,312.5,910366,1339361.3499999985,10.303574999999995
2023-07-13,303,306.89999,294.54999,300.45001,810021,0,0,0,1,300.45001,312.5,810021,1354612.7499999986,10.54286071428571
2023-07-14,301.20001,308.79999,300,302.85001,743317,0,0,0,1,302.85001,312.5,743317,1336678.0499999984,10.510717142857137
2023-07-17,304.45001,312,304.45001,310.04999,1666515,0,0,1,1,310.04999,312.5,1666515,1361772.5999999985,10.63214428571428
2023-07-18,311,314.35001,305,305.60001,951742,0,0,0,1,305.60001,312.5,951742,1378199.1999999986,10.839287142857135
2023-07-19,305.29999,323,305.04999,319.79999,4487748,1,1,1,1,319.79999,314.35001,4487748,1565703.9999999986,11.63928785714285
2023-07-20,322.5,327.95001,318,321.60001,3458980,0,0,1,1,321.60001,323,3458980,1702044.4499999986,11.978572857142852
2023-07-21,321,326.85001,318.45001,319.95001,861345,0,0,0,1,319.95001,327.95001,861345,1682132.7499999986,11.789287857142853
2023-07-24,321,325.14999,315.95001,319.39999,882558,0,0,0,1,319.39999,327.95001,882558,1690881.6999999986,11.942856428571421
2023-07-25,320.95001,323,313,314.60001,663492,0,0,0,1,314.60001,327.95001,663492,1686414.0999999985,11.082143571428563
2023-07-26,315.39999,317,310,311.14999,564103,0,0,0,1,311.14999,327.95001,564103,1682442.6499999985,10.764285714285705
2023-07-27,312.45001,320.04999,312.04999,319.20001,1032890,0,0,0,1,319.20001,327.95001,1032890,1707933.9499999986,10.646427142857132
2023-07-28,319,323.95001,313.04999,316.20001,834824,0,0,0,1,316.20001,327.95001,834824,1719262.8499999985,9.874999285714276
2023-07-31,317.75,323.39999,315,322.04999,838809,0,0,0,1,322.04999,327.95001,838809,1697176.8999999985,9.832141428571418
2023-08-01,323.5,333.70001,321.5,326,1441508,0,0,0,1,326,327.95001,1441508,1723960.5999999985,10.182143571428563
2023-08-02,326.60001,332,318.10001,325.29999,1770591,0,0,1,1,325.29999,333.70001,1770591,1574055.3999999985,10.292857142857132
2023-08-03,326.10001,337.79999,323.5,330.45001,1261116,0,0,0,1,330.45001,333.70001,1261116,1529146.5999999985,10.685714285714274
2023-08-04,333,344.89999,320,321.20001,5936585,0,0,1,1,321.20001,337.79999,5936585,1754326.8999999985,11.810714285714274
2023-08-07,325,331.5,321.04999,324.20001,1557637,0,0,0,1,324.20001,344.89999,1557637,1592627.1499999985,11.889285714285705
2023-08-08,325.60001,336.35001,325,334.10001,1725167,0,0,1,1,334.10001,344.89999,1725167,1619965.6999999986,11.474999285714274
2023-08-09,335.5,335.70001,329.54999,333.85001,961695,0,0,0,1,333.85001,344.89999,961695,1622532.1499999985,11.203571428571419
2023-08-10,334,339.5,332.79999,335.64999,1304475,0,0,0,1,335.64999,344.89999,1304475,1647254.8499999985,11.082143571428563
2023-08-11,336.60001,338.10001,324.10001,328.5,817317,0,0,0,1,328.5,344.89999,817317,1650954.8499999985,11.425002142857137
2023-08-14,327.5,335,321.29999,328.25,792974,0,0,0,1,328.25,344.89999,792974,1607277.7999999984,11.689288571428566
2023-08-16,325,328.85001,317,319.25,771271,0,0,0,1,319.25,344.89999,771271,1598254.2499999986,12.035717857142853
2023-08-17,319.29999,322.70001,315.14999,316.25,347555,0,0,0,1,316.25,344.89999,347555,1391244.5999999985,11.939290714285713
2023-08-18,316.60001,320.89999,310,311.95001,744395,0,0,0,1,311.95001,344.89999,744395,1255515.3499999985,11.939288571428566
2023-08-21,313.39999,322.5,312.89999,317.95001,718649,0,0,0,1,317.95001,344.89999,718649,1248380.5499999984,12.092859999999993
2023-08-22,317.95001,327,316,323.35001,1039246,0,0,0,1,323.35001,344.89999,1039246,1256214.9499999986,12.007144999999992
2023-08-23,324.10001,325.5,318.04999,319.20001,410193,0,0,0,1,319.20001,344.89999,410193,1243549.9999999986,11.546432142857137
2023-08-24,322.54999,329,320.04999,324.89999,949829,0,0,0,1,324.89999,344.89999,949829,1262836.2999999984,11.225003571428564
2023-08-25,323.39999,324.64999,317,317.79999,468080,0,0,0,1,317.79999,344.89999,468080,1234595.7999999984,10.01071785714285
2023-08-28,318.04999,321.85001,314.89999,319.39999,656576,0,0,0,1,319.39999,344.89999,656576,1225683.3999999985,9.760718571428564
2023-08-29,319.39999,323.89999,316.5,318.20001,661677,0,0,0,1,318.20001,344.89999,661677,1216826.7999999984,9.421432142857137
2023-08-30,319.89999,338.29999,318.79999,335.85001,3243800,0,0,1,1,335.85001,344.89999,3243800,1306941.3999999985,10.417857857142845
2023-08-31,336.79999,337.89999,323.04999,327.35001,1195092,0,0,0,1,327.35001,344.89999,1195092,1278166.4499999986,10.999999999999988
2023-09-01,328.64999,342,328.04999,338.60001,2271496,0,0,1,1,338.60001,344.89999,2271496,1328685.4499999986,11.046427857142845
2023-09-04,340.39999,343.95001,334.20001,335.60001,1313789,0,0,1,1,335.60001,344.89999,1313789,1097545.6499999985,10.764284285714272
2023-09-05,337.35001,339.5,330.10001,333,681879,0,0,0,1,333,344.89999,681879,1053757.7499999986,10.589282857142845
2023-09-06,334.75,346.39999,332.75,343.70001,2847065,0,0,1,1,343.70001,344.89999,2847065,1109852.6499999985,11.024994999999986
2023-09-07,344.20001,355,340.5,352.85001,4026434,1,1,1,1,352.85001,346.39999,4026434,1263089.5999999985,11.282138571428558
2023-09-08,356,384.89999,353.04999,380.95001,5938332,1,1,1,1,380.95001,355,5938332,1494782.4499999986,12.81785214285713
2023-09-11,383.79999,392,370.04999,387.25,2734964,1,1,1,1,387.25,384.89999,2734964,1590664.7999999984,13.599995714285702
2023-09-12,386.10001,386.60001,352.20001,357.70001,2710493,0,0,1,1,357.70001,392,2710493,1686540.7499999986,15.571422857142844
2023-09-13,358.20001,366.60001,351.95001,361.70001,1582230,0,0,0,1,361.70001,392,1582230,1727088.6999999986,15.917852142857129
2023-09-14,362,388,362,383.79999,4212856,0,0,1,1,383.79999,392,4212856,1920353.7499999986,17.232137857142842
2023-09-15,386,402,383.5,397.39999,4139892,1,1,1,1,397.39999,392,4139892,2090128.5999999985,18.057136428571415
2023-09-18,395,404,392.5,395.54999,1648772,0,0,0,1,395.54999,402,1648772,2136634.7499999986,18.34999428571427
2023-09-20,394.95001,404,389.85001,398.04999,862644,0,0,0,1,398.04999,404,862644,2127804.6499999985,17.92499499999999
2023-09-21,397.35001,406.70001,390.20001,394.20001,936985,0,0,0,1,394.20001,404,936985,2154144.2499999986,18.04285214285713
2023-09-22,395.39999,395.89999,382.5,389,1025275,0,0,0,1,389,406.70001,1025275,2157916.5499999984,17.953566428571413
2023-09-25,389.75,392.64999,385,389.25,503095,0,0,0,1,389.25,406.70001,503095,2159667.2999999984,17.8035657142857
2023-09-26,400,401,393,399.29999,1255289,0,0,0,1,399.29999,406.70001,1255289,2189602.9499999983,17.971423571428556
2023-09-27,396.5,399.70001,391.25,398.35001,400815,0,0,0,1,398.35001,406.70001,400815,2176559.8499999987,17.599996428571416
2023-09-28,398.04999,400,390,391.29999,551314,0,0,0,1,391.29999,406.70001,551314,2041935.5499999984,17.278567857142843
2023-09-29,393,397.85001,391.35001,393.54999,420855,0,0,0,1,393.54999,406.70001,420855,2003223.6999999986,15.457142142857132
2023-10-03,394.39999,397.39999,385.54999,388.35001,572617,0,0,0,1,388.35001,406.70001,572617,1918279.7499999986,14.735712857142845
2023-10-04,387.54999,391.20001,376.45001,380.79999,675832,0,0,0,1,380.79999,406.70001,675832,1886381.8999999985,13.28571357142856
2023-10-05,381.5,389.95001,381.5,387.85001,281254,0,0,0,1,387.85001,406.70001,281254,1866350.6499999985,12.892857857142852
2023-10-06,388.70001,395,387.89999,391.04999,364980,0,0,0,1,391.04999,406.70001,364980,1742246.3999999985,11.52500071428571
2023-10-09,380.04999,384,376.14999,381.5,561834,0,0,0,1,381.5,406.70001,561834,1569016.3999999985,11.267857857142852
2023-10-10,384.10001,393.79999,381.54999,390.60001,504554,0,0,0,1,390.60001,406.70001,504554,1297327.4999999986,11.324999999999992
2023-10-11,392,419,392,410.29999,4262373,1,1,1,1,410.29999,406.70001,4262373,1373697.9499999986,12.342857142857136
2023-10-12,410.39999,423.39999,409.70001,420.14999,1456901,1,1,1,1,420.14999,419,1456901,1311018.3499999985,12.142855714285705
2023-10-13,420,443,416.5,440.60001,3563368,1,1,1,1,440.60001,423.39999,3563368,1410075.2499999986,13.078570714285705
2023-10-16,440.5,451,435.10001,445.79999,2103570,1,1,1,1,445.79999,443,2103570,1304610.9499999986,13.66785642857142
2023-10-17,448,457.29999,445.29999,454.70001,971573,0,1,0,1,454.70001,451,971573,1146194.9999999986,13.685713571428563
2023-10-18,452.54999,454.45001,438.25,451.10001,1195399,0,0,1,1,451.10001,457.29999,1195399,1123526.3499999985,14.257142142857134
2023-10-19,451.04999,453,436.95001,439.64999,1569857,0,0,1,1,439.64999,457.29999,1569857,1158886.9999999986,14.689284285714276
2023-10-20,440.70001,444,433.70001,439.45001,724769,0,0,0,1,439.45001,457.29999,724769,1148276.1999999986,14.957139285714273
2023-10-23,439.45001,444.39999,407,411.89999,1782467,0,0,1,0,411.89999,457.29999,1782467,1186135.7999999984,16.782138571428558
2023-10-25,415,419.95001,390,403.64999,1550791,0,0,1,0,403.64999,457.29999,1550791,1238520.5999999985,17.867853571428558
2023-10-26,400.10001,402.95001,385.79999,399.95001,1105559,0,0,0,0,399.95001,457.29999,1105559,1231034.0999999985,18.4892807142857
2023-10-27,402.89999,419.70001,402.89999,408.39999,772205,0,0,0,0,408.39999,457.29999,772205,1249603.5999999985,19.389281428571415
2023-10-30,407,424,406.04999,414.70001,1239878,0,0,0,0,414.70001,457.29999,1239878,1284031.7999999984,19.607139285714275
2023-10-31,416.39999,430.29999,415.20001,425.20001,891143,0,0,0,0,425.20001,457.29999,891143,1307546.1999999986,19.842852857142844
2023-11-01,427,443.5,423.60001,434.60001,1253361,0,0,0,0,434.60001,457.29999,1253361,1341583.3999999985,19.235709999999987
2023-11-02,436,449.89999,430.25,435.39999,1315105,0,0,0,0,435.39999,457.29999,1315105,1373547.0499999984,19.660710714285702
2023-11-03,438,454.89999,437.85001,451.70001,1323229,0,0,0,0,451.70001,457.29999,1323229,1425645.7999999984,19.160710714285702
2023-11-06,459.89999,460,446.04999,449.5,755052,0,0,0,0,449.5,457.29999,755052,1445149.3999999985,19.02142642857142
2023-11-07,447.60001,460.89999,447.60001,452.29999,774077,0,0,0,0,452.29999,460,774077,1455761.5499999984,19.11428214285713
2023-11-08,454.79999,464.70001,452.45001,456.95001,916579,0,0,0,1,456.95001,460.89999,916579,1476362.7999999984,18.824997142857136
2023-11-09,480,496.45001,473.25,479.79999,10098156,1,1,1,1,479.79999,464.70001,10098156,1768151.9499999986,20.49999785714285
2023-11-10,481.70001,489.70001,478.29999,487.85001,2009269,0,0,1,1,487.85001,496.45001,2009269,1795770.3499999985,20.578571428571426
2023-11-12,493.7,535,490.1,529.2,4425415,1,1,1,1,529.2,496.45001,4425415,1838872.6999999986,21.275
2023-11-13,531,546.29999,518,523.79999,4226034,0,0,1,1,523.79999,535,4226034,1944995.8999999985,21.157141428571425
2023-11-15,530.15002,537.54999,516,521.34998,2193693,0,0,1,1,521.34998,546.29999,2193693,2006101.8999999985,21.42142642857142
2023-11-16,524.09998,549.90002,522.79999,548,3970254,1,1,1,1,548,546.29999,3970254,2144844.6499999985,22.050000714285712
2023-11-17,548.70001,557.5,542.09998,546.54999,2323915,0,0,1,1,546.54999,549.90002,2323915,2182547.5499999984,21.86785857142857
2023-11-20,548.79999,551.5,532.75,535.25,1190124,0,0,0,1,535.25,557.5,1190124,2205815.2999999984,22.09286
2023-11-21,538.95001,562.95001,538.5,549.84998,2604631,0,0,1,1,549.84998,557.5,2604631,2246923.4999999986,22.65000428571429
2023-11-22,552.79999,553.45001,533.09998,537.90002,1950003,0,0,0,1,537.90002,562.95001,1950003,2266884.0999999987,22.70000714285715
2023-11-23,542.40002,547.95001,521.15002,526.34998,1404702,0,0,0,1,526.34998,562.95001,1404702,2281841.2499999986,23.221435000000007
2023-11-24,526.34998,530.59998,512.20001,517.20001,743686,0,0,0,1,517.20001,562.95001,743686,2280415.2999999984,23.539289285714286
2023-11-28,525.75,532.09998,515.95001,519.34998,584244,0,0,0,1,519.34998,562.95001,584244,2247633.5999999987,23.742859999999997
2023-11-29,522,534.95001,516,530.09998,584338,0,0,0,1,530.09998,562.95001,584338,2232293.3499999987,24.210716428571423
2023-11-30,528,533.79999,526.75,530.34998,461373,0,0,0,1,530.34998,562.95001,461373,2192693.9499999983,21.892858571428565
2023-12-01,530.79999,541.45001,528,532.09998,522054,0,0,0,1,532.09998,562.95001,522054,2153041.3999999985,22.03928642857142
2023-12-04,537.40002,542.79999,530.04999,532.75,373710,0,0,0,1,532.75,562.95001,373710,2105565.4499999983,19.582144285714275
2023-12-05,534.70001,568,534,561.20001,2244243,0,0,1,1,561.20001,562.95001,2244243,2180024.9999999986,20.078573571428564
2023-12-06,565,569.40002,553.04999,554.90002,856464,0,0,0,1,554.90002,568,856464,2184144.3499999987,19.707147857142854
2023-12-07,554.90002,556.29999,531.5,533.09998,1014016,0,0,0,1,533.09998,569.40002,1014016,2189016.1999999983,19.439287142857133
2023-12-08,535.75,547.5,532.09998,538.95001,1420670,0,0,0,1,538.95001,569.40002,1420670,1755141.8999999985,19.439287142857133
2023-12-11,541.09998,541.59998,525.09998,533.20001,1011322,0,0,0,1,533.20001,569.40002,1011322,1705244.5499999984,19.278572857142848
2023-12-12,531,549.45001,528.25,546.29999,879663,0,0,0,1,546.29999,569.40002,879663,1527956.9499999986,18.814287142857133
2023-12-13,548.09998,550,535,535.79999,314467,0,0,0,1,535.79999,569.40002,314467,1332378.5999999985,18.432142142857128
2023-12-14,540,541.25,531.79999,533.34998,349272,0,0,0,1,533.34998,569.40002,349272,1240157.5499999984,17.192857857142847
2023-12-15,535.75,543.45001,527.54999,532.5,446889,0,0,0,1,532.5,569.40002,446889,1063989.2999999984,17.014289999999995
2023-12-18,534,536.20001,523.20001,532.54999,459345,0,0,0,1,532.54999,569.40002,459345,970760.7999999985,16.789292142857143
2023-12-19,534.04999,548.75,532.70001,538.29999,677795,0,0,0,1,538.29999,569.40002,677795,945144.3499999985,16.592863571428573
2023-12-20,542.29999,542.29999,500,515.04999,832668,0,0,0,1,515.04999,569.40002,832668,856546.1999999986,19.110720714285716
2023-12-21,510,518.90002,498.04999,515.20001,699067,0,0,0,1,515.20001,569.40002,699067,793999.3999999985,19.639293571428574
2023-12-22,519.04999,532.5,513.5,530.54999,772554,0,0,1,1,530.54999,569.40002,772554,762391.9999999985,20.085722142857147
2023-12-26,530.54999,548,520.29999,545.09998,1075875,0,0,1,1,545.09998,569.40002,1075875,779001.4499999986,19.546437142857148
2023-12-27,545.79999,554,536.40002,552,1085874,0,0,1,1,552,569.40002,1085874,804082.9499999986,19.635719285714284
2023-12-28,552,555.5,538.54999,545.45001,1636270,0,0,1,1,545.45001,569.40002,1636270,856679.5499999985,19.07500642857143
2023-12-29,542,553.20001,531.75,548.15002,1083956,0,0,1,1,548.15002,569.40002,1083956,887808.6999999986,19.50714857142857
2024-01-01,548,579.29999,543.84998,570.79999,1790229,1,1,1,1,570.79999,569.40002,1790229,951217.4499999986,20.860720714285716
2024-01-02,574.90002,575.90002,554.54999,573.34998,858090,0,0,0,1,573.34998,579.29999,858090,975436.4499999986,20.87143642857143
2024-01-03,566.5,574,553.5,559.34998,1072888,0,0,1,1,559.34998,579.29999,1072888,916868.6999999986,21.264293571428574
2024-01-04,559.29999,571,554.34998,558.04999,1327008,0,0,1,1,558.04999,579.29999,1327008,940395.8999999985,21.778580000000005
2024-01-05,558.45001,573.90002,555.34998,557.70001,624647,0,0,0,1,557.70001,579.29999,624647,920927.4499999986,21.967867142857152
2024-01-08,560.20001,563.90002,555,559.45001,625112,0,0,0,1,559.45001,579.29999,625112,881149.5499999985,21.67501142857144
2024-01-09,563.5,564.70001,532.79999,537.34998,561009,0,0,0,1,537.34998,579.29999,561009,858633.8999999985,22.796440714285726
2024-01-10,537.34998,553.09998,537,551.70001,415663,0,0,0,1,551.70001,579.29999,415663,835433.8999999985,20.92501142857144
2024-01-11,551.70001,556.09998,538,540.15002,517251,0,0,0,1,540.15002,579.29999,517251,845573.0999999985,20.72857928571429
2024-01-12,543.15002,543.20001,527.5,530.34998,663903,0,0,0,1,530.34998,579.29999,663903,861304.6499999985,20.49286571428572
2024-01-15,535,538.5,524.09998,533.84998,667493,0,0,0,1,533.84998,579.29999,667493,872334.8499999985,19.542866428571436
2024-01-16,531,544.90002,529.5,540.95001,1717100,0,0,1,1,540.95001,579.29999,1717100,935222.5999999985,19.38572642857144
2024-01-17,539,575,532.04999,570.34998,2228965,0,0,1,1,570.34998,579.29999,2228965,1012781.0999999985,21.2428692857143
2024-01-18,585,608,565,599.45001,2760175,1,1,1,1,599.45001,579.29999,2760175,1109156.4499999986,22.782154285714295
2024-01-19,605.20001,607.79999,583.45001,599.84998,998210,0,0,0,1,599.84998,608,998210,1124113.5999999985,21.989295000000006
2024-01-20,602.09998,604.59998,583.54999,587.45001,448824,0,0,0,1,587.45001,608,448824,1107927.0999999985,21.967863571428573
2024-01-23,593,613,585.59998,588.95001,935491,0,0,0,1,588.95001,608,935491,1100907.8999999985,22.460722142857147
2024-01-24,589.90002,598.65002,585.09998,589.15002,466407,0,0,0,1,589.15002,613,466407,1069934.5499999984,22.239295000000006
2024-01-25,590.95001,595.20001,570.04999,578.79999,666377,0,0,0,1,578.79999,613,666377,1021439.8999999985,22.710722142857147
2024-01-29,584.95001,590,577.20001,579.59998,899492,0,0,0,1,579.59998,613,899492,1012216.6999999986,22.989291428571427
2024-01-30,583.84998,589,575.09998,581.15002,329625,0,0,0,1,581.15002,613,329625,939186.4999999985,21.703577142857142
2024-01-31,585.20001,597.25,572.59998,587.40002,2993167,0,0,1,1,587.40002,613,2993167,1045940.3499999985,22.31429428571429
2024-02-01,590,594.95001,583,588.79999,500725,0,0,0,1,588.79999,613,500725,1017332.1999999986,21.875010714285725
2024-02-02,597,605.95001,585.95001,590.79999,532653,0,0,0,1,590.79999,613,532653,977614.4499999986,22.182152857142864
2024-02-05,590,609.84998,588,595.70001,922243,0,0,0,1,595.70001,613,922243,992494.2499999985,22.71429285714286
2024-02-06,598.95001,623.90002,580,596.09998,2725969,0,0,1,1,596.09998,613,2725969,1097537.0999999985,24.750007142857147
2024-02-07,605.20001,611.70001,584,587,983338,0,0,0,1,587,623.90002,983338,1118653.5499999984,23.66072142857143
2024-02-08,590.65002,593.45001,574.84998,577.54999,580611,0,0,0,1,577.54999,623.90002,580611,1126900.9499999986,21.917866428571436
2024-02-09,579,580.29999,541.59998,558,1563683,0,0,1,1,558,623.90002,1563683,1179222.5499999984,22.942868571428583
2024-02-12,560.09998,570.90002,538,542.04999,553032,0,0,0,1,542.04999,623.90002,553032,1173678.9999999986,23.7892992857143
2024-02-13,540.09998,550.75,525.09998,548.09998,401389,0,0,0,1,548.09998,623.90002,401389,1160373.7999999984,23.6642992857143
2024-02-14,540,563.70001,539.95001,560.65002,375649,0,0,0,1,560.65002,623.90002,375649,1093301.2499999986,24.392867857142868
2024-02-15,564.40002,574.90002,562.20001,563.84998,298607,0,0,0,1,563.84998,623.90002,298607,996783.3499999985,23.614295000000006
2024-02-16,568.40002,575,537.04999,544.59998,1263567,0,0,1,1,544.59998,623.90002,1263567,921952.9499999986,25.41072500000001
2024-02-19,548.40002,560.59998,546.54999,549.25,357026,0,0,0,1,549.25,623.90002,357026,889893.7499999985,25.56072357142858
2024-02-20,550,554.34998,539,542.20001,336289,0,0,0,1,542.20001,623.90002,336289,884266.9999999985,24.896435
2024-02-21,542.20001,548.84998,527.79999,529.45001,617550,0,0,0,1,529.45001,623.90002,617550,868369.9499999986,25.54643357142857
2024-02-22,530.09998,545.95001,512.5,543.45001,1083557,0,0,1,1,543.45001,623.90002,1083557,899227.4499999986,26.50714857142857
2024-02-23,544.75,568,541,565.84998,1156496,0,0,1,1,565.84998,623.90002,1156496,923733.3999999985,26.875007142857147
2024-02-26,562.04999,571.79999,557.5,567,527927,0,0,0,1,567,623.90002,527927,905155.1499999985,24.760719285714284
2024-02-27,562,572.70001,554.59998,558.15002,472351,0,0,0,1,558.15002,623.90002,472351,912291.4499999986,24.07500642857143
2024-02-28,555,559.65002,523.29999,528.5,891660,0,0,1,1,528.5,623.90002,891660,807216.0999999985,25.342863571428573
2024-02-29,525,530,507.04999,510.25,1312973,0,0,1,1,510.25,623.90002,1312973,847828.4999999985,24.217863571428573
2024-03-01,521.5,543.70001,519.65002,533.79999,1087875,0,0,1,1,533.79999,623.90002,1087875,875589.5999999985,24.25714857142857
2024-03-02,534.79999,543.5,534.79999,540.59998,97896,0,0,0,1,540.59998,623.90002,97896,834372.2499999985,23.117862142857142
2024-03-04,543,551,534.45001,545.5,800140,0,0,1,1,545.5,623.90002,800140,738080.7999999985,22.60357571428571
2024-03-05,540.09998,553.70001,540.09998,549.65002,325795,0,0,0,1,549.65002,623.90002,325795,705203.6499999985,22.557149285714285
2024-03-06,537.29999,554,527.20001,537.95001,519081,0,0,0,1,537.95001,623.90002,519081,702127.1499999985,21.760719285714284
2024-03-07,542.65002,551,537.04999,547.84998,344537,0,0,0,1,547.84998,623.90002,344537,641169.8499999985,21.614291428571427
2024-03-11,547.84998,547.84998,528.15002,542.79999,340086,0,0,0,1,542.79999,623.90002,340086,630522.5499999985,21.925004285714284
2024-03-12,542,548.84998,515.70001,524.90002,526517,0,0,0,1,524.90002,623.90002,526517,636778.9499999986,22.789288571428564
2024-03-13,528.45001,530.20001,491.25,494.79999,1018203,0,0,1,0,494.79999,623.90002,1018203,668906.6499999985,23.182145714285706
2024-03-14,480.10001,513.04999,469.89999,510.20001,619176,0,0,0,1,510.20001,623.90002,619176,684935.0999999985,24.335717142857135
2024-03-15,510.75,514,487.39999,511.64999,577742,0,0,0,0,511.64999,623.90002,577742,650643.8499999985,25.214289999999995
2024-03-18,512.09998,520.29999,502.64999,516.20001,404461,0,0,0,0,516.20001,623.90002,404461,653015.5999999985,25.182144999999988
2024-03-19,518.79999,519,496.60001,500.85001,267392,0,0,0,0,500.85001,623.90002,267392,649570.7499999985,24.185713571428554
2024-03-20,500.95001,508.95001,500.95001,506.14999,174352,0,0,0,0,506.14999,623.90002,174352,627410.8499999985,23.124998571428556
2024-03-21,514.20001,531,510,524.15002,305555,0,0,0,0,524.15002,623.90002,305555,588510.7499999985,22.51071285714284
2024-03-22,526.40002,544.5,522,535.95001,491887,0,0,0,1,535.95001,623.90002,491887,555280.2999999985,23.424997857142838
2024-03-26,532.09998,536.70001,515,518.45001,440770,0,0,0,1,518.45001,623.90002,440770,550922.4499999986,23.79285642857141
2024-03-27,527,527,510.25,513.84998,741289,0,0,1,1,513.84998,623.90002,741289,564369.3499999985,24.017854285714265
2024-03-28,515.5,522.59998,513.54999,515.40002,278035,0,0,0,1,515.40002,623.90002,278035,533688.0999999985,22.749997142857122
2024-04-01,528,553,517,551.75,672406,0,0,1,1,551.75,623.90002,672406,501659.7499999985,24.43928071428569
2024-04-02,558,562.79999,552.79999,560.20001,434682,0,0,0,1,560.20001,623.90002,434682,469000.0999999985,23.82142571428569
2024-04-03,555.5,564.90002,545.09998,561.5,236370,0,0,0,1,561.5,623.90002,236370,475923.79999999853,22.867859285714275
2024-04-04,562.29999,586,554,583.65002,961058,0,0,1,1,583.65002,623.90002,961058,483969.6999999985,22.371429999999986
2024-04-05,583.5,583.5,566.54999,580.09998,1015365,0,0,1,1,580.09998,623.90002,1015365,518448.1999999985,20.51071785714285
2024-04-08,581,592.70001,575.29999,585.20001,446919,0,0,0,1,585.20001,623.90002,446919,514840.0999999985,19.85357571428571
2024-04-09,582.65002,587.54999,565.75,568.65002,312558,0,0,0,1,568.65002,623.90002,312558,513241.1499999985,20.150003571428567
2024-04-10,574.04999,574.5,558.95001,565.15002,221145,0,0,0,1,565.15002,623.90002,221145,507294.0999999985,19.660717857142853
2024-04-12,567,577,564,568.95001,386499,0,0,0,1,568.95001,623.90002,386499,500293.1999999985,20.01071785714285
2024-04-15,540,564,530,558.54999,1161487,0,0,1,1,558.54999,623.90002,1161487,507457.3999999985,21.01786071428571
2024-04-16,554.04999,568,543.20001,548.04999,463695,0,0,0,1,548.04999,623.90002,463695,499683.3499999985,21.182145714285706
2024-04-18,557,557.90002,532,538.75,543219,0,0,1,1,538.75,623.90002,543219,497957.1999999985,21.482146428571422
2024-04-19,532.04999,535,517.04999,528.70001,603955,0,0,1,1,528.70001,623.90002,603955,507931.8999999985,21.83571857142857
2024-04-22,539.5,560.95001,533.84998,550.40002,916410,0,0,1,1,550.40002,623.90002,916410,540382.7999999985,23.492862142857142
2024-04-23,558.79999,565.75,550.09998,561.25,364849,0,0,0,1,561.25,623.90002,364849,549907.6499999985,21.925007857142862
2024-04-24,575,586.54999,567.65002,574.70001,1236507,0,0,1,1,574.70001,623.90002,1236507,596455.2499999985,22.942865000000005
2024-04-25,575,589.15002,573.54999,576.95001,602312,0,0,1,1,576.95001,623.90002,602312,601976.4999999985,22.64286428571429
2024-04-26,579.79999,581,566.29999,571.40002,442062,0,0,0,1,571.40002,623.90002,442062,602041.0999999985,21.407150714285716
2024-04-29,578.95001,580,569,570.34998,273233,0,0,0,1,570.34998,623.90002,273233,578638.2999999985,20.971434285714285
2024-04-30,571.04999,573,563,564.34998,164025,0,0,0,1,564.34998,623.90002,164025,572937.7999999985,20.442861428571426
2024-05-02,565,608.70001,565,605.20001,4561135,0,0,1,1,605.20001,623.90002,4561135,767374.2499999985,22.053578571428574
2024-05-03,610,614.40002,580.40002,600.70001,2078794,0,0,1,1,600.70001,623.90002,2078794,849579.8499999985,23.37143642857143
2024-05-06,604.90002,605,572.5,582.90002,956664,0,0,1,1,582.90002,623.90002,956664,885594.5499999985,24.764293571428574
2024-05-07,582,587.65002,567.29999,581.5,1430381,0,0,1,1,581.5,623.90002,1430381,909060.6999999986,23.43572357142858
2024-05-08,581,595,570.54999,590.45001,671114,0,0,0,1,590.45001,623.90002,671114,891848.1499999985,23.41072500000001
2024-05-09,596.40002,599.90002,568,573.90002,667782,0,0,0,0,573.90002,623.90002,667782,902891.2999999985,23.839296428571437
2024-05-10,562.34998,571.65002,537,555.15002,1127044,0,0,1,1,555.15002,623.90002,1127044,943615.5999999985,24.92501142857144
2024-05-13,571,587.70001,561.79999,583.65002,1411399,0,0,1,1,583.65002,623.90002,1411399,1003128.2999999985,24.946439285714295
2024-05-14,585,597.15002,580.84998,593.40002,595333,0,0,0,1,593.40002,623.90002,595333,1013569.9999999985,24.9928692857143
2024-05-15,597.95001,609,592.09998,598.95001,865276,0,0,0,1,598.95001,623.90002,865276,998759.4499999986,24.392871428571446
2024-05-16,604.5,610,594,601.95001,654581,0,0,0,1,601.95001,623.90002,654581,1008303.7499999985,24.421440714285726
2024-05-17,605,618.54999,598.15002,609.79999,1328431,0,0,1,1,609.79999,623.90002,1328431,1047564.3499999985,24.82858071428572
2024-05-18,614.20001,631.90002,610,629,457305,0,1,0,1,629,623.90002,457305,1040231.8499999985,25.62144000000001
2024-05-21,631,631,606.04999,610.34998,1376473,0,0,1,1,610.34998,631.90002,1376473,1063234.9999999986,26.68929785714287
2024-05-22,615,615,588.75,601.40002,868909,0,0,0,1,601.40002,631.90002,868909,1088437.9999999986,25.39643857142858
2024-05-23,605,609.5,596.04999,603.04999,327902,0,0,0,1,603.04999,631.90002,327902,1043007.7499999985,23.928582142857152
2024-05-24,605,613,601.40002,604.90002,358351,0,0,0,1,604.90002,631.90002,358351,1030809.6999999986,22.43572357142858
2024-05-27,612,624.70001,604,607.65002,668090,0,0,0,1,607.65002,631.90002,668090,1042111.0999999985,22.460722142857147
2024-05-28,610.90002,616,588.29999,600.65002,602417,0,0,0,1,600.65002,631.90002,602417,1058570.2999999984,22.692865000000005
2024-05-29,592,605,588.70001,599.90002,475206,0,0,0,1,599.90002,631.90002,475206,1074129.3499999985,21.578577142857142
2024-05-30,599.90002,609,596.25,601.54999,390960,0,0,0,1,601.54999,631.90002,390960,865620.5999999985,19.85357571428571
2024-05-31,575.09998,585,545,548.95001,3462247,0,0,1,1,548.95001,631.90002,3462247,934793.2499999985,21.567861428571426
2024-06-03,575.90002,583.95001,548,550.15002,2660182,0,0,1,1,550.15002,631.90002,2660182,1019969.1499999985,22.971430714285706
2024-06-04,555,555,440.14999,471.25,2148402,0,0,1,0,471.25,631.90002,2148402,1055870.1999999986,29.96785857142856
2024-06-05,489.29999,505.85001,468.39999,492.60001,1930352,0,0,1,1,492.60001,631.90002,1930352,1118832.0999999985,31.500002857142846
2024-06-06,497,520.65002,495.89999,509.25,1977254,0,0,1,1,509.25,631.90002,1977254,1184305.6999999986,32.046434285714284
2024-06-07,517.15002,538.29999,515,535.15002,1165976,0,0,0,1,535.15002,631.90002,1165976,1186252.2999999984,32.54285999999999
2024-06-10,535,535.65002,515.29999,528.40002,1661235,0,0,1,1,528.40002,631.90002,1661235,1198744.0999999985,32.21428999999999
2024-06-11,530,533.75,522.5,523.90002,914143,0,0,0,1,523.90002,631.90002,914143,1214684.5999999985,31.142861428571422
2024-06-12,527,544.40002,523.45001,539.5,2915398,0,0,1,1,539.5,631.90002,2915398,1317190.6999999986,31.678575714285707
2024-06-13,545.04999,557.04999,532.79999,542.70001,2325092,0,0,1,1,542.70001,631.90002,2325092,1400716.2499999986,32.58214857142857
2024-06-14,543.79999,547,535.15002,538.09998,3689629,0,0,1,1,538.09998,631.90002,3689629,1518776.1499999985,31.950003571428564
2024-06-18,543,549.40002,538,540.45001,1581221,0,0,1,1,540.45001,631.90002,1581221,1574971.9499999986,30.785718571428564
2024-06-19,542.70001,546.5,527,528.75,1009596,0,0,0,1,528.75,631.90002,1009596,1556628.0999999985,31.01429071428571
2024-06-20,528,535.09998,514.79999,526.75,2425915,0,0,1,1,526.75,631.90002,2425915,1634478.3999999985,31.553575714285707
2024-06-21,527,528.40002,515.09998,516,1553451,0,0,0,1,516,631.90002,1553451,1695755.8499999985,28.464293571428573
2024-06-24,520,520.04999,505.70001,512.34998,2300235,0,0,1,1,512.34998,631.90002,2300235,1792850.0499999984,26.92143428571428
2024-06-25,518,547,511.79999,541.75,4690097,0,0,1,1,541.75,631.90002,4690097,1993950.3999999985,21.23214857142857
2024-06-26,541.75,569.70001,533.45001,565.84998,5032630,0,0,1,1,565.84998,631.90002,5032630,2215461.0499999984,21.146432857142855
2024-06-27,564.90002,567.40002,547,553.04999,1145610,0,0,0,1,553.04999,631.90002,1145610,2248981.2499999986,20.600005
2024-06-28,549.90002,559.70001,545.15002,549.04999,683983,0,0,0,1,549.04999,631.90002,683983,2263632.3999999985,19.56429071428571
2024-07-01,549.04999,563,544.84998,558.59998,1233010,0,0,0,1,558.59998,631.90002,1233010,2152170.5499999984,19.407147142857138
2024-07-02,563,574,557.09998,569.65002,2197011,0,0,1,1,569.65002,631.90002,2197011,2129011.9999999986,19.81072
2024-07-03,575,602,570,592.34998,4482938,0,0,1,1,592.34998,631.90002,4482938,2245738.7999999984,20.625003571428568
2024-07-04,596.5,613.70001,591.40002,610.45001,1537731,0,0,0,1,610.45001,631.90002,1537731,2226107.7499999986,20.485717142857137
2024-07-05,605.09998,620.29999,604.59998,616.40002,1430750,0,0,0,1,616.40002,631.90002,1430750,2198782.5499999984,20.760719285714284
2024-07-08,618.5,630,605.54999,612.04999,1575119,0,0,0,1,612.04999,631.90002,1575119,2219239.6999999983,21.692861428571426
2024-07-09,617.59998,654.5,615.25,643.54999,4650012,1,1,1,1,643.54999,631.90002,4650012,2368678.5499999984,23.332147857142854
2024-07-10,650.45001,661.79999,636.04999,649.70001,2042026,0,0,0,1,649.70001,654.5,2042026,2425072.6999999983,23.721434285714285
2024-07-11,653,670.95001,648,668.79999,1945524,0,1,0,1,668.79999,661.79999,1945524,2376578.9999999986,24.410717857142853
2024-07-12,670,670,654.20001,658.45001,736568,0,0,0,1,658.45001,670.95001,736568,2297152.7999999984,24.514289999999995
2024-07-15,657.29999,657.29999,630.59998,638.09998,644224,0,0,0,1,638.09998,670.95001,644224,2144882.5499999984,23.989291428571427
2024-07-16,637,653,630.25,645.84998,1090138,0,0,0,1,645.84998,670.95001,1090138,2120328.3999999985,23.025005714285715
2024-07-18,645,662,634.70001,652.40002,1494548,0,0,0,1,652.40002,670.95001,1494548,2144575.9999999986,23.51786071428571
2024-07-19,658.20001,660,625.09998,632.79999,849871,0,0,0,1,632.79999,670.95001,849871,2065773.7999999984,24.971434285714285
2024-07-22,634,661,621,654.75,1047104,0,0,0,1,654.75,670.95001,1047104,2040456.4499999986,26.532147142857138
2024-07-23,660,662.34998,620.15002,644.90002,865237,0,0,0,1,644.90002,670.95001,865237,1968706.5499999984,28.3392857142857
2024-07-24,646.75,678.5,642.59998,668.90002,1005162,0,0,0,1,668.90002,670.95001,1005162,1784459.7999999984,28.592859999999995
2024-07-25,662,662,634.59998,637.65002,1022201,0,0,0,1,637.65002,678.5,1022201,1583938.3499999985,29.45000642857143
2024-07-26,642,654.75,638.59998,644.20001,440274,0,0,0,1,644.20001,678.5,440274,1548671.5499999984,29.550004285714284
2024-07-29,654,659.90002,641.04999,644.65002,503678,0,0,0,1,644.65002,678.5,503678,1539656.2999999984,29.150005714285715
2024-07-30,648,652,641.65002,643.84998,310831,0,0,0,1,643.84998,678.5,310831,1493547.3499999985,26.857146428571422
2024-07-31,647.90002,663.95001,635.84998,640.70001,932063,0,0,0,1,640.70001,678.5,932063,1430299.9499999986,27.025005714285715
2024-08-01,644,654.15002,636.29999,649.75,1076254,0,0,0,1,649.75,678.5,1076254,1259965.7499999986,26.66072142857143
2024-08-02,635,668,632.70001,652.5,838057,0,0,0,1,652.5,678.5,838057,1224982.0499999984,28.053578571428574
2024-08-05,636.5,636.5,600.59998,630,1862402,0,0,1,1,630,678.5,1862402,1246564.6499999985,29.771435
2024-08-06,636,659.90002,628.75,632.84998,1184994,0,0,0,0,632.84998,678.5,1184994,1227058.3999999985,30.37143642857143
2024-08-07,648,656.54999,636.75,651.59998,1683957,0,0,1,1,651.59998,678.5,1683957,1078755.6499999985,30.114295000000006
2024-08-08,636,664,629.59998,647.29999,3048740,0,0,1,1,647.29999,678.5,3048740,1129091.3499999985,30.07858071428572
2024-08-09,654.95001,665,642.65002,657.79999,821721,0,0,0,1,657.79999,678.5,821721,1072901.1999999986,28.817865000000005
2024-08-12,645,701.79999,635.75,696.79999,4662723,1,1,1,1,696.79999,678.5,4662723,1269208.9499999986,30.52143857142858
2024-08-13,696.95001,704.59998,670,672.45001,1581373,0,0,1,1,672.45001,701.79999,1581373,1316066.3999999985,30.428578571428574
2024-08-14,675,678.15002,651.25,660.90002,859462,0,0,0,1,660.90002,704.59998,859462,1304532.5999999985,29.900005714285715
2024-08-16,665,711,665,706.70001,4695996,1,1,1,1,706.70001,704.59998,4695996,1464604.9999999986,32.25714857142857
2024-08-19,712,732.54999,705,717.84998,2105380,1,1,1,1,717.84998,711,2105380,1527380.4499999986,32.87857428571428
2024-08-20,719,735,700.04999,710.90002,1322085,0,0,0,1,710.90002,732.54999,1322085,1541129.4999999986,34.63571928571428
2024-08-21,710,722.95001,707.54999,719.54999,805021,0,0,0,1,719.54999,735,805021,1538118.6999999986,33.72857571428571
2024-08-22,720,731,716.20001,720.59998,869655,0,0,0,1,720.59998,735,869655,1531343.3499999985,33.5107157142857
2024-08-23,721,733.90002,718.25,726.09998,1279176,0,0,0,1,726.09998,735,1279176,1544192.0999999985,32.107146428571426
2024-08-26,729.90002,734.79999,722.59998,729.25,526694,0,0,0,1,729.25,735,526694,1548513.0999999985,29.27143142857142
2024-08-27,735,750,715.09998,717.34998,1156714,0,0,0,1,717.34998,735,1156714,1581164.8999999985,29.539288571428564
2024-08-28,717.5,725,705.04999,712.20001,621990,0,0,0,1,712.20001,750,621990,1596722.8499999985,29.27143142857142
2024-08-29,706,716,700,707.90002,763782,0,0,0,1,707.90002,750,763782,1588308.7999999984,27.957144285714275
2024-08-30,709.34998,716.29999,702.79999,708.40002,379528,0,0,0,1,708.40002,750,379528,1553472.4999999986,27.325002857142852
2024-09-02,713.40002,713.40002,687,698.20001,780013,0,0,0,1,698.20001,750,780013,1550570.2999999984,24.492862142857142
2024-09-03,700.29999,705.95001,694.79999,697.45001,308994,0,0,0,1,697.45001,750,308994,1472899.8999999985,22.817865000000005
2024-09-04,695.65,701.9,692.1,696.6,324480,0,0,0,1,696.6,750,324480,1429874.1999999986,21.596434999999996
2024-09-05,700,706.79999,693.45001,698.40002,457969,0,0,0,1,698.40002,750,457969,1368574.7999999984,18.971434999999996
2024-09-06,704,704.15002,676.79999,680.29999,876456,0,0,0,1,680.29999,750,876456,1259960.5999999985,18.957152142857147
2024-09-09,681,689.7,663,680.8,719617,0,0,0,1,680.8,750,719617,1254855.3999999985,18.36786571428572
2024-09-10,689.2,693,673,690.6,698439,0,0,0,1,690.6,750,698439,1056641.1999999986,18.696435714285716
2024-09-11,690.6,696,679.5,682.85,353622,0,0,0,1,682.85,750,353622,995253.6499999985,18.817865000000005
2024-09-12,686,691,681.1,686.8,363509,0,0,0,1,686.8,750,363509,970455.9999999985,18.407149285714286
2024-09-13,687,691.7,683.05,688.9,149695,0,0,0,1,688.9,750,149695,743140.9499999986,18.15357714285715
2024-09-16,688.9,694,676,679.9,603303,0,0,0,1,679.9,750,603303,668037.0999999985,16.94643285714286
2024-09-17,680,688,672.3,685.3,294213,0,0,0,1,685.3,750,294213,616643.4999999985,16.642860714285717
2024-09-18,688.15,688.2,671.45,681.65,220613,0,0,0,1,681.65,750,220613,587423.0999999985,16.696432142857144
2024-09-19,683.1,684.1,657,663.5,499238,0,0,0,1,663.5,750,499238,568902.2499999985,17.66786071428572
2024-09-20,660,665.9,655,657.75,467507,0,0,0,1,657.75,750,467507,528318.7999999985,16.56071642857143
2024-09-23,700,700,658.85,690.85,1097663,0,0,1,1,690.85,750,1097663,556867.2499999985,18.78214357142857
2024-09-24,685,723,685,719.65,2352376,0,0,1,1,719.65,750,2352376,616650.3499999985,20.796429285714286
2024-09-25,719.65,732.4,701.5,718.6,1186919,0,0,1,1,718.6,750,1186919,644896.7999999985,22.050002142857146
2024-09-26,715.8,729.55,704.05,725.45,1020805,0,0,1,1,725.45,750,1020805,657747.9499999986,21.91785714285714
2024-09-27,727.05,752.9,725.45,740.5,1864356,0,0,1,1,740.5,750,1864356,731989.3499999985,21.97142857142856
2024-09-30,743.4,769.3,739,766.3,2902809,1,1,1,1,766.3,752.9,2902809,838129.1499999985,22.707142857142845
2024-10-01,767,794.75,730.1,739.45,4101258,0,0,1,1,739.45,769.3,4101258,1027742.3499999985,26.146428571428554
2024-10-03,742.45,752,726.25,735.05,720353,0,0,0,1,735.05,794.75,720353,1047535.9999999985,27.278571428571414
2024-10-04,736,737.9,711.65,720.25,555737,0,0,0,0,720.25,794.75,555737,1052424.3999999985,28.535714285714267
2024-10-07,720.2,733.6,683,686.45,776965,0,0,0,0,686.45,794.75,776965,1047449.8499999985,30.864285714285696
2024-10-08,673.95,698,662,695.4,533660,0,0,0,0,695.4,794.75,533660,1038151.9999999985,32.314285714285695
2024-10-09,690,711,687.85,706.6,765839,0,0,0,1,706.6,794.75,765839,1041521.9999999985,32.77142857142855
2024-10-10,701,714.9,696.05,698.1,281876,0,0,0,1,698.1,794.75,281876,1037934.6999999986,32.182142857142836
2024-10-11,693,706.55,691,699.65,268087,0,0,0,1,699.65,794.75,268087,1033163.5999999985,32.51428571428569
2024-10-14,701.5,714.5,694,711.95,291896,0,0,0,1,711.95,794.75,291896,1040273.6499999985,30.96071428571426
2024-10-15,715,719.1,706.45,715.5,322727,0,0,0,1,715.5,794.75,322727,1026244.8499999985,29.149999999999974
2024-10-16,710.2,725.45,708,721.65,280907,0,0,0,1,721.65,794.75,280907,1025579.5499999985,28.189285714285692
2024-10-17,721.65,734,718.6,730.15,890330,0,0,0,0,730.15,794.75,890330,1059065.3999999985,27.46785714285712
2024-10-18,720.15,723.7,705.5,714.85,396985,0,0,0,0,714.85,794.75,396985,1053952.7499999986,27.26785714285712
2024-10-21,715.6,720.2,703.3,713.3,641396,0,0,0,0,713.3,794.75,641396,1062647.1999999986,26.310714285714276
2024-10-22,715.5,717.5,673.25,681.05,752198,0,0,0,0,681.05,794.75,752198,1045373.9499999986,24.85357142857142
2024-10-23,668,719.75,668,712.5,736601,0,0,0,0,712.5,794.75,736601,964585.1999999986,26.71071428571428
2024-10-24,711,739,711,719.15,499164,0,0,0,0,719.15,794.75,499164,930197.4499999986,26.83571428571428
2024-10-25,717.6,723.05,686.3,697.65,1303805,0,0,1,0,697.65,794.75,1303805,944347.4499999986,25.84642857142856
2024-10-28,690,722.95,690,718.8,292289,0,0,0,0,718.8,794.75,292289,865744.0999999985,25.628571428571423
2024-10-29,720,730,702.75,727.8,191937,0,0,0,0,727.8,794.75,191937,730200.4999999985,25.921428571428567
2024-10-30,725.4,728.2,709.25,719.15,362193,0,0,0,0,719.15,794.75,362193,543247.2499999985,25.928571428571423
2024-10-31,721.5,731,714.1,727.85,406871,0,0,0,0,727.85,794.75,406871,527573.1499999985,26.025
2024-11-01,731.95,735,728.1,733.4,73213,0,0,0,0,733.4,794.75,73213,503446.9499999985,25.071428571428566
2024-11-04,745,745,716.15,731.7,1770705,0,0,1,0,731.7,794.75,1770705,553133.9499999986,26.228571428571428
2024-11-05,731.7,750,720,745.95,819113,0,0,1,0,745.95,794.75,819113,567406.5999999985,27.124999999999996
2024-11-06,755.85,775,741.55,772.85,1097281,0,0,1,0,772.85,794.75,1097281,583978.6999999986,28.414285714285715
2024-11-07,784.85,806,771.8,798.65,2113479,0,1,1,0,798.65,794.75,2113479,675558.8499999985,29.09642857142858
2024-11-08,799,804,766.1,774.9,629840,0,0,0,0,774.9,806,629840,693646.4999999985,30.596428571428568
2024-11-11,727.7,772.95,727.7,765.25,1254066,0,0,1,0,765.25,806,1254066,741754.9999999985,30.80714285714285
2024-11-12,746.05,764.95,730,734.2,979267,0,0,1,0,734.2,806,979267,774581.9999999985,29.628571428571423
2024-11-13,728.05,735,686,690.1,754738,0,0,0,0,690.1,806,754738,798273.5499999985,31.128571428571423
2024-11-14,689,703.2,673.5,678.3,623248,0,0,0,0,678.3,806,623248,784919.4499999986,30.624999999999996
2024-11-18,680,699,671.3,675.9,436859,0,0,0,0,675.9,806,436859,786913.1499999985,30.249999999999996
2024-11-19,679.95,702,676.5,686.9,786646,0,0,0,0,686.9,806,786646,794175.6499999985,30.16785714285714
2024-11-21,682.7,693.65,650.15,691.5,1078716,0,0,1,0,691.5,806,1078716,810501.5499999985,31.921428571428567
2024-11-22,698.35,705,688,700.6,769581,0,0,0,0,700.6,806,769581,812150.5499999985,31.928571428571423
2024-11-25,725,750,717.05,747.05,1513594,0,0,1,0,747.05,806,1513594,862872.0499999985,34.94642857142857
2024-11-26,743,770.4,741.55,755.45,533001,0,0,0,0,755.45,806,533001,824331.8499999985,34.94642857142857
2024-11-27,750.55,761.35,745.8,759.15,240265,0,0,0,0,759.15,806,240265,821730.6499999985,33.91428571428572
2024-11-28,759.15,779,753.4,769.95,532623,0,0,0,0,769.95,806,532623,838764.9499999986,33.35357142857143
2024-11-29,779,788,770.65,774.7,1469875,0,0,1,0,774.7,806,1469875,894149.0499999985,32.199999999999996
2024-12-02,780,787.95,772,786.5,956941,0,0,1,0,786.5,806,956941,921652.5499999985,30.632142857142856
2024-12-03,789,794.9,775,784.8,300808,0,0,0,0,784.8,806,300808,933032.2999999985,28.682142857142857
2024-12-04,788.55,799.9,774.9,794.1,1117249,0,0,1,1,794.1,806,1117249,900359.4999999985,27.95
2024-12-05,791.55,800,780,783.9,464676,0,0,0,1,783.9,806,464676,882637.6499999985,25.87857142857143
2024-12-06,787.95,793.6,778.2,789.7,232992,0,0,0,1,789.7,806,232992,839423.1999999986,24.857142857142854
2024-12-09,812.9,824.45,798,805.2,2497833,0,0,1,1,805.2,806,2497833,858640.8999999985,25.360714285714277
2024-12-10,802,803.05,785.15,796.7,432866,0,0,0,1,796.7,824.45,432866,848792.1999999986,24.928571428571423
2024-12-11,797.45,808,794.15,802.95,449482,0,0,0,1,802.95,824.45,449482,808562.9999999985,22.810714285714283
2024-12-12,804.05,805,778.55,797.4,438271,0,0,0,1,797.4,824.45,438271,781513.1999999986,23.485714285714288
2024-12-13,797.4,797.4,775.05,788.6,254114,0,0,0,1,788.6,824.45,254114,756481.9999999985,21.553571428571434
2024-12-16,782.15,804.85,782.15,802.3,363763,0,0,0,1,802.3,824.45,363763,743507.7499999985,21.11428571428572
2024-12-17,802,810,786,791.9,394228,0,0,0,1,791.9,824.45,394228,741376.1999999986,21.717857142857145
2024-12-18,791,801.95,779.1,787.9,368161,0,0,0,1,787.9,824.45,368161,720451.9499999986,21.521428571428572
2024-12-19,800,800.05,764,777.7,418519,0,0,0,0,777.7,824.45,418519,687442.0999999985,22.807142857142857
2024-12-20,777.85,788,758,776.35,461771,0,0,0,0,776.35,824.45,461771,672051.5999999985,23.810714285714283
2024-12-23,771.65,787.6,765.2,768.85,207675,0,0,0,0,768.85,824.45,207675,606755.6499999985,23.98928571428571
2024-12-24,768.95,794.9,766.05,792.2,253790,0,0,0,0,792.2,824.45,253790,592795.0999999985,24.264285714285712
2024-12-26,799.05,805,789.95,798.3,511028,0,0,0,0,798.3,824.45,511028,606333.2499999985,23.91071428571428
2024-12-27,793.5,818.8,788.05,810.2,686218,0,0,1,0,810.2,824.45,686218,614012.9999999985,25.007142857142856
2024-12-30,810.2,810.65,792.9,804.95,353266,0,0,0,0,804.95,824.45,353266,558182.5499999985,23.79285714285714
2024-12-31,802.7,815,792,813.8,465758,0,0,0,0,813.8,824.45,465758,533623.3999999985,24.003571428571423
2025-01-01,813.05,815,807.15,812.7,138440,0,0,0,0,812.7,824.45,138440,525504.9999999985,23.574999999999992
2025-01-02,811,825,809,820.5,1985911,0,0,1,1,820.5,824.45,1985911,568938.0999999985,22.82857142857142
2025-01-03,820,835,805,814.35,1936492,0,0,1,1,814.35,825,1936492,642528.8999999985,23.37499999999999
2025-01-06,817,817,770.95,774.2,550438,0,0,0,0,774.2,835,550438,658401.1999999986,25.042857142857123
2025-01-07,778.8,800,778,797.2,310512,0,0,0,0,797.2,835,310512,549035.1499999985,25.17142857142855
2025-01-08,795,806,783.4,789.8,474155,0,0,0,0,789.8,835,474155,551099.5999999985,25.153571428571407
2025-01-09,789.8,790.15,770,774.35,384927,0,0,0,0,774.35,835,384927,547871.8499999985,24.01785714285712
2025-01-10,771.6,771.6,743.25,755.5,490182,0,0,0,0,755.5,835,490182,550467.3999999985,24.096428571428554
2025-01-13,751,751,713,720,617812,0,0,1,0,720,835,617812,568652.2999999985,25.53214285714284
2025-01-14,720,734.5,712.9,731.15,415120,0,0,0,0,731.15,835,415120,571220.1499999985,25.0142857142857
2025-01-15,745,777.7,740.05,760.4,1949774,0,0,1,0,760.4,835,1949774,648997.4499999986,27.264285714285705
2025-01-16,761.8,784.3,761.55,766.7,333054,0,0,0,0,766.7,835,333054,647242.0999999985,26.774999999999988
2025-01-17,768,787.3,758,779.65,271873,0,0,0,0,779.65,835,271873,639909.7999999985,27.599999999999987
2025-01-20,791.45,804,775.3,798.45,562680,0,0,0,0,798.45,835,562680,644955.2499999985,28.007142857142846
2025-01-21,798.45,822.95,790,792.65,1004920,0,0,1,0,792.65,835,1004920,684817.4999999985,29.79999999999999
2025-01-22,791.95,797.95,755.6,779.75,379653,0,0,0,0,779.75,835,379653,691110.6499999985,31.68214285714285
2025-01-23,773.6,805.95,772.2,802.85,322536,0,0,0,0,802.85,835,322536,681686.0499999985,31.949999999999992
2025-01-24,800.65,808.15,782,789.05,260729,0,0,0,0,789.05,835,260729,660411.5999999985,30.52857142857142
2025-01-27,771,772.65,719.05,740.65,797081,0,0,1,0,740.65,835,797081,682602.3499999985,33.68571428571428
2025-01-28,735,743.2,676.7,717.7,883720,0,0,1,0,717.7,835,883720,703500.4499999986,36.82142857142857
2025-01-29,717.7,749.45,716.55,742.95,288034,0,0,0,0,742.95,835,288034,710980.1499999985,37.732142857142854
2025-01-30,742.95,755,720,721.75,195203,0,0,0,0,721.75,835,195203,621444.7499999985,38.01071428571429
2025-01-31,730.15,744.3,724.15,742,163916,0,0,0,0,742,835,163916,532815.9499999986,36.58571428571429
2025-02-01,742,751,722.95,735.15,243396,0,0,0,0,735.15,835,243396,517463.8499999985,37.046428571428564
2025-02-03,730.3,732.85,710,715.5,330044,0,0,0,0,715.5,835,330044,518440.4499999985,35.51785714285713
2025-02-04,734,735,715.05,720.35,262664,0,0,0,0,720.35,835,262664,507865.8999999985,35.23571428571428
2025-02-05,724,738,721.55,732.4,215613,0,0,0,0,732.4,835,215613,499400.1999999985,34.403571428571425
2025-02-06,740,750,710,748.3,840701,0,0,1,0,748.3,835,840701,516926.1499999985,35.210714285714275
2025-02-07,743,808.95,740.05,801.75,2706292,0,0,1,0,801.75,835,2706292,621350.1499999985,37.77857142857142
2025-02-10,787,822.95,770.4,777.15,779107,0,0,1,0,777.15,835,779107,639549.4999999985,38.50714285714285
2025-02-11,766.4,796.2,762,778.4,1539205,0,0,1,0,778.4,835,1539205,619021.0499999985,38.53928571428571
2025-02-12,778.4,794.6,765.15,777.55,714640,0,0,1,0,777.55,835,714640,638100.3499999985,38.77500000000001
2025-02-13,779,804.95,777.05,793.25,698516,0,0,1,0,793.25,835,698516,659432.4999999985,35.76785714285715
2025-02-14,800,800.8,725.15,737.5,531517,0,0,0,0,737.5,835,531517,657874.3499999985,36.421428571428585
2025-02-17,737.5,760,716.75,734.75,789607,0,0,1,0,734.75,835,789607,647108.6999999986,37.160714285714285
2025-02-18,736.55,749.65,700.2,709.8,480698,0,0,0,0,709.8,835,480698,652160.9499999986,38.19285714285714
2025-02-19,710.65,731.95,702.15,726.9,447056,0,0,0,0,726.9,835,447056,658386.9499999986,38.71071428571429
2025-02-20,726,773.3,726,769.05,927069,0,0,1,0,769.05,835,927069,691703.9499999986,40.08571428571429
2025-02-21,768.6,793,765.55,778.4,772496,0,0,1,0,778.4,835,772496,690474.6999999986,40.250000000000014
2025-02-24,767.3,776,752.85,765.75,371887,0,0,0,0,765.75,835,371887,664883.0499999985,40.65000000000001
2025-02-25,760,773.3,751.7,762.35,310868,0,0,0,0,762.35,835,310868,666024.7499999985,40.93214285714286
2025-02-27,762,773.95,745,757.4,358408,0,0,0,0,757.4,835,358408,674184.9999999985,40.142857142857146
2025-02-28,747.2,751.3,727.75,736.9,889622,0,0,1,0,736.9,835,889622,710470.2999999985,37.339285714285715
2025-03-03,738.05,776.2,666,697.95,2263847,0,0,1,0,697.95,835,2263847,811492.8499999985,41.45714285714285
2025-03-04,685,726,676.05,708.65,1163011,0,0,1,0,708.65,835,1163011,853141.1999999986,42.58214285714285
2025-03-05,735,760,712.15,757.85,746106,0,0,0,0,757.85,835,746106,877313.2999999985,44.146428571428565
2025-03-06,758.5,791.95,758.5,783.45,867179,0,0,0,0,783.45,835,867179,909891.5999999985,44.58928571428571
2025-03-07,785,798.65,779.05,795.25,696283,0,0,0,0,795.25,835,696283,902670.6999999986,40.58571428571428
2025-03-10,796,808.95,782.85,793.15,511346,0,0,0,0,793.15,835,511346,792923.3999999985,39.36071428571428
2025-03-11,790,821.45,766.6,816.4,1026063,0,0,1,0,816.4,835,1026063,805271.1999999986,39.746428571428574
2025-03-12,822,842.95,812.8,820.4,1195019,0,0,1,0,820.4,835,1195019,788061.8999999985,39.77142857142859
2025-03-13,822,824,797.05,810.1,698978,0,0,0,0,810.1,842.95,698978,787278.7999999985,38.31785714285716
2025-03-17,825.6,831.95,795.3,808.15,1044591,0,0,1,0,808.15,842.95,1044591,804582.5499999985,38.97500000000002
2025-03-18,813.5,820.9,805,809.25,521456,0,0,0,0,809.25,842.95,521456,804079.4999999985,38.28571428571431
2025-03-19,816.25,837.2,807.7,809.8,1035900,0,0,1,0,809.8,842.95,1035900,816394.1499999985,38.85000000000002
2025-03-20,814.4,888.9,808.25,872.1,4741228,1,1,1,1,872.1,842.95,4741228,1029420.6499999985,42.54285714285716
2025-03-21,875.55,892.9,873.8,879.4,1649729,0,0,1,1,879.4,888.9,1649729,1089554.2999999984,41.9107142857143
2025-03-24,884.95,900,863.25,868.2,858711,0,0,0,1,868.2,892.9,858711,1086136.3999999985,36.664285714285725
2025-03-25,872.85,873.4,825.5,829.2,926768,0,0,0,1,829.2,900,926768,1093849.9999999986,36.517857142857146
2025-03-26,828.1,848.25,812.2,826.9,628242,0,0,0,1,826.9,900,628242,1106667.7499999986,35.425
2025-03-27,826.85,875,821.95,871.9,1673958,0,0,1,1,871.9,900,1673958,1174822.2499999986,36.77857142857142
2025-03-28,875.25,884.4,857,869.8,570447,0,0,0,1,869.8,900,570447,1185424.1999999986,37.335714285714275
2025-04-01,861,864.4,841.45,848.2,533729,0,0,0,1,848.2,900,533729,1167629.5499999984,37.49642857142856
2025-04-02,850.15,859,830.2,849.35,412488,0,0,0,1,849.35,900,412488,1075061.5999999985,35.635714285714265
2025-04-03,844.5,865,834.95,858.6,435236,0,0,0,1,858.6,900,435236,1038672.8499999985,35.6285714285714
2025-04-04,854.95,854.95,785,808.4,1148652,0,0,1,0,808.4,900,1148652,1058800.1499999985,38.96071428571425
2025-04-07,664.3,802,664.3,792.7,1136406,0,0,1,0,792.7,900,1136406,1072261.4999999986,46.63571428571425
2025-04-08,796.3,813.75,752.4,768.75,1550829,0,0,1,0,768.75,900,1550829,1114988.7999999984,49.882142857142824
2025-04-09,768.75,770,730.5,751.05,735780,0,0,0,0,751.05,900,735780,1126210.4999999986,50.59642857142853
2025-04-11,769.95,773,750.6,758.5,648877,0,0,0,0,758.5,900,648877,1107351.1999999986,46.43571428571425
2025-04-15,764.9,788.85,748,776.9,767718,0,0,0,1,776.9,900,767718,1085986.1499999985,47.86785714285712
2025-04-16,778.8,799,773.75,797.2,437809,0,0,0,1,797.2,900,437809,1072927.6999999986,47.04642857142854
2025-04-17,792.85,799.9,773.2,779.15,622497,0,0,0,1,779.15,900,622497,1051822.9999999986,45.53214285714283
2025-04-21,779.9,792,777,786.75,286193,0,0,0,1,786.75,900,286193,1040059.8499999985,44.028571428571404
2025-04-22,787.05,797.5,774.5,777.6,329025,0,0,0,1,777.6,900,329025,1004716.0999999985,41.88214285714283
2025-04-23,780,790,760.85,768.9,554954,0,0,0,1,768.9,900,554954,795402.3999999985,42.00714285714283
2025-04-24,774.15,796.95,771.2,785.95,792061,0,0,1,1,785.95,900,792061,752518.9999999985,41.985714285714266
2025-04-25,789.5,793,746.25,756.8,635625,0,0,0,1,756.8,900,635625,741364.6999999986,43.267857142857125
2025-04-28,756.8,788.2,756.8,778.6,756049,0,0,1,1,778.6,900,756049,732828.7499999985,43.36428571428571
2025-04-29,778,784,764,770.45,314294,0,0,0,1,770.45,900,314294,717131.3499999985,39.535714285714285
2025-04-30,770,784.2,760.4,767.5,640239,0,0,0,1,767.5,900,640239,665445.3999999985,30.942857142857143
2025-05-02,774.85,779.35,752.4,764.2,304687,0,0,0,1,764.2,900,304687,652157.3999999985,28.485714285714288
2025-05-05,760.75,775,760.05,767.25,226509,0,0,0,1,767.25,900,226509,636796.3999999985,26.732142857142858
2025-05-06,767.6,769.6,750.05,758.5,339816,0,0,0,1,758.5,900,339816,633162.7999999985,26.52857142857144
2025-05-07,755.1,767.5,747.3,760.45,315106,0,0,0,1,760.45,900,315106,627156.2999999985,25.053571428571438
2025-05-08,766,770.85,740,748.9,244634,0,0,0,1,748.9,900,244634,581955.3999999985,25.453571428571443
2025-05-09,725,738.1,715.4,727,330068,0,0,0,1,727,900,330068,541638.4999999985,25.939285714285727
2025-05-12,751,765,748.7,760.3,445413,0,0,0,1,760.3,900,445413,486367.6999999985,27.582142857142877
2025-05-13,760.3,773,751.25,767.05,462762,0,0,0,1,767.05,900,462762,472716.79999999853,27.492857142857165
2025-05-14,767,780,764.55,773.4,370206,0,0,0,1,773.4,900,370206,458783.2499999985,26.514285714285737
2025-05-15,774.95,797.15,768.65,786.55,414386,0,0,0,1,786.55,900,414386,441116.6499999985,26.546428571428596
2025-05-16,789,793.95,776.15,781.9,310696,0,0,0,1,781.9,900,310696,434760.9999999985,24.478571428571453
2025-05-19,777,794.95,776.2,788.75,293775,0,0,0,1,788.75,900,293775,418324.8999999985,23.575000000000014
2025-05-20,792.55,794.9,767,775.45,222064,0,0,0,1,775.45,900,222064,415118.4499999985,24.13928571428573
2025-05-21,779,781.55,762.7,773.5,237239,0,0,0,1,773.5,900,237239,410529.1499999985,23.78571428571429
2025-05-22,771,772.95,760,766.75,246260,0,0,0,1,766.75,900,246260,395094.4499999985,22.825
2025-05-23,761.15,776,758,762.05,270728,0,0,0,1,762.05,900,270728,369027.79999999853,23.04285714285714
2025-05-26,762.1,780.85,758.35,776.45,449498,0,0,1,1,776.45,900,449498,359721.4499999985,23.253571428571423
2025-05-27,776.45,790.5,771,783.5,661800,0,0,1,1,783.5,900,661800,355008.9999999985,23.20357142857142
2025-05-28,790.5,819.9,784.05,813.65,1631173,0,0,1,1,813.65,900,1631173,420852.9499999985,23.599999999999987
2025-05-29,833,903.9,822.15,895,19181775,0,0,1,1,895,900,19181775,1347929.7499999986,27.653571428571414
2025-05-30,896,938.8,891.05,935.55,5722619,1,1,1,1,935.55,903.9,5722619,1618826.3499999985,28.349999999999987
2025-06-02,930,946.8,912.65,933.95,2156314,0,0,1,1,933.95,938.8,2156314,1715316.5999999985,29.23571428571427
2025-06-03,934.95,938.55,905.7,920.6,1661360,0,0,0,1,920.6,946.8,1661360,1781393.7999999984,30.478571428571403
2025-06-04,920,932.9,907.1,911.45,939789,0,0,0,1,911.45,946.8,939789,1812627.9499999986,30.285714285714256
2025-06-05,922,973,908.1,962.35,4922285,1,1,1,1,962.35,946.8,4922285,2046510.4999999986,33.64999999999996
2025-06-06,965.05,990,946.05,966.3,2221827,0,0,1,1,966.3,973,2221827,2141098.4499999983,35.44999999999997
2025-06-09,966.95,972.2,952.15,955.25,555950,0,0,0,1,955.25,990,555950,2146625.2999999984,34.88928571428569
2025-06-10,959.1,994,959.1,965.9,2084305,0,0,0,1,965.9,990,2084305,2227702.4499999983,36.31071428571427
2025-06-11,965,975.9,952,954.8,696693,0,0,0,1,954.8,994,696693,2244026.7999999984,37.05357142857141
2025-06-12,957.8,964,920,924.5,857612,0,0,0,1,924.5,994,857612,2266188.0999999987,38.91071428571427
2025-06-13,906.35,918,892.15,905.5,872944,0,0,0,1,905.5,994,872944,2294300.4999999986,39.61428571428569
2025-06-16,909.8,935.55,903.4,914.75,1172674,0,0,0,1,914.75,994,1172674,2338245.4499999983,40.517857142857125
2025-06-17,918,928,907.4,913.6,720209,0,0,0,1,913.6,994,720209,2363152.6999999983,39.3892857142857
2025-06-18,914,937.25,903.55,913.95,648194,0,0,0,1,913.95,994,648194,2383700.4499999983,35.34999999999999
2025-06-19,919,919,880.3,886.85,470534,0,0,0,1,886.85,994,470534,2394914.1499999985,34.703571428571415
2025-06-20,886.95,919.35,875.05,915.1,892408,0,0,0,1,915.1,994,892408,2425998.1499999985,35.42857142857142
2025-06-23,906.95,910.85,883.15,886,794514,0,0,0,1,886,994,794514,2443248.9499999983,35.36428571428572
2025-06-24,895.9,921.1,891.9,912.7,1282432,0,0,0,1,912.7,994,1282432,2474280.5499999984,36.02857142857144
2025-06-25,922,940.65,908.8,936.75,1260399,0,0,0,1,936.75,994,1260399,2455741.8499999987,33.66785714285716
2025-06-26,940,941.4,925.9,937.75,392574,0,0,0,1,937.75,994,392574,1516281.7999999984,31.635714285714297
2025-06-27,942.5,944,930.7,940.4,692920,0,0,0,1,940.4,994,692920,1264796.8499999985,31.153571428571432
2025-06-30,943.3,947.75,910.6,924.5,574665,0,0,0,1,924.5,994,574665,1185714.3999999985,31.039285714285715
2025-07-01,932,934,910,911.65,802473,0,0,0,1,911.65,994,802473,1142770.0499999984,31.046428571428574
2025-07-02,919,955,918.6,937.9,3519217,0,0,1,1,937.9,994,3519217,1271741.4499999986,31.000000000000004
2025-07-03,942,947.2,916.15,922.5,563000,0,0,0,1,922.5,994,563000,1053777.1999999986,30.90714285714287
2025-07-04,925,934.85,915,931.25,352487,0,0,0,1,931.25,994,352487,960310.1999999986,30.02857142857144
2025-07-07,930,932.2,915,922.35,330440,0,0,0,1,922.35,994,330440,949034.6999999986,29.785714285714295
2025-07-08,925.95,936,907.05,914.9,376849,0,0,0,1,914.9,994,376849,863661.8999999985,29.44642857142858
2025-07-09,919.85,942,918.7,936.15,631902,0,0,0,1,936.15,994,631902,860422.3499999985,28.61785714285715
2025-07-10,943.5,947.9,927.5,933.85,326514,0,0,0,1,933.85,994,326514,833867.4499999986,26.910714285714285
2025-07-11,934,939.6,906.2,910.95,491550,0,0,0,1,910.95,994,491550,814797.7499999985,27.01428571428571
2025-07-14,912,928.8,887.5,921.1,480274,0,0,0,1,921.1,994,480274,780177.7499999985,27.45714285714285
2025-07-15,920,924.9,901,905.9,670840,0,0,0,1,905.9,994,670840,777709.2999999985,26.889285714285702
2025-07-16,908,915,900.05,908.4,312970,0,0,0,1,908.4,994,312970,760948.0999999985,26.84999999999999
2025-07-17,909.35,941,906.3,931.9,1176332,0,0,1,1,931.9,994,1176332,796237.9999999985,28.378571428571426
2025-07-18,934.95,936.5,916.45,923.5,284605,0,0,0,1,923.5,994,284605,765847.8499999985,27.15714285714285
2025-07-21,918.85,936,918.8,931.75,263314,0,0,0,1,931.75,994,263314,739287.8499999985,26.67142857142857
2025-07-22,934.9,946.75,913.2,915.05,324973,0,0,0,1,915.05,994,324973,691414.8999999985,25.971428571428564
2025-07-23,920,921.2,907,918.65,244443,0,0,0,1,918.65,994,244443,640617.0999999985,24.767857142857135
2025-07-24,923,924,894.5,897.5,600023,0,0,0,1,897.5,994,600023,650989.5499999985,25.45714285714285
2025-07-25,904.55,922,879,886.9,657935,0,0,1,0,886.9,994,657935,649240.2999999985,27.299999999999986
2025-07-28,887.7,894.8,857.4,863,669907,0,0,1,0,863,994,669907,654002.3999999985,27.90357142857141
2025-07-29,863,931,858.05,924.55,2296562,0,0,1,0,924.55,994,2296562,728706.8499999985,31.178571428571413
2025-07-30,925,944.5,912,941.6,2089278,0,0,1,0,941.6,994,2089278,657209.8999999985,32.04285714285713
2025-07-31,922.8,938.9,912.3,930.9,658975,0,0,0,0,930.9,994,658975,662008.6499999985,31.749999999999993
2025-08-01,929.7,932.65,889.95,897.5,447421,0,0,0,0,897.5,994,447421,666755.3499999985,31.84999999999999
2025-08-04,900.65,901.5,873,886.35,462081,0,0,0,0,886.35,994,462081,673337.3999999985,32.17857142857142
2025-08-05,893.05,898.4,863.25,875.85,520368,0,0,0,0,875.85,994,520368,680513.3499999985,33.62142857142856
2025-08-06,880.15,881.4,863.05,872.9,426110,0,0,0,0,872.9,994,426110,670223.7499999985,32.453571428571415
2025-08-07,870,876,852.15,872.8,436431,0,0,0,0,872.8,994,436431,675719.5999999985,32.72499999999999
2025-08-08,876,879.15,865.55,869.65,270149,0,0,0,0,869.65,994,270149,664649.5499999985,32.467857142857135
2025-08-11,866.6,871.5,856.8,863.4,329209,0,0,0,0,863.4,994,329209,657096.2999999985,31.121428571428567
2025-08-12,870,887.55,858.1,876.65,433034,0,0,0,0,876.65,994,433034,645205.9999999985,32.210714285714275
2025-08-13,885,891,877,886.35,244712,0,0,0,0,886.35,994,244712,641793.0999999985,31.128571428571416
2025-08-14,888.15,888.15,869.2,882.25,224161,0,0,0,0,882.25,994,224161,594184.5499999985,29.41071428571427
2025-08-18,884,892.05,872,879.8,317512,0,0,0,0,879.8,994,317512,595829.8999999985,28.171428571428553
2025-08-19,884,896,876.6,879,355399,0,0,0,0,879,994,355399,600434.1499999985,24.34642857142855
2025-08-20,885.95,885.95,870.2,872.7,318832,0,0,0,1,872.7,994,318832,600127.0999999985,23.149999999999977
2025-08-21,876,898.9,874.4,895.15,337729,0,0,0,1,895.15,994,337729,604791.3999999985,22.928571428571395
2025-08-22,895,898.2,885.05,889.6,209394,0,0,0,0,889.6,994,209394,585259.9499999986,20.81785714285712
2025-08-25,900,903,881.4,888.3,214823,0,0,0,0,888.3,994,214823,563104.3499999985,20.32499999999998
2025-08-26,880,884.7,867.1,874.35,298370,0,0,0,0,874.35,994,298370,544527.4999999985,19.328571428571404
2025-08-28,865.2,879.2,860.6,874.2,321199,0,0,0,0,874.2,994,321199,445759.3499999985,19.34642857142855
2025-08-29,873.5,874.8,834.2,842.4,412540,0,0,1,0,842.4,994,412540,361922.4499999985,20.542857142857113
2025-09-01,836.95,855.75,835,848.45,244282,0,0,0,0,848.45,994,244282,341187.79999999853,21.053571428571395
2025-09-02,847,857.95,821.45,824.3,869609,0,0,1,0,824.3,994,869609,362297.1999999985,22.61071428571425
2025-09-03,822.6,855.45,822.6,852.4,503520,0,0,1,0,852.4,994,503520,364369.1499999985,22.8535714285714
2025-09-04,860,866.7,840.9,847,267788,0,0,0,0,847,994,267788,351740.1499999985,23.671428571428546
2025-09-05,842.1,851.2,832,849.15,229917,0,0,0,0,849.15,994,229917,341930.4999999985,23.689285714285695
2025-09-08,853.4,862.4,843.2,858.9,205591,0,0,0,0,858.9,994,205591,330388.4999999985,23.62857142857141
2025-09-09,859.5,887.9,856.05,885.15,484245,0,0,1,0,885.15,994,484245,341093.29999999853,24.517857142857128
2025-09-10,890,897,880.85,883.35,221211,0,0,0,1,883.35,994,221211,335693.3999999985,24.546428571428553
2025-09-11,884,885.1,866.1,870.05,266219,0,0,0,1,870.05,994,266219,327352.6499999985,24.032142857142844
2025-09-12,873.9,884.9,864.25,879.75,288689,0,0,0,1,879.75,994,288689,329551.4999999985,24.56785714285712
2025-09-15,879.75,925,874.45,923.8,1473811,0,0,1,1,923.8,994,1473811,392033.9999999985,26.63571428571426
2025-09-16,925,925,903.1,905.35,529741,0,0,1,1,905.35,994,529741,402645.4499999985,26.685714285714262
2025-09-17,908,909,888,890.55,427644,0,0,1,1,890.55,994,427644,406257.6999999985,26.857142857142833
2025-09-18,897.45,909.35,888.05,895.45,223543,0,0,0,1,895.45,994,223543,401493.2499999985,25.478571428571417
2025-09-19,898,907.85,886.45,903.8,451255,0,0,1,1,903.8,994,451255,407169.54999999853,25.524999999999984
2025-09-22,905.85,905.9,883,892.35,443873,0,0,1,1,892.35,994,443873,418893.4999999985,24.553571428571413
2025-09-23,889.3,889.3,881.2,883.15,217436,0,0,0,1,883.15,994,217436,419024.1499999985,23.00357142857141
2025-09-24,880,888,875,879.7,161656,0,0,0,1,879.7,994,161656,412188.4499999985,22.08928571428569
2025-09-25,879.7,882.65,869.9,872.95,173369,0,0,0,1,872.95,994,173369,404796.9499999985,21.6285714285714
2025-09-26,865.15,882.35,855.7,860.9,492988,0,0,1,0,860.9,994,492988,408819.3499999985,22.16071428571426
2025-09-29,860.9,872,840.5,846.1,257306,0,0,0,0,846.1,994,257306,409470.54999999853,22.13571428571426
2025-09-30,847,862.95,837.9,857.35,252590,0,0,0,0,857.35,994,252590,378619.5999999985,22.77142857142855
2025-10-01,851.4,862.8,847,855.35,153853,0,0,0,0,855.35,994,153853,361136.2499999985,22.54285714285712
2025-10-03,852.7,871.55,852.7,864.15,234729,0,0,0,1,864.15,994,234729,359483.29999999853,22.414285714285686
2025-10-06,863.6,864.15,845.75,852.55,257515,0,0,0,1,852.55,994,257515,360863.1999999985,20.117857142857115
2025-10-07,852,884,851.7,871.7,954277,0,0,1,1,871.7,994,954277,398297.4999999985,20.86071428571426
2025-10-08,870,873.9,851.15,854.85,206598,0,0,0,1,854.85,994,206598,384415.1499999985,20.98571428571426
2025-10-09,861.25,861.25,846,851.95,342655,0,0,0,1,851.95,994,342655,390487.3499999985,20.553571428571395
2025-10-10,858.45,858.45,846.35,848.25,209704,0,0,0,1,848.25,994,209704,387661.5999999985,19.889285714285684
2025-10-13,836,848.8,827.4,845,538591,0,0,1,1,845,994,538591,400156.6999999985,19.782142857142826
2025-10-14,853.1,853.1,816.55,825.05,341447,0,0,0,1,825.05,994,341447,343538.4999999985,21.59642857142855
2025-10-15,825.05,835,817,825.1,428766,0,0,1,1,825.1,994,428766,338489.7499999985,21.953571428571404
2025-10-16,830,848.5,825.15,836.2,453550,0,0,1,1,836.2,994,453550,339785.04999999853,22.71428571428569
2025-10-17,839.95,845,824.2,829.35,348716,0,0,1,1,829.35,994,348716,346043.6999999985,22.296428571428546
2025-10-20,835,836.2,822.15,832.85,296008,0,0,0,1,832.85,994,296008,338281.3499999985,21.04999999999998
2025-10-21,840,853.85,837.5,850.2,201984,0,0,0,1,850.2,994,201984,326186.8999999985,20.76071428571426
2025-10-23,860,866,840,844.4,618391,0,0,1,1,844.4,994,618391,346234.6499999985,21.489285714285693
2025-10-24,845,845.8,828,834,434528,0,0,1,1,834,994,434528,359878.2499999985,21.414285714285693
2025-10-27,841.2,879.45,838.5,873.05,1820544,0,0,1,1,873.05,994,1820544,442236.9999999985,23.346428571428557
2025-10-28,875,909.9,871.6,886.4,2206907,0,0,1,1,886.4,994,2206907,527932.9499999986,23.774999999999984
2025-10-29,891,910.2,884.3,906.95,772404,0,0,1,1,906.95,994,772404,553687.8499999985,23.999999999999993
2025-10-30,915,932,899.5,926.15,2905217,0,0,1,1,926.15,994,2905217,686319.1999999986,25.23214285714285
2025-10-31,945,985,935.7,965.75,8145685,0,0,1,1,965.75,994,8145685,1085910.7999999984,28.571428571428562
2025-11-03,970,992.8,946.55,952.85,1449162,0,0,1,1,952.85,994,1449162,1146632.4499999986,30.346428571428564
2025-11-04,940.35,948.05,920.05,924.85,1625795,0,0,1,1,924.85,994,1625795,1215046.4499999986,30.078571428571422
2025-11-06,910,923.6,890.4,894.45,776361,0,0,0,1,894.45,994,776361,1206150.6499999985,31.253571428571426
2025-11-07,898.15,912.5,888.1,906.6,486907,0,0,0,1,906.6,994,486907,1220166.0999999985,31.324999999999996
2025-11-10,912,923.6,893,912.55,634924,0,0,0,1,912.55,994,634924,1234779.5499999984,32.025
2025-11-11,912,940,903.15,920.6,939050,0,0,0,1,920.6,994,939050,1271246.8499999985,33.653571428571425
2025-11-12,920,923.55,908.45,913.8,438278,0,0,0,1,913.8,994,438278,1266231.1999999986,33.23214285714285
2025-11-13,925.05,938.3,920,928.15,708770,0,0,0,1,928.15,994,708770,1284597.3499999985,33.12499999999999
2025-11-14,925.05,934.4,913.25,918.5,266864,0,0,0,1,918.5,994,266864,1276502.2499999986,33.36428571428571
2025-11-17,927.65,927.65,904.7,906.75,479428,0,0,0,1,906.75,994,479428,1277796.1499999985,31.757142857142842
2025-11-18,911.9,915.5,896.5,903.2,361784,0,0,0,1,903.2,994,361784,1278449.5499999984,30.378571428571416
2025-11-19,908.5,910,891.65,896.75,344055,0,0,0,1,896.75,994,344055,1280851.8999999985,29.839285714285698
2025-11-20,890.5,898.25,876,883.15,476362,0,0,0,1,883.15,994,476362,1294570.7999999984,29.10714285714284
2025-11-21,880,880,865.6,867.9,399764,0,0,0,1,867.9,994,399764,1283639.4499999986,26.157142857142837
2025-11-24,868.65,871.85,844.1,848.9,525412,0,0,0,1,848.9,994,525412,1288183.6499999985,24.835714285714264
2025-11-25,849,869.35,844.2,865.55,370459,0,0,0,1,865.55,994,370459,1215679.3999999985,24.289285714285686
2025-11-26,866,878.3,855.7,871.1,595671,0,0,0,1,871.1,994,595671,1135117.5999999985,23.442857142857104
2025-11-27,879.7,885,857.5,869.4,410960,0,0,0,1,869.4,994,410960,1117045.3999999985,23.66428571428568
2025-11-28,875,875.7,854.2,856.4,212831,0,0,0,1,856.4,994,212831,982426.0999999985,23.014285714285677
2025-12-01,857,867.75,853,862,321352,0,0,0,1,862,994,321352,591209.4499999986,21.435714285714248
2025-12-02,862,864.7,841.4,845.55,332470,0,0,0,1,845.55,994,332470,535374.8499999985,22.021428571428544
2025-12-03,845.55,846.1,829,833.15,313939,0,0,0,1,833.15,994,313939,469782.04999999853,21.492857142857115
2025-12-04,833.15,838,826.45,827.55,167044,0,0,0,1,827.55,994,167044,439316.1999999985,20.80714285714283
2025-12-05,829.95,829.95,805.75,826.6,568491,0,0,1,1,826.6,994,568491,443395.3999999985,20.89642857142855
2025-12-08,828.95,828.95,792,797.8,594395,0,0,1,0,797.8,994,594395,441368.9499999985,22.178571428571413
2025-12-09,805,817.2,786.2,807.05,1036451,0,0,1,0,807.05,994,1036451,446238.9999999985,23.082142857142838
2025-12-10,810.95,814.75,795.25,800.15,432096,0,0,0,0,800.15,994,432096,445929.8999999985,22.88571428571427
2025-12-11,800.15,802,778,795.85,817562,0,0,1,0,795.85,994,817562,451369.4999999985,23.346428571428557
2025-12-12,795.85,805.5,790.1,793.3,564453,0,0,1,1,793.3,994,564453,466248.9499999985,22.464285714285698
2025-12-15,795.35,803,783.4,795.9,626321,0,0,1,1,795.9,994,626321,473593.5999999985,22.06785714285713
2025-12-16,793,808.45,789.7,804.2,449579,0,0,0,0,804.2,994,449579,477983.3499999985,21.792857142857137
2025-12-17,806.05,806.7,787,789.45,299126,0,0,0,0,789.45,994,299126,475736.8999999985,21.235714285714284
2025-12-18,789.45,799,776,783.9,402520,0,0,0,0,783.9,994,402520,472044.79999999853,21.342857142857138
2025-12-19,783,787.2,775,777.5,296364,0,0,0,0,777.5,994,296364,466874.79999999853,21.160714285714285
2025-12-22,796.4,812.95,783.25,802.9,843930,0,0,1,1,802.9,994,843930,482800.6999999985,22.02857142857143
2025-12-23,805.95,821,802.1,813.05,324355,0,0,0,1,813.05,994,324355,480495.4999999985,22.15714285714285
2025-12-24,818.9,818.9,807.15,810.85,288115,0,0,0,1,810.85,994,288115,465117.6999999985,22.17142857142857
2025-12-26,812.55,815.8,803.25,806.9,167056,0,0,0,1,806.9,994,167056,452922.4999999985,21.339285714285705
2025-12-29,807,829.9,803.3,826.9,821866,0,0,1,0,826.9,994,821866,483374.2499999985,20.59999999999999
2025-12-30,826.9,826.9,786.2,790.05,1176009,0,0,1,0,790.05,994,1176009,526107.0999999985,21.292857142857127
2025-12-31,791.95,818,791.55,814.4,727721,0,0,1,1,814.4,994,727721,545869.6499999985,21.89642857142856
2026-01-01,812,814,797,799.35,411819,0,0,0,1,799.35,994,411819,550763.6499999985,21.424999999999986
2026-01-02,800,807.85,800,806.35,151818,0,0,0,1,806.35,994,151818,550002.3499999985,20.932142857142846
2026-01-05,817.8,817.8,796,802.7,254782,0,0,0,1,802.7,994,254782,534316.8999999985,21.089285714285698
2026-01-06,805,810.95,785.7,788.35,330611,0,0,0,1,788.35,994,330611,521127.6999999985,21.553571428571413
2026-01-07,796,809.2,783.05,790.65,712823,0,0,1,1,790.65,994,712823,504946.29999999853,22.014285714285702
2026-01-08,794.5,794.5,761,765.85,461588,0,0,0,0,765.85,994,461588,506420.8999999985,22.764285714285702
2026-01-09,765.85,772,750.1,753.7,587600,0,0,1,0,753.7,994,587600,494922.79999999853,23.457142857142838
2026-01-12,757.1,759,730.5,741.35,546713,0,0,1,0,741.35,994,546713,494035.79999999853,22.960714285714264
2026-01-13,742.2,749.55,733.75,740.7,370820,0,0,0,0,740.7,994,370820,481260.7499999985,22.739285714285693
2026-01-14,740.7,744.95,735,738.65,325192,0,0,0,0,738.65,994,325192,475041.3999999985,22.610714285714266
2026-01-16,738.65,741.8,730.1,736.85,373406,0,0,0,0,736.85,994,373406,478755.3999999985,22.54999999999998
2026-01-19,736.85,795,732.8,787.75,3402151,0,0,1,0,787.75,994,3402151,628736.9499999986,25.092857142857124
2026-01-20,790.75,796.5,750.9,758.6,1398453,0,0,1,0,758.6,994,1398453,683841.3999999985,25.44285714285713
2026-01-21,755.15,762.5,733.1,750.35,681484,0,0,1,0,750.35,994,681484,675719.0999999985,25.546428571428553
2026-01-22,756.1,767.25,743.6,759.1,641441,0,0,0,0,759.1,994,641441,691573.3999999985,25.992857142857126
2026-01-23,759.8,763.8,728.6,730.6,269356,0,0,0,0,730.6,994,269356,690635.4499999986,27.899999999999977
2026-01-27,740.15,742.9,714.8,721.85,747103,0,0,1,0,721.85,994,747103,719637.7999999985,28.349999999999984
2026-01-28,728.8,750,720.2,748.1,514524,0,0,0,0,748.1,994,514524,704270.6999999986,28.67499999999998
2026-01-29,753.95,754,735,743.15,511860,0,0,0,0,743.15,994,511860,671063.2499999985,28.164285714285686
2026-01-30,738,760.1,719.05,729.25,1204946,0,0,1,0,729.25,994,1204946,694924.4999999985,28.703571428571404
2026-02-01,725,744,724.15,736.6,253962,0,0,0,0,736.6,994,253962,687031.6499999985,28.55714285714284
2026-02-02,733.85,760,710,755,508924,0,0,0,0,755,994,508924,704886.9499999986,30.092857142857124
2026-02-03,800,818.95,780.85,809.25,1726348,0,0,1,0,809.25,994,1726348,778465.2499999985,33.532142857142844
2026-02-04,808,818.7,795.25,815.7,423522,0,0,0,0,815.7,994,423522,783110.7999999985,34.49642857142856
2026-02-05,815.7,842.2,808,838.65,747637,0,0,0,0,838.65,994,747637,784851.4999999985,36.10357142857142
2026-02-06,838.65,838.65,818.55,824.85,243571,0,0,0,0,824.85,994,243571,773950.6499999985,33.09642857142857
2026-02-09,837.45,837.85,823,831.55,230781,0,0,0,1,831.55,994,230781,756109.6999999986,30.899999999999995
2026-02-10,832.4,845,828,834.15,242838,0,0,0,1,834.15,994,242838,740915.9499999986,30.01428571428571
2026-02-11,834.15,842.75,819.9,838.85,309571,0,0,0,1,838.85,994,309571,737853.4999999985,29.957142857142856
2026-02-12,834.15,843,825,831.15,299356,0,0,0,1,831.15,994,299356,736561.6999999986,28.72857142857143
2026-02-13,830,830,801,802.65,248115,0,0,0,0,802.65,994,248115,730297.1499999985,28.875
2026-02-16,802.6,817.85,790,811.65,338930,0,0,0,0,811.65,994,338930,577136.0999999985,28.73571428571429
2026-02-17,808,813.15,801.35,807.4,250488,0,0,0,1,807.4,994,250488,519737.8499999985,28.22142857142857
2026-02-18,807.25,811.05,797.55,805.1,166383,0,0,0,1,805.1,994,166383,493982.79999999853,26.253571428571426
2026-02-19,809.2,809.2,777.3,783.85,309275,0,0,0,0,783.85,994,309275,477374.4999999985,27.114285714285717
2026-02-20,785.2,792,777.3,783.5,140918,0,0,0,0,783.5,994,140918,470952.5999999985,24.59285714285715
2026-02-23,794.95,794.95,777.9,783.15,180197,0,0,0,0,783.15,994,180197,442607.29999999853,21.24285714285715
2026-02-24,783.5,787.8,770,776.4,195498,0,0,0,0,776.4,994,195498,426655.9999999985,20.839285714285715
2026-02-25,776.4,798.95,774.45,797.25,262064,0,0,0,0,797.25,994,262064,414166.1999999985,20.14642857142857
2026-02-26,801.6,831,801.6,824.9,929743,0,0,1,0,824.9,994,929743,400406.04999999853,21.121428571428567
2026-02-27,828,830,818.8,825.25,547138,0,0,1,0,825.25,994,547138,415064.8499999985,20.860714285714284
2026-03-02,780,823,767,817.65,489483,0,0,1,0,817.65,994,489483,414092.79999999853,23.807142857142853
2026-03-04,800,809.2,785.4,795.4,746663,0,0,1,0,795.4,994,746663,365108.54999999853,24.478571428571424
2026-03-05,807.4,828,798.6,822,617169,0,0,1,0,822,994,617169,374790.8999999985,25.52142857142857
2026-03-06,816,829,805.8,809.05,229820,0,0,0,0,809.05,994,229820,348900.04999999853,25.025000000000002
2026-03-09,800,800,767.05,779.95,328732,0,0,0,0,779.95,994,328732,353158.0999999985,26.035714285714285
2026-03-10,790.95,813,790.95,811.3,471743,0,0,1,0,811.3,994,471743,365206.1999999985,27.553571428571427
2026-03-11,820.5,855.55,815,832.5,1403534,0,0,1,0,832.5,994,1403534,423240.9999999985,29.75
2026-03-12,823,869.8,820,844.25,857985,0,0,1,0,844.25,994,857985,450661.6999999985,31.028571428571418
2026-03-13,836,842.4,793.3,800.2,491274,0,0,1,0,800.2,994,491274,460257.5999999985,33.61785714285713
2026-03-16,800,813.3,784,795.8,393833,0,0,0,0,795.8,994,393833,467543.4999999985,34.492857142857126
2026-03-17,804.2,816.4,795.6,814.4,236679,0,0,0,0,814.4,994,236679,462430.9499999985,34.70714285714284
2026-03-18,815,825.7,809.1,821.55,357176,0,0,0,0,821.55,994,357176,467765.3499999985,34.142857142857125
2026-03-19,810,815.8,792.95,795,302620,0,0,0,0,795,994,302620,474577.1999999985,33.77499999999998
2026-03-20,804.45,813,793.55,803.85,262170,0,0,0,0,803.85,994,262170,472221.9499999985,34.36428571428569
2026-03-23,800,800,759,770.95,441435,0,0,0,0,770.95,994,441435,487247.79999999853,33.40714285714284
2026-03-24,795,806,771,802.2,405062,0,0,0,0,802.2,994,405062,498491.04999999853,33.60714285714283
2026-03-25,815,840,806,835.55,516432,0,0,1,0,835.55,994,516432,514537.7499999985,33.9785714285714
2026-03-27,831,831.6,810,817.35,406446,0,0,0,0,817.35,994,406446,521756.8499999985,34.14642857142854
2026-03-30,817.35,849.95,806.4,812.7,846216,0,0,1,0,812.7,994,846216,517580.4999999985,34.257142857142824
2026-04-01,825.8,847.65,823.5,827.8,338165,0,0,0,0,827.8,994,338165,507131.8499999985,34.39285714285711
2026-04-02,819.9,850,805.45,846.85,465528,0,0,0,0,846.85,994,465528,505934.0999999985,34.414285714285676
2026-04-06,850,867.95,837.35,862.6,509781,0,0,1,0,862.6,994,509781,494089.9999999985,33.04285714285711
2026-04-07,862.6,884,854.15,879.15,578775,0,0,1,0,879.15,994,578775,492170.29999999853,31.535714285714253
2026-04-08,910,944,894,937.05,1368940,0,0,1,0,937.05,994,1368940,549126.2999999985,34.074999999999974
2026-04-09,920,957.85,918.65,949.65,885350,0,0,1,0,949.65,994,885350,576957.1999999986,35.38928571428569
2026-04-10,955,967,948.2,961.8,468258,0,0,0,0,961.8,994,468258,576782.9499999986,35.54642857142854
2026-04-13,941,1017,930.05,1005.5,1596527,0,1,1,0,1005.5,994,1596527,586432.5999999985,39.7142857142857
2026-04-15,1022.45,1061,1020,1052.65,1431473,1,1,1,1,1052.65,1017,1431473,615106.9999999985,42.2892857142857
2026-04-16,1065,1080.4,1041.95,1077.1,930941,1,1,1,1,1077.1,1061,930941,637090.3499999985,41.83214285714284
2026-04-17,1080,1097,1062.6,1077.15,587899,0,0,0,1,1077.15,1080.4,587899,646793.6499999985,41.78571428571428
2026-04-20,1077,1095,1064.55,1076.65,595323,0,0,0,1,1076.65,1097,595323,664725.8499999985,41.260714285714286
2026-04-21,1080.1,1112,1078.2,1100.6,988449,1,1,1,1,1100.6,1097,988449,696289.4999999985,41.96071428571428
2026-04-22,1112,1151,1110,1139.2,3972135,1,1,1,1,1139.2,1112,3972135,879765.2499999985,42.449999999999996
2026-04-23,1130,1234.95,1122,1204.1,4404434,1,1,1,1,1204.1,1151,4404434,1086878.4499999986,48.02142857142858
2026-04-24,1210,1218,1175.3,1207.45,1127781,0,0,1,1,1207.45,1234.95,1127781,1121195.7499999986,47.88928571428573
2026-04-27,1224.5,1231,1194.4,1212.45,745203,0,0,0,1,1212.45,1234.95,745203,1138202.7999999984,48.31785714285714
2026-04-28,1225,1245,1204.35,1226.4,826642,0,0,0,1,1226.4,1234.95,826642,1153713.2999999984,49.08928571428572
2026-04-29,1240,1290,1235.05,1267.3,1914719,1,1,1,1,1267.3,1245,1914719,1229126.9499999986,49
2026-04-30,1261.95,1284.7,1253,1266.75,1154209,0,0,0,1,1266.75,1290,1154209,1244526.5999999985,48.464285714285715
2026-05-04,1285,1286.4,1231.2,1238.9,932009,0,0,0,1,1238.9,1290,932009,1274218.7999999984,51.064285714285724
2026-05-05,1238,1266,1231.1,1254,517766,0,0,0,1,1254,1290,517766,1276830.6999999986,47.34642857142858
2026-05-06,1261.9,1291,1232,1284.7,898764,0,0,0,1,1284.7,1290,898764,1296279.8499999985,47.59642857142858
2026-05-07,1289,1302,1281.1,1299.2,536073,0,1,0,1,1299.2,1291,536073,1294144.7499999986,46.342857142857156
2026-05-08,1299,1315,1281.1,1291.9,365530,0,0,0,1,1291.9,1302,365530,1243974.2499999986,46.30714285714287
2026-05-11,1288,1342.2,1276.1,1329.3,1176494,0,1,0,1,1329.3,1315,1176494,1258531.4499999986,48.85357142857145
2026-05-12,1330.9,1347,1313.2,1319.4,636056,0,0,0,1,1319.4,1342.2,636056,1266921.3499999985,48.74285714285717
2026-05-13,1318,1360,1315.2,1352.8,797656,0,1,0,1,1352.8,1347,797656,1226977.7999999984,48.342857142857156
2026-05-14,1360,1369.8,1338,1367.5,624924,0,1,0,1,1367.5,1360,624924,1186650.3499999985,42.54642857142858
2026-05-15,1374.8,1377.4,1303.3,1309,939307,0,0,0,1,1309,1369.8,939307,1187068.6499999985,44.789285714285725
2026-05-18,1309,1318,1277.1,1297.9,705707,0,0,0,1,1297.9,1377.4,705707,1192959.0499999984,45.096428571428596
2026-05-19,1300.1,1306.5,1267.7,1280.7,713545,0,0,0,1,1280.7,1377.4,713545,1198870.1499999985,44.96428571428573
2026-05-20,1278.2,1335,1272.5,1316.7,911740,0,0,0,1,1316.7,1377.4,911740,1195034.6999999986,44.88571428571431
2026-05-21,1320,1357.7,1318.7,1330.2,936829,0,0,0,1,1330.2,1377.4,936829,1043269.3999999985,45.55000000000002
2026-05-22,1281.9,1306.8,1252.2,1277.5,2567700,0,0,1,1,1277.5,1377.4,2567700,951432.6999999986,47.178571428571445
2026-05-25,1284.9,1321.4,1284.9,1297.6,461997,0,0,0,1,1297.6,1377.4,461997,918143.4999999985,47.82142857142859
2026-05-26,1294.9,1337.8,1290.1,1319,498263,0,0,0,1,1319,1377.4,498263,905796.4999999985,47.014285714285734
2026-05-27,1319,1380,1319,1372.9,1221343,0,0,1,1,1372.9,1377.4,1221343,925531.5499999985,49.87857142857144
2026-05-29,1369.2,1394.8,1345.8,1376.9,1914364,0,0,1,1,1376.9,1380,1914364,925513.7999999985,50.95714285714286
2026-06-01,1380.1,1398.8,1362.3,1377.6,915468,0,0,1,1,1377.6,1394.8,915468,913576.7499999985,48.84285714285714
2026-06-02,1373.1,1391.6,1350,1386.8,632341,0,0,0,1,1386.8,1398.8,632341,898593.3499999985,49.39999999999999
2026-06-03,1385.1,1425,1373.4,1413.6,1901113,1,1,1,1,1413.6,1398.8,1901113,967760.6999999986,49.88571428571428
2026-06-04,1418.5,1427,1386.6,1402.7,622728,0,0,0,1,1402.7,1425,622728,953958.8999999985,50.5
2026-06-05,1402.7,1413.8,1379.3,1388.8,498958,0,0,0,1,1388.8,1427,498958,952103.1499999985,47.671428571428564
2026-06-08,1360,1373.8,1335,1346.6,425000,0,0,0,0,1346.6,1427,425000,955076.6499999985,48.59285714285712
2026-06-09,1348,1414.8,1348,1411.6,677222,0,0,0,0,1411.6,1427,677222,930113.0499999985,50.69285714285713
2026-06-10,1418,1418,1320,1370.4,1054605,0,0,1,0,1370.4,1427,1054605,951040.4999999985,53.22857142857141
2026-06-11,1370,1397.9,1362.2,1389.4,469127,0,0,0,0,1389.4,1427,469127,934614.0499999985,52.84999999999999
2026-06-12,1400,1413.5,1383.7,1402.3,306278,0,0,0,1,1402.3,1427,306278,918681.7499999985,49.407142857142844
2026-06-15,1420,1425,1375,1379.7,556054,0,0,0,1,1379.7,1427,556054,899519.0999999985,49.84285714285712
2026-06-16,1398,1407.8,1370,1373.8,438543,0,0,0,1,1373.8,1427,438543,886160.8999999985,49.13571428571426
2026-06-17,1374.7,1400,1370.5,1394.3,414081,0,0,0,1,1394.3,1427,414081,871187.6999999986,46.88571428571426
2026-06-18,1394.4,1410,1384.2,1397.4,284832,0,0,0,1,1397.4,1427,284832,839842.2999999985,45.2285714285714
2026-06-19,1389,1434.3,1386.1,1423.4,707135,0,0,0,1,1423.4,1427,707135,828357.5999999985,46.06428571428569
2026-06-22,1426.3,1431.5,1394,1404.4,273766,0,0,0,1,1404.4,1434.3,273766,713660.8999999985,45.77142857142855
2026-06-23,1418.8,1439,1399.1,1416.4,729724,0,0,1,1,1416.4,1434.3,729724,727047.2499999985,44.935714285714276
2026-06-24,1400,1424.5,1400,1406,298233,0,0,0,1,1406,1439,298233,717045.7499999985,43.79999999999999
2026-06-25,1420.9,1459.5,1410.1,1455.1,1855103,1,1,1,1,1455.1,1439,1855103,748733.7499999985,45.157142857142844
2026-06-29,1465,1525,1451.1,1510.8,2158510,1,1,1,1,1510.8,1459.5,2158510,760941.0499999985,46.59285714285714
2026-06-30,1520,1525,1480.6,1521.9,521537,0,0,0,1,1521.9,1525,521537,741244.4999999985,44.892857142857146
2026-07-01,1530.1,1539,1460.5,1477.6,776745,0,0,1,1,1477.6,1525,776745,748464.6999999986,43.5
2026-07-02,1490,1515.5,1472,1498.8,289496,0,0,0,1,1498.8,1539,289496,667883.8499999985,44.05714285714286
2026-07-03,1498.8,1501,1408.5,1439.3,1102212,0,0,1,1,1439.3,1539,1102212,691858.0499999985,48.535714285714285
2026-07-06,1425,1566,1425,1543.6,6774569,1,1,1,1,1543.6,1539,6774569,1005638.5999999985,55.035714285714285
2026-07-07,1544.9,1548.8,1522.5,1541,753702,0,0,0,1,1541,1566,753702,1022073.6999999986,54.214285714285715
2026-07-08,1540,1562.2,1520.1,1529.2,1280428,0,0,1,1,1529.2,1566,1280428,1052233.9999999986,55.11428571428572
2026-07-09,1525,1618.7,1525,1601.9,2887131,1,1,1,1,1601.9,1566,2887131,1143860.2999999984,59.96428571428573
2026-07-10,1617.8,1634,1595.3,1612.6,1353685,0,0,1,1,1612.6,1618.7,1353685,1188088.1999999986,59.2857142857143
2026-07-13,1601.7,1638.8,1591.9,1619.9,700903,0,0,0,1,1619.9,1634,700903,1207819.4499999986,59.95714285714286
2026-07-14,1637.2,1694.8,1635,1683.4,4340435,1,1,1,1,1683.4,1638.8,4340435,1397038.4999999986,62.45714285714285
2026-07-15,1693,1698.8,1664.4,1680.1,1407359,0,0,0,1,1680.1,1694.8,1407359,1445479.2999999984,63.1642857142857
2026-07-16,1694,1695.5,1658.9,1684,1292578,0,0,0,1,1684,1698.8,1292578,1489404.1499999985,61.957142857142834
2026-07-17,1695,1695,1576,1581.5,1079535,0,0,0,1,1581.5,1698.8,1079535,1529139.2999999984,65.1785714285714
2026-07-20,1585,1643.6,1582.7,1615.8,946324,0,0,0,1,1615.8,1698.8,946324,1541098.7499999986,66.4428571428571
2026-07-21,1625,1664.4,1619.5,1628.9,594172,0,0,0,1,1628.9,1698.8,594172,1557119.0499999984,64.30714285714282
2026-07-22,1632.6,1638,1597.7,1611.8,340689,0,0,0,1,1611.8,1698.8,340689,1537667.2999999984,64.0785714285714
2026-07-23,1611.8,1622.8,1600,1612.8,250087,0,0,0,1,1612.8,1698.8,250087,1535259.9999999986,59.09999999999996
2026-07-24,1596.8,1622.4,1566.2,1596.9,843386,0,0,0,1,1596.9,1698.8,843386,1484674.1499999985,53.0428571428571
2026-07-27,1665,1668.8,1595.1,1599.8,944994,0,0,0,1,1599.8,1698.8,944994,1423998.3499999985,56.428571428571395
2026-07-28,1619.9,1648.7,1610.2,1643.1,825791,0,0,0,1,1643.1,1698.8,825791,1439211.0499999984,56.914285714285676
2026-07-29,1645,1700,1626.3,1697,1181435,0,0,0,1,1697,1698.8,1181435,1459445.5499999984,55.48571428571425
2026-07-30,1700,1700,1651.9,1655,236845,0,0,0,1,1655,1700,236845,1456812.9999999986,56.15714285714281
2026-07-31,1668.4,1671,1645,1650.6,382124,0,0,0,1,1650.6,1700,382124,1420808.5999999985,54.664285714285676
2026-08-03,1672,1721.9,1659.2,1715.3,698272,0,1,0,1,1715.3,1700,698272,1116993.7499999986,54.407142857142844
2026-08-04,1706,1743.5,1701,1736.6,570737,0,1,0,1,1736.6,1721.9,570737,1107845.4999999986,54.98571428571428
2026-08-05,1738.8,1799,1738.7,1788.1,1351428,1,1,1,1,1788.1,1743.5,1351428,1111395.4999999986,56.828571428571436
2026-08-06,1800,1862,1791.1,1819.6,1493012,1,1,1,1,1819.6,1799,1493012,1041689.5499999985,53.607142857142875
2026-08-07,1821.8,1865,1821.3,1839.8,718142,0,0,0,1,1839.8,1862,718142,1009912.3999999985,52.41428571428575
2026-08-10,1848.1,1860,1815.2,1848.5,445506,0,0,0,1,1848.5,1865,445506,997142.5499999985,52.14285714285716
2026-08-11,1848.1,1869.9,1816.5,1836.9,768460,0,0,0,1,1836.9,1865,768460,818543.7999999985,53.07857142857146
2026-08-12,1844.4,1873,1840,1867.6,583807,0,0,0,1,1867.6,1869.9,583807,777366.1999999986,54.02857142857145
2026-08-13,1869.6,1886,1869.6,1883.9,484970,0,1,0,1,1883.9,1873,484970,736985.7999999985,51.32857142857146
2026-08-14,1889.8,1896,1854.3,1873.3,554562,0,0,0,1,1873.3,1886,554562,710737.1499999985,49.042857142857166
2026-08-17,1873.3,1887.1,1846,1882,202713,0,0,0,1,1882,1896,202713,673556.5999999985,48.4857142857143
2026-08-18,1886.6,1934.9,1882,1917.1,712593,1,1,1,1,1917.1,1896,712593,679477.6499999985,47.000000000000014
2026-08-19,1929.2,1984,1926.7,1973.9,1215546,1,1,1,1,1973.9,1934.9,1215546,723220.4999999985,48.34285714285717
2026-08-20,1990,2017.5,1968.2,2005.2,748752,1,1,1,1,2005.2,1984,748752,748153.7499999985,50.00714285714288
2026-08-21,2175,2348.9,2133,2311.9,19963038,1,1,1,1,2311.9,2017.5,19963038,1704136.3499999985,69.46428571428574
2026-08-24,2290,2422,2266.7,2409.2,6106908,1,1,1,1,2409.2,2348.9,6106908,1962232.0499999984,77.5214285714286