Trade number,Type,Date and time,Signal,Price INR,Size (qty),Size (value),Net PnL INR,Return %,Commission INR,Favorable excursion INR,Favorable excursion %,Adverse excursion INR,Adverse excursion %,Cumulative PnL INR,Cumulative PnL %,Duration (bars)
1,Exit long,2002-09-03,Close entry(s) order TEST,16.3,1,16.3,0,0.00,0,2.1,12.88,0,0.00,0,0.00,8
1,Entry long,2002-08-22,TEST,16.3,1,16.3,0,0.00,0,2.1,12.88,0,0.00,0,0.00,8
2,Exit long,2002-09-05,Close entry(s) order TEST,16.3,1,16.3,0,0.00,0,0,0.00,0,0.00,0,0.00,1
2,Entry long,2002-09-04,TEST,16.3,1,16.3,0,0.00,0,0,0.00,0,0.00,0,0.00,1
3,Exit long,2002-09-09,Close entry(s) order TEST,16.3,1,16.3,0,0.00,0,2.1,12.88,0,0.00,0,0.00,1
3,Entry long,2002-09-06,TEST,16.3,1,16.3,0,0.00,0,2.1,12.88,0,0.00,0,0.00,1
4,Exit long,2002-09-12,Close entry(s) order TEST,16.3,1,16.3,0,0.00,0,0,0.00,0,0.00,0,0.00,1
4,Entry long,2002-09-11,TEST,16.3,1,16.3,0,0.00,0,0,0.00,0,0.00,0,0.00,1
5,Exit long,2002-09-16,Close entry(s) order TEST,16.3,1,16.3,0,0.00,0,0,0.00,0,0.00,0,0.00,1
5,Entry long,2002-09-13,TEST,16.3,1,16.3,0,0.00,0,0,0.00,0,0.00,0,0.00,1
6,Exit long,2002-09-18,Close entry(s) order TEST,16.3,1,16.3,0,0.00,0,0,0.00,0,0.00,0,0.00,1
6,Entry long,2002-09-17,TEST,16.3,1,16.3,0,0.00,0,0,0.00,0,0.00,0,0.00,1
7,Exit long,2002-09-20,Close entry(s) order TEST,16.3,1,16.3,0,0.00,0,0,0.00,0,0.00,0,0.00,1
7,Entry long,2002-09-19,TEST,16.3,1,16.3,0,0.00,0,0,0.00,0,0.00,0,0.00,1
8,Exit long,2002-09-24,Close entry(s) order TEST,16.3,1,16.3,0,0.00,0,0,0.00,0,0.00,0,0.00,1
8,Entry long,2002-09-23,TEST,16.3,1,16.3,0,0.00,0,0,0.00,0,0.00,0,0.00,1
9,Exit long,2002-09-26,Close entry(s) order TEST,16.3,1,16.3,0,0.00,0,0,0.00,-2,-12.27,0,0.00,1
9,Entry long,2002-09-25,TEST,16.3,1,16.3,0,0.00,0,0,0.00,-2,-12.27,0,0.00,1
10,Exit long,2002-09-30,Close entry(s) order TEST,14.3,1,14.3,0,0.00,0,0,0.00,0,0.00,0,0.00,1
10,Entry long,2002-09-27,TEST,14.3,1,14.3,0,0.00,0,0,0.00,0,0.00,0,0.00,1
11,Exit long,2002-10-03,Close entry(s) order TEST,16.3,1,14.3,2,13.99,0,2,13.99,0,0.00,2,0.00,1
11,Entry long,2002-10-01,TEST,14.3,1,14.3,2,13.99,0,2,13.99,0,0.00,2,0.00,1
12,Exit long,2002-10-07,Close entry(s) order TEST,16.3,1,16.3,0,0.00,0,0,0.00,-2,-12.27,2,0.00,1
12,Entry long,2002-10-04,TEST,16.3,1,16.3,0,0.00,0,0,0.00,-2,-12.27,2,0.00,1
13,Exit long,2002-10-09,Close entry(s) order TEST,16.3,1,16.3,0,0.00,0,0,0.00,0,0.00,2,0.00,1
13,Entry long,2002-10-08,TEST,16.3,1,16.3,0,0.00,0,0,0.00,0,0.00,2,0.00,1
14,Exit long,2002-10-11,Close entry(s) order TEST,16.3,1,16.3,0,0.00,0,0,0.00,0,0.00,2,0.00,1
14,Entry long,2002-10-10,TEST,16.3,1,16.3,0,0.00,0,0,0.00,0,0.00,2,0.00,1
15,Exit long,2002-10-16,Close entry(s) order TEST,16.3,1,16.3,0,0.00,0,0,0.00,0,0.00,2,0.00,1
15,Entry long,2002-10-14,TEST,16.3,1,16.3,0,0.00,0,0,0.00,0,0.00,2,0.00,1
16,Exit long,2002-10-18,Close entry(s) order TEST,16.3,1,16.3,0,0.00,0,0,0.00,0,0.00,2,0.00,1
16,Entry long,2002-10-17,TEST,16.3,1,16.3,0,0.00,0,0,0.00,0,0.00,2,0.00,1
17,Exit long,2002-10-22,Close entry(s) order TEST,16.3,1,16.3,0,0.00,0,0,0.00,0,0.00,2,0.00,1
17,Entry long,2002-10-21,TEST,16.3,1,16.3,0,0.00,0,0,0.00,0,0.00,2,0.00,1
18,Exit long,2002-10-24,Close entry(s) order TEST,16.3,1,14.3,2,13.99,0,2,13.99,0,0.00,4,0.00,1
18,Entry long,2002-10-23,TEST,14.3,1,14.3,2,13.99,0,2,13.99,0,0.00,4,0.00,1
19,Exit long,2002-10-28,Close entry(s) order TEST,14.3,1,14.3,0,0.00,0,2,13.99,0,0.00,4,0.00,1
19,Entry long,2002-10-25,TEST,14.3,1,14.3,0,0.00,0,2,13.99,0,0.00,4,0.00,1
20,Exit long,2002-10-30,Close entry(s) order TEST,14.3,1,14.3,0,0.00,0,0,0.00,0,0.00,4,0.00,1
20,Entry long,2002-10-29,TEST,14.3,1,14.3,0,0.00,0,0,0.00,0,0.00,4,0.00,1
21,Exit long,2002-11-01,Close entry(s) order TEST,14.3,1,14.3,0,0.00,0,0,0.00,0,0.00,4,0.00,1
21,Entry long,2002-10-31,TEST,14.3,1,14.3,0,0.00,0,0,0.00,0,0.00,4,0.00,1
22,Exit long,2002-11-05,Close entry(s) order TEST,14.3,1,16.3,-2,-12.27,0,0,0.00,-2,-12.27,2,0.00,1
22,Entry long,2002-11-04,TEST,16.3,1,16.3,-2,-12.27,0,0,0.00,-2,-12.27,2,0.00,1
23,Exit long,2002-11-08,Close entry(s) order TEST,18.4,1,18.4,0,0.00,0,2,10.87,0,0.00,2,0.00,1
23,Entry long,2002-11-07,TEST,18.4,1,18.4,0,0.00,0,2,10.87,0,0.00,2,0.00,1
24,Exit long,2002-11-12,Close entry(s) order TEST,18.4,1,22.4,-4,-17.86,0,0,0.00,-4,-17.86,-2,0.00,1
24,Entry long,2002-11-11,TEST,22.4,1,22.4,-4,-17.86,0,0,0.00,-4,-17.86,-2,0.00,1
25,Exit long,2002-11-14,Close entry(s) order TEST,18.4,1,18.4,0,0.00,0,2,10.87,0,0.00,-2,0.00,1
25,Entry long,2002-11-13,TEST,18.4,1,18.4,0,0.00,0,2,10.87,0,0.00,-2,0.00,1
26,Exit long,2002-11-18,Close entry(s) order TEST,18.4,1,18.4,0,0.00,0,0,0.00,0,0.00,-2,0.00,1
26,Entry long,2002-11-15,TEST,18.4,1,18.4,0,0.00,0,0,0.00,0,0.00,-2,0.00,1
27,Exit long,2002-11-21,Close entry(s) order TEST,20.4,1,18.4,2,10.87,0,2,10.87,0,0.00,0,0.00,1
27,Entry long,2002-11-20,TEST,18.4,1,18.4,2,10.87,0,2,10.87,0,0.00,0,0.00,1
28,Exit long,2002-11-25,Close entry(s) order TEST,18.4,1,20.4,-2,-9.80,0,0,0.00,-2,-9.80,-2,0.00,1
28,Entry long,2002-11-22,TEST,20.4,1,20.4,-2,-9.80,0,0,0.00,-2,-9.80,-2,0.00,1
29,Exit long,2002-11-27,Close entry(s) order TEST,18.4,1,18.4,0,0.00,0,0,0.00,0,0.00,-2,0.00,1
29,Entry long,2002-11-26,TEST,18.4,1,18.4,0,0.00,0,0,0.00,0,0.00,-2,0.00,1
30,Exit long,2002-11-29,Close entry(s) order TEST,18.4,1,18.4,0,0.00,0,0,0.00,0,0.00,-2,0.00,1
30,Entry long,2002-11-28,TEST,18.4,1,18.4,0,0.00,0,0,0.00,0,0.00,-2,0.00,1
31,Exit long,2002-12-03,Close entry(s) order TEST,18.4,1,18.4,0,0.00,0,2,10.87,0,0.00,-2,0.00,1
31,Entry long,2002-12-02,TEST,18.4,1,18.4,0,0.00,0,2,10.87,0,0.00,-2,0.00,1
32,Exit long,2002-12-05,Close entry(s) order TEST,18.4,1,18.4,0,0.00,0,0,0.00,0,0.00,-2,0.00,1
32,Entry long,2002-12-04,TEST,18.4,1,18.4,0,0.00,0,0,0.00,0,0.00,-2,0.00,1
33,Exit long,2002-12-09,Close entry(s) order TEST,20.4,1,18.4,2,10.87,0,2,10.87,0,0.00,0,0.00,1
33,Entry long,2002-12-06,TEST,18.4,1,18.4,2,10.87,0,2,10.87,0,0.00,0,0.00,1
34,Exit long,2002-12-11,Close entry(s) order TEST,18.4,1,20.4,-2,-9.80,0,0,0.00,-2,-9.80,-2,0.00,1
34,Entry long,2002-12-10,TEST,20.4,1,20.4,-2,-9.80,0,0,0.00,-2,-9.80,-2,0.00,1
35,Exit long,2002-12-13,Close entry(s) order TEST,18.4,1,18.4,0,0.00,0,2,10.87,0,0.00,-2,0.00,1
35,Entry long,2002-12-12,TEST,18.4,1,18.4,0,0.00,0,2,10.87,0,0.00,-2,0.00,1
36,Exit long,2002-12-17,Close entry(s) order TEST,18.4,1,18.4,0,0.00,0,0,0.00,0,0.00,-2,0.00,1
36,Entry long,2002-12-16,TEST,18.4,1,18.4,0,0.00,0,0,0.00,0,0.00,-2,0.00,1
37,Exit long,2002-12-19,Close entry(s) order TEST,20.4,1,18.4,2,10.87,0,2,10.87,0,0.00,0,0.00,1
37,Entry long,2002-12-18,TEST,18.4,1,18.4,2,10.87,0,2,10.87,0,0.00,0,0.00,1
38,Exit long,2002-12-23,Close entry(s) order TEST,20.4,1,20.4,0,0.00,0,0,0.00,0,0.00,0,0.00,1
38,Entry long,2002-12-20,TEST,20.4,1,20.4,0,0.00,0,0,0.00,0,0.00,0,0.00,1
39,Exit long,2002-12-26,Close entry(s) order TEST,20.4,1,20.4,0,0.00,0,0,0.00,0,0.00,0,0.00,1
39,Entry long,2002-12-24,TEST,20.4,1,20.4,0,0.00,0,0,0.00,0,0.00,0,0.00,1
40,Exit long,2002-12-30,Close entry(s) order TEST,18.4,1,20.4,-2,-9.80,0,0,0.00,-2,-9.80,-2,0.00,1
40,Entry long,2002-12-27,TEST,20.4,1,20.4,-2,-9.80,0,0,0.00,-2,-9.80,-2,0.00,1
41,Exit long,2003-01-01,Close entry(s) order TEST,18.4,1,18.4,0,0.00,0,0,0.00,0,0.00,-2,0.00,1
41,Entry long,2002-12-31,TEST,18.4,1,18.4,0,0.00,0,0,0.00,0,0.00,-2,0.00,1
42,Exit long,2003-01-03,Close entry(s) order TEST,18.4,1,18.4,0,0.00,0,0,0.00,0,0.00,-2,0.00,1
42,Entry long,2003-01-02,TEST,18.4,1,18.4,0,0.00,0,0,0.00,0,0.00,-2,0.00,1
43,Exit long,2003-01-07,Close entry(s) order TEST,18.4,1,18.4,0,0.00,0,0,0.00,0,0.00,-2,0.00,1
43,Entry long,2003-01-06,TEST,18.4,1,18.4,0,0.00,0,0,0.00,0,0.00,-2,0.00,1
44,Exit long,2003-01-09,Close entry(s) order TEST,18.4,1,18.4,0,0.00,0,0,0.00,0,0.00,-2,0.00,1
44,Entry long,2003-01-08,TEST,18.4,1,18.4,0,0.00,0,0,0.00,0,0.00,-2,0.00,1
45,Exit long,2003-01-13,Close entry(s) order TEST,18.4,1,18.4,0,0.00,0,0,0.00,0,0.00,-2,0.00,1
45,Entry long,2003-01-10,TEST,18.4,1,18.4,0,0.00,0,0,0.00,0,0.00,-2,0.00,1
46,Exit long,2003-01-15,Close entry(s) order TEST,18.4,1,18.4,0,0.00,0,0,0.00,0,0.00,-2,0.00,1
46,Entry long,2003-01-14,TEST,18.4,1,18.4,0,0.00,0,0,0.00,0,0.00,-2,0.00,1
47,Exit long,2003-01-17,Close entry(s) order TEST,18.4,1,18.4,0,0.00,0,0,0.00,0,0.00,-2,0.00,1
47,Entry long,2003-01-16,TEST,18.4,1,18.4,0,0.00,0,0,0.00,0,0.00,-2,0.00,1
48,Exit long,2003-01-21,Close entry(s) order TEST,18.4,1,18.4,0,0.00,0,0,0.00,0,0.00,-2,0.00,1
48,Entry long,2003-01-20,TEST,18.4,1,18.4,0,0.00,0,0,0.00,0,0.00,-2,0.00,1
49,Exit long,2003-01-23,Close entry(s) order TEST,18.4,1,18.4,0,0.00,0,0,0.00,0,0.00,-2,0.00,1
49,Entry long,2003-01-22,TEST,18.4,1,18.4,0,0.00,0,0,0.00,0,0.00,-2,0.00,1
50,Exit long,2003-01-27,Close entry(s) order TEST,18.4,1,18.4,0,0.00,0,0,0.00,-2.1,-11.41,-2,0.00,1
50,Entry long,2003-01-24,TEST,18.4,1,18.4,0,0.00,0,0,0.00,-2.1,-11.41,-2,0.00,1
51,Exit long,2003-01-29,Close entry(s) order TEST,20.4,1,16.3,4.1,25.15,0,4.1,25.15,0,0.00,2.1,0.00,1
51,Entry long,2003-01-28,TEST,16.3,1,16.3,4.1,25.15,0,4.1,25.15,0,0.00,2.1,0.00,1
52,Exit long,2003-01-31,Close entry(s) order TEST,18.4,1,18.4,0,0.00,0,0,0.00,0,0.00,2.1,0.00,1
52,Entry long,2003-01-30,TEST,18.4,1,18.4,0,0.00,0,0,0.00,0,0.00,2.1,0.00,1
53,Exit long,2003-02-04,Close entry(s) order TEST,18.4,1,20.4,-2,-9.80,0,0,0.00,-4.1,-20.10,0.1,0.00,1
53,Entry long,2003-02-03,TEST,20.4,1,20.4,-2,-9.80,0,0,0.00,-4.1,-20.10,0.1,0.00,1
54,Exit long,2003-02-06,Close entry(s) order TEST,18.4,1,16.3,2.1,12.88,0,2.1,12.88,0,0.00,2.2,0.00,1
54,Entry long,2003-02-05,TEST,16.3,1,16.3,2.1,12.88,0,2.1,12.88,0,0.00,2.2,0.00,1
55,Exit long,2003-02-10,Close entry(s) order TEST,16.3,1,18.4,-2.1,-11.41,0,0,0.00,-2.1,-11.41,0.1,0.00,1
55,Entry long,2003-02-07,TEST,18.4,1,18.4,-2.1,-11.41,0,0,0.00,-2.1,-11.41,0.1,0.00,1
56,Exit long,2003-02-12,Close entry(s) order TEST,16.3,1,16.3,0,0.00,0,0,0.00,0,0.00,0.1,0.00,1
56,Entry long,2003-02-11,TEST,16.3,1,16.3,0,0.00,0,0,0.00,0,0.00,0.1,0.00,1
57,Exit long,2003-02-17,Close entry(s) order TEST,16.3,1,16.3,0,0.00,0,0,0.00,0,0.00,0.1,0.00,1
57,Entry long,2003-02-14,TEST,16.3,1,16.3,0,0.00,0,0,0.00,0,0.00,0.1,0.00,1
58,Exit long,2003-02-19,Close entry(s) order TEST,16.3,1,16.3,0,0.00,0,0,0.00,0,0.00,0.1,0.00,1
58,Entry long,2003-02-18,TEST,16.3,1,16.3,0,0.00,0,0,0.00,0,0.00,0.1,0.00,1
59,Exit long,2003-02-21,Close entry(s) order TEST,16.3,1,16.3,0,0.00,0,0,0.00,0,0.00,0.1,0.00,1
59,Entry long,2003-02-20,TEST,16.3,1,16.3,0,0.00,0,0,0.00,0,0.00,0.1,0.00,1
60,Exit long,2003-02-25,Close entry(s) order TEST,16.3,1,16.3,0,0.00,0,0,0.00,0,0.00,0.1,0.00,1
60,Entry long,2003-02-24,TEST,16.3,1,16.3,0,0.00,0,0,0.00,0,0.00,0.1,0.00,1
61,Exit long,2003-02-27,Close entry(s) order TEST,16.3,1,14.3,2,13.99,0,2,13.99,0,0.00,2.1,0.00,1
61,Entry long,2003-02-26,TEST,14.3,1,14.3,2,13.99,0,2,13.99,0,0.00,2.1,0.00,1
62,Exit long,2003-03-03,Close entry(s) order TEST,14.3,1,16.3,-2,-12.27,0,0,0.00,-2,-12.27,0.1,0.00,1
62,Entry long,2003-02-28,TEST,16.3,1,16.3,-2,-12.27,0,0,0.00,-2,-12.27,0.1,0.00,1
63,Exit long,2003-03-05,Close entry(s) order TEST,14.3,1,16.3,-2,-12.27,0,0,0.00,-2,-12.27,-1.9,0.00,1
63,Entry long,2003-03-04,TEST,16.3,1,16.3,-2,-12.27,0,0,0.00,-2,-12.27,-1.9,0.00,1
64,Exit long,2003-03-07,Close entry(s) order TEST,14.3,1,14.3,0,0.00,0,0,0.00,0,0.00,-1.9,0.00,1
64,Entry long,2003-03-06,TEST,14.3,1,14.3,0,0.00,0,0,0.00,0,0.00,-1.9,0.00,1
65,Exit long,2003-03-11,Close entry(s) order TEST,14.3,1,14.3,0,0.00,0,0,0.00,0,0.00,-1.9,0.00,1
65,Entry long,2003-03-10,TEST,14.3,1,14.3,0,0.00,0,0,0.00,0,0.00,-1.9,0.00,1
66,Exit long,2003-03-13,Close entry(s) order TEST,14.3,1,14.3,0,0.00,0,0,0.00,0,0.00,-1.9,0.00,1
66,Entry long,2003-03-12,TEST,14.3,1,14.3,0,0.00,0,0,0.00,0,0.00,-1.9,0.00,1
67,Exit long,2003-03-19,Close entry(s) order TEST,14.3,1,14.3,0,0.00,0,0,0.00,0,0.00,-1.9,0.00,1
67,Entry long,2003-03-17,TEST,14.3,1,14.3,0,0.00,0,0,0.00,0,0.00,-1.9,0.00,1
68,Exit long,2003-03-21,Close entry(s) order TEST,14.3,1,16.3,-2,-12.27,0,0,0.00,-2,-12.27,-3.9,0.00,1
68,Entry long,2003-03-20,TEST,16.3,1,16.3,-2,-12.27,0,0,0.00,-2,-12.27,-3.9,0.00,1
69,Exit long,2003-03-25,Close entry(s) order TEST,14.3,1,14.3,0,0.00,0,0,0.00,0,0.00,-3.9,0.00,1
69,Entry long,2003-03-24,TEST,14.3,1,14.3,0,0.00,0,0,0.00,0,0.00,-3.9,0.00,1
70,Exit long,2003-03-27,Close entry(s) order TEST,14.3,1,14.3,0,0.00,0,0,0.00,0,0.00,-3.9,0.00,1
70,Entry long,2003-03-26,TEST,14.3,1,14.3,0,0.00,0,0,0.00,0,0.00,-3.9,0.00,1
71,Exit long,2003-03-31,Close entry(s) order TEST,14.3,1,14.3,0,0.00,0,0,0.00,0,0.00,-3.9,0.00,1
71,Entry long,2003-03-28,TEST,14.3,1,14.3,0,0.00,0,0,0.00,0,0.00,-3.9,0.00,1
72,Exit long,2003-04-02,Close entry(s) order TEST,14.3,1,14.3,0,0.00,0,0,0.00,0,0.00,-3.9,0.00,1
72,Entry long,2003-04-01,TEST,14.3,1,14.3,0,0.00,0,0,0.00,0,0.00,-3.9,0.00,1
73,Exit long,2003-04-04,Close entry(s) order TEST,14.3,1,14.3,0,0.00,0,0,0.00,0,0.00,-3.9,0.00,1
73,Entry long,2003-04-03,TEST,14.3,1,14.3,0,0.00,0,0,0.00,0,0.00,-3.9,0.00,1
74,Exit long,2003-04-08,Close entry(s) order TEST,16.3,1,16.3,0,0.00,0,0,0.00,-2,-12.27,-3.9,0.00,1
74,Entry long,2003-04-07,TEST,16.3,1,16.3,0,0.00,0,0,0.00,-2,-12.27,-3.9,0.00,1
75,Exit long,2003-04-10,Close entry(s) order TEST,16.3,1,16.3,0,0.00,0,0,0.00,0,0.00,-3.9,0.00,1
75,Entry long,2003-04-09,TEST,16.3,1,16.3,0,0.00,0,0,0.00,0,0.00,-3.9,0.00,1
76,Exit long,2003-04-15,Close entry(s) order TEST,14.3,1,16.3,-2,-12.27,0,0,0.00,-2,-12.27,-5.9,0.00,1
76,Entry long,2003-04-11,TEST,16.3,1,16.3,-2,-12.27,0,0,0.00,-2,-12.27,-5.9,0.00,1
77,Exit long,2003-04-17,Close entry(s) order TEST,16.3,1,16.3,0,0.00,0,0,0.00,0,0.00,-5.9,0.00,1
77,Entry long,2003-04-16,TEST,16.3,1,16.3,0,0.00,0,0,0.00,0,0.00,-5.9,0.00,1
78,Exit long,2003-04-22,Close entry(s) order TEST,16.3,1,16.3,0,0.00,0,0,0.00,0,0.00,-5.9,0.00,1
78,Entry long,2003-04-21,TEST,16.3,1,16.3,0,0.00,0,0,0.00,0,0.00,-5.9,0.00,1
79,Exit long,2003-04-24,Close entry(s) order TEST,16.3,1,16.3,0,0.00,0,0,0.00,0,0.00,-5.9,0.00,1
79,Entry long,2003-04-23,TEST,16.3,1,16.3,0,0.00,0,0,0.00,0,0.00,-5.9,0.00,1
80,Exit long,2003-04-28,Close entry(s) order TEST,16.3,1,16.3,0,0.00,0,0,0.00,0,0.00,-5.9,0.00,1
80,Entry long,2003-04-25,TEST,16.3,1,16.3,0,0.00,0,0,0.00,0,0.00,-5.9,0.00,1
81,Exit long,2003-04-30,Close entry(s) order TEST,16.3,1,16.3,0,0.00,0,0,0.00,-2,-12.27,-5.9,0.00,1
81,Entry long,2003-04-29,TEST,16.3,1,16.3,0,0.00,0,0,0.00,-2,-12.27,-5.9,0.00,1
82,Exit long,2003-05-05,Close entry(s) order TEST,14.3,1,14.3,0,0.00,0,2,13.99,0,0.00,-5.9,0.00,1
82,Entry long,2003-05-02,TEST,14.3,1,14.3,0,0.00,0,2,13.99,0,0.00,-5.9,0.00,1
83,Exit long,2003-05-07,Close entry(s) order TEST,16.3,1,14.3,2,13.99,0,2,13.99,0,0.00,-3.9,0.00,1
83,Entry long,2003-05-06,TEST,14.3,1,14.3,2,13.99,0,2,13.99,0,0.00,-3.9,0.00,1
84,Exit long,2003-05-09,Close entry(s) order TEST,18.4,1,16.3,2.1,12.88,0,2.1,12.88,0,0.00,-1.8,0.00,1
84,Entry long,2003-05-08,TEST,16.3,1,16.3,2.1,12.88,0,2.1,12.88,0,0.00,-1.8,0.00,1
85,Exit long,2003-05-13,Close entry(s) order TEST,18.4,1,18.4,0,0.00,0,0,0.00,0,0.00,-1.8,0.00,1
85,Entry long,2003-05-12,TEST,18.4,1,18.4,0,0.00,0,0,0.00,0,0.00,-1.8,0.00,1
86,Exit long,2003-05-15,Close entry(s) order TEST,20.4,1,20.4,0,0.00,0,0,0.00,0,0.00,-1.8,0.00,1
86,Entry long,2003-05-14,TEST,20.4,1,20.4,0,0.00,0,0,0.00,0,0.00,-1.8,0.00,1
87,Exit long,2003-05-19,Close entry(s) order TEST,24.5,1,24.5,0,0.00,0,0,0.00,-2.1,-8.57,-1.8,0.00,1
87,Entry long,2003-05-16,TEST,24.5,1,24.5,0,0.00,0,0,0.00,-2.1,-8.57,-1.8,0.00,1
88,Exit long,2003-05-21,Close entry(s) order TEST,24.5,1,24.5,0,0.00,0,0,0.00,0,0.00,-1.8,0.00,1
88,Entry long,2003-05-20,TEST,24.5,1,24.5,0,0.00,0,0,0.00,0,0.00,-1.8,0.00,1
89,Exit long,2003-05-23,Close entry(s) order TEST,24.5,1,24.5,0,0.00,0,2,8.16,0,0.00,-1.8,0.00,1
89,Entry long,2003-05-22,TEST,24.5,1,24.5,0,0.00,0,2,8.16,0,0.00,-1.8,0.00,1
90,Exit long,2003-05-27,Close entry(s) order TEST,24.5,1,24.5,0,0.00,0,0,0.00,-2.1,-8.57,-1.8,0.00,1
90,Entry long,2003-05-26,TEST,24.5,1,24.5,0,0.00,0,0,0.00,-2.1,-8.57,-1.8,0.00,1
91,Exit long,2003-05-29,Close entry(s) order TEST,22.4,1,22.4,0,0.00,0,0,0.00,0,0.00,-1.8,0.00,1
91,Entry long,2003-05-28,TEST,22.4,1,22.4,0,0.00,0,0,0.00,0,0.00,-1.8,0.00,1
92,Exit long,2003-06-02,Close entry(s) order TEST,22.4,1,22.4,0,0.00,0,0,0.00,0,0.00,-1.8,0.00,1
92,Entry long,2003-05-30,TEST,22.4,1,22.4,0,0.00,0,0,0.00,0,0.00,-1.8,0.00,1
93,Exit long,2003-06-04,Close entry(s) order TEST,24.5,1,22.4,2.1,9.38,0,2.1,9.38,0,0.00,0.3,0.00,1
93,Entry long,2003-06-03,TEST,22.4,1,22.4,2.1,9.38,0,2.1,9.38,0,0.00,0.3,0.00,1
94,Exit long,2003-06-06,Close entry(s) order TEST,22.4,1,24.5,-2.1,-8.57,0,0,0.00,-2.1,-8.57,-1.8,0.00,1
94,Entry long,2003-06-05,TEST,24.5,1,24.5,-2.1,-8.57,0,0,0.00,-2.1,-8.57,-1.8,0.00,1
95,Exit long,2003-06-10,Close entry(s) order TEST,22.4,1,22.4,0,0.00,0,0,0.00,0,0.00,-1.8,0.00,1
95,Entry long,2003-06-09,TEST,22.4,1,22.4,0,0.00,0,0,0.00,0,0.00,-1.8,0.00,1
96,Exit long,2003-06-12,Close entry(s) order TEST,22.4,1,22.4,0,0.00,0,0,0.00,0,0.00,-1.8,0.00,1
96,Entry long,2003-06-11,TEST,22.4,1,22.4,0,0.00,0,0,0.00,0,0.00,-1.8,0.00,1
97,Exit long,2003-06-16,Close entry(s) order TEST,24.5,1,24.5,0,0.00,0,2,8.16,0,0.00,-1.8,0.00,1
97,Entry long,2003-06-13,TEST,24.5,1,24.5,0,0.00,0,2,8.16,0,0.00,-1.8,0.00,1
98,Exit long,2003-06-18,Close entry(s) order TEST,24.5,1,24.5,0,0.00,0,0,0.00,0,0.00,-1.8,0.00,1
98,Entry long,2003-06-17,TEST,24.5,1,24.5,0,0.00,0,0,0.00,0,0.00,-1.8,0.00,1
99,Exit long,2003-06-20,Close entry(s) order TEST,28.6,1,24.5,4.1,16.73,0,4.1,16.73,0,0.00,2.3,0.00,1
99,Entry long,2003-06-19,TEST,24.5,1,24.5,4.1,16.73,0,4.1,16.73,0,0.00,2.3,0.00,1
100,Exit long,2003-06-24,Close entry(s) order TEST,28.6,1,28.6,0,0.00,0,0,0.00,-2.1,-7.34,2.3,0.00,1
100,Entry long,2003-06-23,TEST,28.6,1,28.6,0,0.00,0,0,0.00,-2.1,-7.34,2.3,0.00,1
101,Exit long,2003-06-26,Close entry(s) order TEST,36.7,1,30.6,6.1,19.93,0,6.1,19.93,-2,-6.54,8.4,0.00,1
101,Entry long,2003-06-25,TEST,30.6,1,30.6,6.1,19.93,0,6.1,19.93,-2,-6.54,8.4,0.00,1
102,Exit long,2003-06-30,Close entry(s) order TEST,36.7,1,34.7,2,5.76,0,4.1,11.82,0,0.00,10.4,0.00,1
102,Entry long,2003-06-27,TEST,34.7,1,34.7,2,5.76,0,4.1,11.82,0,0.00,10.4,0.00,1
103,Exit long,2003-07-02,Close entry(s) order TEST,44.9,1,44.9,0,0.00,0,2,4.45,-4.1,-9.13,10.4,0.00,1
103,Entry long,2003-07-01,TEST,44.9,1,44.9,0,0.00,0,2,4.45,-4.1,-9.13,10.4,0.00,1
104,Exit long,2003-07-04,Close entry(s) order TEST,44.9,1,44.9,0,0.00,0,4.1,9.13,-2,-4.45,10.4,0.00,1
104,Entry long,2003-07-03,TEST,44.9,1,44.9,0,0.00,0,4.1,9.13,-2,-4.45,10.4,0.00,1
105,Exit long,2003-07-08,Close entry(s) order TEST,49,1,44.9,4.1,9.13,0,4.1,9.13,0,0.00,14.5,0.00,1
105,Entry long,2003-07-07,TEST,44.9,1,44.9,4.1,9.13,0,4.1,9.13,0,0.00,14.5,0.00,1
106,Exit long,2003-07-10,Close entry(s) order TEST,51,1,53.1,-2.1,-3.95,0,2,3.77,-4.1,-7.72,12.4,0.00,1
106,Entry long,2003-07-09,TEST,53.1,1,53.1,-2.1,-3.95,0,2,3.77,-4.1,-7.72,12.4,0.00,1
107,Exit long,2003-07-14,Close entry(s) order TEST,53.1,1,53.1,0,0.00,0,6.1,11.49,-4.1,-7.72,12.4,0.00,1
107,Entry long,2003-07-11,TEST,53.1,1,53.1,0,0.00,0,6.1,11.49,-4.1,-7.72,12.4,0.00,1
108,Exit long,2003-07-16,Close entry(s) order TEST,49,1,55.1,-6.1,-11.07,0,2,3.63,-8.2,-14.88,6.3,0.00,1
108,Entry long,2003-07-15,TEST,55.1,1,55.1,-6.1,-11.07,0,2,3.63,-8.2,-14.88,6.3,0.00,1
109,Exit long,2003-07-18,Close entry(s) order TEST,46.9,1,51,-4.1,-8.04,0,2.1,4.12,-4.1,-8.04,2.2,0.00,1
109,Entry long,2003-07-17,TEST,51,1,51,-4.1,-8.04,0,2.1,4.12,-4.1,-8.04,2.2,0.00,1
110,Exit long,2003-07-22,Close entry(s) order TEST,42.9,1,46.9,-4,-8.53,0,0,0.00,-4,-8.53,-1.8,0.00,1
110,Entry long,2003-07-21,TEST,46.9,1,46.9,-4,-8.53,0,0,0.00,-4,-8.53,-1.8,0.00,1
111,Exit long,2003-07-24,Close entry(s) order TEST,44.9,1,46.9,-2,-4.26,0,0,0.00,-2,-4.26,-3.8,0.00,1
111,Entry long,2003-07-23,TEST,46.9,1,46.9,-2,-4.26,0,0,0.00,-2,-4.26,-3.8,0.00,1
112,Exit long,2003-07-28,Close entry(s) order TEST,46.9,1,44.9,2,4.45,0,2,4.45,0,0.00,-1.8,0.00,1
112,Entry long,2003-07-25,TEST,44.9,1,44.9,2,4.45,0,2,4.45,0,0.00,-1.8,0.00,1
113,Exit long,2003-07-30,Close entry(s) order TEST,49,1,44.9,4.1,9.13,0,6.1,13.59,0,0.00,2.3,0.00,1
113,Entry long,2003-07-29,TEST,44.9,1,44.9,4.1,9.13,0,6.1,13.59,0,0.00,2.3,0.00,1
114,Exit long,2003-08-01,Close entry(s) order TEST,49,1,53.1,-4.1,-7.72,0,0,0.00,-4.1,-7.72,-1.8,0.00,1
114,Entry long,2003-07-31,TEST,53.1,1,53.1,-4.1,-7.72,0,0,0.00,-4.1,-7.72,-1.8,0.00,1
115,Exit long,2003-08-05,Close entry(s) order TEST,49,1,49,0,0.00,0,2,4.08,-2.1,-4.29,-1.8,0.00,1
115,Entry long,2003-08-04,TEST,49,1,49,0,0.00,0,2,4.08,-2.1,-4.29,-1.8,0.00,1
116,Exit long,2003-08-07,Close entry(s) order TEST,46.9,1,49,-2.1,-4.29,0,0,0.00,-4.1,-8.37,-3.9,0.00,1
116,Entry long,2003-08-06,TEST,49,1,49,-2.1,-4.29,0,0,0.00,-4.1,-8.37,-3.9,0.00,1
117,Exit long,2003-08-11,Close entry(s) order TEST,49,1,51,-2,-3.92,0,0,0.00,-4.1,-8.04,-5.9,0.00,1
117,Entry long,2003-08-08,TEST,51,1,51,-2,-3.92,0,0,0.00,-4.1,-8.04,-5.9,0.00,1
118,Exit long,2003-08-13,Close entry(s) order TEST,49,1,49,0,0.00,0,2,4.08,0,0.00,-5.9,0.00,1
118,Entry long,2003-08-12,TEST,49,1,49,0,0.00,0,2,4.08,0,0.00,-5.9,0.00,1
119,Exit long,2003-08-18,Close entry(s) order TEST,51,1,53.1,-2.1,-3.95,0,0,0.00,-4.1,-7.72,-8,0.00,1
119,Entry long,2003-08-14,TEST,53.1,1,53.1,-2.1,-3.95,0,0,0.00,-4.1,-7.72,-8,0.00,1
120,Exit long,2003-08-20,Close entry(s) order TEST,53.1,1,61.2,-8.1,-13.24,0,0,0.00,-10.2,-16.67,-16.1,0.00,1
120,Entry long,2003-08-19,TEST,61.2,1,61.2,-8.1,-13.24,0,0,0.00,-10.2,-16.67,-16.1,0.00,1
121,Exit long,2003-08-22,Close entry(s) order TEST,49,1,53.1,-4.1,-7.72,0,0,0.00,-4.1,-7.72,-20.2,0.00,1
121,Entry long,2003-08-21,TEST,53.1,1,53.1,-4.1,-7.72,0,0,0.00,-4.1,-7.72,-20.2,0.00,1
122,Exit long,2003-08-26,Close entry(s) order TEST,49,1,51,-2,-3.92,0,2.1,4.12,-6.1,-11.96,-22.2,0.00,1
122,Entry long,2003-08-25,TEST,51,1,51,-2,-3.92,0,2.1,4.12,-6.1,-11.96,-22.2,0.00,1
123,Exit long,2003-08-28,Close entry(s) order TEST,51,1,53.1,-2.1,-3.95,0,0,0.00,-4.1,-7.72,-24.3,0.00,1
123,Entry long,2003-08-27,TEST,53.1,1,53.1,-2.1,-3.95,0,0,0.00,-4.1,-7.72,-24.3,0.00,1
124,Exit long,2003-09-01,Close entry(s) order TEST,46.9,1,51,-4.1,-8.04,0,0,0.00,-4.1,-8.04,-28.4,0.00,1
124,Entry long,2003-08-29,TEST,51,1,51,-4.1,-8.04,0,0,0.00,-4.1,-8.04,-28.4,0.00,1
125,Exit long,2003-09-03,Close entry(s) order TEST,51,1,49,2,4.08,0,4.1,8.37,-2.1,-4.29,-26.4,0.00,1
125,Entry long,2003-09-02,TEST,49,1,49,2,4.08,0,4.1,8.37,-2.1,-4.29,-26.4,0.00,1
126,Exit long,2003-09-05,Close entry(s) order TEST,51,1,49,2,4.08,0,4.1,8.37,0,0.00,-24.4,0.00,1
126,Entry long,2003-09-04,TEST,49,1,49,2,4.08,0,4.1,8.37,0,0.00,-24.4,0.00,1
127,Exit long,2003-09-09,Close entry(s) order TEST,57.1,1,55.1,2,3.63,0,2,3.63,-2,-3.63,-22.4,0.00,1
127,Entry long,2003-09-08,TEST,55.1,1,55.1,2,3.63,0,2,3.63,-2,-3.63,-22.4,0.00,1
128,Exit long,2003-09-11,Close entry(s) order TEST,61.2,1,61.2,0,0.00,0,2.1,3.43,-2,-3.27,-22.4,0.00,1
128,Entry long,2003-09-10,TEST,61.2,1,61.2,0,0.00,0,2.1,3.43,-2,-3.27,-22.4,0.00,1
129,Exit long,2003-09-15,Close entry(s) order TEST,65.3,1,65.3,0,0.00,0,2,3.06,-2,-3.06,-22.4,0.00,1
129,Entry long,2003-09-12,TEST,65.3,1,65.3,0,0.00,0,2,3.06,-2,-3.06,-22.4,0.00,1
130,Exit long,2003-09-17,Close entry(s) order TEST,65.3,1,61.2,4.1,6.70,0,4.1,6.70,-2,-3.27,-18.3,0.00,1
130,Entry long,2003-09-16,TEST,61.2,1,61.2,4.1,6.70,0,4.1,6.70,-2,-3.27,-18.3,0.00,1
131,Exit long,2003-09-19,Close entry(s) order TEST,61.2,1,63.3,-2.1,-3.32,0,0,0.00,-4.1,-6.48,-20.4,0.00,1
131,Entry long,2003-09-18,TEST,63.3,1,63.3,-2.1,-3.32,0,0,0.00,-4.1,-6.48,-20.4,0.00,1
132,Exit long,2003-09-23,Close entry(s) order TEST,59.2,1,59.2,0,0.00,0,2,3.38,0,0.00,-20.4,0.00,1
132,Entry long,2003-09-22,TEST,59.2,1,59.2,0,0.00,0,2,3.38,0,0.00,-20.4,0.00,1
133,Exit long,2003-09-25,Close entry(s) order TEST,59.2,1,63.3,-4.1,-6.48,0,0,0.00,-6.2,-9.79,-24.5,0.00,1
133,Entry long,2003-09-24,TEST,63.3,1,63.3,-4.1,-6.48,0,0,0.00,-6.2,-9.79,-24.5,0.00,1
134,Exit long,2003-09-29,Close entry(s) order TEST,65.3,1,61.2,4.1,6.70,0,4.1,6.70,0,0.00,-20.4,0.00,1
134,Entry long,2003-09-26,TEST,61.2,1,61.2,4.1,6.70,0,4.1,6.70,0,0.00,-20.4,0.00,1
135,Exit long,2003-10-01,Close entry(s) order TEST,69.4,1,69.4,0,0.00,0,0,0.00,-2.1,-3.03,-20.4,0.00,1
135,Entry long,2003-09-30,TEST,69.4,1,69.4,0,0.00,0,0,0.00,-2.1,-3.03,-20.4,0.00,1
136,Exit long,2003-10-06,Close entry(s) order TEST,75.5,1,73.5,2,2.72,0,2,2.72,0,0.00,-18.4,0.00,1
136,Entry long,2003-10-03,TEST,73.5,1,73.5,2,2.72,0,2,2.72,0,0.00,-18.4,0.00,1
137,Exit long,2003-10-08,Close entry(s) order TEST,73.5,1,73.5,0,0.00,0,4.1,5.58,0,0.00,-18.4,0.00,1
137,Entry long,2003-10-07,TEST,73.5,1,73.5,0,0.00,0,4.1,5.58,0,0.00,-18.4,0.00,1
138,Exit long,2003-10-10,Close entry(s) order TEST,79.6,1,73.5,6.1,8.30,0,6.1,8.30,0,0.00,-12.3,0.00,1
138,Entry long,2003-10-09,TEST,73.5,1,73.5,6.1,8.30,0,6.1,8.30,0,0.00,-12.3,0.00,1
139,Exit long,2003-10-14,Close entry(s) order TEST,77.6,1,79.6,-2,-2.51,0,2,2.51,-2,-2.51,-14.3,0.00,1
139,Entry long,2003-10-13,TEST,79.6,1,79.6,-2,-2.51,0,2,2.51,-2,-2.51,-14.3,0.00,1
140,Exit long,2003-10-16,Close entry(s) order TEST,83.7,1,79.6,4.1,5.15,0,4.1,5.15,0,0.00,-10.2,0.00,1
140,Entry long,2003-10-15,TEST,79.6,1,79.6,4.1,5.15,0,4.1,5.15,0,0.00,-10.2,0.00,1
141,Exit long,2003-10-20,Close entry(s) order TEST,79.6,1,79.6,0,0.00,0,2,2.51,-2,-2.51,-10.2,0.00,1
141,Entry long,2003-10-17,TEST,79.6,1,79.6,0,0.00,0,2,2.51,-2,-2.51,-10.2,0.00,1
142,Exit long,2003-10-22,Close entry(s) order TEST,73.5,1,75.5,-2,-2.65,0,2.1,2.78,-2,-2.65,-12.2,0.00,1
142,Entry long,2003-10-21,TEST,75.5,1,75.5,-2,-2.65,0,2.1,2.78,-2,-2.65,-12.2,0.00,1
143,Exit long,2003-10-24,Close entry(s) order TEST,77.6,1,73.5,4.1,5.58,0,4.1,5.58,0,0.00,-8.1,0.00,1
143,Entry long,2003-10-23,TEST,73.5,1,73.5,4.1,5.58,0,4.1,5.58,0,0.00,-8.1,0.00,1
144,Exit long,2003-10-28,Close entry(s) order TEST,83.7,1,83.7,0,0.00,0,0,0.00,-4.1,-4.90,-8.1,0.00,1
144,Entry long,2003-10-27,TEST,83.7,1,83.7,0,0.00,0,0,0.00,-4.1,-4.90,-8.1,0.00,1
145,Exit long,2003-10-30,Close entry(s) order TEST,79.6,1,79.6,0,0.00,0,2,2.51,-2,-2.51,-8.1,0.00,1
145,Entry long,2003-10-29,TEST,79.6,1,79.6,0,0.00,0,2,2.51,-2,-2.51,-8.1,0.00,1
146,Exit long,2003-11-03,Close entry(s) order TEST,83.7,1,79.6,4.1,5.15,0,4.1,5.15,0,0.00,-4,0.00,1
146,Entry long,2003-10-31,TEST,79.6,1,79.6,4.1,5.15,0,4.1,5.15,0,0.00,-4,0.00,1
147,Exit long,2003-11-05,Close entry(s) order TEST,81.6,1,83.7,-2.1,-2.51,0,0,0.00,-2.1,-2.51,-6.1,0.00,1
147,Entry long,2003-11-04,TEST,83.7,1,83.7,-2.1,-2.51,0,0,0.00,-2.1,-2.51,-6.1,0.00,1
148,Exit long,2003-11-07,Close entry(s) order TEST,85.7,1,83.7,2,2.39,0,2,2.39,-2.1,-2.51,-4.1,0.00,1
148,Entry long,2003-11-06,TEST,83.7,1,83.7,2,2.39,0,2,2.39,-2.1,-2.51,-4.1,0.00,1
149,Exit long,2003-11-11,Close entry(s) order TEST,83.7,1,95.9,-12.2,-12.72,0,0,0.00,-14.3,-14.91,-16.3,0.00,1
149,Entry long,2003-11-10,TEST,95.9,1,95.9,-12.2,-12.72,0,0,0.00,-14.3,-14.91,-16.3,0.00,1
150,Exit long,2003-11-13,Close entry(s) order TEST,87.8,1,85.7,2.1,2.45,0,4.1,4.78,0,0.00,-14.2,0.00,1
150,Entry long,2003-11-12,TEST,85.7,1,85.7,2.1,2.45,0,4.1,4.78,0,0.00,-14.2,0.00,1
151,Exit long,2003-11-17,Close entry(s) order TEST,87.8,1,85.7,2.1,2.45,0,2.1,2.45,0,0.00,-12.1,0.00,1
151,Entry long,2003-11-14,TEST,85.7,1,85.7,2.1,2.45,0,2.1,2.45,0,0.00,-12.1,0.00,1
152,Exit long,2003-11-19,Close entry(s) order TEST,95.9,1,95.9,0,0.00,0,2.1,2.19,-2,-2.09,-12.1,0.00,1
152,Entry long,2003-11-18,TEST,95.9,1,95.9,0,0.00,0,2.1,2.19,-2,-2.09,-12.1,0.00,1
153,Exit long,2003-11-21,Close entry(s) order TEST,87.8,1,95.9,-8.1,-8.45,0,0,0.00,-8.1,-8.45,-20.2,0.00,1
153,Entry long,2003-11-20,TEST,95.9,1,95.9,-8.1,-8.45,0,0,0.00,-8.1,-8.45,-20.2,0.00,1
154,Exit long,2003-11-25,Close entry(s) order TEST,91.8,1,91.8,0,0.00,0,0,0.00,-2,-2.18,-20.2,0.00,1
154,Entry long,2003-11-24,TEST,91.8,1,91.8,0,0.00,0,0,0.00,-2,-2.18,-20.2,0.00,1
155,Exit long,2003-11-28,Close entry(s) order TEST,89.8,1,91.8,-2,-2.18,0,0,0.00,-4,-4.36,-22.2,0.00,1
155,Entry long,2003-11-27,TEST,91.8,1,91.8,-2,-2.18,0,0,0.00,-4,-4.36,-22.2,0.00,1
156,Exit long,2003-12-02,Close entry(s) order TEST,89.8,1,91.8,-2,-2.18,0,0,0.00,-4,-4.36,-24.2,0.00,1
156,Entry long,2003-12-01,TEST,91.8,1,91.8,-2,-2.18,0,0,0.00,-4,-4.36,-24.2,0.00,1
157,Exit long,2003-12-04,Close entry(s) order TEST,98,1,89.8,8.2,9.13,0,8.2,9.13,0,0.00,-16,0.00,1
157,Entry long,2003-12-03,TEST,89.8,1,89.8,8.2,9.13,0,8.2,9.13,0,0.00,-16,0.00,1
158,Exit long,2003-12-08,Close entry(s) order TEST,100,1,102,-2,-1.96,0,2.1,2.06,-4,-3.92,-18,0.00,1
158,Entry long,2003-12-05,TEST,102,1,102,-2,-1.96,0,2.1,2.06,-4,-3.92,-18,0.00,1
159,Exit long,2003-12-10,Close entry(s) order TEST,100,1,100,0,0.00,0,2,2.00,0,0.00,-18,0.00,1
159,Entry long,2003-12-09,TEST,100,1,100,0,0.00,0,2,2.00,0,0.00,-18,0.00,1
160,Exit long,2003-12-12,Close entry(s) order TEST,99,1,101.6,-2.6,-2.56,0,0,0.00,-4.7,-4.63,-20.6,0.00,1
160,Entry long,2003-12-11,TEST,101.6,1,101.6,-2.6,-2.56,0,0,0.00,-4.7,-4.63,-20.6,0.00,1
161,Exit long,2003-12-16,Close entry(s) order TEST,105.9,1,106.1,-0.2,-0.19,0,0.8,0.75,-4.1,-3.86,-20.8,0.00,1
161,Entry long,2003-12-15,TEST,106.1,1,106.1,-0.2,-0.19,0,0.8,0.75,-4.1,-3.86,-20.8,0.00,1
162,Exit long,2003-12-18,Close entry(s) order TEST,100,1,101.9,-1.9,-1.86,0,0.3,0.29,-3,-2.94,-22.7,0.00,1
162,Entry long,2003-12-17,TEST,101.9,1,101.9,-1.9,-1.86,0,0.3,0.29,-3,-2.94,-22.7,0.00,1
163,Exit long,2003-12-22,Close entry(s) order TEST,96.9,1,100,-3.1,-3.10,0,0,0.00,-6.5,-6.50,-25.8,0.00,1
163,Entry long,2003-12-19,TEST,100,1,100,-3.1,-3.10,0,0,0.00,-6.5,-6.50,-25.8,0.00,1
164,Exit long,2003-12-24,Close entry(s) order TEST,106.1,1,96.9,9.2,9.49,0,9.2,9.49,-1,-1.03,-16.6,0.00,1
164,Entry long,2003-12-23,TEST,96.9,1,96.9,9.2,9.49,0,9.2,9.49,-1,-1.03,-16.6,0.00,1
165,Exit long,2003-12-29,Close entry(s) order TEST,105.4,1,102.9,2.5,2.43,0,2.5,2.43,-3.9,-3.79,-14.1,0.00,1
165,Entry long,2003-12-26,TEST,102.9,1,102.9,2.5,2.43,0,2.5,2.43,-3.9,-3.79,-14.1,0.00,1
166,Exit long,2003-12-31,Close entry(s) order TEST,105.1,1,108.1,-3,-2.78,0,0.9,0.83,-6.1,-5.64,-17.1,0.00,1
166,Entry long,2003-12-30,TEST,108.1,1,108.1,-3,-2.78,0,0.9,0.83,-6.1,-5.64,-17.1,0.00,1
167,Exit long,2004-01-02,Close entry(s) order TEST,104.8,1,103.4,1.4,1.35,0,1.4,1.35,-1.3,-1.26,-15.7,0.00,1
167,Entry long,2004-01-01,TEST,103.4,1,103.4,1.4,1.35,0,1.4,1.35,-1.3,-1.26,-15.7,0.00,1
168,Exit long,2004-01-06,Close entry(s) order TEST,103.5,1,104.4,-0.9,-0.86,0,7.8,7.47,-1.7,-1.63,-16.6,0.00,1
168,Entry long,2004-01-05,TEST,104.4,1,104.4,-0.9,-0.86,0,7.8,7.47,-1.7,-1.63,-16.6,0.00,1
169,Exit long,2004-01-08,Close entry(s) order TEST,105.9,1,97.4,8.5,8.73,0,8.5,8.73,-5.2,-5.34,-8.1,0.00,1
169,Entry long,2004-01-07,TEST,97.4,1,97.4,8.5,8.73,0,8.5,8.73,-5.2,-5.34,-8.1,0.00,1
170,Exit long,2004-01-12,Close entry(s) order TEST,91.8,1,101.4,-9.6,-9.47,0,0,0.00,-11.1,-10.95,-17.7,0.00,1
170,Entry long,2004-01-09,TEST,101.4,1,101.4,-9.6,-9.47,0,0,0.00,-11.1,-10.95,-17.7,0.00,1
171,Exit long,2004-01-14,Close entry(s) order TEST,92.4,1,88.8,3.6,4.05,0,4.1,4.62,-1.5,-1.69,-14.1,0.00,1
171,Entry long,2004-01-13,TEST,88.8,1,88.8,3.6,4.05,0,4.1,4.62,-1.5,-1.69,-14.1,0.00,1
172,Exit long,2004-01-16,Close entry(s) order TEST,94.7,1,95.8,-1.1,-1.15,0,0.9,0.94,-2.4,-2.51,-15.2,0.00,1
172,Entry long,2004-01-15,TEST,95.8,1,95.8,-1.1,-1.15,0,0.9,0.94,-2.4,-2.51,-15.2,0.00,1
173,Exit long,2004-01-20,Close entry(s) order TEST,87.3,1,87.2,0.1,0.11,0,1.2,1.38,-3,-3.44,-15.1,0.00,1
173,Entry long,2004-01-19,TEST,87.2,1,87.2,0.1,0.11,0,1.2,1.38,-3,-3.44,-15.1,0.00,1
174,Exit long,2004-01-22,Close entry(s) order TEST,79.4,1,84.8,-5.4,-6.37,0,2.5,2.95,-12.8,-15.09,-20.5,0.00,1
174,Entry long,2004-01-21,TEST,84.8,1,84.8,-5.4,-6.37,0,2.5,2.95,-12.8,-15.09,-20.5,0.00,1
175,Exit long,2004-01-27,Close entry(s) order TEST,87.8,1,82.4,5.4,6.55,0,5.4,6.55,-2,-2.43,-15.1,0.00,1
175,Entry long,2004-01-23,TEST,82.4,1,82.4,5.4,6.55,0,5.4,6.55,-2,-2.43,-15.1,0.00,1
176,Exit long,2004-01-29,Close entry(s) order TEST,83.7,1,89.8,-6.1,-6.79,0,0.7,0.78,-6.1,-6.79,-21.2,0.00,1
176,Entry long,2004-01-28,TEST,89.8,1,89.8,-6.1,-6.79,0,0.7,0.78,-6.1,-6.79,-21.2,0.00,1
177,Exit long,2004-02-03,Close entry(s) order TEST,80.5,1,85.2,-4.7,-5.52,0,0.5,0.59,-6,-7.04,-25.9,0.00,1
177,Entry long,2004-01-30,TEST,85.2,1,85.2,-4.7,-5.52,0,0.5,0.59,-6,-7.04,-25.9,0.00,1
178,Exit long,2004-02-05,Close entry(s) order TEST,79.6,1,76.5,3.1,4.05,0,3.1,4.05,-1.5,-1.96,-22.8,0.00,1
178,Entry long,2004-02-04,TEST,76.5,1,76.5,3.1,4.05,0,3.1,4.05,-1.5,-1.96,-22.8,0.00,1
179,Exit long,2004-02-09,Close entry(s) order TEST,77.4,1,78,-0.6,-0.77,0,0,0.00,-3.3,-4.23,-23.4,0.00,1
179,Entry long,2004-02-06,TEST,78,1,78,-0.6,-0.77,0,0,0.00,-3.3,-4.23,-23.4,0.00,1
180,Exit long,2004-02-11,Close entry(s) order TEST,79.7,1,85.3,-5.6,-6.57,0,0,0.00,-5.6,-6.57,-29,0.00,1
180,Entry long,2004-02-10,TEST,85.3,1,85.3,-5.6,-6.57,0,0,0.00,-5.6,-6.57,-29,0.00,1
181,Exit long,2004-02-13,Close entry(s) order TEST,79.4,1,81.4,-2,-2.46,0,0,0.00,-2,-2.46,-31,0.00,1
181,Entry long,2004-02-12,TEST,81.4,1,81.4,-2,-2.46,0,0,0.00,-2,-2.46,-31,0.00,1
182,Exit long,2004-02-17,Close entry(s) order TEST,84.5,1,89.6,-5.1,-5.69,0,0,0.00,-6.9,-7.70,-36.1,0.00,1
182,Entry long,2004-02-16,TEST,89.6,1,89.6,-5.1,-5.69,0,0,0.00,-6.9,-7.70,-36.1,0.00,1
183,Exit long,2004-02-19,Close entry(s) order TEST,81.9,1,84.1,-2.2,-2.62,0,1,1.19,-3,-3.57,-38.3,0.00,1
183,Entry long,2004-02-18,TEST,84.1,1,84.1,-2.2,-2.62,0,1,1.19,-3,-3.57,-38.3,0.00,1
184,Exit long,2004-02-23,Close entry(s) order TEST,77.8,1,78.6,-0.8,-1.02,0,2.2,2.80,-3.1,-3.94,-39.1,0.00,1
184,Entry long,2004-02-20,TEST,78.6,1,78.6,-0.8,-1.02,0,2.2,2.80,-3.1,-3.94,-39.1,0.00,1
185,Exit long,2004-02-25,Close entry(s) order TEST,72.4,1,74.4,-2,-2.69,0,0.1,0.13,-3.5,-4.70,-41.1,0.00,1
185,Entry long,2004-02-24,TEST,74.4,1,74.4,-2,-2.69,0,0.1,0.13,-3.5,-4.70,-41.1,0.00,1
186,Exit long,2004-02-27,Close entry(s) order TEST,69,1,67.9,1.1,1.62,0,2.4,3.53,-1.1,-1.62,-40,0.00,1
186,Entry long,2004-02-26,TEST,67.9,1,67.9,1.1,1.62,0,2.4,3.53,-1.1,-1.62,-40,0.00,1
187,Exit long,2004-03-03,Close entry(s) order TEST,79.4,1,67.9,11.5,16.94,0,11.7,17.23,0,0.00,-28.5,0.00,1
187,Entry long,2004-03-01,TEST,67.9,1,67.9,11.5,16.94,0,11.7,17.23,0,0.00,-28.5,0.00,1
188,Exit long,2004-03-05,Close entry(s) order TEST,72.8,1,74.5,-1.7,-2.28,0,0.5,0.67,-3.9,-5.23,-30.2,0.00,1
188,Entry long,2004-03-04,TEST,74.5,1,74.5,-1.7,-2.28,0,0.5,0.67,-3.9,-5.23,-30.2,0.00,1
189,Exit long,2004-03-09,Close entry(s) order TEST,74,1,72.2,1.8,2.49,0,5.4,7.48,0,0.00,-28.4,0.00,1
189,Entry long,2004-03-08,TEST,72.2,1,72.2,1.8,2.49,0,5.4,7.48,0,0.00,-28.4,0.00,1
190,Exit long,2004-03-11,Close entry(s) order TEST,71.1,1,72.7,-1.6,-2.20,0,0.8,1.10,-2.9,-3.99,-30,0.00,1
190,Entry long,2004-03-10,TEST,72.7,1,72.7,-1.6,-2.20,0,0.8,1.10,-2.9,-3.99,-30,0.00,1
191,Exit long,2004-03-15,Close entry(s) order TEST,72.2,1,70,2.2,3.14,0,2.6,3.71,-2.2,-3.14,-27.8,0.00,1
191,Entry long,2004-03-12,TEST,70,1,70,2.2,3.14,0,2.6,3.71,-2.2,-3.14,-27.8,0.00,1
192,Exit long,2004-03-17,Close entry(s) order TEST,67.3,1,67.3,0,0.00,0,1.7,2.53,-1.7,-2.53,-27.8,0.00,1
192,Entry long,2004-03-16,TEST,67.3,1,67.3,0,0.00,0,1.7,2.53,-1.7,-2.53,-27.8,0.00,1
193,Exit long,2004-03-19,Close entry(s) order TEST,66.1,1,68.6,-2.5,-3.64,0,0.1,0.15,-4.8,-7.00,-30.3,0.00,1
193,Entry long,2004-03-18,TEST,68.6,1,68.6,-2.5,-3.64,0,0.1,0.15,-4.8,-7.00,-30.3,0.00,1
194,Exit long,2004-03-23,Close entry(s) order TEST,59.2,1,63.3,-4.1,-6.48,0,0,0.00,-6.1,-9.64,-34.4,0.00,1
194,Entry long,2004-03-22,TEST,63.3,1,63.3,-4.1,-6.48,0,0,0.00,-6.1,-9.64,-34.4,0.00,1
195,Exit long,2004-03-25,Close entry(s) order TEST,58.2,1,57.8,0.4,0.69,0,0.4,0.69,-2.6,-4.50,-34,0.00,1
195,Entry long,2004-03-24,TEST,57.8,1,57.8,0.4,0.69,0,0.4,0.69,-2.6,-4.50,-34,0.00,1
196,Exit long,2004-03-29,Close entry(s) order TEST,59.6,1,57,2.6,4.56,0,3.2,5.61,0,0.00,-31.4,0.00,1
196,Entry long,2004-03-26,TEST,57,1,57,2.6,4.56,0,3.2,5.61,0,0.00,-31.4,0.00,1
197,Exit long,2004-03-31,Close entry(s) order TEST,61.6,1,59.3,2.3,3.88,0,4.5,7.59,-0.9,-1.52,-29.1,0.00,1
197,Entry long,2004-03-30,TEST,59.3,1,59.3,2.3,3.88,0,4.5,7.59,-0.9,-1.52,-29.1,0.00,1
198,Exit long,2004-04-02,Close entry(s) order TEST,65.3,1,61.2,4.1,6.70,0,4.1,6.70,0,0.00,-25,0.00,1
198,Entry long,2004-04-01,TEST,61.2,1,61.2,4.1,6.70,0,4.1,6.70,0,0.00,-25,0.00,1
199,Exit long,2004-04-06,Close entry(s) order TEST,73.5,1,70.5,3,4.26,0,4.8,6.81,0,0.00,-22,0.00,1
199,Entry long,2004-04-05,TEST,70.5,1,70.5,3,4.26,0,4.8,6.81,0,0.00,-22,0.00,1
200,Exit long,2004-04-08,Close entry(s) order TEST,72.3,1,71.4,0.9,1.26,0,2.1,2.94,-5.1,-7.14,-21.1,0.00,1
200,Entry long,2004-04-07,TEST,71.4,1,71.4,0.9,1.26,0,2.1,2.94,-5.1,-7.14,-21.1,0.00,1
201,Exit long,2004-04-13,Close entry(s) order TEST,73.5,1,73.5,0,0.00,0,0.7,0.95,-1.7,-2.31,-21.1,0.00,1
201,Entry long,2004-04-12,TEST,73.5,1,73.5,0,0.00,0,0.7,0.95,-1.7,-2.31,-21.1,0.00,1
202,Exit long,2004-04-16,Close entry(s) order TEST,74.5,1,72.4,2.1,2.90,0,2.7,3.73,-1,-1.38,-19,0.00,1
202,Entry long,2004-04-15,TEST,72.4,1,72.4,2.1,2.90,0,2.7,3.73,-1,-1.38,-19,0.00,1
203,Exit long,2004-04-20,Close entry(s) order TEST,75.9,1,81.7,-5.8,-7.10,0,0.9,1.10,-5.8,-7.10,-24.8,0.00,1
203,Entry long,2004-04-19,TEST,81.7,1,81.7,-5.8,-7.10,0,0.9,1.10,-5.8,-7.10,-24.8,0.00,1
204,Exit long,2004-04-22,Close entry(s) order TEST,77.3,1,72.6,4.7,6.47,0,4.8,6.61,0,0.00,-20.1,0.00,1
204,Entry long,2004-04-21,TEST,72.6,1,72.6,4.7,6.47,0,4.8,6.61,0,0.00,-20.1,0.00,1
205,Exit long,2004-04-27,Close entry(s) order TEST,77.6,1,80.1,-2.5,-3.12,0,2,2.50,-2.5,-3.12,-22.6,0.00,1
205,Entry long,2004-04-23,TEST,80.1,1,80.1,-2.5,-3.12,0,2,2.50,-2.5,-3.12,-22.6,0.00,1
206,Exit long,2004-04-29,Close entry(s) order TEST,73.6,1,72.9,0.7,0.96,0,1.5,2.06,-2.2,-3.02,-21.9,0.00,1
206,Entry long,2004-04-28,TEST,72.9,1,72.9,0.7,0.96,0,1.5,2.06,-2.2,-3.02,-21.9,0.00,1
207,Exit long,2004-05-03,Close entry(s) order TEST,77.6,1,76.4,1.2,1.57,0,1.2,1.57,-2.1,-2.75,-20.7,0.00,1
207,Entry long,2004-04-30,TEST,76.4,1,76.4,1.2,1.57,0,1.2,1.57,-2.1,-2.75,-20.7,0.00,1
208,Exit long,2004-05-05,Close entry(s) order TEST,75.5,1,73.5,2,2.72,0,2,2.72,-0.7,-0.95,-18.7,0.00,1
208,Entry long,2004-05-04,TEST,73.5,1,73.5,2,2.72,0,2,2.72,-0.7,-0.95,-18.7,0.00,1
209,Exit long,2004-05-07,Close entry(s) order TEST,76.5,1,76.4,0.1,0.13,0,2.4,3.14,-0.7,-0.92,-18.6,0.00,1
209,Entry long,2004-05-06,TEST,76.4,1,76.4,0.1,0.13,0,2.4,3.14,-0.7,-0.92,-18.6,0.00,1
210,Exit long,2004-05-11,Close entry(s) order TEST,73,1,72.4,0.6,0.83,0,2.1,2.90,-1,-1.38,-18,0.00,1
210,Entry long,2004-05-10,TEST,72.4,1,72.4,0.6,0.83,0,2.1,2.90,-1,-1.38,-18,0.00,1
211,Exit long,2004-05-13,Close entry(s) order TEST,69.4,1,70.2,-0.8,-1.14,0,2.5,3.56,-0.8,-1.14,-18.8,0.00,1
211,Entry long,2004-05-12,TEST,70.2,1,70.2,-0.8,-1.14,0,2.5,3.56,-0.8,-1.14,-18.8,0.00,1
212,Exit long,2004-05-17,Close entry(s) order TEST,63.3,1,72.2,-8.9,-12.33,0,0.1,0.14,-9.2,-12.74,-27.7,0.00,1
212,Entry long,2004-05-14,TEST,72.2,1,72.2,-8.9,-12.33,0,0.1,0.14,-9.2,-12.74,-27.7,0.00,1
213,Exit long,2004-05-19,Close entry(s) order TEST,62.2,1,53.1,9.1,17.14,0,9.1,17.14,0,0.00,-18.6,0.00,1
213,Entry long,2004-05-18,TEST,53.1,1,53.1,9.1,17.14,0,9.1,17.14,0,0.00,-18.6,0.00,1
214,Exit long,2004-05-21,Close entry(s) order TEST,67.1,1,65.3,1.8,2.76,0,4.1,6.28,-1,-1.53,-16.8,0.00,1
214,Entry long,2004-05-20,TEST,65.3,1,65.3,1.8,2.76,0,4.1,6.28,-1,-1.53,-16.8,0.00,1
215,Exit long,2004-05-25,Close entry(s) order TEST,67.8,1,69.2,-1.4,-2.02,0,0,0.00,-1.9,-2.75,-18.2,0.00,1
215,Entry long,2004-05-24,TEST,69.2,1,69.2,-1.4,-2.02,0,0,0.00,-1.9,-2.75,-18.2,0.00,1
216,Exit long,2004-05-27,Close entry(s) order TEST,67.9,1,69.3,-1.4,-2.02,0,0.6,0.87,-3,-4.33,-19.6,0.00,1
216,Entry long,2004-05-26,TEST,69.3,1,69.3,-1.4,-2.02,0,0.6,0.87,-3,-4.33,-19.6,0.00,1
217,Exit long,2004-05-31,Close entry(s) order TEST,55.4,1,65.3,-9.9,-15.16,0,0,0.00,-9.9,-15.16,-29.5,0.00,1
217,Entry long,2004-05-28,TEST,65.3,1,65.3,-9.9,-15.16,0,0,0.00,-9.9,-15.16,-29.5,0.00,1
218,Exit long,2004-06-02,Close entry(s) order TEST,57.8,1,56.1,1.7,3.03,0,3.3,5.88,0,0.00,-27.8,0.00,1
218,Entry long,2004-06-01,TEST,56.1,1,56.1,1.7,3.03,0,3.3,5.88,0,0.00,-27.8,0.00,1
219,Exit long,2004-06-04,Close entry(s) order TEST,57.1,1,59.4,-2.3,-3.87,0,0.1,0.17,-2.6,-4.38,-30.1,0.00,1
219,Entry long,2004-06-03,TEST,59.4,1,59.4,-2.3,-3.87,0,0.1,0.17,-2.6,-4.38,-30.1,0.00,1
220,Exit long,2004-06-08,Close entry(s) order TEST,57.1,1,56.3,0.8,1.42,0,1.3,2.31,-0.2,-0.36,-29.3,0.00,1
220,Entry long,2004-06-07,TEST,56.3,1,56.3,0.8,1.42,0,1.3,2.31,-0.2,-0.36,-29.3,0.00,1
221,Exit long,2004-06-10,Close entry(s) order TEST,56.1,1,56.1,0,0.00,0,0.8,1.43,-1.5,-2.67,-29.3,0.00,1
221,Entry long,2004-06-09,TEST,56.1,1,56.1,0,0.00,0,0.8,1.43,-1.5,-2.67,-29.3,0.00,1
222,Exit long,2004-06-14,Close entry(s) order TEST,54.6,1,56.5,-1.9,-3.36,0,0,0.00,-3,-5.31,-31.2,0.00,1
222,Entry long,2004-06-11,TEST,56.5,1,56.5,-1.9,-3.36,0,0,0.00,-3,-5.31,-31.2,0.00,1
223,Exit long,2004-06-16,Close entry(s) order TEST,55.9,1,56.7,-0.8,-1.41,0,0,0.00,-2.4,-4.23,-32,0.00,1
223,Entry long,2004-06-15,TEST,56.7,1,56.7,-0.8,-1.41,0,0,0.00,-2.4,-4.23,-32,0.00,1
224,Exit long,2004-06-18,Close entry(s) order TEST,58.4,1,59,-0.6,-1.02,0,0.5,0.85,-2.5,-4.24,-32.6,0.00,1
224,Entry long,2004-06-17,TEST,59,1,59,-0.6,-1.02,0,0.5,0.85,-2.5,-4.24,-32.6,0.00,1
225,Exit long,2004-06-22,Close entry(s) order TEST,56.1,1,58,-1.9,-3.28,0,0.6,1.03,-3.1,-5.34,-34.5,0.00,1
225,Entry long,2004-06-21,TEST,58,1,58,-1.9,-3.28,0,0.6,1.03,-3.1,-5.34,-34.5,0.00,1
226,Exit long,2004-06-24,Close entry(s) order TEST,55.3,1,55.1,0.2,0.36,0,0.4,0.73,-1,-1.81,-34.3,0.00,1
226,Entry long,2004-06-23,TEST,55.1,1,55.1,0.2,0.36,0,0.4,0.73,-1,-1.81,-34.3,0.00,1
227,Exit long,2004-06-28,Close entry(s) order TEST,56.9,1,55.5,1.4,2.52,0,1.4,2.52,-0.9,-1.62,-32.9,0.00,1
227,Entry long,2004-06-25,TEST,55.5,1,55.5,1.4,2.52,0,1.4,2.52,-0.9,-1.62,-32.9,0.00,1
228,Exit long,2004-06-30,Close entry(s) order TEST,57.1,1,59.4,-2.3,-3.87,0,0.1,0.17,-3.1,-5.22,-35.2,0.00,1
228,Entry long,2004-06-29,TEST,59.4,1,59.4,-2.3,-3.87,0,0.1,0.17,-3.1,-5.22,-35.2,0.00,1
229,Exit long,2004-07-02,Close entry(s) order TEST,59.7,1,59.7,0,0.00,0,1.2,2.01,-0.4,-0.67,-35.2,0.00,1
229,Entry long,2004-07-01,TEST,59.7,1,59.7,0,0.00,0,1.2,2.01,-0.4,-0.67,-35.2,0.00,1
230,Exit long,2004-07-06,Close entry(s) order TEST,59.2,1,59.6,-0.4,-0.67,0,1.1,1.85,-1.5,-2.52,-35.6,0.00,1
230,Entry long,2004-07-05,TEST,59.6,1,59.6,-0.4,-0.67,0,1.1,1.85,-1.5,-2.52,-35.6,0.00,1
231,Exit long,2004-07-08,Close entry(s) order TEST,63.1,1,59.8,3.3,5.52,0,3.3,5.52,-0.5,-0.84,-32.3,0.00,1
231,Entry long,2004-07-07,TEST,59.8,1,59.8,3.3,5.52,0,3.3,5.52,-0.5,-0.84,-32.3,0.00,1
232,Exit long,2004-07-12,Close entry(s) order TEST,60,1,57.8,2.2,3.81,0,2.2,3.81,-2,-3.46,-30.1,0.00,1
232,Entry long,2004-07-09,TEST,57.8,1,57.8,2.2,3.81,0,2.2,3.81,-2,-3.46,-30.1,0.00,1
233,Exit long,2004-07-14,Close entry(s) order TEST,61.8,1,61.7,0.1,0.16,0,0.5,0.81,-2,-3.24,-30,0.00,1
233,Entry long,2004-07-13,TEST,61.7,1,61.7,0.1,0.16,0,0.5,0.81,-2,-3.24,-30,0.00,1
234,Exit long,2004-07-16,Close entry(s) order TEST,65.6,1,61.8,3.8,6.15,0,4,6.47,-0.8,-1.29,-26.2,0.00,1
234,Entry long,2004-07-15,TEST,61.8,1,61.8,3.8,6.15,0,4,6.47,-0.8,-1.29,-26.2,0.00,1
235,Exit long,2004-07-20,Close entry(s) order TEST,71.9,1,70,1.9,2.71,0,4.4,6.29,-1.6,-2.29,-24.3,0.00,1
235,Entry long,2004-07-19,TEST,70,1,70,1.9,2.71,0,4.4,6.29,-1.6,-2.29,-24.3,0.00,1
236,Exit long,2004-07-22,Close entry(s) order TEST,70.4,1,70.2,0.2,0.28,0,0.8,1.14,-2.2,-3.13,-24.1,0.00,1
236,Entry long,2004-07-21,TEST,70.2,1,70.2,0.2,0.28,0,0.8,1.14,-2.2,-3.13,-24.1,0.00,1
237,Exit long,2004-07-26,Close entry(s) order TEST,69.4,1,69.4,0,0.00,0,1.2,1.73,-0.8,-1.15,-24.1,0.00,1
237,Entry long,2004-07-23,TEST,69.4,1,69.4,0,0.00,0,1.2,1.73,-0.8,-1.15,-24.1,0.00,1
238,Exit long,2004-07-28,Close entry(s) order TEST,66.3,1,70.2,-3.9,-5.56,0,0.4,0.57,-4.8,-6.84,-28,0.00,1
238,Entry long,2004-07-27,TEST,70.2,1,70.2,-3.9,-5.56,0,0.4,0.57,-4.8,-6.84,-28,0.00,1
239,Exit long,2004-07-30,Close entry(s) order TEST,68,1,66.1,1.9,2.87,0,3.1,4.69,-1.2,-1.82,-26.1,0.00,1
239,Entry long,2004-07-29,TEST,66.1,1,66.1,1.9,2.87,0,3.1,4.69,-1.2,-1.82,-26.1,0.00,1
240,Exit long,2004-08-03,Close entry(s) order TEST,61.2,1,61.2,0,0.00,0,2.1,3.43,-2,-3.27,-26.1,0.00,1
240,Entry long,2004-08-02,TEST,61.2,1,61.2,0,0.00,0,2.1,3.43,-2,-3.27,-26.1,0.00,1
241,Exit long,2004-08-05,Close entry(s) order TEST,67.4,1,64.3,3.1,4.82,0,4.7,7.31,-1.1,-1.71,-23,0.00,1
241,Entry long,2004-08-04,TEST,64.3,1,64.3,3.1,4.82,0,4.7,7.31,-1.1,-1.71,-23,0.00,1
242,Exit long,2004-08-09,Close entry(s) order TEST,67.3,1,67.6,-0.3,-0.44,0,3,4.44,-0.3,-0.44,-23.3,0.00,1
242,Entry long,2004-08-06,TEST,67.6,1,67.6,-0.3,-0.44,0,3,4.44,-0.3,-0.44,-23.3,0.00,1
243,Exit long,2004-08-11,Close entry(s) order TEST,66.9,1,66.9,0,0.00,0,0.8,1.20,-1.2,-1.79,-23.3,0.00,1
243,Entry long,2004-08-10,TEST,66.9,1,66.9,0,0.00,0,0.8,1.20,-1.2,-1.79,-23.3,0.00,1
244,Exit long,2004-08-13,Close entry(s) order TEST,62.4,1,62.9,-0.5,-0.79,0,1.2,1.91,-1.2,-1.91,-23.8,0.00,1
244,Entry long,2004-08-12,TEST,62.9,1,62.9,-0.5,-0.79,0,1.2,1.91,-1.2,-1.91,-23.8,0.00,1
245,Exit long,2004-08-17,Close entry(s) order TEST,63.3,1,62.4,0.9,1.44,0,0.9,1.44,-0.9,-1.44,-22.9,0.00,1
245,Entry long,2004-08-16,TEST,62.4,1,62.4,0.9,1.44,0,0.9,1.44,-0.9,-1.44,-22.9,0.00,1
246,Exit long,2004-08-19,Close entry(s) order TEST,62.9,1,63.3,-0.4,-0.63,0,1.7,2.69,-1.5,-2.37,-23.3,0.00,1
246,Entry long,2004-08-18,TEST,63.3,1,63.3,-0.4,-0.63,0,1.7,2.69,-1.5,-2.37,-23.3,0.00,1
247,Exit long,2004-08-23,Close entry(s) order TEST,65.5,1,65.1,0.4,0.61,0,2.2,3.38,-0.9,-1.38,-22.9,0.00,1
247,Entry long,2004-08-20,TEST,65.1,1,65.1,0.4,0.61,0,2.2,3.38,-0.9,-1.38,-22.9,0.00,1
248,Exit long,2004-08-25,Close entry(s) order TEST,64,1,63.5,0.5,0.79,0,0.6,0.94,-0.2,-0.31,-22.4,0.00,1
248,Entry long,2004-08-24,TEST,63.5,1,63.5,0.5,0.79,0,0.6,0.94,-0.2,-0.31,-22.4,0.00,1
249,Exit long,2004-08-27,Close entry(s) order TEST,64.3,1,60.2,4.1,6.81,0,4.1,6.81,0,0.00,-18.3,0.00,1
249,Entry long,2004-08-26,TEST,60.2,1,60.2,4.1,6.81,0,4.1,6.81,0,0.00,-18.3,0.00,1
250,Exit long,2004-08-31,Close entry(s) order TEST,69.4,1,64.8,4.6,7.10,0,5.4,8.33,0,0.00,-13.7,0.00,1
250,Entry long,2004-08-30,TEST,64.8,1,64.8,4.6,7.10,0,5.4,8.33,0,0.00,-13.7,0.00,1
251,Exit long,2004-09-02,Close entry(s) order TEST,69.4,1,73.1,-3.7,-5.06,0,0,0.00,-4.1,-5.61,-17.4,0.00,1
251,Entry long,2004-09-01,TEST,73.1,1,73.1,-3.7,-5.06,0,0,0.00,-4.1,-5.61,-17.4,0.00,1
252,Exit long,2004-09-06,Close entry(s) order TEST,68.3,1,67.6,0.7,1.04,0,1.2,1.78,-0.3,-0.44,-16.7,0.00,1
252,Entry long,2004-09-03,TEST,67.6,1,67.6,0.7,1.04,0,1.2,1.78,-0.3,-0.44,-16.7,0.00,1
253,Exit long,2004-09-08,Close entry(s) order TEST,70,1,69.5,0.5,0.72,0,0.9,1.29,-0.8,-1.15,-16.2,0.00,1
253,Entry long,2004-09-07,TEST,69.5,1,69.5,0.5,0.72,0,0.9,1.29,-0.8,-1.15,-16.2,0.00,1
254,Exit long,2004-09-10,Close entry(s) order TEST,78.2,1,77.6,0.6,0.77,0,1.5,1.93,-3.8,-4.90,-15.6,0.00,1
254,Entry long,2004-09-09,TEST,77.6,1,77.6,0.6,0.77,0,1.5,1.93,-3.8,-4.90,-15.6,0.00,1
255,Exit long,2004-09-14,Close entry(s) order TEST,78.6,1,80.8,-2.2,-2.72,0,0.3,0.37,-2.6,-3.22,-17.8,0.00,1
255,Entry long,2004-09-13,TEST,80.8,1,80.8,-2.2,-2.72,0,0.3,0.37,-2.6,-3.22,-17.8,0.00,1
256,Exit long,2004-09-16,Close entry(s) order TEST,77,1,77.6,-0.6,-0.77,0,1.1,1.42,-1.7,-2.19,-18.4,0.00,1
256,Entry long,2004-09-15,TEST,77.6,1,77.6,-0.6,-0.77,0,1.1,1.42,-1.7,-2.19,-18.4,0.00,1
257,Exit long,2004-09-20,Close entry(s) order TEST,85.7,1,78.1,7.6,9.73,0,7.9,10.12,-0.1,-0.13,-10.8,0.00,1
257,Entry long,2004-09-17,TEST,78.1,1,78.1,7.6,9.73,0,7.9,10.12,-0.1,-0.13,-10.8,0.00,1
258,Exit long,2004-09-22,Close entry(s) order TEST,86.2,1,86,0.2,0.23,0,1.1,1.28,-1.7,-1.98,-10.6,0.00,1
258,Entry long,2004-09-21,TEST,86,1,86,0.2,0.23,0,1.1,1.28,-1.7,-1.98,-10.6,0.00,1
259,Exit long,2004-09-24,Close entry(s) order TEST,81.5,1,83.6,-2.1,-2.51,0,0,0.00,-2.7,-3.23,-12.7,0.00,1
259,Entry long,2004-09-23,TEST,83.6,1,83.6,-2.1,-2.51,0,0,0.00,-2.7,-3.23,-12.7,0.00,1
260,Exit long,2004-09-28,Close entry(s) order TEST,80.5,1,80.4,0.1,0.12,0,1.6,1.99,-0.8,-1.00,-12.6,0.00,1
260,Entry long,2004-09-27,TEST,80.4,1,80.4,0.1,0.12,0,1.6,1.99,-0.8,-1.00,-12.6,0.00,1
261,Exit long,2004-09-30,Close entry(s) order TEST,79.4,1,79.1,0.3,0.38,0,0.6,0.76,-1.4,-1.77,-12.3,0.00,1
261,Entry long,2004-09-29,TEST,79.1,1,79.1,0.3,0.38,0,0.6,0.76,-1.4,-1.77,-12.3,0.00,1
262,Exit long,2004-10-04,Close entry(s) order TEST,81.6,1,79.8,1.8,2.26,0,1.8,2.26,-0.7,-0.88,-10.5,0.00,1
262,Entry long,2004-10-01,TEST,79.8,1,79.8,1.8,2.26,0,1.8,2.26,-0.7,-0.88,-10.5,0.00,1
263,Exit long,2004-10-06,Close entry(s) order TEST,85.6,1,82.9,2.7,3.26,0,4.7,5.67,-0.1,-0.12,-7.8,0.00,1
263,Entry long,2004-10-05,TEST,82.9,1,82.9,2.7,3.26,0,4.7,5.67,-0.1,-0.12,-7.8,0.00,1
264,Exit long,2004-10-08,Close entry(s) order TEST,86.1,1,86.5,-0.4,-0.46,0,1.5,1.73,-1.5,-1.73,-8.2,0.00,1
264,Entry long,2004-10-07,TEST,86.5,1,86.5,-0.4,-0.46,0,1.5,1.73,-1.5,-1.73,-8.2,0.00,1
265,Exit long,2004-10-12,Close entry(s) order TEST,88.3,1,87.2,1.1,1.26,0,3.8,4.36,-0.5,-0.57,-7.1,0.00,1
265,Entry long,2004-10-11,TEST,87.2,1,87.2,1.1,1.26,0,3.8,4.36,-0.5,-0.57,-7.1,0.00,1
266,Exit long,2004-10-15,Close entry(s) order TEST,83.3,1,84.2,-0.9,-1.07,0,1.3,1.54,-2.6,-3.09,-8,0.00,1
266,Entry long,2004-10-14,TEST,84.2,1,84.2,-0.9,-1.07,0,1.3,1.54,-2.6,-3.09,-8,0.00,1
267,Exit long,2004-10-19,Close entry(s) order TEST,80.5,1,82.6,-2.1,-2.54,0,0.2,0.24,-2.7,-3.27,-10.1,0.00,1
267,Entry long,2004-10-18,TEST,82.6,1,82.6,-2.1,-2.54,0,0.2,0.24,-2.7,-3.27,-10.1,0.00,1
268,Exit long,2004-10-21,Close entry(s) order TEST,81.4,1,81,0.4,0.49,0,2.4,2.96,-1.2,-1.48,-9.7,0.00,1
268,Entry long,2004-10-20,TEST,81,1,81,0.4,0.49,0,2.4,2.96,-1.2,-1.48,-9.7,0.00,1
269,Exit long,2004-10-26,Close entry(s) order TEST,83.4,1,88.6,-5.2,-5.87,0,0,0.00,-5.6,-6.32,-14.9,0.00,1
269,Entry long,2004-10-25,TEST,88.6,1,88.6,-5.2,-5.87,0,0,0.00,-5.6,-6.32,-14.9,0.00,1
270,Exit long,2004-10-28,Close entry(s) order TEST,84.5,1,84.6,-0.1,-0.12,0,0.8,0.95,-1.6,-1.89,-15,0.00,1
270,Entry long,2004-10-27,TEST,84.6,1,84.6,-0.1,-0.12,0,0.8,0.95,-1.6,-1.89,-15,0.00,1
271,Exit long,2004-11-01,Close entry(s) order TEST,79.6,1,82.7,-3.1,-3.75,0,0.3,0.36,-3.1,-3.75,-18.1,0.00,1
271,Entry long,2004-10-29,TEST,82.7,1,82.7,-3.1,-3.75,0,0.3,0.36,-3.1,-3.75,-18.1,0.00,1
272,Exit long,2004-11-03,Close entry(s) order TEST,80,1,79.3,0.7,0.88,0,1.2,1.51,-0.5,-0.63,-17.4,0.00,1
272,Entry long,2004-11-02,TEST,79.3,1,79.3,0.7,0.88,0,1.2,1.51,-0.5,-0.63,-17.4,0.00,1
273,Exit long,2004-11-05,Close entry(s) order TEST,79.8,1,80.4,-0.6,-0.75,0,0,0.00,-1.7,-2.11,-18,0.00,1
273,Entry long,2004-11-04,TEST,80.4,1,80.4,-0.6,-0.75,0,0,0.00,-1.7,-2.11,-18,0.00,1
274,Exit long,2004-11-09,Close entry(s) order TEST,78.6,1,79.3,-0.7,-0.88,0,0.2,0.25,-1.1,-1.39,-18.7,0.00,1
274,Entry long,2004-11-08,TEST,79.3,1,79.3,-0.7,-0.88,0,0.2,0.25,-1.1,-1.39,-18.7,0.00,1
275,Exit long,2004-11-11,Close entry(s) order TEST,81.3,1,79.2,2.1,2.65,0,2.1,2.65,-2,-2.53,-16.6,0.00,1
275,Entry long,2004-11-10,TEST,79.2,1,79.2,2.1,2.65,0,2.1,2.65,-2,-2.53,-16.6,0.00,1
276,Exit long,2004-11-16,Close entry(s) order TEST,80.6,1,80.4,0.2,0.25,0,0.4,0.50,-1.8,-2.24,-16.4,0.00,1
276,Entry long,2004-11-12,TEST,80.4,1,80.4,0.2,0.25,0,0.4,0.50,-1.8,-2.24,-16.4,0.00,1
277,Exit long,2004-11-18,Close entry(s) order TEST,78.6,1,80.4,-1.8,-2.24,0,0.2,0.25,-3.1,-3.86,-18.2,0.00,1
277,Entry long,2004-11-17,TEST,80.4,1,80.4,-1.8,-2.24,0,0.2,0.25,-3.1,-3.86,-18.2,0.00,1
278,Exit long,2004-11-22,Close entry(s) order TEST,73.1,1,81.1,-8,-9.86,0,3.1,3.82,-8,-9.86,-26.2,0.00,1
278,Entry long,2004-11-19,TEST,81.1,1,81.1,-8,-9.86,0,3.1,3.82,-8,-9.86,-26.2,0.00,1
279,Exit long,2004-11-24,Close entry(s) order TEST,87.2,1,86.2,1,1.16,0,3,3.48,-1,-1.16,-25.2,0.00,1
279,Entry long,2004-11-23,TEST,86.2,1,86.2,1,1.16,0,3,3.48,-1,-1.16,-25.2,0.00,1
280,Exit long,2004-11-29,Close entry(s) order TEST,85,1,85.7,-0.7,-0.82,0,2.1,2.45,-1.9,-2.22,-25.9,0.00,1
280,Entry long,2004-11-25,TEST,85.7,1,85.7,-0.7,-0.82,0,2.1,2.45,-1.9,-2.22,-25.9,0.00,1
281,Exit long,2004-12-01,Close entry(s) order TEST,80.7,1,85.2,-4.5,-5.28,0,0.1,0.12,-5.2,-6.10,-30.4,0.00,1
281,Entry long,2004-11-30,TEST,85.2,1,85.2,-4.5,-5.28,0,0.1,0.12,-5.2,-6.10,-30.4,0.00,1
282,Exit long,2004-12-03,Close entry(s) order TEST,85.7,1,82.6,3.1,3.75,0,3.1,3.75,-1.1,-1.33,-27.3,0.00,1
282,Entry long,2004-12-02,TEST,82.6,1,82.6,3.1,3.75,0,3.1,3.75,-1.1,-1.33,-27.3,0.00,1
283,Exit long,2004-12-07,Close entry(s) order TEST,85.2,1,83.5,1.7,2.04,0,2,2.40,-2.4,-2.87,-25.6,0.00,1
283,Entry long,2004-12-06,TEST,83.5,1,83.5,1.7,2.04,0,2,2.40,-2.4,-2.87,-25.6,0.00,1
284,Exit long,2004-12-09,Close entry(s) order TEST,83.8,1,82.6,1.2,1.45,0,3.4,4.12,-1.4,-1.69,-24.4,0.00,1
284,Entry long,2004-12-08,TEST,82.6,1,82.6,1.2,1.45,0,3.4,4.12,-1.4,-1.69,-24.4,0.00,1
285,Exit long,2004-12-13,Close entry(s) order TEST,83.3,1,84.3,-1,-1.19,0,0.5,0.59,-2.4,-2.85,-25.4,0.00,1
285,Entry long,2004-12-10,TEST,84.3,1,84.3,-1,-1.19,0,0.5,0.59,-2.4,-2.85,-25.4,0.00,1
286,Exit long,2004-12-15,Close entry(s) order TEST,87.2,1,84.2,3,3.56,0,3.4,4.04,0,0.00,-22.4,0.00,1
286,Entry long,2004-12-14,TEST,84.2,1,84.2,3,3.56,0,3.4,4.04,0,0.00,-22.4,0.00,1
287,Exit long,2004-12-17,Close entry(s) order TEST,84.9,1,86.8,-1.9,-2.19,0,0.4,0.46,-1.9,-2.19,-24.3,0.00,1
287,Entry long,2004-12-16,TEST,86.8,1,86.8,-1.9,-2.19,0,0.4,0.46,-1.9,-2.19,-24.3,0.00,1
288,Exit long,2004-12-21,Close entry(s) order TEST,84.9,1,85.1,-0.2,-0.24,0,0.2,0.24,-1.4,-1.65,-24.5,0.00,1
288,Entry long,2004-12-20,TEST,85.1,1,85.1,-0.2,-0.24,0,0.2,0.24,-1.4,-1.65,-24.5,0.00,1
289,Exit long,2004-12-23,Close entry(s) order TEST,84.7,1,84.4,0.3,0.36,0,0.8,0.95,-1.3,-1.54,-24.2,0.00,1
289,Entry long,2004-12-22,TEST,84.4,1,84.4,0.3,0.36,0,0.8,0.95,-1.3,-1.54,-24.2,0.00,1
290,Exit long,2004-12-27,Close entry(s) order TEST,84.8,1,86.2,-1.4,-1.62,0,0,0.00,-1.6,-1.86,-25.6,0.00,1
290,Entry long,2004-12-24,TEST,86.2,1,86.2,-1.4,-1.62,0,0,0.00,-1.6,-1.86,-25.6,0.00,1
291,Exit long,2004-12-29,Close entry(s) order TEST,89.8,1,86.2,3.6,4.18,0,3.6,4.18,-1.5,-1.74,-22,0.00,1
291,Entry long,2004-12-28,TEST,86.2,1,86.2,3.6,4.18,0,3.6,4.18,-1.5,-1.74,-22,0.00,1
292,Exit long,2004-12-31,Close entry(s) order TEST,89.6,1,94,-4.4,-4.68,0,0,0.00,-5.4,-5.74,-26.4,0.00,1
292,Entry long,2004-12-30,TEST,94,1,94,-4.4,-4.68,0,0,0.00,-5.4,-5.74,-26.4,0.00,1
293,Exit long,2005-01-04,Close entry(s) order TEST,98,1,91.4,6.6,7.22,0,6.6,7.22,-1.1,-1.20,-19.8,0.00,1
293,Entry long,2005-01-03,TEST,91.4,1,91.4,6.6,7.22,0,6.6,7.22,-1.1,-1.20,-19.8,0.00,1
294,Exit long,2005-01-06,Close entry(s) order TEST,92.3,1,96.9,-4.6,-4.75,0,1,1.03,-11.2,-11.56,-24.4,0.00,1
294,Entry long,2005-01-05,TEST,96.9,1,96.9,-4.6,-4.75,0,1,1.03,-11.2,-11.56,-24.4,0.00,1
295,Exit long,2005-01-10,Close entry(s) order TEST,91.1,1,88.3,2.8,3.17,0,2.8,3.17,-1.7,-1.93,-21.6,0.00,1
295,Entry long,2005-01-07,TEST,88.3,1,88.3,2.8,3.17,0,2.8,3.17,-1.7,-1.93,-21.6,0.00,1
296,Exit long,2005-01-12,Close entry(s) order TEST,87.8,1,90.3,-2.5,-2.77,0,1.2,1.33,-4.4,-4.87,-24.1,0.00,1
296,Entry long,2005-01-11,TEST,90.3,1,90.3,-2.5,-2.77,0,1.2,1.33,-4.4,-4.87,-24.1,0.00,1
297,Exit long,2005-01-14,Close entry(s) order TEST,85.9,1,81.6,4.3,5.27,0,4.3,5.27,0,0.00,-19.8,0.00,1
297,Entry long,2005-01-13,TEST,81.6,1,81.6,4.3,5.27,0,4.3,5.27,0,0.00,-19.8,0.00,1
298,Exit long,2005-01-18,Close entry(s) order TEST,83.5,1,84.6,-1.1,-1.30,0,0.1,0.12,-3.4,-4.02,-20.9,0.00,1
298,Entry long,2005-01-17,TEST,84.6,1,84.6,-1.1,-1.30,0,0.1,0.12,-3.4,-4.02,-20.9,0.00,1
299,Exit long,2005-01-20,Close entry(s) order TEST,87.6,1,83.4,4.2,5.04,0,4.2,5.04,-1.6,-1.92,-16.7,0.00,1
299,Entry long,2005-01-19,TEST,83.4,1,83.4,4.2,5.04,0,4.2,5.04,-1.6,-1.92,-16.7,0.00,1
300,Exit long,2005-01-25,Close entry(s) order TEST,83.6,1,84.3,-0.7,-0.83,0,1.8,2.14,-3.7,-4.39,-17.4,0.00,1
300,Entry long,2005-01-24,TEST,84.3,1,84.3,-0.7,-0.83,0,1.8,2.14,-3.7,-4.39,-17.4,0.00,1
301,Exit long,2005-01-28,Close entry(s) order TEST,85.3,1,85.2,0.1,0.12,0,1.1,1.29,-1.3,-1.53,-17.3,0.00,1
301,Entry long,2005-01-27,TEST,85.2,1,85.2,0.1,0.12,0,1.1,1.29,-1.3,-1.53,-17.3,0.00,1
302,Exit long,2005-02-01,Close entry(s) order TEST,83.8,1,85.7,-1.9,-2.22,0,0,0.00,-2.9,-3.38,-19.2,0.00,1
302,Entry long,2005-01-31,TEST,85.7,1,85.7,-1.9,-2.22,0,0,0.00,-2.9,-3.38,-19.2,0.00,1
303,Exit long,2005-02-03,Close entry(s) order TEST,83.9,1,83.3,0.6,0.72,0,1.4,1.68,-1.4,-1.68,-18.6,0.00,1
303,Entry long,2005-02-02,TEST,83.3,1,83.3,0.6,0.72,0,1.4,1.68,-1.4,-1.68,-18.6,0.00,1
304,Exit long,2005-02-07,Close entry(s) order TEST,84.2,1,85.7,-1.5,-1.75,0,0.4,0.47,-1.9,-2.22,-20.1,0.00,1
304,Entry long,2005-02-04,TEST,85.7,1,85.7,-1.5,-1.75,0,0.4,0.47,-1.9,-2.22,-20.1,0.00,1
305,Exit long,2005-02-09,Close entry(s) order TEST,84.5,1,85.3,-0.8,-0.94,0,0.2,0.23,-1.6,-1.88,-20.9,0.00,1
305,Entry long,2005-02-08,TEST,85.3,1,85.3,-0.8,-0.94,0,0.2,0.23,-1.6,-1.88,-20.9,0.00,1
306,Exit long,2005-02-11,Close entry(s) order TEST,91.8,1,86.9,4.9,5.64,0,7.6,8.75,0,0.00,-16,0.00,1
306,Entry long,2005-02-10,TEST,86.9,1,86.9,4.9,5.64,0,7.6,8.75,0,0.00,-16,0.00,1
307,Exit long,2005-02-15,Close entry(s) order TEST,88.8,1,92.7,-3.9,-4.21,0,0.4,0.43,-3.9,-4.21,-19.9,0.00,1
307,Entry long,2005-02-14,TEST,92.7,1,92.7,-3.9,-4.21,0,0.4,0.43,-3.9,-4.21,-19.9,0.00,1
308,Exit long,2005-02-17,Close entry(s) order TEST,89.1,1,90.2,-1.1,-1.22,0,2,2.22,-1.9,-2.11,-21,0.00,1
308,Entry long,2005-02-16,TEST,90.2,1,90.2,-1.1,-1.22,0,2,2.22,-1.9,-2.11,-21,0.00,1
309,Exit long,2005-02-21,Close entry(s) order TEST,88,1,88.6,-0.6,-0.68,0,0.7,0.79,-2.4,-2.71,-21.6,0.00,1
309,Entry long,2005-02-18,TEST,88.6,1,88.6,-0.6,-0.68,0,0.7,0.79,-2.4,-2.71,-21.6,0.00,1
310,Exit long,2005-02-23,Close entry(s) order TEST,86.7,1,87.9,-1.2,-1.37,0,0.4,0.46,-1.5,-1.71,-22.8,0.00,1
310,Entry long,2005-02-22,TEST,87.9,1,87.9,-1.2,-1.37,0,0.4,0.46,-1.5,-1.71,-22.8,0.00,1
311,Exit long,2005-02-25,Close entry(s) order TEST,88.4,1,87.6,0.8,0.91,0,0.8,0.91,-1.3,-1.48,-22,0.00,1
311,Entry long,2005-02-24,TEST,87.6,1,87.6,0.8,0.91,0,0.8,0.91,-1.3,-1.48,-22,0.00,1
312,Exit long,2005-03-01,Close entry(s) order TEST,85.3,1,86.5,-1.2,-1.39,0,1.3,1.50,-4.7,-5.43,-23.2,0.00,1
312,Entry long,2005-02-28,TEST,86.5,1,86.5,-1.2,-1.39,0,1.3,1.50,-4.7,-5.43,-23.2,0.00,1
313,Exit long,2005-03-03,Close entry(s) order TEST,86.9,1,83.7,3.2,3.82,0,3.5,4.18,-0.4,-0.48,-20,0.00,1
313,Entry long,2005-03-02,TEST,83.7,1,83.7,3.2,3.82,0,3.5,4.18,-0.4,-0.48,-20,0.00,1
314,Exit long,2005-03-07,Close entry(s) order TEST,85.3,1,86.5,-1.2,-1.39,0,0,0.00,-2.6,-3.01,-21.2,0.00,1
314,Entry long,2005-03-04,TEST,86.5,1,86.5,-1.2,-1.39,0,0,0.00,-2.6,-3.01,-21.2,0.00,1
315,Exit long,2005-03-09,Close entry(s) order TEST,83.7,1,84.8,-1.1,-1.30,0,0.1,0.12,-2.1,-2.48,-22.3,0.00,1
315,Entry long,2005-03-08,TEST,84.8,1,84.8,-1.1,-1.30,0,0.1,0.12,-2.1,-2.48,-22.3,0.00,1
316,Exit long,2005-03-11,Close entry(s) order TEST,85.5,1,82.4,3.1,3.76,0,3.1,3.76,-0.8,-0.97,-19.2,0.00,1
316,Entry long,2005-03-10,TEST,82.4,1,82.4,3.1,3.76,0,3.1,3.76,-0.8,-0.97,-19.2,0.00,1
317,Exit long,2005-03-15,Close entry(s) order TEST,81.4,1,83.3,-1.9,-2.28,0,0.3,0.36,-2.3,-2.76,-21.1,0.00,1
317,Entry long,2005-03-14,TEST,83.3,1,83.3,-1.9,-2.28,0,0.3,0.36,-2.3,-2.76,-21.1,0.00,1
318,Exit long,2005-03-17,Close entry(s) order TEST,81.7,1,82,-0.3,-0.37,0,1.2,1.46,-1.1,-1.34,-21.4,0.00,1
318,Entry long,2005-03-16,TEST,82,1,82,-0.3,-0.37,0,1.2,1.46,-1.1,-1.34,-21.4,0.00,1
319,Exit long,2005-03-21,Close entry(s) order TEST,79.2,1,79.6,-0.4,-0.50,0,0.6,0.75,-1.9,-2.39,-21.8,0.00,1
319,Entry long,2005-03-18,TEST,79.6,1,79.6,-0.4,-0.50,0,0.6,0.75,-1.9,-2.39,-21.8,0.00,1
320,Exit long,2005-03-23,Close entry(s) order TEST,75.1,1,77.9,-2.8,-3.59,0,0.2,0.26,-3.4,-4.36,-24.6,0.00,1
320,Entry long,2005-03-22,TEST,77.9,1,77.9,-2.8,-3.59,0,0.2,0.26,-3.4,-4.36,-24.6,0.00,1
321,Exit long,2005-03-28,Close entry(s) order TEST,72.4,1,71.6,0.8,1.12,0,2.9,4.05,-0.2,-0.28,-23.8,0.00,1
321,Entry long,2005-03-24,TEST,71.6,1,71.6,0.8,1.12,0,2.9,4.05,-0.2,-0.28,-23.8,0.00,1
322,Exit long,2005-03-30,Close entry(s) order TEST,65.3,1,72.2,-6.9,-9.56,0,0,0.00,-6.9,-9.56,-30.7,0.00,1
322,Entry long,2005-03-29,TEST,72.2,1,72.2,-6.9,-9.56,0,0,0.00,-6.9,-9.56,-30.7,0.00,1
323,Exit long,2005-04-01,Close entry(s) order TEST,72.2,1,71.3,0.9,1.26,0,1.5,2.10,-0.9,-1.26,-29.8,0.00,1
323,Entry long,2005-03-31,TEST,71.3,1,71.3,0.9,1.26,0,1.5,2.10,-0.9,-1.26,-29.8,0.00,1
324,Exit long,2005-04-05,Close entry(s) order TEST,80.3,1,78.4,1.9,2.42,0,2.6,3.32,-2.6,-3.32,-27.9,0.00,1
324,Entry long,2005-04-04,TEST,78.4,1,78.4,1.9,2.42,0,2.6,3.32,-2.6,-3.32,-27.9,0.00,1
325,Exit long,2005-04-07,Close entry(s) order TEST,79.9,1,84.2,-4.3,-5.11,0,1.5,1.78,-5.2,-6.18,-32.2,0.00,1
325,Entry long,2005-04-06,TEST,84.2,1,84.2,-4.3,-5.11,0,1.5,1.78,-5.2,-6.18,-32.2,0.00,1
326,Exit long,2005-04-11,Close entry(s) order TEST,76.5,1,78.6,-2.1,-2.67,0,0.4,0.51,-2.6,-3.31,-34.3,0.00,1
326,Entry long,2005-04-08,TEST,78.6,1,78.6,-2.1,-2.67,0,0.4,0.51,-2.6,-3.31,-34.3,0.00,1
327,Exit long,2005-04-13,Close entry(s) order TEST,78.7,1,76.9,1.8,2.34,0,2.3,2.99,-0.4,-0.52,-32.5,0.00,1
327,Entry long,2005-04-12,TEST,76.9,1,76.9,1.8,2.34,0,2.3,2.99,-0.4,-0.52,-32.5,0.00,1
328,Exit long,2005-04-18,Close entry(s) order TEST,73.7,1,77.6,-3.9,-5.03,0,0.5,0.64,-4.1,-5.28,-36.4,0.00,1
328,Entry long,2005-04-15,TEST,77.6,1,77.6,-3.9,-5.03,0,0.5,0.64,-4.1,-5.28,-36.4,0.00,1
329,Exit long,2005-05-24,Close entry(s) order TEST,62.3,1,77.1,-14.8,-19.20,0,2.5,3.24,-14.8,-19.20,-51.2,-0.01,1
329,Entry long,2005-04-19,TEST,77.1,1,77.1,-14.8,-19.20,0,2.5,3.24,-14.8,-19.20,-51.2,-0.01,1
330,Exit long,2005-05-26,Close entry(s) order TEST,57.8,1,59.3,-1.5,-2.53,0,1,1.69,-2,-3.37,-52.7,-0.01,1
330,Entry long,2005-05-25,TEST,59.3,1,59.3,-1.5,-2.53,0,1,1.69,-2,-3.37,-52.7,-0.01,1
331,Exit long,2005-05-30,Close entry(s) order TEST,61.8,1,62.1,-0.3,-0.48,0,1.9,3.06,-0.8,-1.29,-53,-0.01,1
331,Entry long,2005-05-27,TEST,62.1,1,62.1,-0.3,-0.48,0,1.9,3.06,-0.8,-1.29,-53,-0.01,1
332,Exit long,2005-06-01,Close entry(s) order TEST,60.5,1,61.6,-1.1,-1.79,0,0,0.00,-1.4,-2.27,-54.1,-0.01,1
332,Entry long,2005-05-31,TEST,61.6,1,61.6,-1.1,-1.79,0,0,0.00,-1.4,-2.27,-54.1,-0.01,1
333,Exit long,2005-06-03,Close entry(s) order TEST,63.6,1,62.8,0.8,1.27,0,1.4,2.23,-0.8,-1.27,-53.3,-0.01,1
333,Entry long,2005-06-02,TEST,62.8,1,62.8,0.8,1.27,0,1.4,2.23,-0.8,-1.27,-53.3,-0.01,1
334,Exit long,2005-06-07,Close entry(s) order TEST,63.6,1,62.9,0.7,1.11,0,0.7,1.11,-0.7,-1.11,-52.6,-0.01,1
334,Entry long,2005-06-06,TEST,62.9,1,62.9,0.7,1.11,0,0.7,1.11,-0.7,-1.11,-52.6,-0.01,1
335,Exit long,2005-06-09,Close entry(s) order TEST,65.3,1,63,2.3,3.65,0,2.5,3.97,-0.6,-0.95,-50.3,-0.01,1
335,Entry long,2005-06-08,TEST,63,1,63,2.3,3.65,0,2.5,3.97,-0.6,-0.95,-50.3,-0.01,1
336,Exit long,2005-06-13,Close entry(s) order TEST,66,1,69.3,-3.3,-4.76,0,0.3,0.43,-4.3,-6.20,-53.6,-0.01,1
336,Entry long,2005-06-10,TEST,69.3,1,69.3,-3.3,-4.76,0,0.3,0.43,-4.3,-6.20,-53.6,-0.01,1
337,Exit long,2005-06-15,Close entry(s) order TEST,69.3,1,68.2,1.1,1.61,0,2.8,4.11,-1.1,-1.61,-52.5,-0.01,1
337,Entry long,2005-06-14,TEST,68.2,1,68.2,1.1,1.61,0,2.8,4.11,-1.1,-1.61,-52.5,-0.01,1
338,Exit long,2005-06-17,Close entry(s) order TEST,70.8,1,69,1.8,2.61,0,2.9,4.20,-2.5,-3.62,-50.7,-0.01,1
338,Entry long,2005-06-16,TEST,69,1,69,1.8,2.61,0,2.9,4.20,-2.5,-3.62,-50.7,-0.01,1
339,Exit long,2005-06-21,Close entry(s) order TEST,69.7,1,71.1,-1.4,-1.97,0,0.3,0.42,-2.3,-3.23,-52.1,-0.01,1
339,Entry long,2005-06-20,TEST,71.1,1,71.1,-1.4,-1.97,0,0.3,0.42,-2.3,-3.23,-52.1,-0.01,1
340,Exit long,2005-06-23,Close entry(s) order TEST,69.7,1,67.9,1.8,2.65,0,2.1,3.09,-0.8,-1.18,-50.3,-0.01,1
340,Entry long,2005-06-22,TEST,67.9,1,67.9,1.8,2.65,0,2.1,3.09,-0.8,-1.18,-50.3,-0.01,1
341,Exit long,2005-06-27,Close entry(s) order TEST,69.3,1,70,-0.7,-1.00,0,0,0.00,-2,-2.86,-51,-0.01,1
341,Entry long,2005-06-24,TEST,70,1,70,-0.7,-1.00,0,0,0.00,-2,-2.86,-51,-0.01,1
342,Exit long,2005-06-29,Close entry(s) order TEST,66,1,67.1,-1.1,-1.64,0,1.7,2.53,-2,-2.98,-52.1,-0.01,1
342,Entry long,2005-06-28,TEST,67.1,1,67.1,-1.1,-1.64,0,1.7,2.53,-2,-2.98,-52.1,-0.01,1
343,Exit long,2005-07-01,Close entry(s) order TEST,67,1,66.3,0.7,1.06,0,1.5,2.26,-0.3,-0.45,-51.4,-0.01,1
343,Entry long,2005-06-30,TEST,66.3,1,66.3,0.7,1.06,0,1.5,2.26,-0.3,-0.45,-51.4,-0.01,1
344,Exit long,2005-07-05,Close entry(s) order TEST,69.7,1,72.5,-2.8,-3.86,0,0.5,0.69,-4.6,-6.34,-54.2,-0.01,1
344,Entry long,2005-07-04,TEST,72.5,1,72.5,-2.8,-3.86,0,0.5,0.69,-4.6,-6.34,-54.2,-0.01,1
345,Exit long,2005-07-07,Close entry(s) order TEST,68.5,1,66,2.5,3.79,0,2.5,3.79,0,0.00,-51.7,-0.01,1
345,Entry long,2005-07-06,TEST,66,1,66,2.5,3.79,0,2.5,3.79,0,0.00,-51.7,-0.01,1
346,Exit long,2005-07-11,Close entry(s) order TEST,70,1,68.9,1.1,1.60,0,1.3,1.89,-1,-1.45,-50.6,-0.01,1
346,Entry long,2005-07-08,TEST,68.9,1,68.9,1.1,1.60,0,1.3,1.89,-1,-1.45,-50.6,-0.01,1
347,Exit long,2005-07-13,Close entry(s) order TEST,74.9,1,70.4,4.5,6.39,0,4.5,6.39,0,0.00,-46.1,0.00,1
347,Entry long,2005-07-12,TEST,70.4,1,70.4,4.5,6.39,0,4.5,6.39,0,0.00,-46.1,0.00,1
348,Exit long,2005-07-15,Close entry(s) order TEST,72,1,74.6,-2.6,-3.49,0,0.3,0.40,-3.1,-4.16,-48.7,0.00,1
348,Entry long,2005-07-14,TEST,74.6,1,74.6,-2.6,-3.49,0,0.3,0.40,-3.1,-4.16,-48.7,0.00,1
349,Exit long,2005-07-19,Close entry(s) order TEST,72.9,1,72,0.9,1.25,0,0.9,1.25,-0.8,-1.11,-47.8,0.00,1
349,Entry long,2005-07-18,TEST,72,1,72,0.9,1.25,0,0.9,1.25,-0.8,-1.11,-47.8,0.00,1
350,Exit long,2005-07-21,Close entry(s) order TEST,72.5,1,72.8,-0.3,-0.41,0,0.2,0.27,-1.4,-1.92,-48.1,0.00,1
350,Entry long,2005-07-20,TEST,72.8,1,72.8,-0.3,-0.41,0,0.2,0.27,-1.4,-1.92,-48.1,0.00,1
351,Exit long,2005-07-25,Close entry(s) order TEST,72,1,71.1,0.9,1.27,0,2.3,3.23,0,0.00,-47.2,0.00,1
351,Entry long,2005-07-22,TEST,71.1,1,71.1,0.9,1.27,0,2.3,3.23,0,0.00,-47.2,0.00,1
352,Exit long,2005-07-27,Close entry(s) order TEST,72.9,1,70.7,2.2,3.11,0,6.1,8.63,-0.3,-0.42,-45,0.00,1
352,Entry long,2005-07-26,TEST,70.7,1,70.7,2.2,3.11,0,6.1,8.63,-0.3,-0.42,-45,0.00,1
353,Exit long,2005-08-01,Close entry(s) order TEST,78.5,1,74.9,3.6,4.81,0,4.1,5.47,-0.8,-1.07,-41.4,0.00,1
353,Entry long,2005-07-29,TEST,74.9,1,74.9,3.6,4.81,0,4.1,5.47,-0.8,-1.07,-41.4,0.00,1
354,Exit long,2005-08-03,Close entry(s) order TEST,81.3,1,83,-1.7,-2.05,0,0.5,0.60,-3.5,-4.22,-43.1,0.00,1
354,Entry long,2005-08-02,TEST,83,1,83,-1.7,-2.05,0,0.5,0.60,-3.5,-4.22,-43.1,0.00,1
355,Exit long,2005-08-05,Close entry(s) order TEST,84.9,1,84.2,0.7,0.83,0,0.9,1.07,-1.5,-1.78,-42.4,0.00,1
355,Entry long,2005-08-04,TEST,84.2,1,84.2,0.7,0.83,0,0.9,1.07,-1.5,-1.78,-42.4,0.00,1
356,Exit long,2005-08-09,Close entry(s) order TEST,82,1,83,-1,-1.20,0,0.5,0.60,-1.4,-1.69,-43.4,0.00,1
356,Entry long,2005-08-08,TEST,83,1,83,-1,-1.20,0,0.5,0.60,-1.4,-1.69,-43.4,0.00,1
357,Exit long,2005-08-11,Close entry(s) order TEST,82.3,1,83.3,-1,-1.20,0,0,0.00,-3,-3.60,-44.4,0.00,1
357,Entry long,2005-08-10,TEST,83.3,1,83.3,-1,-1.20,0,0,0.00,-3,-3.60,-44.4,0.00,1
358,Exit long,2005-08-16,Close entry(s) order TEST,84.4,1,82.9,1.5,1.81,0,1.5,1.81,-1.7,-2.05,-42.9,0.00,1
358,Entry long,2005-08-12,TEST,82.9,1,82.9,1.5,1.81,0,1.5,1.81,-1.7,-2.05,-42.9,0.00,1
359,Exit long,2005-08-18,Close entry(s) order TEST,80.3,1,81.4,-1.1,-1.35,0,1.9,2.33,-1.1,-1.35,-44,0.00,1
359,Entry long,2005-08-17,TEST,81.4,1,81.4,-1.1,-1.35,0,1.9,2.33,-1.1,-1.35,-44,0.00,1
360,Exit long,2005-08-22,Close entry(s) order TEST,81,1,80.1,0.9,1.12,0,1.9,2.37,-0.4,-0.50,-43.1,0.00,1
360,Entry long,2005-08-19,TEST,80.1,1,80.1,0.9,1.12,0,1.9,2.37,-0.4,-0.50,-43.1,0.00,1
361,Exit long,2005-08-24,Close entry(s) order TEST,78,1,80.7,-2.7,-3.35,0,2.1,2.60,-3.7,-4.58,-45.8,0.00,1
361,Entry long,2005-08-23,TEST,80.7,1,80.7,-2.7,-3.35,0,2.1,2.60,-3.7,-4.58,-45.8,0.00,1
362,Exit long,2005-08-26,Close entry(s) order TEST,78.4,1,76.5,1.9,2.48,0,1.9,2.48,-0.7,-0.92,-43.9,0.00,1
362,Entry long,2005-08-25,TEST,76.5,1,76.5,1.9,2.48,0,1.9,2.48,-0.7,-0.92,-43.9,0.00,1
363,Exit long,2005-08-30,Close entry(s) order TEST,75.1,1,77.5,-2.4,-3.10,0,0.5,0.65,-3.5,-4.52,-46.3,0.00,1
363,Entry long,2005-08-29,TEST,77.5,1,77.5,-2.4,-3.10,0,0.5,0.65,-3.5,-4.52,-46.3,0.00,1
364,Exit long,2005-09-01,Close entry(s) order TEST,76.7,1,77.1,-0.4,-0.52,0,1.1,1.43,-1.1,-1.43,-46.7,0.00,1
364,Entry long,2005-08-31,TEST,77.1,1,77.1,-0.4,-0.52,0,1.1,1.43,-1.1,-1.43,-46.7,0.00,1
365,Exit long,2005-09-05,Close entry(s) order TEST,81.3,1,81.8,-0.5,-0.61,0,1.5,1.83,-2,-2.44,-47.2,0.00,1
365,Entry long,2005-09-02,TEST,81.8,1,81.8,-0.5,-0.61,0,1.5,1.83,-2,-2.44,-47.2,0.00,1
366,Exit long,2005-09-08,Close entry(s) order TEST,80.6,1,80.8,-0.2,-0.25,0,1.1,1.36,-1.8,-2.23,-47.4,0.00,1
366,Entry long,2005-09-06,TEST,80.8,1,80.8,-0.2,-0.25,0,1.1,1.36,-1.8,-2.23,-47.4,0.00,1
367,Exit long,2005-09-12,Close entry(s) order TEST,79.8,1,79.8,0,0.00,0,0.1,0.13,-1.8,-2.26,-47.4,0.00,1
367,Entry long,2005-09-09,TEST,79.8,1,79.8,0,0.00,0,0.1,0.13,-1.8,-2.26,-47.4,0.00,1
368,Exit long,2005-09-14,Close entry(s) order TEST,81.5,1,80.9,0.6,0.74,0,0.8,0.99,-2.1,-2.60,-46.8,0.00,1
368,Entry long,2005-09-13,TEST,80.9,1,80.9,0.6,0.74,0,0.8,0.99,-2.1,-2.60,-46.8,0.00,1
369,Exit long,2005-09-16,Close entry(s) order TEST,81.9,1,81,0.9,1.11,0,1.5,1.85,0,0.00,-45.9,0.00,1
369,Entry long,2005-09-15,TEST,81,1,81,0.9,1.11,0,1.5,1.85,0,0.00,-45.9,0.00,1
370,Exit long,2005-09-20,Close entry(s) order TEST,87.8,1,82.9,4.9,5.91,0,7.9,9.53,-1.9,-2.29,-41,0.00,1
370,Entry long,2005-09-19,TEST,82.9,1,82.9,4.9,5.91,0,7.9,9.53,-1.9,-2.29,-41,0.00,1
371,Exit long,2005-09-22,Close entry(s) order TEST,70.2,1,87,-16.8,-19.31,0,0,0.00,-16.8,-19.31,-57.8,-0.01,1
371,Entry long,2005-09-21,TEST,87,1,87,-16.8,-19.31,0,0,0.00,-16.8,-19.31,-57.8,-0.01,1
372,Exit long,2005-09-26,Close entry(s) order TEST,79.9,1,80.1,-0.2,-0.25,0,3.9,4.87,-8.6,-10.74,-58,-0.01,1
372,Entry long,2005-09-23,TEST,80.1,1,80.1,-0.2,-0.25,0,3.9,4.87,-8.6,-10.74,-58,-0.01,1
373,Exit long,2005-09-28,Close entry(s) order TEST,87.1,1,87,0.1,0.11,0,1,1.15,-2.3,-2.64,-57.9,-0.01,1
373,Entry long,2005-09-27,TEST,87,1,87,0.1,0.11,0,1,1.15,-2.3,-2.64,-57.9,-0.01,1
374,Exit long,2005-09-30,Close entry(s) order TEST,89.8,1,87.1,2.7,3.10,0,5.4,6.20,0,0.00,-55.2,-0.01,1
374,Entry long,2005-09-29,TEST,87.1,1,87.1,2.7,3.10,0,5.4,6.20,0,0.00,-55.2,-0.01,1
375,Exit long,2005-10-04,Close entry(s) order TEST,97.8,1,87.8,10,11.39,0,13.4,15.26,-1,-1.14,-45.2,0.00,1
375,Entry long,2005-10-03,TEST,87.8,1,87.8,10,11.39,0,13.4,15.26,-1,-1.14,-45.2,0.00,1
376,Exit long,2005-10-06,Close entry(s) order TEST,101,1,106.3,-5.3,-4.99,0,1,0.94,-5.3,-4.99,-50.5,-0.01,1
376,Entry long,2005-10-05,TEST,106.3,1,106.3,-5.3,-4.99,0,1,0.94,-5.3,-4.99,-50.5,-0.01,1
377,Exit long,2005-10-10,Close entry(s) order TEST,110,1,100.9,9.1,9.02,0,9.1,9.02,0,0.00,-41.4,0.00,1
377,Entry long,2005-10-07,TEST,100.9,1,100.9,9.1,9.02,0,9.1,9.02,0,0.00,-41.4,0.00,1
378,Exit long,2005-10-13,Close entry(s) order TEST,104,1,110.1,-6.1,-5.54,0,0.8,0.73,-9.8,-8.90,-47.5,0.00,1
378,Entry long,2005-10-11,TEST,110.1,1,110.1,-6.1,-5.54,0,0.8,0.73,-9.8,-8.90,-47.5,0.00,1
379,Exit long,2005-10-17,Close entry(s) order TEST,95.4,1,96.1,-0.7,-0.73,0,0.8,0.83,-2.8,-2.91,-48.2,0.00,1
379,Entry long,2005-10-14,TEST,96.1,1,96.1,-0.7,-0.73,0,0.8,0.83,-2.8,-2.91,-48.2,0.00,1
380,Exit long,2005-10-19,Close entry(s) order TEST,92.5,1,94.5,-2,-2.12,0,0.9,0.95,-2,-2.12,-50.2,-0.01,1
380,Entry long,2005-10-18,TEST,94.5,1,94.5,-2,-2.12,0,0.9,0.95,-2,-2.12,-50.2,-0.01,1
381,Exit long,2005-10-21,Close entry(s) order TEST,90.9,1,91,-0.1,-0.11,0,2.9,3.19,-3.3,-3.63,-50.3,-0.01,1
381,Entry long,2005-10-20,TEST,91,1,91,-0.1,-0.11,0,2.9,3.19,-3.3,-3.63,-50.3,-0.01,1
382,Exit long,2005-10-25,Close entry(s) order TEST,92,1,92,0,0.00,0,1.9,2.07,-1,-1.09,-50.3,-0.01,1
382,Entry long,2005-10-24,TEST,92,1,92,0,0.00,0,1.9,2.07,-1,-1.09,-50.3,-0.01,1
383,Exit long,2005-10-27,Close entry(s) order TEST,94,1,95.5,-1.5,-1.57,0,0,0.00,-3.5,-3.66,-51.8,-0.01,1
383,Entry long,2005-10-26,TEST,95.5,1,95.5,-1.5,-1.57,0,0,0.00,-3.5,-3.66,-51.8,-0.01,1
384,Exit long,2005-10-31,Close entry(s) order TEST,93.9,1,93,0.9,0.97,0,2.3,2.47,-1.5,-1.61,-50.9,-0.01,1
384,Entry long,2005-10-28,TEST,93,1,93,0.9,0.97,0,2.3,2.47,-1.5,-1.61,-50.9,-0.01,1
385,Exit long,2005-11-07,Close entry(s) order TEST,98.9,1,96,2.9,3.02,0,5.4,5.63,-0.7,-0.73,-48,0.00,1
385,Entry long,2005-11-02,TEST,96,1,96,2.9,3.02,0,5.4,5.63,-0.7,-0.73,-48,0.00,1
386,Exit long,2005-11-09,Close entry(s) order TEST,103.6,1,102.1,1.5,1.47,0,1.5,1.47,-0.9,-0.88,-46.5,0.00,1
386,Entry long,2005-11-08,TEST,102.1,1,102.1,1.5,1.47,0,1.5,1.47,-0.9,-0.88,-46.5,0.00,1
387,Exit long,2005-11-11,Close entry(s) order TEST,99.5,1,103,-3.5,-3.40,0,0,0.00,-4,-3.88,-50,0.00,1
387,Entry long,2005-11-10,TEST,103,1,103,-3.5,-3.40,0,0,0.00,-4,-3.88,-50,0.00,1
388,Exit long,2005-11-16,Close entry(s) order TEST,99.5,1,98.5,1,1.02,0,1.2,1.22,-0.3,-0.30,-49,0.00,1
388,Entry long,2005-11-14,TEST,98.5,1,98.5,1,1.02,0,1.2,1.22,-0.3,-0.30,-49,0.00,1
389,Exit long,2005-11-18,Close entry(s) order TEST,95.6,1,99.3,-3.7,-3.73,0,0.3,0.30,-5,-5.04,-52.7,-0.01,1
389,Entry long,2005-11-17,TEST,99.3,1,99.3,-3.7,-3.73,0,0.3,0.30,-5,-5.04,-52.7,-0.01,1
390,Exit long,2005-11-22,Close entry(s) order TEST,94.5,1,95.6,-1.1,-1.15,0,0.3,0.31,-1.6,-1.67,-53.8,-0.01,1
390,Entry long,2005-11-21,TEST,95.6,1,95.6,-1.1,-1.15,0,0.3,0.31,-1.6,-1.67,-53.8,-0.01,1
391,Exit long,2005-11-24,Close entry(s) order TEST,90.8,1,93.6,-2.8,-2.99,0,0,0.00,-3.8,-4.06,-56.6,-0.01,1
391,Entry long,2005-11-23,TEST,93.6,1,93.6,-2.8,-2.99,0,0,0.00,-3.8,-4.06,-56.6,-0.01,1
392,Exit long,2005-11-28,Close entry(s) order TEST,95.8,1,92.4,3.4,3.68,0,3.4,3.68,-0.3,-0.32,-53.2,-0.01,1
392,Entry long,2005-11-25,TEST,92.4,1,92.4,3.4,3.68,0,3.4,3.68,-0.3,-0.32,-53.2,-0.01,1
393,Exit long,2005-11-30,Close entry(s) order TEST,91.2,1,94.4,-3.2,-3.39,0,0.1,0.11,-4.3,-4.56,-56.4,-0.01,1
393,Entry long,2005-11-29,TEST,94.4,1,94.4,-3.2,-3.39,0,0.1,0.11,-4.3,-4.56,-56.4,-0.01,1
394,Exit long,2005-12-02,Close entry(s) order TEST,89.9,1,90.5,-0.6,-0.66,0,0.9,0.99,-2.1,-2.32,-57,-0.01,1
394,Entry long,2005-12-01,TEST,90.5,1,90.5,-0.6,-0.66,0,0.9,0.99,-2.1,-2.32,-57,-0.01,1
395,Exit long,2005-12-06,Close entry(s) order TEST,85,1,83,2,2.41,0,5.6,6.75,-0.9,-1.08,-55,-0.01,1
395,Entry long,2005-12-05,TEST,83,1,83,2,2.41,0,5.6,6.75,-0.9,-1.08,-55,-0.01,1
396,Exit long,2005-12-08,Close entry(s) order TEST,86.9,1,86.5,0.4,0.46,0,0.4,0.46,-0.9,-1.04,-54.6,-0.01,1
396,Entry long,2005-12-07,TEST,86.5,1,86.5,0.4,0.46,0,0.4,0.46,-0.9,-1.04,-54.6,-0.01,1
397,Exit long,2005-12-12,Close entry(s) order TEST,94.8,1,86,8.8,10.23,0,8.8,10.23,-0.5,-0.58,-45.8,0.00,1
397,Entry long,2005-12-09,TEST,86,1,86,8.8,10.23,0,8.8,10.23,-0.5,-0.58,-45.8,0.00,1
398,Exit long,2005-12-14,Close entry(s) order TEST,91.8,1,93.5,-1.7,-1.82,0,0.3,0.32,-3.3,-3.53,-47.5,0.00,1
398,Entry long,2005-12-13,TEST,93.5,1,93.5,-1.7,-1.82,0,0.3,0.32,-3.3,-3.53,-47.5,0.00,1
399,Exit long,2005-12-16,Close entry(s) order TEST,91,1,91,0,0.00,0,1.8,1.98,-1.8,-1.98,-47.5,0.00,1
399,Entry long,2005-12-15,TEST,91,1,91,0,0.00,0,1.8,1.98,-1.8,-1.98,-47.5,0.00,1
400,Exit long,2005-12-20,Close entry(s) order TEST,88.6,1,90.3,-1.7,-1.88,0,1,1.11,-2.1,-2.33,-49.2,0.00,1
400,Entry long,2005-12-19,TEST,90.3,1,90.3,-1.7,-1.88,0,1,1.11,-2.1,-2.33,-49.2,0.00,1
401,Exit long,2005-12-22,Close entry(s) order TEST,90.6,1,87.4,3.2,3.66,0,6,6.86,-0.4,-0.46,-46,0.00,1
401,Entry long,2005-12-21,TEST,87.4,1,87.4,3.2,3.66,0,6,6.86,-0.4,-0.46,-46,0.00,1
402,Exit long,2005-12-26,Close entry(s) order TEST,87,1,88.7,-1.7,-1.92,0,0,0.00,-2.2,-2.48,-47.7,0.00,1
402,Entry long,2005-12-23,TEST,88.7,1,88.7,-1.7,-1.92,0,0,0.00,-2.2,-2.48,-47.7,0.00,1
403,Exit long,2005-12-28,Close entry(s) order TEST,88.3,1,88.5,-0.2,-0.23,0,0,0.00,-2.9,-3.28,-47.9,0.00,1
403,Entry long,2005-12-27,TEST,88.5,1,88.5,-0.2,-0.23,0,0,0.00,-2.9,-3.28,-47.9,0.00,1
404,Exit long,2005-12-30,Close entry(s) order TEST,86,1,87,-1,-1.15,0,1.4,1.61,-2.2,-2.53,-48.9,0.00,1
404,Entry long,2005-12-29,TEST,87,1,87,-1,-1.15,0,1.4,1.61,-2.2,-2.53,-48.9,0.00,1
405,Exit long,2006-01-03,Close entry(s) order TEST,87,1,87.5,-0.5,-0.57,0,0.1,0.11,-1.4,-1.60,-49.4,0.00,1
405,Entry long,2006-01-02,TEST,87.5,1,87.5,-0.5,-0.57,0,0.1,0.11,-1.4,-1.60,-49.4,0.00,1
406,Exit long,2006-01-05,Close entry(s) order TEST,85.9,1,86.3,-0.4,-0.46,0,1.2,1.39,-1.6,-1.85,-49.8,0.00,1
406,Entry long,2006-01-04,TEST,86.3,1,86.3,-0.4,-0.46,0,1.2,1.39,-1.6,-1.85,-49.8,0.00,1
407,Exit long,2006-01-09,Close entry(s) order TEST,91.2,1,86.4,4.8,5.56,0,4.8,5.56,-0.4,-0.46,-45,0.00,1
407,Entry long,2006-01-06,TEST,86.4,1,86.4,4.8,5.56,0,4.8,5.56,-0.4,-0.46,-45,0.00,1
408,Exit long,2006-01-12,Close entry(s) order TEST,97,1,98.9,-1.9,-1.92,0,0,0.00,-4.1,-4.15,-46.9,0.00,1
408,Entry long,2006-01-10,TEST,98.9,1,98.9,-1.9,-1.92,0,0,0.00,-4.1,-4.15,-46.9,0.00,1
409,Exit long,2006-01-16,Close entry(s) order TEST,97.8,1,97.9,-0.1,-0.10,0,1.6,1.63,-1.8,-1.84,-47,0.00,1
409,Entry long,2006-01-13,TEST,97.9,1,97.9,-0.1,-0.10,0,1.6,1.63,-1.8,-1.84,-47,0.00,1
410,Exit long,2006-01-18,Close entry(s) order TEST,97,1,102,-5,-4.90,0,0,0.00,-5.4,-5.29,-52,-0.01,1
410,Entry long,2006-01-17,TEST,102,1,102,-5,-4.90,0,0,0.00,-5.4,-5.29,-52,-0.01,1
411,Exit long,2006-01-20,Close entry(s) order TEST,101.3,1,97.9,3.4,3.47,0,5.9,6.03,0,0.00,-48.6,0.00,1
411,Entry long,2006-01-19,TEST,97.9,1,97.9,3.4,3.47,0,5.9,6.03,0,0.00,-48.6,0.00,1
412,Exit long,2006-01-24,Close entry(s) order TEST,98.3,1,99.3,-1,-1.01,0,0,0.00,-2.2,-2.22,-49.6,0.00,1
412,Entry long,2006-01-23,TEST,99.3,1,99.3,-1,-1.01,0,0,0.00,-2.2,-2.22,-49.6,0.00,1
413,Exit long,2006-01-27,Close entry(s) order TEST,97.9,1,97.9,0,0.00,0,0.1,0.10,-1.8,-1.84,-49.6,0.00,1
413,Entry long,2006-01-25,TEST,97.9,1,97.9,0,0.00,0,0.1,0.10,-1.8,-1.84,-49.6,0.00,1
414,Exit long,2006-01-31,Close entry(s) order TEST,96.1,1,98,-1.9,-1.94,0,0,0.00,-2.8,-2.86,-51.5,-0.01,1
414,Entry long,2006-01-30,TEST,98,1,98,-1.9,-1.94,0,0,0.00,-2.8,-2.86,-51.5,-0.01,1
415,Exit long,2006-02-02,Close entry(s) order TEST,92.8,1,96.6,-3.8,-3.93,0,0.1,0.10,-5,-5.18,-55.3,-0.01,1
415,Entry long,2006-02-01,TEST,96.6,1,96.6,-3.8,-3.93,0,0.1,0.10,-5,-5.18,-55.3,-0.01,1
416,Exit long,2006-02-06,Close entry(s) order TEST,92.6,1,92.5,0.1,0.11,0,0.5,0.54,-0.6,-0.65,-55.2,-0.01,1
416,Entry long,2006-02-03,TEST,92.5,1,92.5,0.1,0.11,0,0.5,0.54,-0.6,-0.65,-55.2,-0.01,1
417,Exit long,2006-02-08,Close entry(s) order TEST,91.2,1,93,-1.8,-1.94,0,0,0.00,-2.8,-3.01,-57,-0.01,1
417,Entry long,2006-02-07,TEST,93,1,93,-1.8,-1.94,0,0,0.00,-2.8,-3.01,-57,-0.01,1
418,Exit long,2006-02-13,Close entry(s) order TEST,89,1,90.3,-1.3,-1.44,0,1.2,1.33,-4.5,-4.98,-58.3,-0.01,1
418,Entry long,2006-02-10,TEST,90.3,1,90.3,-1.3,-1.44,0,1.2,1.33,-4.5,-4.98,-58.3,-0.01,1
419,Exit long,2006-02-15,Close entry(s) order TEST,89.5,1,89,0.5,0.56,0,1,1.12,-1.2,-1.35,-57.8,-0.01,1
419,Entry long,2006-02-14,TEST,89,1,89,0.5,0.56,0,1,1.12,-1.2,-1.35,-57.8,-0.01,1
420,Exit long,2006-02-17,Close entry(s) order TEST,90,1,91,-1,-1.10,0,0.5,0.55,-2.3,-2.53,-58.8,-0.01,1
420,Entry long,2006-02-16,TEST,91,1,91,-1,-1.10,0,0.5,0.55,-2.3,-2.53,-58.8,-0.01,1
421,Exit long,2006-02-21,Close entry(s) order TEST,87.5,1,88.2,-0.7,-0.79,0,0.8,0.91,-1.9,-2.15,-59.5,-0.01,1
421,Entry long,2006-02-20,TEST,88.2,1,88.2,-0.7,-0.79,0,0.8,0.91,-1.9,-2.15,-59.5,-0.01,1
422,Exit long,2006-02-23,Close entry(s) order TEST,89,1,89.2,-0.2,-0.22,0,0.8,0.90,-1.1,-1.23,-59.7,-0.01,1
422,Entry long,2006-02-22,TEST,89.2,1,89.2,-0.2,-0.22,0,0.8,0.90,-1.1,-1.23,-59.7,-0.01,1
423,Exit long,2006-02-27,Close entry(s) order TEST,90,1,91.5,-1.5,-1.64,0,0.9,0.98,-2.8,-3.06,-61.2,-0.01,1
423,Entry long,2006-02-24,TEST,91.5,1,91.5,-1.5,-1.64,0,0.9,0.98,-2.8,-3.06,-61.2,-0.01,1
424,Exit long,2006-03-01,Close entry(s) order TEST,92,1,99.6,-7.6,-7.63,0,0,0.00,-8.5,-8.53,-68.8,-0.01,1
424,Entry long,2006-02-28,TEST,99.6,1,99.6,-7.6,-7.63,0,0,0.00,-8.5,-8.53,-68.8,-0.01,1
425,Exit long,2006-03-03,Close entry(s) order TEST,89.5,1,90,-0.5,-0.56,0,0.7,0.78,-2.8,-3.11,-69.3,-0.01,1
425,Entry long,2006-03-02,TEST,90,1,90,-0.5,-0.56,0,0.7,0.78,-2.8,-3.11,-69.3,-0.01,1
426,Exit long,2006-03-07,Close entry(s) order TEST,91.8,1,94.4,-2.6,-2.75,0,0,0.00,-3.9,-4.13,-71.9,-0.01,1
426,Entry long,2006-03-06,TEST,94.4,1,94.4,-2.6,-2.75,0,0,0.00,-3.9,-4.13,-71.9,-0.01,1
427,Exit long,2006-03-09,Close entry(s) order TEST,89.8,1,90,-0.2,-0.22,0,0.7,0.78,-0.8,-0.89,-72.1,-0.01,1
427,Entry long,2006-03-08,TEST,90,1,90,-0.2,-0.22,0,0.7,0.78,-0.8,-0.89,-72.1,-0.01,1
428,Exit long,2006-03-13,Close entry(s) order TEST,91,1,91,0,0.00,0,0.4,0.44,-1.5,-1.65,-72.1,-0.01,1
428,Entry long,2006-03-10,TEST,91,1,91,0,0.00,0,0.4,0.44,-1.5,-1.65,-72.1,-0.01,1
429,Exit long,2006-03-16,Close entry(s) order TEST,90.5,1,89.7,0.8,0.89,0,0.8,0.89,-0.7,-0.78,-71.3,-0.01,1
429,Entry long,2006-03-14,TEST,89.7,1,89.7,0.8,0.89,0,0.8,0.89,-0.7,-0.78,-71.3,-0.01,1
430,Exit long,2006-03-20,Close entry(s) order TEST,88.3,1,88.3,0,0.00,0,1.2,1.36,-0.2,-0.23,-71.3,-0.01,1
430,Entry long,2006-03-17,TEST,88.3,1,88.3,0,0.00,0,1.2,1.36,-0.2,-0.23,-71.3,-0.01,1
431,Exit long,2006-03-22,Close entry(s) order TEST,86.7,1,90,-3.3,-3.67,0,0,0.00,-3.8,-4.22,-74.6,-0.01,1
431,Entry long,2006-03-21,TEST,90,1,90,-3.3,-3.67,0,0,0.00,-3.8,-4.22,-74.6,-0.01,1
432,Exit long,2006-03-24,Close entry(s) order TEST,86,1,86.4,-0.4,-0.46,0,0.9,1.04,-0.8,-0.93,-75,-0.01,1
432,Entry long,2006-03-23,TEST,86.4,1,86.4,-0.4,-0.46,0,0.9,1.04,-0.8,-0.93,-75,-0.01,1
433,Exit long,2006-03-28,Close entry(s) order TEST,84.8,1,84.9,-0.1,-0.12,0,1.1,1.30,-1.6,-1.88,-75.1,-0.01,1
433,Entry long,2006-03-27,TEST,84.9,1,84.9,-0.1,-0.12,0,1.1,1.30,-1.6,-1.88,-75.1,-0.01,1
434,Exit long,2006-03-30,Close entry(s) order TEST,85.6,1,84.4,1.2,1.42,0,1.5,1.78,-0.9,-1.07,-73.9,-0.01,1
434,Entry long,2006-03-29,TEST,84.4,1,84.4,1.2,1.42,0,1.5,1.78,-0.9,-1.07,-73.9,-0.01,1
435,Exit long,2006-04-03,Close entry(s) order TEST,78.9,1,86.4,-7.5,-8.68,0,1.2,1.39,-7.5,-8.68,-81.4,-0.01,1
435,Entry long,2006-03-31,TEST,86.4,1,86.4,-7.5,-8.68,0,1.2,1.39,-7.5,-8.68,-81.4,-0.01,1
436,Exit long,2006-04-05,Close entry(s) order TEST,85.7,1,88.9,-3.2,-3.60,0,0.1,0.11,-4.1,-4.61,-84.6,-0.01,1
436,Entry long,2006-04-04,TEST,88.9,1,88.9,-3.2,-3.60,0,0.1,0.11,-4.1,-4.61,-84.6,-0.01,1
437,Exit long,2006-04-10,Close entry(s) order TEST,84,1,85.1,-1.1,-1.29,0,3.9,4.58,-5.1,-5.99,-85.7,-0.01,1
437,Entry long,2006-04-07,TEST,85.1,1,85.1,-1.1,-1.29,0,3.9,4.58,-5.1,-5.99,-85.7,-0.01,1
438,Exit long,2006-04-13,Close entry(s) order TEST,82.5,1,82.5,0,0.00,0,1.4,1.70,-1.1,-1.33,-85.7,-0.01,1
438,Entry long,2006-04-12,TEST,82.5,1,82.5,0,0.00,0,1.4,1.70,-1.1,-1.33,-85.7,-0.01,1
439,Exit long,2006-04-18,Close entry(s) order TEST,88.6,1,81.5,7.1,8.71,0,7.1,8.71,-2.9,-3.56,-78.6,-0.01,1
439,Entry long,2006-04-17,TEST,81.5,1,81.5,7.1,8.71,0,7.1,8.71,-2.9,-3.56,-78.6,-0.01,1
440,Exit long,2006-04-20,Close entry(s) order TEST,76.8,1,73,3.8,5.21,0,4.3,5.89,-0.2,-0.27,-74.8,-0.01,1
440,Entry long,2006-04-19,TEST,73,1,73,3.8,5.21,0,4.3,5.89,-0.2,-0.27,-74.8,-0.01,1
441,Exit long,2006-04-24,Close entry(s) order TEST,76.1,1,79,-2.9,-3.67,0,0.3,0.38,-3.4,-4.30,-77.7,-0.01,1
441,Entry long,2006-04-21,TEST,79,1,79,-2.9,-3.67,0,0.3,0.38,-3.4,-4.30,-77.7,-0.01,1
442,Exit long,2006-04-26,Close entry(s) order TEST,75.5,1,77,-1.5,-1.95,0,0.9,1.17,-2,-2.60,-79.2,-0.01,1
442,Entry long,2006-04-25,TEST,77,1,77,-1.5,-1.95,0,0.9,1.17,-2,-2.60,-79.2,-0.01,1
443,Exit long,2006-04-28,Close entry(s) order TEST,72,1,76.3,-4.3,-5.64,0,0.6,0.79,-4.3,-5.64,-83.5,-0.01,1
443,Entry long,2006-04-27,TEST,76.3,1,76.3,-4.3,-5.64,0,0.6,0.79,-4.3,-5.64,-83.5,-0.01,1
444,Exit long,2006-05-03,Close entry(s) order TEST,77,1,78.8,-1.8,-2.28,0,1.4,1.78,-3.6,-4.57,-85.3,-0.01,1
444,Entry long,2006-05-02,TEST,78.8,1,78.8,-1.8,-2.28,0,1.4,1.78,-3.6,-4.57,-85.3,-0.01,1
445,Exit long,2006-05-05,Close entry(s) order TEST,78.2,1,77.8,0.4,0.51,0,0.7,0.90,-1.5,-1.93,-84.9,-0.01,1
445,Entry long,2006-05-04,TEST,77.8,1,77.8,0.4,0.51,0,0.7,0.90,-1.5,-1.93,-84.9,-0.01,1
446,Exit long,2006-05-09,Close entry(s) order TEST,78.4,1,76.3,2.1,2.75,0,2.1,2.75,0,0.00,-82.8,-0.01,1
446,Entry long,2006-05-08,TEST,76.3,1,76.3,2.1,2.75,0,2.1,2.75,0,0.00,-82.8,-0.01,1
447,Exit long,2006-05-11,Close entry(s) order TEST,90,1,78,12,15.38,0,12.9,16.54,-0.5,-0.64,-70.8,-0.01,1
447,Entry long,2006-05-10,TEST,78,1,78,12,15.38,0,12.9,16.54,-0.5,-0.64,-70.8,-0.01,1
448,Exit long,2006-05-15,Close entry(s) order TEST,83.2,1,82.2,1,1.22,0,2.2,2.68,-0.9,-1.09,-69.8,-0.01,1
448,Entry long,2006-05-12,TEST,82.2,1,82.2,1,1.22,0,2.2,2.68,-0.9,-1.09,-69.8,-0.01,1
449,Exit long,2006-05-17,Close entry(s) order TEST,77,1,78.4,-1.4,-1.79,0,1.6,2.04,-4.4,-5.61,-71.2,-0.01,1
449,Entry long,2006-05-16,TEST,78.4,1,78.4,-1.4,-1.79,0,1.6,2.04,-4.4,-5.61,-71.2,-0.01,1
450,Exit long,2006-05-19,Close entry(s) order TEST,78.2,1,79,-0.8,-1.01,0,0,0.00,-6.5,-8.23,-72,-0.01,1
450,Entry long,2006-05-18,TEST,79,1,79,-0.8,-1.01,0,0,0.00,-6.5,-8.23,-72,-0.01,1
451,Exit long,2006-05-23,Close entry(s) order TEST,72.2,1,74.9,-2.7,-3.60,0,0,0.00,-6.8,-9.08,-74.7,-0.01,1
451,Entry long,2006-05-22,TEST,74.9,1,74.9,-2.7,-3.60,0,0,0.00,-6.8,-9.08,-74.7,-0.01,1
452,Exit long,2006-05-25,Close entry(s) order TEST,73,1,74,-1,-1.35,0,0,0.00,-4.8,-6.49,-75.7,-0.01,1
452,Entry long,2006-05-24,TEST,74,1,74,-1,-1.35,0,0,0.00,-4.8,-6.49,-75.7,-0.01,1
453,Exit long,2006-05-29,Close entry(s) order TEST,71.5,1,72.1,-0.6,-0.83,0,1.8,2.50,-1.1,-1.53,-76.3,-0.01,1
453,Entry long,2006-05-26,TEST,72.1,1,72.1,-0.6,-0.83,0,1.8,2.50,-1.1,-1.53,-76.3,-0.01,1
454,Exit long,2006-05-31,Close entry(s) order TEST,71.5,1,71.7,-0.2,-0.28,0,1,1.39,-0.6,-0.84,-76.5,-0.01,1
454,Entry long,2006-05-30,TEST,71.7,1,71.7,-0.2,-0.28,0,1,1.39,-0.6,-0.84,-76.5,-0.01,1
455,Exit long,2006-06-02,Close entry(s) order TEST,67.5,1,71.5,-4,-5.59,0,0.6,0.84,-4,-5.59,-80.5,-0.01,1
455,Entry long,2006-06-01,TEST,71.5,1,71.5,-4,-5.59,0,0.6,0.84,-4,-5.59,-80.5,-0.01,1
456,Exit long,2006-06-06,Close entry(s) order TEST,66,1,66,0,0.00,0,4.6,6.97,-0.7,-1.06,-80.5,-0.01,1
456,Entry long,2006-06-05,TEST,66,1,66,0,0.00,0,4.6,6.97,-0.7,-1.06,-80.5,-0.01,1
457,Exit long,2006-06-08,Close entry(s) order TEST,57.2,1,63,-5.8,-9.21,0,4.5,7.14,-5.8,-9.21,-86.3,-0.01,1
457,Entry long,2006-06-07,TEST,63,1,63,-5.8,-9.21,0,4.5,7.14,-5.8,-9.21,-86.3,-0.01,1
458,Exit long,2006-06-12,Close entry(s) order TEST,59.8,1,50.1,9.7,19.36,0,11.9,23.75,0,0.00,-76.6,-0.01,1
458,Entry long,2006-06-09,TEST,50.1,1,50.1,9.7,19.36,0,11.9,23.75,0,0.00,-76.6,-0.01,1
459,Exit long,2006-06-14,Close entry(s) order TEST,59.5,1,58,1.5,2.59,0,1.5,2.59,-2.3,-3.97,-75.1,-0.01,1
459,Entry long,2006-06-13,TEST,58,1,58,1.5,2.59,0,1.5,2.59,-2.3,-3.97,-75.1,-0.01,1
460,Exit long,2006-06-16,Close entry(s) order TEST,64,1,61.9,2.1,3.39,0,2.5,4.04,-2.8,-4.52,-73,-0.01,1
460,Entry long,2006-06-15,TEST,61.9,1,61.9,2.1,3.39,0,2.5,4.04,-2.8,-4.52,-73,-0.01,1
461,Exit long,2006-06-20,Close entry(s) order TEST,70,1,69.3,0.7,1.01,0,3.7,5.34,-4.8,-6.93,-72.3,-0.01,1
461,Entry long,2006-06-19,TEST,69.3,1,69.3,0.7,1.01,0,3.7,5.34,-4.8,-6.93,-72.3,-0.01,1
462,Exit long,2006-06-22,Close entry(s) order TEST,73,1,70.9,2.1,2.96,0,2.1,2.96,-1.1,-1.55,-70.2,-0.01,1
462,Entry long,2006-06-21,TEST,70.9,1,70.9,2.1,2.96,0,2.1,2.96,-1.1,-1.55,-70.2,-0.01,1
463,Exit long,2006-06-26,Close entry(s) order TEST,74.3,1,71.1,3.2,4.50,0,3.2,4.50,-1.2,-1.69,-67,-0.01,1
463,Entry long,2006-06-23,TEST,71.1,1,71.1,3.2,4.50,0,3.2,4.50,-1.2,-1.69,-67,-0.01,1
464,Exit long,2006-06-28,Close entry(s) order TEST,65,1,69,-4,-5.80,0,1,1.45,-4,-5.80,-71,-0.01,1
464,Entry long,2006-06-27,TEST,69,1,69,-4,-5.80,0,1,1.45,-4,-5.80,-71,-0.01,1
465,Exit long,2006-06-30,Close entry(s) order TEST,69.6,1,67,2.6,3.88,0,2.6,3.88,-1.1,-1.64,-68.4,-0.01,1
465,Entry long,2006-06-29,TEST,67,1,67,2.6,3.88,0,2.6,3.88,-1.1,-1.64,-68.4,-0.01,1
466,Exit long,2006-07-04,Close entry(s) order TEST,69.7,1,68.8,0.9,1.31,0,1,1.45,-2.6,-3.78,-67.5,-0.01,1
466,Entry long,2006-07-03,TEST,68.8,1,68.8,0.9,1.31,0,1,1.45,-2.6,-3.78,-67.5,-0.01,1
467,Exit long,2006-07-06,Close entry(s) order TEST,66.5,1,66,0.5,0.76,0,0.9,1.36,-0.8,-1.21,-67,-0.01,1
467,Entry long,2006-07-05,TEST,66,1,66,0.5,0.76,0,0.9,1.36,-0.8,-1.21,-67,-0.01,1
468,Exit long,2006-07-10,Close entry(s) order TEST,63,1,65.8,-2.8,-4.26,0,1,1.52,-3.8,-5.78,-69.8,-0.01,1
468,Entry long,2006-07-07,TEST,65.8,1,65.8,-2.8,-4.26,0,1,1.52,-3.8,-5.78,-69.8,-0.01,1
469,Exit long,2006-07-12,Close entry(s) order TEST,59.1,1,62,-2.9,-4.68,0,0.5,0.81,-2.9,-4.68,-72.7,-0.01,1
469,Entry long,2006-07-11,TEST,62,1,62,-2.9,-4.68,0,0.5,0.81,-2.9,-4.68,-72.7,-0.01,1
470,Exit long,2006-07-14,Close entry(s) order TEST,59.3,1,60.4,-1.1,-1.82,0,0.5,0.83,-1.1,-1.82,-73.8,-0.01,1
470,Entry long,2006-07-13,TEST,60.4,1,60.4,-1.1,-1.82,0,0.5,0.83,-1.1,-1.82,-73.8,-0.01,1
471,Exit long,2006-07-18,Close entry(s) order TEST,60.4,1,60.7,-0.3,-0.49,0,0,0.00,-2,-3.29,-74.1,-0.01,1
471,Entry long,2006-07-17,TEST,60.7,1,60.7,-0.3,-0.49,0,0,0.00,-2,-3.29,-74.1,-0.01,1
472,Exit long,2006-07-20,Close entry(s) order TEST,55,1,57.8,-2.8,-4.84,0,0,0.00,-4.7,-8.13,-76.9,-0.01,1
472,Entry long,2006-07-19,TEST,57.8,1,57.8,-2.8,-4.84,0,0,0.00,-4.7,-8.13,-76.9,-0.01,1
473,Exit long,2006-07-24,Close entry(s) order TEST,50.8,1,53.1,-2.3,-4.33,0,0.7,1.32,-2.8,-5.27,-79.2,-0.01,1
473,Entry long,2006-07-21,TEST,53.1,1,53.1,-2.3,-4.33,0,0.7,1.32,-2.8,-5.27,-79.2,-0.01,1
474,Exit long,2006-07-26,Close entry(s) order TEST,50,1,49.7,0.3,0.60,0,0.6,1.21,-3,-6.04,-78.9,-0.01,1
474,Entry long,2006-07-25,TEST,49.7,1,49.7,0.3,0.60,0,0.6,1.21,-3,-6.04,-78.9,-0.01,1
475,Exit long,2006-07-28,Close entry(s) order TEST,53,1,53,0,0.00,0,1.5,2.83,0,0.00,-78.9,-0.01,1
475,Entry long,2006-07-27,TEST,53,1,53,0,0.00,0,1.5,2.83,0,0.00,-78.9,-0.01,1
476,Exit long,2006-08-01,Close entry(s) order TEST,67,1,61.5,5.5,8.94,0,7.5,12.20,-0.7,-1.14,-73.4,-0.01,1
476,Entry long,2006-07-31,TEST,61.5,1,61.5,5.5,8.94,0,7.5,12.20,-0.7,-1.14,-73.4,-0.01,1
477,Exit long,2006-08-03,Close entry(s) order TEST,65,1,64.3,0.7,1.09,0,1.1,1.71,-0.8,-1.24,-72.7,-0.01,1
477,Entry long,2006-08-02,TEST,64.3,1,64.3,0.7,1.09,0,1.1,1.71,-0.8,-1.24,-72.7,-0.01,1
478,Exit long,2006-08-07,Close entry(s) order TEST,63.2,1,64.8,-1.6,-2.47,0,1.1,1.70,-1.6,-2.47,-74.3,-0.01,1
478,Entry long,2006-08-04,TEST,64.8,1,64.8,-1.6,-2.47,0,1.1,1.70,-1.6,-2.47,-74.3,-0.01,1
479,Exit long,2006-08-09,Close entry(s) order TEST,62,1,61.5,0.5,0.81,0,2.1,3.41,0,0.00,-73.8,-0.01,1
479,Entry long,2006-08-08,TEST,61.5,1,61.5,0.5,0.81,0,2.1,3.41,0,0.00,-73.8,-0.01,1
480,Exit long,2006-08-11,Close entry(s) order TEST,64.2,1,63,1.2,1.90,0,2.2,3.49,-1,-1.59,-72.6,-0.01,1
480,Entry long,2006-08-10,TEST,63,1,63,1.2,1.90,0,2.2,3.49,-1,-1.59,-72.6,-0.01,1
481,Exit long,2006-08-16,Close entry(s) order TEST,70,1,65.5,4.5,6.87,0,4.8,7.33,-0.9,-1.37,-68.1,-0.01,1
481,Entry long,2006-08-14,TEST,65.5,1,65.5,4.5,6.87,0,4.8,7.33,-0.9,-1.37,-68.1,-0.01,1
482,Exit long,2006-08-18,Close entry(s) order TEST,68.5,1,70,-1.5,-2.14,0,1.7,2.43,-1.8,-2.57,-69.6,-0.01,1
482,Entry long,2006-08-17,TEST,70,1,70,-1.5,-2.14,0,1.7,2.43,-1.8,-2.57,-69.6,-0.01,1
483,Exit long,2006-08-22,Close entry(s) order TEST,69.1,1,70.1,-1,-1.43,0,0,0.00,-2.1,-3.00,-70.6,-0.01,1
483,Entry long,2006-08-21,TEST,70.1,1,70.1,-1,-1.43,0,0,0.00,-2.1,-3.00,-70.6,-0.01,1
484,Exit long,2006-08-24,Close entry(s) order TEST,75,1,71.1,3.9,5.49,0,4.6,6.47,-1,-1.41,-66.7,-0.01,1
484,Entry long,2006-08-23,TEST,71.1,1,71.1,3.9,5.49,0,4.6,6.47,-1,-1.41,-66.7,-0.01,1
485,Exit long,2006-08-28,Close entry(s) order TEST,75.6,1,77,-1.4,-1.82,0,1.8,2.34,-2,-2.60,-68.1,-0.01,1
485,Entry long,2006-08-25,TEST,77,1,77,-1.4,-1.82,0,1.8,2.34,-2,-2.60,-68.1,-0.01,1
486,Exit long,2006-08-30,Close entry(s) order TEST,77.5,1,75,2.5,3.33,0,2.5,3.33,-0.5,-0.67,-65.6,-0.01,1
486,Entry long,2006-08-29,TEST,75,1,75,2.5,3.33,0,2.5,3.33,-0.5,-0.67,-65.6,-0.01,1
487,Exit long,2006-09-01,Close entry(s) order TEST,74,1,75,-1,-1.33,0,0.9,1.20,-1.5,-2.00,-66.6,-0.01,1
487,Entry long,2006-08-31,TEST,75,1,75,-1,-1.33,0,0.9,1.20,-1.5,-2.00,-66.6,-0.01,1
488,Exit long,2006-09-05,Close entry(s) order TEST,77.1,1,72.1,5,6.93,0,5.3,7.35,0,0.00,-61.6,-0.01,1
488,Entry long,2006-09-04,TEST,72.1,1,72.1,5,6.93,0,5.3,7.35,0,0.00,-61.6,-0.01,1
489,Exit long,2006-09-07,Close entry(s) order TEST,75.2,1,79.3,-4.1,-5.17,0,0.4,0.50,-4.1,-5.17,-65.7,-0.01,1
489,Entry long,2006-09-06,TEST,79.3,1,79.3,-4.1,-5.17,0,0.4,0.50,-4.1,-5.17,-65.7,-0.01,1
490,Exit long,2006-09-11,Close entry(s) order TEST,78.9,1,76.6,2.3,3.00,0,2.3,3.00,0,0.00,-63.4,-0.01,1
490,Entry long,2006-09-08,TEST,76.6,1,76.6,2.3,3.00,0,2.3,3.00,0,0.00,-63.4,-0.01,1
491,Exit long,2006-09-13,Close entry(s) order TEST,78.5,1,75,3.5,4.67,0,3.5,4.67,-0.4,-0.53,-59.9,-0.01,1
491,Entry long,2006-09-12,TEST,75,1,75,3.5,4.67,0,3.5,4.67,-0.4,-0.53,-59.9,-0.01,1
492,Exit long,2006-09-15,Close entry(s) order TEST,76.5,1,78.4,-1.9,-2.42,0,0.6,0.77,-1.9,-2.42,-61.8,-0.01,1
492,Entry long,2006-09-14,TEST,78.4,1,78.4,-1.9,-2.42,0,0.6,0.77,-1.9,-2.42,-61.8,-0.01,1
493,Exit long,2006-09-19,Close entry(s) order TEST,77.9,1,76,1.9,2.50,0,1.9,2.50,-1.9,-2.50,-59.9,-0.01,1
493,Entry long,2006-09-18,TEST,76,1,76,1.9,2.50,0,1.9,2.50,-1.9,-2.50,-59.9,-0.01,1
494,Exit long,2006-09-21,Close entry(s) order TEST,76,1,77.9,-1.9,-2.44,0,0,0.00,-3.4,-4.36,-61.8,-0.01,1
494,Entry long,2006-09-20,TEST,77.9,1,77.9,-1.9,-2.44,0,0,0.00,-3.4,-4.36,-61.8,-0.01,1
495,Exit long,2006-09-25,Close entry(s) order TEST,76.5,1,75.3,1.2,1.59,0,1.7,2.26,-1.4,-1.86,-60.6,-0.01,1
495,Entry long,2006-09-22,TEST,75.3,1,75.3,1.2,1.59,0,1.7,2.26,-1.4,-1.86,-60.6,-0.01,1
496,Exit long,2006-09-27,Close entry(s) order TEST,74.8,1,76.1,-1.3,-1.71,0,1.9,2.50,-1.9,-2.50,-61.9,-0.01,1
496,Entry long,2006-09-26,TEST,76.1,1,76.1,-1.3,-1.71,0,1.9,2.50,-1.9,-2.50,-61.9,-0.01,1
497,Exit long,2006-09-29,Close entry(s) order TEST,72.5,1,73.9,-1.4,-1.89,0,0.7,0.95,-1.9,-2.57,-63.3,-0.01,1
497,Entry long,2006-09-28,TEST,73.9,1,73.9,-1.4,-1.89,0,0.7,0.95,-1.9,-2.57,-63.3,-0.01,1
498,Exit long,2006-10-04,Close entry(s) order TEST,75.1,1,73,2.1,2.88,0,2.7,3.70,-0.2,-0.27,-61.2,-0.01,1
498,Entry long,2006-10-03,TEST,73,1,73,2.1,2.88,0,2.7,3.70,-0.2,-0.27,-61.2,-0.01,1
499,Exit long,2006-10-06,Close entry(s) order TEST,73,1,74,-1,-1.35,0,0,0.00,-1.5,-2.03,-62.2,-0.01,1
499,Entry long,2006-10-05,TEST,74,1,74,-1,-1.35,0,0,0.00,-1.5,-2.03,-62.2,-0.01,1
500,Exit long,2006-10-10,Close entry(s) order TEST,75.8,1,72.5,3.3,4.55,0,3.3,4.55,-0.5,-0.69,-58.9,-0.01,1
500,Entry long,2006-10-09,TEST,72.5,1,72.5,3.3,4.55,0,3.3,4.55,-0.5,-0.69,-58.9,-0.01,1
501,Exit long,2006-10-12,Close entry(s) order TEST,76.9,1,75.5,1.4,1.85,0,1.4,1.85,-0.4,-0.53,-57.5,-0.01,1
501,Entry long,2006-10-11,TEST,75.5,1,75.5,1.4,1.85,0,1.4,1.85,-0.4,-0.53,-57.5,-0.01,1
502,Exit long,2006-10-16,Close entry(s) order TEST,78.5,1,78.1,0.4,0.51,0,0.4,0.51,-1,-1.28,-57.1,-0.01,1
502,Entry long,2006-10-13,TEST,78.1,1,78.1,0.4,0.51,0,0.4,0.51,-1,-1.28,-57.1,-0.01,1
503,Exit long,2006-10-18,Close entry(s) order TEST,75.3,1,77.5,-2.2,-2.84,0,0,0.00,-3.2,-4.13,-59.3,-0.01,1
503,Entry long,2006-10-17,TEST,77.5,1,77.5,-2.2,-2.84,0,0,0.00,-3.2,-4.13,-59.3,-0.01,1
504,Exit long,2006-10-20,Close entry(s) order TEST,74.5,1,75.9,-1.4,-1.84,0,1.4,1.84,-2.7,-3.56,-60.7,-0.01,1
504,Entry long,2006-10-19,TEST,75.9,1,75.9,-1.4,-1.84,0,1.4,1.84,-2.7,-3.56,-60.7,-0.01,1
505,Exit long,2006-10-26,Close entry(s) order TEST,72.8,1,73.9,-1.1,-1.49,0,0.1,0.14,-1.2,-1.62,-61.8,-0.01,1
505,Entry long,2006-10-23,TEST,73.9,1,73.9,-1.1,-1.49,0,0.1,0.14,-1.2,-1.62,-61.8,-0.01,1
506,Exit long,2006-10-30,Close entry(s) order TEST,71.6,1,72.5,-0.9,-1.24,0,0.7,0.97,-1.5,-2.07,-62.7,-0.01,1
506,Entry long,2006-10-27,TEST,72.5,1,72.5,-0.9,-1.24,0,0.7,0.97,-1.5,-2.07,-62.7,-0.01,1
507,Exit long,2006-11-01,Close entry(s) order TEST,70.9,1,71.1,-0.2,-0.28,0,0.2,0.28,-1.5,-2.11,-62.9,-0.01,1
507,Entry long,2006-10-31,TEST,71.1,1,71.1,-0.2,-0.28,0,0.2,0.28,-1.5,-2.11,-62.9,-0.01,1
508,Exit long,2006-11-03,Close entry(s) order TEST,72.3,1,71,1.3,1.83,0,1.3,1.83,-0.1,-0.14,-61.6,-0.01,1
508,Entry long,2006-11-02,TEST,71,1,71,1.3,1.83,0,1.3,1.83,-0.1,-0.14,-61.6,-0.01,1
509,Exit long,2006-11-07,Close entry(s) order TEST,75.5,1,71.5,4,5.59,0,5.4,7.55,-0.7,-0.98,-57.6,-0.01,1
509,Entry long,2006-11-06,TEST,71.5,1,71.5,4,5.59,0,5.4,7.55,-0.7,-0.98,-57.6,-0.01,1
510,Exit long,2006-11-09,Close entry(s) order TEST,76.1,1,76.4,-0.3,-0.39,0,2.6,3.40,-2.5,-3.27,-57.9,-0.01,1
510,Entry long,2006-11-08,TEST,76.4,1,76.4,-0.3,-0.39,0,2.6,3.40,-2.5,-3.27,-57.9,-0.01,1
511,Exit long,2006-11-13,Close entry(s) order TEST,81.7,1,81.8,-0.1,-0.12,0,1.5,1.83,-1.8,-2.20,-58,-0.01,1
511,Entry long,2006-11-10,TEST,81.8,1,81.8,-0.1,-0.12,0,1.5,1.83,-1.8,-2.20,-58,-0.01,1
512,Exit long,2006-11-15,Close entry(s) order TEST,83.6,1,82.6,1,1.21,0,1.1,1.33,-2.6,-3.15,-57,-0.01,1
512,Entry long,2006-11-14,TEST,82.6,1,82.6,1,1.21,0,1.1,1.33,-2.6,-3.15,-57,-0.01,1
513,Exit long,2006-11-17,Close entry(s) order TEST,79.5,1,81.5,-2,-2.45,0,0.5,0.61,-3.6,-4.42,-59,-0.01,1
513,Entry long,2006-11-16,TEST,81.5,1,81.5,-2,-2.45,0,0.5,0.61,-3.6,-4.42,-59,-0.01,1
514,Exit long,2006-11-21,Close entry(s) order TEST,78,1,77.5,0.5,0.65,0,0.5,0.65,-4.9,-6.32,-58.5,-0.01,1
514,Entry long,2006-11-20,TEST,77.5,1,77.5,0.5,0.65,0,0.5,0.65,-4.9,-6.32,-58.5,-0.01,1
515,Exit long,2006-11-23,Close entry(s) order TEST,79.1,1,78.7,0.4,0.51,0,2.3,2.92,-0.4,-0.51,-58.1,-0.01,1
515,Entry long,2006-11-22,TEST,78.7,1,78.7,0.4,0.51,0,2.3,2.92,-0.4,-0.51,-58.1,-0.01,1
516,Exit long,2006-11-27,Close entry(s) order TEST,86.4,1,83.9,2.5,2.98,0,3.6,4.29,-0.7,-0.83,-55.6,-0.01,1
516,Entry long,2006-11-24,TEST,83.9,1,83.9,2.5,2.98,0,3.6,4.29,-0.7,-0.83,-55.6,-0.01,1
517,Exit long,2006-11-29,Close entry(s) order TEST,84.9,1,83.5,1.4,1.68,0,1.7,2.04,-0.9,-1.08,-54.2,-0.01,1
517,Entry long,2006-11-28,TEST,83.5,1,83.5,1.4,1.68,0,1.7,2.04,-0.9,-1.08,-54.2,-0.01,1
518,Exit long,2006-12-01,Close entry(s) order TEST,86.5,1,87,-0.5,-0.57,0,2,2.30,-2.7,-3.10,-54.7,-0.01,1
518,Entry long,2006-11-30,TEST,87,1,87,-0.5,-0.57,0,2,2.30,-2.7,-3.10,-54.7,-0.01,1
519,Exit long,2006-12-05,Close entry(s) order TEST,92,1,89.7,2.3,2.56,0,6.1,6.80,-1.6,-1.78,-52.4,-0.01,1
519,Entry long,2006-12-04,TEST,89.7,1,89.7,2.3,2.56,0,6.1,6.80,-1.6,-1.78,-52.4,-0.01,1
520,Exit long,2006-12-07,Close entry(s) order TEST,88.6,1,91.6,-3,-3.28,0,0.2,0.22,-4.5,-4.91,-55.4,-0.01,1
520,Entry long,2006-12-06,TEST,91.6,1,91.6,-3,-3.28,0,0.2,0.22,-4.5,-4.91,-55.4,-0.01,1
521,Exit long,2006-12-11,Close entry(s) order TEST,85,1,89.8,-4.8,-5.35,0,0,0.00,-4.8,-5.35,-60.2,-0.01,1
521,Entry long,2006-12-08,TEST,89.8,1,89.8,-4.8,-5.35,0,0,0.00,-4.8,-5.35,-60.2,-0.01,1
522,Exit long,2006-12-13,Close entry(s) order TEST,82.4,1,85.3,-2.9,-3.40,0,1.2,1.41,-5.3,-6.21,-63.1,-0.01,1
522,Entry long,2006-12-12,TEST,85.3,1,85.3,-2.9,-3.40,0,1.2,1.41,-5.3,-6.21,-63.1,-0.01,1
523,Exit long,2006-12-15,Close entry(s) order TEST,90.6,1,90.4,0.2,0.22,0,0.2,0.22,-4.2,-4.65,-62.9,-0.01,1
523,Entry long,2006-12-14,TEST,90.4,1,90.4,0.2,0.22,0,0.2,0.22,-4.2,-4.65,-62.9,-0.01,1
524,Exit long,2006-12-19,Close entry(s) order TEST,89.9,1,91.4,-1.5,-1.64,0,0.3,0.33,-4,-4.38,-64.4,-0.01,1
524,Entry long,2006-12-18,TEST,91.4,1,91.4,-1.5,-1.64,0,0.3,0.33,-4,-4.38,-64.4,-0.01,1
525,Exit long,2006-12-21,Close entry(s) order TEST,86.2,1,88.3,-2.1,-2.38,0,0.6,0.68,-3.3,-3.74,-66.5,-0.01,1
525,Entry long,2006-12-20,TEST,88.3,1,88.3,-2.1,-2.38,0,0.6,0.68,-3.3,-3.74,-66.5,-0.01,1
526,Exit long,2006-12-26,Close entry(s) order TEST,85.3,1,86.7,-1.4,-1.61,0,1.2,1.38,-1.4,-1.61,-67.9,-0.01,1
526,Entry long,2006-12-22,TEST,86.7,1,86.7,-1.4,-1.61,0,1.2,1.38,-1.4,-1.61,-67.9,-0.01,1
527,Exit long,2006-12-28,Close entry(s) order TEST,88.9,1,86.8,2.1,2.42,0,2.9,3.34,-0.2,-0.23,-65.8,-0.01,1
527,Entry long,2006-12-27,TEST,86.8,1,86.8,2.1,2.42,0,2.9,3.34,-0.2,-0.23,-65.8,-0.01,1
528,Exit long,2007-01-02,Close entry(s) order TEST,92.9,1,89,3.9,4.38,0,4.9,5.51,-0.5,-0.56,-61.9,-0.01,1
528,Entry long,2006-12-29,TEST,89,1,89,3.9,4.38,0,4.9,5.51,-0.5,-0.56,-61.9,-0.01,1
529,Exit long,2007-01-04,Close entry(s) order TEST,101,1,95.3,5.7,5.98,0,6.7,7.03,-1.5,-1.57,-56.2,-0.01,1
529,Entry long,2007-01-03,TEST,95.3,1,95.3,5.7,5.98,0,6.7,7.03,-1.5,-1.57,-56.2,-0.01,1
530,Exit long,2007-01-08,Close entry(s) order TEST,107.3,1,101,6.3,6.24,0,6.9,6.83,-1.6,-1.58,-49.9,0.00,1
530,Entry long,2007-01-05,TEST,101,1,101,6.3,6.24,0,6.9,6.83,-1.6,-1.58,-49.9,0.00,1
531,Exit long,2007-01-10,Close entry(s) order TEST,101,1,107,-6,-5.61,0,2.9,2.71,-6.5,-6.07,-55.9,-0.01,1
531,Entry long,2007-01-09,TEST,107,1,107,-6,-5.61,0,2.9,2.71,-6.5,-6.07,-55.9,-0.01,1
532,Exit long,2007-01-12,Close entry(s) order TEST,106,1,103.9,2.1,2.02,0,2.1,2.02,-1.6,-1.54,-53.8,-0.01,1
532,Entry long,2007-01-11,TEST,103.9,1,103.9,2.1,2.02,0,2.1,2.02,-1.6,-1.54,-53.8,-0.01,1
533,Exit long,2007-01-16,Close entry(s) order TEST,105.2,1,106.5,-1.3,-1.22,0,1,0.94,-3.4,-3.19,-55.1,-0.01,1
533,Entry long,2007-01-15,TEST,106.5,1,106.5,-1.3,-1.22,0,1,0.94,-3.4,-3.19,-55.1,-0.01,1
534,Exit long,2007-01-18,Close entry(s) order TEST,105,1,106.5,-1.5,-1.41,0,1.3,1.22,-3.4,-3.19,-56.6,-0.01,1
534,Entry long,2007-01-17,TEST,106.5,1,106.5,-1.5,-1.41,0,1.3,1.22,-3.4,-3.19,-56.6,-0.01,1
535,Exit long,2007-01-22,Close entry(s) order TEST,110.9,1,113.2,-2.3,-2.03,0,0.6,0.53,-4.9,-4.33,-58.9,-0.01,1
535,Entry long,2007-01-19,TEST,113.2,1,113.2,-2.3,-2.03,0,0.6,0.53,-4.9,-4.33,-58.9,-0.01,1
536,Exit long,2007-01-24,Close entry(s) order TEST,111,1,111,0,0.00,0,0.9,0.81,-1.9,-1.71,-58.9,-0.01,1
536,Entry long,2007-01-23,TEST,111,1,111,0,0.00,0,0.9,0.81,-1.9,-1.71,-58.9,-0.01,1
537,Exit long,2007-01-29,Close entry(s) order TEST,115.3,1,116,-0.7,-0.60,0,1.4,1.21,-1.9,-1.64,-59.6,-0.01,1
537,Entry long,2007-01-25,TEST,116,1,116,-0.7,-0.60,0,1.4,1.21,-1.9,-1.64,-59.6,-0.01,1
538,Exit long,2007-02-01,Close entry(s) order TEST,118.3,1,117,1.3,1.11,0,4.5,3.85,-0.8,-0.68,-58.3,-0.01,1
538,Entry long,2007-01-31,TEST,117,1,117,1.3,1.11,0,4.5,3.85,-0.8,-0.68,-58.3,-0.01,1
539,Exit long,2007-02-05,Close entry(s) order TEST,123.8,1,118.5,5.3,4.47,0,5.7,4.81,-1,-0.84,-53,-0.01,1
539,Entry long,2007-02-02,TEST,118.5,1,118.5,5.3,4.47,0,5.7,4.81,-1,-0.84,-53,-0.01,1
540,Exit long,2007-02-07,Close entry(s) order TEST,124.9,1,123,1.9,1.54,0,3,2.44,-1.1,-0.89,-51.1,-0.01,1
540,Entry long,2007-02-06,TEST,123,1,123,1.9,1.54,0,3,2.44,-1.1,-0.89,-51.1,-0.01,1
541,Exit long,2007-02-09,Close entry(s) order TEST,120.9,1,122,-1.1,-0.90,0,1.2,0.98,-2.9,-2.38,-52.2,-0.01,1
541,Entry long,2007-02-08,TEST,122,1,122,-1.1,-0.90,0,1.2,0.98,-2.9,-2.38,-52.2,-0.01,1
542,Exit long,2007-02-13,Close entry(s) order TEST,113.4,1,122.3,-8.9,-7.28,0,0,0.00,-10.8,-8.83,-61.1,-0.01,1
542,Entry long,2007-02-12,TEST,122.3,1,122.3,-8.9,-7.28,0,0,0.00,-10.8,-8.83,-61.1,-0.01,1
543,Exit long,2007-02-15,Close entry(s) order TEST,113.9,1,112,1.9,1.70,0,1.9,1.70,-10.5,-9.37,-59.2,-0.01,1
543,Entry long,2007-02-14,TEST,112,1,112,1.9,1.70,0,1.9,1.70,-10.5,-9.37,-59.2,-0.01,1
544,Exit long,2007-02-20,Close entry(s) order TEST,108,1,117.5,-9.5,-8.09,0,0.1,0.09,-9.5,-8.09,-68.7,-0.01,1
544,Entry long,2007-02-19,TEST,117.5,1,117.5,-9.5,-8.09,0,0.1,0.09,-9.5,-8.09,-68.7,-0.01,1
545,Exit long,2007-02-22,Close entry(s) order TEST,109.8,1,115.3,-5.5,-4.77,0,0,0.00,-7.6,-6.59,-74.2,-0.01,1
545,Entry long,2007-02-21,TEST,115.3,1,115.3,-5.5,-4.77,0,0,0.00,-7.6,-6.59,-74.2,-0.01,1
546,Exit long,2007-02-26,Close entry(s) order TEST,109,1,111.5,-2.5,-2.24,0,1.7,1.52,-3.5,-3.14,-76.7,-0.01,1
546,Entry long,2007-02-23,TEST,111.5,1,111.5,-2.5,-2.24,0,1.7,1.52,-3.5,-3.14,-76.7,-0.01,1
547,Exit long,2007-02-28,Close entry(s) order TEST,105,1,112.5,-7.5,-6.67,0,3,2.67,-7.5,-6.67,-84.2,-0.01,1
547,Entry long,2007-02-27,TEST,112.5,1,112.5,-7.5,-6.67,0,3,2.67,-7.5,-6.67,-84.2,-0.01,1
548,Exit long,2007-03-02,Close entry(s) order TEST,108,1,109.5,-1.5,-1.37,0,0,0.00,-4.4,-4.02,-85.7,-0.01,1
548,Entry long,2007-03-01,TEST,109.5,1,109.5,-1.5,-1.37,0,0,0.00,-4.4,-4.02,-85.7,-0.01,1
549,Exit long,2007-03-06,Close entry(s) order TEST,103,1,101.1,1.9,1.88,0,3.6,3.56,-3.5,-3.46,-83.8,-0.01,1
549,Entry long,2007-03-05,TEST,101.1,1,101.1,1.9,1.88,0,3.6,3.56,-3.5,-3.46,-83.8,-0.01,1
550,Exit long,2007-03-08,Close entry(s) order TEST,98.5,1,100,-1.5,-1.50,0,0.8,0.80,-5.5,-5.50,-85.3,-0.01,1
550,Entry long,2007-03-07,TEST,100,1,100,-1.5,-1.50,0,0.8,0.80,-5.5,-5.50,-85.3,-0.01,1
551,Exit long,2007-03-12,Close entry(s) order TEST,98.5,1,100.5,-2,-1.99,0,1.2,1.19,-5.4,-5.37,-87.3,-0.01,1
551,Entry long,2007-03-09,TEST,100.5,1,100.5,-2,-1.99,0,1.2,1.19,-5.4,-5.37,-87.3,-0.01,1
552,Exit long,2007-03-14,Close entry(s) order TEST,96.5,1,106,-9.5,-8.96,0,3.5,3.30,-9.5,-8.96,-96.8,-0.01,1
552,Entry long,2007-03-13,TEST,106,1,106,-9.5,-8.96,0,3.5,3.30,-9.5,-8.96,-96.8,-0.01,1
553,Exit long,2007-03-16,Close entry(s) order TEST,105,1,106.9,-1.9,-1.78,0,1.3,1.22,-4.1,-3.84,-98.7,-0.01,1
553,Entry long,2007-03-15,TEST,106.9,1,106.9,-1.9,-1.78,0,1.3,1.22,-4.1,-3.84,-98.7,-0.01,1
554,Exit long,2007-03-20,Close entry(s) order TEST,102,1,103.9,-1.9,-1.83,0,0,0.00,-4.9,-4.72,-100.6,-0.01,1
554,Entry long,2007-03-19,TEST,103.9,1,103.9,-1.9,-1.83,0,0,0.00,-4.9,-4.72,-100.6,-0.01,1
555,Exit long,2007-03-22,Close entry(s) order TEST,104,1,102.8,1.2,1.17,0,2.6,2.53,-1,-0.97,-99.4,-0.01,1
555,Entry long,2007-03-21,TEST,102.8,1,102.8,1.2,1.17,0,2.6,2.53,-1,-0.97,-99.4,-0.01,1
556,Exit long,2007-03-26,Close entry(s) order TEST,104.8,1,103,1.8,1.75,0,1.8,1.75,-1.2,-1.17,-97.6,-0.01,1
556,Entry long,2007-03-23,TEST,103,1,103,1.8,1.75,0,1.8,1.75,-1.2,-1.17,-97.6,-0.01,1
557,Exit long,2007-03-29,Close entry(s) order TEST,101.8,1,102.1,-0.3,-0.29,0,0.4,0.39,-1.6,-1.57,-97.9,-0.01,1
557,Entry long,2007-03-28,TEST,102.1,1,102.1,-0.3,-0.29,0,0.4,0.39,-1.6,-1.57,-97.9,-0.01,1
558,Exit long,2007-04-02,Close entry(s) order TEST,100.2,1,102,-1.8,-1.76,0,4.9,4.80,-1.8,-1.76,-99.7,-0.01,1
558,Entry long,2007-03-30,TEST,102,1,102,-1.8,-1.76,0,4.9,4.80,-1.8,-1.76,-99.7,-0.01,1
559,Exit long,2007-04-04,Close entry(s) order TEST,100.1,1,100,0.1,0.10,0,1.9,1.90,-1,-1.00,-99.6,-0.01,1
559,Entry long,2007-04-03,TEST,100,1,100,0.1,0.10,0,1.9,1.90,-1,-1.00,-99.6,-0.01,1
560,Exit long,2007-04-09,Close entry(s) order TEST,104,1,102.6,1.4,1.36,0,1.7,1.66,-2.6,-2.53,-98.2,-0.01,1
560,Entry long,2007-04-05,TEST,102.6,1,102.6,1.4,1.36,0,1.7,1.66,-2.6,-2.53,-98.2,-0.01,1
561,Exit long,2007-04-11,Close entry(s) order TEST,106,1,102.5,3.5,3.41,0,3.5,3.41,0,0.00,-94.7,-0.01,1
561,Entry long,2007-04-10,TEST,102.5,1,102.5,3.5,3.41,0,3.5,3.41,0,0.00,-94.7,-0.01,1
562,Exit long,2007-04-13,Close entry(s) order TEST,117.1,1,115.5,1.6,1.39,0,2.8,2.42,-2.9,-2.51,-93.1,-0.01,1
562,Entry long,2007-04-12,TEST,115.5,1,115.5,1.6,1.39,0,2.8,2.42,-2.9,-2.51,-93.1,-0.01,1
563,Exit long,2007-04-17,Close entry(s) order TEST,126.7,1,126.4,0.3,0.24,0,5.6,4.43,-1.8,-1.42,-92.8,-0.01,1
563,Entry long,2007-04-16,TEST,126.4,1,126.4,0.3,0.24,0,5.6,4.43,-1.8,-1.42,-92.8,-0.01,1
564,Exit long,2007-04-19,Close entry(s) order TEST,125.5,1,127.8,-2.3,-1.80,0,1.5,1.17,-2.5,-1.96,-95.1,-0.01,1
564,Entry long,2007-04-18,TEST,127.8,1,127.8,-2.3,-1.80,0,1.5,1.17,-2.5,-1.96,-95.1,-0.01,1
565,Exit long,2007-04-23,Close entry(s) order TEST,125,1,124.4,0.6,0.48,0,3.3,2.65,-1.7,-1.37,-94.5,-0.01,1
565,Entry long,2007-04-20,TEST,124.4,1,124.4,0.6,0.48,0,3.3,2.65,-1.7,-1.37,-94.5,-0.01,1
566,Exit long,2007-04-25,Close entry(s) order TEST,128.1,1,125,3.1,2.48,0,5.9,4.72,-1.4,-1.12,-91.4,-0.01,1
566,Entry long,2007-04-24,TEST,125,1,125,3.1,2.48,0,5.9,4.72,-1.4,-1.12,-91.4,-0.01,1
567,Exit long,2007-04-27,Close entry(s) order TEST,131.1,1,134,-2.9,-2.16,0,0,0.00,-3.2,-2.39,-94.3,-0.01,1
567,Entry long,2007-04-26,TEST,134,1,134,-2.9,-2.16,0,0,0.00,-3.2,-2.39,-94.3,-0.01,1
568,Exit long,2007-05-03,Close entry(s) order TEST,139,1,133.9,5.1,3.81,0,5.1,3.81,-2.7,-2.02,-89.2,-0.01,1
568,Entry long,2007-04-30,TEST,133.9,1,133.9,5.1,3.81,0,5.1,3.81,-2.7,-2.02,-89.2,-0.01,1
569,Exit long,2007-05-07,Close entry(s) order TEST,139,1,139.4,-0.4,-0.29,0,1.1,0.79,-2.9,-2.08,-89.6,-0.01,1
569,Entry long,2007-05-04,TEST,139.4,1,139.4,-0.4,-0.29,0,1.1,0.79,-2.9,-2.08,-89.6,-0.01,1
570,Exit long,2007-05-09,Close entry(s) order TEST,136.1,1,138.6,-2.5,-1.80,0,0.8,0.58,-3,-2.16,-92.1,-0.01,1
570,Entry long,2007-05-08,TEST,138.6,1,138.6,-2.5,-1.80,0,0.8,0.58,-3,-2.16,-92.1,-0.01,1
571,Exit long,2007-05-11,Close entry(s) order TEST,138,1,138.1,-0.1,-0.07,0,2.4,1.74,-0.1,-0.07,-92.2,-0.01,1
571,Entry long,2007-05-10,TEST,138.1,1,138.1,-0.1,-0.07,0,2.4,1.74,-0.1,-0.07,-92.2,-0.01,1
572,Exit long,2007-05-15,Close entry(s) order TEST,143.9,1,143.7,0.2,0.14,0,2.3,1.60,-3.2,-2.23,-92,-0.01,1
572,Entry long,2007-05-14,TEST,143.7,1,143.7,0.2,0.14,0,2.3,1.60,-3.2,-2.23,-92,-0.01,1
573,Exit long,2007-05-17,Close entry(s) order TEST,149.3,1,145.5,3.8,2.61,0,3.8,2.61,-0.7,-0.48,-88.2,-0.01,1
573,Entry long,2007-05-16,TEST,145.5,1,145.5,3.8,2.61,0,3.8,2.61,-0.7,-0.48,-88.2,-0.01,1
574,Exit long,2007-05-21,Close entry(s) order TEST,152.6,1,151,1.6,1.06,0,1.9,1.26,-4.9,-3.25,-86.6,-0.01,1
574,Entry long,2007-05-18,TEST,151,1,151,1.6,1.06,0,1.9,1.26,-4.9,-3.25,-86.6,-0.01,1
575,Exit long,2007-05-23,Close entry(s) order TEST,159.3,1,161,-1.7,-1.06,0,0.9,0.56,-5,-3.11,-88.3,-0.01,1
575,Entry long,2007-05-22,TEST,161,1,161,-1.7,-1.06,0,0.9,0.56,-5,-3.11,-88.3,-0.01,1
576,Exit long,2007-05-25,Close entry(s) order TEST,156.8,1,162,-5.2,-3.21,0,5,3.09,-5.2,-3.21,-93.5,-0.01,1
576,Entry long,2007-05-24,TEST,162,1,162,-5.2,-3.21,0,5,3.09,-5.2,-3.21,-93.5,-0.01,1
577,Exit long,2007-05-29,Close entry(s) order TEST,172.9,1,162,10.9,6.73,0,13.1,8.09,0,0.00,-82.6,-0.01,1
577,Entry long,2007-05-28,TEST,162,1,162,10.9,6.73,0,13.1,8.09,0,0.00,-82.6,-0.01,1
578,Exit long,2007-05-31,Close entry(s) order TEST,174.9,1,175.1,-0.2,-0.11,0,4.8,2.74,-5,-2.86,-82.8,-0.01,1
578,Entry long,2007-05-30,TEST,175.1,1,175.1,-0.2,-0.11,0,4.8,2.74,-5,-2.86,-82.8,-0.01,1
579,Exit long,2007-06-04,Close entry(s) order TEST,182.1,1,180.8,1.3,0.72,0,3.1,1.71,-2.3,-1.27,-81.5,-0.01,1
579,Entry long,2007-06-01,TEST,180.8,1,180.8,1.3,0.72,0,3.1,1.71,-2.3,-1.27,-81.5,-0.01,1
580,Exit long,2007-06-06,Close entry(s) order TEST,171.3,1,178.1,-6.8,-3.82,0,0.4,0.22,-7,-3.93,-88.3,-0.01,1
580,Entry long,2007-06-05,TEST,178.1,1,178.1,-6.8,-3.82,0,0.4,0.22,-7,-3.93,-88.3,-0.01,1
581,Exit long,2007-06-08,Close entry(s) order TEST,177.6,1,177,0.6,0.34,0,4.4,2.49,-0.9,-0.51,-87.7,-0.01,1
581,Entry long,2007-06-07,TEST,177,1,177,0.6,0.34,0,4.4,2.49,-0.9,-0.51,-87.7,-0.01,1
582,Exit long,2007-06-12,Close entry(s) order TEST,183.5,1,179.9,3.6,2.00,0,8,4.45,-0.2,-0.11,-84.1,-0.01,1
582,Entry long,2007-06-11,TEST,179.9,1,179.9,3.6,2.00,0,8,4.45,-0.2,-0.11,-84.1,-0.01,1
583,Exit long,2007-06-14,Close entry(s) order TEST,176.8,1,180,-3.2,-1.78,0,1.1,0.61,-6.9,-3.83,-87.3,-0.01,1
583,Entry long,2007-06-13,TEST,180,1,180,-3.2,-1.78,0,1.1,0.61,-6.9,-3.83,-87.3,-0.01,1
584,Exit long,2007-06-18,Close entry(s) order TEST,190.1,1,181.9,8.2,4.51,0,8.2,4.51,-0.3,-0.16,-79.1,-0.01,1
584,Entry long,2007-06-15,TEST,181.9,1,181.9,8.2,4.51,0,8.2,4.51,-0.3,-0.16,-79.1,-0.01,1
585,Exit long,2007-06-20,Close entry(s) order TEST,205.3,1,196.9,8.4,4.27,0,8.4,4.27,-0.9,-0.46,-70.7,-0.01,1
585,Entry long,2007-06-19,TEST,196.9,1,196.9,8.4,4.27,0,8.4,4.27,-0.9,-0.46,-70.7,-0.01,1
586,Exit long,2007-06-22,Close entry(s) order TEST,208,1,214,-6,-2.80,0,5,2.34,-8.7,-4.07,-76.7,-0.01,1
586,Entry long,2007-06-21,TEST,214,1,214,-6,-2.80,0,5,2.34,-8.7,-4.07,-76.7,-0.01,1
587,Exit long,2007-06-26,Close entry(s) order TEST,211.9,1,204.9,7,3.42,0,7.1,3.47,-0.8,-0.39,-69.7,-0.01,1
587,Entry long,2007-06-25,TEST,204.9,1,204.9,7,3.42,0,7.1,3.47,-0.8,-0.39,-69.7,-0.01,1
588,Exit long,2007-06-28,Close entry(s) order TEST,204.6,1,206,-1.4,-0.68,0,1.4,0.68,-2,-0.97,-71.1,-0.01,1
588,Entry long,2007-06-27,TEST,206,1,206,-1.4,-0.68,0,1.4,0.68,-2,-0.97,-71.1,-0.01,1
589,Exit long,2007-07-02,Close entry(s) order TEST,222.9,1,214,8.9,4.16,0,8.9,4.16,-0.4,-0.19,-62.2,-0.01,1
589,Entry long,2007-06-29,TEST,214,1,214,8.9,4.16,0,8.9,4.16,-0.4,-0.19,-62.2,-0.01,1
590,Exit long,2007-07-04,Close entry(s) order TEST,232.1,1,240,-7.9,-3.29,0,2,0.83,-10.4,-4.33,-70.1,-0.01,1
590,Entry long,2007-07-03,TEST,240,1,240,-7.9,-3.29,0,2,0.83,-10.4,-4.33,-70.1,-0.01,1
591,Exit long,2007-07-06,Close entry(s) order TEST,228,1,234.1,-6.1,-2.61,0,0.9,0.38,-8.1,-3.46,-76.2,-0.01,1
591,Entry long,2007-07-05,TEST,234.1,1,234.1,-6.1,-2.61,0,0.9,0.38,-8.1,-3.46,-76.2,-0.01,1
592,Exit long,2007-07-10,Close entry(s) order TEST,237.9,1,232.5,5.4,2.32,0,6.1,2.62,0,0.00,-70.8,-0.01,1
592,Entry long,2007-07-09,TEST,232.5,1,232.5,5.4,2.32,0,6.1,2.62,0,0.00,-70.8,-0.01,1
593,Exit long,2007-07-12,Close entry(s) order TEST,233.5,1,230,3.5,1.52,0,8.5,3.70,-3,-1.30,-67.3,-0.01,1
593,Entry long,2007-07-11,TEST,230,1,230,3.5,1.52,0,8.5,3.70,-3,-1.30,-67.3,-0.01,1
594,Exit long,2007-07-16,Close entry(s) order TEST,236,1,235.4,0.6,0.25,0,3,1.27,-3.4,-1.44,-66.7,-0.01,1
594,Entry long,2007-07-13,TEST,235.4,1,235.4,0.6,0.25,0,3,1.27,-3.4,-1.44,-66.7,-0.01,1
595,Exit long,2007-07-18,Close entry(s) order TEST,245,1,246.1,-1.1,-0.45,0,0.9,0.37,-4.9,-1.99,-67.8,-0.01,1
595,Entry long,2007-07-17,TEST,246.1,1,246.1,-1.1,-0.45,0,0.9,0.37,-4.9,-1.99,-67.8,-0.01,1
596,Exit long,2007-07-20,Close entry(s) order TEST,250,1,253.7,-3.7,-1.46,0,0.3,0.12,-21.7,-8.55,-71.5,-0.01,1
596,Entry long,2007-07-19,TEST,253.7,1,253.7,-3.7,-1.46,0,0.3,0.12,-21.7,-8.55,-71.5,-0.01,1
597,Exit long,2007-07-24,Close entry(s) order TEST,250.5,1,252,-1.5,-0.60,0,0,0.00,-8,-3.17,-73,-0.01,1
597,Entry long,2007-07-23,TEST,252,1,252,-1.5,-0.60,0,0,0.00,-8,-3.17,-73,-0.01,1
598,Exit long,2007-07-26,Close entry(s) order TEST,258,1,260.5,-2.5,-0.96,0,3,1.15,-11.2,-4.30,-75.5,-0.01,1
598,Entry long,2007-07-25,TEST,260.5,1,260.5,-2.5,-0.96,0,3,1.15,-11.2,-4.30,-75.5,-0.01,1
599,Exit long,2007-07-30,Close entry(s) order TEST,245,1,252,-7,-2.78,0,1,0.40,-9.9,-3.93,-82.5,-0.01,1
599,Entry long,2007-07-27,TEST,252,1,252,-7,-2.78,0,1,0.40,-9.9,-3.93,-82.5,-0.01,1
600,Exit long,2007-08-01,Close entry(s) order TEST,244.5,1,251,-6.5,-2.59,0,1.5,0.60,-6.5,-2.59,-89,-0.01,1
600,Entry long,2007-07-31,TEST,251,1,251,-6.5,-2.59,0,1.5,0.60,-6.5,-2.59,-89,-0.01,1
601,Exit long,2007-08-03,Close entry(s) order TEST,242.9,1,230,12.9,5.61,0,18,7.83,0,0.00,-76.1,-0.01,1
601,Entry long,2007-08-02,TEST,230,1,230,12.9,5.61,0,18,7.83,0,0.00,-76.1,-0.01,1
602,Exit long,2007-08-07,Close entry(s) order TEST,245.8,1,239,6.8,2.85,0,6.8,2.85,-4,-1.67,-69.3,-0.01,1
602,Entry long,2007-08-06,TEST,239,1,239,6.8,2.85,0,6.8,2.85,-4,-1.67,-69.3,-0.01,1
603,Exit long,2007-08-09,Close entry(s) order TEST,251.8,1,243,8.8,3.62,0,8.8,3.62,-0.5,-0.21,-60.5,-0.01,1
603,Entry long,2007-08-08,TEST,243,1,243,8.8,3.62,0,8.8,3.62,-0.5,-0.21,-60.5,-0.01,1
604,Exit long,2007-08-13,Close entry(s) order TEST,247.7,1,242,5.7,2.36,0,5.7,2.36,-9,-3.72,-54.8,-0.01,1
604,Entry long,2007-08-10,TEST,242,1,242,5.7,2.36,0,5.7,2.36,-9,-3.72,-54.8,-0.01,1
605,Exit long,2007-08-16,Close entry(s) order TEST,233,1,244,-11,-4.51,0,1.5,0.61,-11,-4.51,-65.8,-0.01,1
605,Entry long,2007-08-14,TEST,244,1,244,-11,-4.51,0,1.5,0.61,-11,-4.51,-65.8,-0.01,1
606,Exit long,2007-08-20,Close entry(s) order TEST,226.4,1,224.7,1.7,0.76,0,3,1.34,-23,-10.24,-64.1,-0.01,1
606,Entry long,2007-08-17,TEST,224.7,1,224.7,1.7,0.76,0,3,1.34,-23,-10.24,-64.1,-0.01,1
607,Exit long,2007-08-22,Close entry(s) order TEST,217.7,1,225.3,-7.6,-3.37,0,1.2,0.53,-18.8,-8.34,-71.7,-0.01,1
607,Entry long,2007-08-21,TEST,225.3,1,225.3,-7.6,-3.37,0,1.2,0.53,-18.8,-8.34,-71.7,-0.01,1
608,Exit long,2007-08-24,Close entry(s) order TEST,218.1,1,209.7,8.4,4.01,0,15.3,7.30,-1.6,-0.76,-63.3,-0.01,1
608,Entry long,2007-08-23,TEST,209.7,1,209.7,8.4,4.01,0,15.3,7.30,-1.6,-0.76,-63.3,-0.01,1
609,Exit long,2007-08-28,Close entry(s) order TEST,226.5,1,232.1,-5.6,-2.41,0,2.3,0.99,-6.1,-2.63,-68.9,-0.01,1
609,Entry long,2007-08-27,TEST,232.1,1,232.1,-5.6,-2.41,0,2.3,0.99,-6.1,-2.63,-68.9,-0.01,1
610,Exit long,2007-08-30,Close entry(s) order TEST,227.4,1,224.3,3.1,1.38,0,3.1,1.38,-4.3,-1.92,-65.8,-0.01,1
610,Entry long,2007-08-29,TEST,224.3,1,224.3,3.1,1.38,0,3.1,1.38,-4.3,-1.92,-65.8,-0.01,1
611,Exit long,2007-09-03,Close entry(s) order TEST,254,1,241,13,5.39,0,13,5.39,-2.9,-1.20,-52.8,-0.01,1
611,Entry long,2007-08-31,TEST,241,1,241,13,5.39,0,13,5.39,-2.9,-1.20,-52.8,-0.01,1
612,Exit long,2007-09-05,Close entry(s) order TEST,256.7,1,256,0.7,0.27,0,0.7,0.27,-8.5,-3.32,-52.1,-0.01,1
612,Entry long,2007-09-04,TEST,256,1,256,0.7,0.27,0,0.7,0.27,-8.5,-3.32,-52.1,-0.01,1
613,Exit long,2007-09-07,Close entry(s) order TEST,243.7,1,254.4,-10.7,-4.21,0,3.8,1.49,-16.9,-6.64,-62.8,-0.01,1
613,Entry long,2007-09-06,TEST,254.4,1,254.4,-10.7,-4.21,0,3.8,1.49,-16.9,-6.64,-62.8,-0.01,1
614,Exit long,2007-09-11,Close entry(s) order TEST,232,1,227.6,4.4,1.93,0,9.8,4.31,-0.6,-0.26,-58.4,-0.01,1
614,Entry long,2007-09-10,TEST,227.6,1,227.6,4.4,1.93,0,9.8,4.31,-0.6,-0.26,-58.4,-0.01,1
615,Exit long,2007-09-13,Close entry(s) order TEST,250.9,1,238.8,12.1,5.07,0,13,5.44,-0.6,-0.25,-46.3,0.00,1
615,Entry long,2007-09-12,TEST,238.8,1,238.8,12.1,5.07,0,13,5.44,-0.6,-0.25,-46.3,0.00,1
616,Exit long,2007-09-17,Close entry(s) order TEST,258.5,1,271,-12.5,-4.61,0,8.8,3.25,-12.5,-4.61,-58.8,-0.01,1
616,Entry long,2007-09-14,TEST,271,1,271,-12.5,-4.61,0,8.8,3.25,-12.5,-4.61,-58.8,-0.01,1
617,Exit long,2007-09-19,Close entry(s) order TEST,276,1,266.5,9.5,3.56,0,9.5,3.56,-3.4,-1.28,-49.3,0.00,1
617,Entry long,2007-09-18,TEST,266.5,1,266.5,9.5,3.56,0,9.5,3.56,-3.4,-1.28,-49.3,0.00,1
618,Exit long,2007-09-21,Close entry(s) order TEST,291.3,1,279,12.3,4.41,0,16.4,5.88,-1,-0.36,-37,0.00,1
618,Entry long,2007-09-20,TEST,279,1,279,12.3,4.41,0,16.4,5.88,-1,-0.36,-37,0.00,1
619,Exit long,2007-09-25,Close entry(s) order TEST,286,1,285,1,0.35,0,6.7,2.35,-5.7,-2.00,-36,0.00,1
619,Entry long,2007-09-24,TEST,285,1,285,1,0.35,0,6.7,2.35,-5.7,-2.00,-36,0.00,1
620,Exit long,2007-09-27,Close entry(s) order TEST,297.8,1,286.4,11.4,3.98,0,11.4,3.98,-5.3,-1.85,-24.6,0.00,1
620,Entry long,2007-09-26,TEST,286.4,1,286.4,11.4,3.98,0,11.4,3.98,-5.3,-1.85,-24.6,0.00,1
621,Exit long,2007-10-01,Close entry(s) order TEST,297,1,300,-3,-1.00,0,1.3,0.43,-9.9,-3.30,-27.6,0.00,1
621,Entry long,2007-09-28,TEST,300,1,300,-3,-1.00,0,1.3,0.43,-9.9,-3.30,-27.6,0.00,1
622,Exit long,2007-10-04,Close entry(s) order TEST,301,1,302.8,-1.8,-0.59,0,7.2,2.38,-12.8,-4.23,-29.4,0.00,1
622,Entry long,2007-10-03,TEST,302.8,1,302.8,-1.8,-0.59,0,7.2,2.38,-12.8,-4.23,-29.4,0.00,1
623,Exit long,2007-10-08,Close entry(s) order TEST,315,1,313,2,0.64,0,8.5,2.72,-4.4,-1.41,-27.4,0.00,1
623,Entry long,2007-10-05,TEST,313,1,313,2,0.64,0,8.5,2.72,-4.4,-1.41,-27.4,0.00,1
624,Exit long,2007-10-10,Close entry(s) order TEST,306.8,1,297.1,9.7,3.26,0,9.7,3.26,-9.5,-3.20,-17.7,0.00,1
624,Entry long,2007-10-09,TEST,297.1,1,297.1,9.7,3.26,0,9.7,3.26,-9.5,-3.20,-17.7,0.00,1
625,Exit long,2007-10-12,Close entry(s) order TEST,319.8,1,315.4,4.4,1.40,0,7.6,2.41,-6.4,-2.03,-13.3,0.00,1
625,Entry long,2007-10-11,TEST,315.4,1,315.4,4.4,1.40,0,7.6,2.41,-6.4,-2.03,-13.3,0.00,1
626,Exit long,2007-10-16,Close entry(s) order TEST,340,1,340,0,0.00,0,12.9,3.79,-7,-2.06,-13.3,0.00,1
626,Entry long,2007-10-15,TEST,340,1,340,0,0.00,0,12.9,3.79,-7,-2.06,-13.3,0.00,1
627,Exit long,2007-10-18,Close entry(s) order TEST,335,1,325,10,3.08,0,10,3.08,-35,-10.77,-3.3,0.00,1
627,Entry long,2007-10-17,TEST,325,1,325,10,3.08,0,10,3.08,-35,-10.77,-3.3,0.00,1
628,Exit long,2007-10-22,Close entry(s) order TEST,279.7,1,301,-21.3,-7.08,0,13,4.32,-25.9,-8.60,-24.6,0.00,1
628,Entry long,2007-10-19,TEST,301,1,301,-21.3,-7.08,0,13,4.32,-25.9,-8.60,-24.6,0.00,1
629,Exit long,2007-10-24,Close entry(s) order TEST,328,1,293.6,34.4,11.72,0,34.4,11.72,0,0.00,9.8,0.00,1
629,Entry long,2007-10-23,TEST,293.6,1,293.6,34.4,11.72,0,34.4,11.72,0,0.00,9.8,0.00,1
630,Exit long,2007-10-26,Close entry(s) order TEST,325,1,330,-5,-1.52,0,0.8,0.24,-12.5,-3.79,4.8,0.00,1
630,Entry long,2007-10-25,TEST,330,1,330,-5,-1.52,0,0.8,0.24,-12.5,-3.79,4.8,0.00,1
631,Exit long,2007-10-30,Close entry(s) order TEST,341.5,1,331,10.5,3.17,0,10.5,3.17,0,0.00,15.3,0.00,1
631,Entry long,2007-10-29,TEST,331,1,331,10.5,3.17,0,10.5,3.17,0,0.00,15.3,0.00,1
632,Exit long,2007-11-01,Close entry(s) order TEST,332.6,1,325,7.6,2.34,0,9.5,2.92,0,0.00,22.9,0.00,1
632,Entry long,2007-10-31,TEST,325,1,325,7.6,2.34,0,9.5,2.92,0,0.00,22.9,0.00,1
633,Exit long,2007-11-05,Close entry(s) order TEST,320,1,319,1,0.31,0,2,0.63,-9,-2.82,23.9,0.00,1
633,Entry long,2007-11-02,TEST,319,1,319,1,0.31,0,2,0.63,-9,-2.82,23.9,0.00,1
634,Exit long,2007-11-07,Close entry(s) order TEST,323,1,321.3,1.7,0.53,0,10.7,3.33,-2.2,-0.68,25.6,0.00,1
634,Entry long,2007-11-06,TEST,321.3,1,321.3,1.7,0.53,0,10.7,3.33,-2.2,-0.68,25.6,0.00,1
635,Exit long,2007-11-12,Close entry(s) order TEST,331,1,309,22,7.12,0,31,10.03,0,0.00,47.6,0.00,1
635,Entry long,2007-11-08,TEST,309,1,309,22,7.12,0,31,10.03,0,0.00,47.6,0.00,1
636,Exit long,2007-11-14,Close entry(s) order TEST,401,1,370,31,8.38,0,44.8,12.11,-11,-2.97,78.6,0.01,1
636,Entry long,2007-11-13,TEST,370,1,370,31,8.38,0,44.8,12.11,-11,-2.97,78.6,0.01,1
637,Exit long,2007-11-16,Close entry(s) order TEST,400,1,420,-20,-4.76,0,18.8,4.48,-20,-4.76,58.6,0.01,1
637,Entry long,2007-11-15,TEST,420,1,420,-20,-4.76,0,18.8,4.48,-20,-4.76,58.6,0.01,1
638,Exit long,2007-11-20,Close entry(s) order TEST,395.5,1,390,5.5,1.41,0,24.9,6.38,0,0.00,64.1,0.01,1
638,Entry long,2007-11-19,TEST,390,1,390,5.5,1.41,0,24.9,6.38,0,0.00,64.1,0.01,1
639,Exit long,2007-11-22,Close entry(s) order TEST,385,1,415,-30,-7.23,0,11.4,2.75,-42.7,-10.29,34.1,0.00,1
639,Entry long,2007-11-21,TEST,415,1,415,-30,-7.23,0,11.4,2.75,-42.7,-10.29,34.1,0.00,1
640,Exit long,2007-11-26,Close entry(s) order TEST,404,1,382,22,5.76,0,22,5.76,-4,-1.05,56.1,0.01,1
640,Entry long,2007-11-23,TEST,382,1,382,22,5.76,0,22,5.76,-4,-1.05,56.1,0.01,1
641,Exit long,2007-11-28,Close entry(s) order TEST,392,1,395,-3,-0.76,0,3,0.76,-9,-2.28,53.1,0.01,1
641,Entry long,2007-11-27,TEST,395,1,395,-3,-0.76,0,3,0.76,-9,-2.28,53.1,0.01,1
642,Exit long,2007-11-30,Close entry(s) order TEST,382,1,393.7,-11.7,-2.97,0,4.3,1.09,-19.7,-5.00,41.4,0.00,1
642,Entry long,2007-11-29,TEST,393.7,1,393.7,-11.7,-2.97,0,4.3,1.09,-19.7,-5.00,41.4,0.00,1
643,Exit long,2007-12-04,Close entry(s) order TEST,431,1,422.8,8.2,1.94,0,17.2,4.07,-0.8,-0.19,49.6,0.00,1
643,Entry long,2007-12-03,TEST,422.8,1,422.8,8.2,1.94,0,17.2,4.07,-0.8,-0.19,49.6,0.00,1
644,Exit long,2007-12-06,Close entry(s) order TEST,448,1,420,28,6.67,0,28,6.67,0,0.00,77.6,0.01,1
644,Entry long,2007-12-05,TEST,420,1,420,28,6.67,0,28,6.67,0,0.00,77.6,0.01,1
645,Exit long,2007-12-10,Close entry(s) order TEST,425,1,425,0,0.00,0,19,4.47,-4.5,-1.06,77.6,0.01,1
645,Entry long,2007-12-07,TEST,425,1,425,0,0.00,0,19,4.47,-4.5,-1.06,77.6,0.01,1
646,Exit long,2007-12-12,Close entry(s) order TEST,469.5,1,445,24.5,5.51,0,35.3,7.93,-6,-1.35,102.1,0.01,1
646,Entry long,2007-12-11,TEST,445,1,445,24.5,5.51,0,35.3,7.93,-6,-1.35,102.1,0.01,1
647,Exit long,2007-12-14,Close entry(s) order TEST,471,1,477,-6,-1.26,0,16,3.35,-12,-2.52,96.1,0.01,1
647,Entry long,2007-12-13,TEST,477,1,477,-6,-1.26,0,16,3.35,-12,-2.52,96.1,0.01,1
648,Exit long,2007-12-18,Close entry(s) order TEST,432,1,465,-33,-7.10,0,1.8,0.39,-35.7,-7.68,63.1,0.01,1
648,Entry long,2007-12-17,TEST,465,1,465,-33,-7.10,0,1.8,0.39,-35.7,-7.68,63.1,0.01,1
649,Exit long,2007-12-20,Close entry(s) order TEST,435,1,441,-6,-1.36,0,10.9,2.47,-15,-3.40,57.1,0.01,1
649,Entry long,2007-12-19,TEST,441,1,441,-6,-1.36,0,10.9,2.47,-15,-3.40,57.1,0.01,1
650,Exit long,2007-12-26,Close entry(s) order TEST,442,1,438.5,3.5,0.80,0,10.5,2.39,-2.5,-0.57,60.6,0.01,1
650,Entry long,2007-12-24,TEST,438.5,1,438.5,3.5,0.80,0,10.5,2.39,-2.5,-0.57,60.6,0.01,1
651,Exit long,2007-12-28,Close entry(s) order TEST,440,1,449,-9,-2.00,0,5,1.11,-13.5,-3.01,51.6,0.01,1
651,Entry long,2007-12-27,TEST,449,1,449,-9,-2.00,0,5,1.11,-13.5,-3.01,51.6,0.01,1
652,Exit long,2008-01-01,Close entry(s) order TEST,458.7,1,454.6,4.1,0.90,0,11.4,2.51,-13.6,-2.99,55.7,0.01,1
652,Entry long,2007-12-31,TEST,454.6,1,454.6,4.1,0.90,0,11.4,2.51,-13.6,-2.99,55.7,0.01,1
653,Exit long,2008-01-03,Close entry(s) order TEST,455,1,459.8,-4.8,-1.04,0,5.7,1.24,-8.8,-1.91,50.9,0.01,1
653,Entry long,2008-01-02,TEST,459.8,1,459.8,-4.8,-1.04,0,5.7,1.24,-8.8,-1.91,50.9,0.01,1
654,Exit long,2008-01-07,Close entry(s) order TEST,455.9,1,456,-0.1,-0.02,0,15,3.29,-0.9,-0.20,50.8,0.01,1
654,Entry long,2008-01-04,TEST,456,1,456,-0.1,-0.02,0,15,3.29,-0.9,-0.20,50.8,0.01,1
655,Exit long,2008-01-09,Close entry(s) order TEST,453,1,467,-14,-3.00,0,5.4,1.16,-17,-3.64,36.8,0.00,1
655,Entry long,2008-01-08,TEST,467,1,467,-14,-3.00,0,5.4,1.16,-17,-3.64,36.8,0.00,1
656,Exit long,2008-01-11,Close entry(s) order TEST,480,1,455,25,5.49,0,29.8,6.55,-3,-0.66,61.8,0.01,1
656,Entry long,2008-01-10,TEST,455,1,455,25,5.49,0,29.8,6.55,-3,-0.66,61.8,0.01,1
657,Exit long,2008-01-15,Close entry(s) order TEST,490,1,451,39,8.65,0,48,10.64,-1.1,-0.24,100.8,0.01,1
657,Entry long,2008-01-14,TEST,451,1,451,39,8.65,0,48,10.64,-1.1,-0.24,100.8,0.01,1
658,Exit long,2008-01-17,Close entry(s) order TEST,490,1,503,-13,-2.58,0,17.8,3.54,-23,-4.57,87.8,0.01,1
658,Entry long,2008-01-16,TEST,503,1,503,-13,-2.58,0,17.8,3.54,-23,-4.57,87.8,0.01,1
659,Exit long,2008-01-21,Close entry(s) order TEST,494,1,530.5,-36.5,-6.88,0,0,0.00,-45.2,-8.52,51.3,0.01,1
659,Entry long,2008-01-18,TEST,530.5,1,530.5,-36.5,-6.88,0,0,0.00,-45.2,-8.52,51.3,0.01,1
660,Exit long,2008-01-23,Close entry(s) order TEST,466,1,409,57,13.94,0,57,13.94,-69,-16.87,108.3,0.01,1
660,Entry long,2008-01-22,TEST,409,1,409,57,13.94,0,57,13.94,-69,-16.87,108.3,0.01,1
661,Exit long,2008-01-25,Close entry(s) order TEST,461,1,475,-14,-2.95,0,44.9,9.45,-34,-7.16,94.3,0.01,1
661,Entry long,2008-01-24,TEST,475,1,475,-14,-2.95,0,44.9,9.45,-34,-7.16,94.3,0.01,1
662,Exit long,2008-01-29,Close entry(s) order TEST,515,1,487,28,5.75,0,33,6.78,-22,-4.52,122.3,0.01,1
662,Entry long,2008-01-28,TEST,487,1,487,28,5.75,0,33,6.78,-22,-4.52,122.3,0.01,1
663,Exit long,2008-01-31,Close entry(s) order TEST,482.4,1,516.4,-34,-6.58,0,4.8,0.93,-41.1,-7.96,88.3,0.01,1
663,Entry long,2008-01-30,TEST,516.4,1,516.4,-34,-6.58,0,4.8,0.93,-41.1,-7.96,88.3,0.01,1
664,Exit long,2008-02-04,Close entry(s) order TEST,478.7,1,481,-2.3,-0.48,0,14,2.91,-10,-2.08,86,0.01,1
664,Entry long,2008-02-01,TEST,481,1,481,-2.3,-0.48,0,14,2.91,-10,-2.08,86,0.01,1
665,Exit long,2008-02-06,Close entry(s) order TEST,470,1,465,5,1.08,0,29.7,6.39,-10,-2.15,91,0.01,1
665,Entry long,2008-02-05,TEST,465,1,465,5,1.08,0,29.7,6.39,-10,-2.15,91,0.01,1
666,Exit long,2008-02-08,Close entry(s) order TEST,455,1,472.2,-17.2,-3.64,0,6.7,1.42,-20.9,-4.43,73.8,0.01,1
666,Entry long,2008-02-07,TEST,472.2,1,472.2,-17.2,-3.64,0,6.7,1.42,-20.9,-4.43,73.8,0.01,1
667,Exit long,2008-02-12,Close entry(s) order TEST,390,1,424,-34,-8.02,0,0,0.00,-51.9,-12.24,39.8,0.00,1
667,Entry long,2008-02-11,TEST,424,1,424,-34,-8.02,0,0,0.00,-51.9,-12.24,39.8,0.00,1
668,Exit long,2008-02-14,Close entry(s) order TEST,415,1,411,4,0.97,0,15.9,3.87,-6.7,-1.63,43.8,0.00,1
668,Entry long,2008-02-13,TEST,411,1,411,4,0.97,0,15.9,3.87,-6.7,-1.63,43.8,0.00,1
669,Exit long,2008-02-18,Close entry(s) order TEST,446.9,1,415,31.9,7.69,0,40,9.64,0,0.00,75.7,0.01,1
669,Entry long,2008-02-15,TEST,415,1,415,31.9,7.69,0,40,9.64,0,0.00,75.7,0.01,1
670,Exit long,2008-02-20,Close entry(s) order TEST,470,1,476,-6,-1.26,0,13.2,2.77,-6,-1.26,69.7,0.01,1
670,Entry long,2008-02-19,TEST,476,1,476,-6,-1.26,0,13.2,2.77,-6,-1.26,69.7,0.01,1
671,Exit long,2008-02-22,Close entry(s) order TEST,465,1,477.3,-12.3,-2.58,0,14.7,3.08,-13.3,-2.79,57.4,0.01,1
671,Entry long,2008-02-21,TEST,477.3,1,477.3,-12.3,-2.58,0,14.7,3.08,-13.3,-2.79,57.4,0.01,1
672,Exit long,2008-02-26,Close entry(s) order TEST,449,1,465,-16,-3.44,0,2.5,0.54,-29,-6.24,41.4,0.00,1
672,Entry long,2008-02-25,TEST,465,1,465,-16,-3.44,0,2.5,0.54,-29,-6.24,41.4,0.00,1
673,Exit long,2008-02-28,Close entry(s) order TEST,449.8,1,452,-2.2,-0.49,0,13,2.88,-7,-1.55,39.2,0.00,1
673,Entry long,2008-02-27,TEST,452,1,452,-2.2,-0.49,0,13,2.88,-7,-1.55,39.2,0.00,1
674,Exit long,2008-03-03,Close entry(s) order TEST,431.3,1,454,-22.7,-5.00,0,0,0.00,-22.7,-5.00,16.5,0.00,1
674,Entry long,2008-02-29,TEST,454,1,454,-22.7,-5.00,0,0,0.00,-22.7,-5.00,16.5,0.00,1
675,Exit long,2008-03-05,Close entry(s) order TEST,409.8,1,414.9,-5.1,-1.23,0,0,0.00,-26.8,-6.46,11.4,0.00,1
675,Entry long,2008-03-04,TEST,414.9,1,414.9,-5.1,-1.23,0,0,0.00,-26.8,-6.46,11.4,0.00,1
676,Exit long,2008-03-10,Close entry(s) order TEST,374,1,365.5,8.5,2.33,0,13.5,3.69,-19.5,-5.34,19.9,0.00,1
676,Entry long,2008-03-07,TEST,365.5,1,365.5,8.5,2.33,0,13.5,3.69,-19.5,-5.34,19.9,0.00,1
677,Exit long,2008-03-12,Close entry(s) order TEST,412,1,384,28,7.29,0,28,7.29,-13,-3.39,47.9,0.00,1
677,Entry long,2008-03-11,TEST,384,1,384,28,7.29,0,28,7.29,-13,-3.39,47.9,0.00,1
678,Exit long,2008-03-14,Close entry(s) order TEST,380,1,410,-30,-7.32,0,0,0.00,-45,-10.98,17.9,0.00,1
678,Entry long,2008-03-13,TEST,410,1,410,-30,-7.32,0,0,0.00,-45,-10.98,17.9,0.00,1
679,Exit long,2008-03-18,Close entry(s) order TEST,344,1,363,-19,-5.23,0,2,0.55,-19,-5.23,-1.1,0.00,1
679,Entry long,2008-03-17,TEST,363,1,363,-19,-5.23,0,2,0.55,-19,-5.23,-1.1,0.00,1
680,Exit long,2008-03-24,Close entry(s) order TEST,325,1,345,-20,-5.80,0,8,2.32,-29,-8.41,-21.1,0.00,1
680,Entry long,2008-03-19,TEST,345,1,345,-20,-5.80,0,8,2.32,-29,-8.41,-21.1,0.00,1
681,Exit long,2008-03-26,Close entry(s) order TEST,332.3,1,298.1,34.2,11.47,0,36.3,12.18,0,0.00,13.1,0.00,1
681,Entry long,2008-03-25,TEST,298.1,1,298.1,34.2,11.47,0,36.3,12.18,0,0.00,13.1,0.00,1
682,Exit long,2008-03-28,Close entry(s) order TEST,373.5,1,340,33.5,9.85,0,33.5,9.85,0,0.00,46.6,0.00,1
682,Entry long,2008-03-27,TEST,340,1,340,33.5,9.85,0,33.5,9.85,0,0.00,46.6,0.00,1
683,Exit long,2008-04-01,Close entry(s) order TEST,381,1,389,-8,-2.06,0,11,2.83,-17.9,-4.60,38.6,0.00,1
683,Entry long,2008-03-31,TEST,389,1,389,-8,-2.06,0,11,2.83,-17.9,-4.60,38.6,0.00,1
684,Exit long,2008-04-03,Close entry(s) order TEST,376,1,385,-9,-2.34,0,15.7,4.08,-13.9,-3.61,29.6,0.00,1
684,Entry long,2008-04-02,TEST,385,1,385,-9,-2.34,0,15.7,4.08,-13.9,-3.61,29.6,0.00,1
685,Exit long,2008-04-07,Close entry(s) order TEST,379,1,382.5,-3.5,-0.92,0,9.9,2.59,-16.6,-4.34,26.1,0.00,1
685,Entry long,2008-04-04,TEST,382.5,1,382.5,-3.5,-0.92,0,9.9,2.59,-16.6,-4.34,26.1,0.00,1
686,Exit long,2008-04-09,Close entry(s) order TEST,378,1,380,-2,-0.53,0,8.9,2.34,-4.8,-1.26,24.1,0.00,1
686,Entry long,2008-04-08,TEST,380,1,380,-2,-0.53,0,8.9,2.34,-4.8,-1.26,24.1,0.00,1
687,Exit long,2008-04-11,Close entry(s) order TEST,390,1,384.7,5.3,1.38,0,7.2,1.87,-3.2,-0.83,29.4,0.00,1
687,Entry long,2008-04-10,TEST,384.7,1,384.7,5.3,1.38,0,7.2,1.87,-3.2,-0.83,29.4,0.00,1
688,Exit long,2008-04-16,Close entry(s) order TEST,399,1,387.3,11.7,3.02,0,12.6,3.25,-5.3,-1.37,41.1,0.00,1
688,Entry long,2008-04-15,TEST,387.3,1,387.3,11.7,3.02,0,12.6,3.25,-5.3,-1.37,41.1,0.00,1
689,Exit long,2008-04-21,Close entry(s) order TEST,406,1,408,-2,-0.49,0,7,1.72,-6.6,-1.62,39.1,0.00,1
689,Entry long,2008-04-17,TEST,408,1,408,-2,-0.49,0,7,1.72,-6.6,-1.62,39.1,0.00,1
690,Exit long,2008-04-23,Close entry(s) order TEST,409,1,412,-3,-0.73,0,8.9,2.16,-6,-1.46,36.1,0.00,1
690,Entry long,2008-04-22,TEST,412,1,412,-3,-0.73,0,8.9,2.16,-6,-1.46,36.1,0.00,1
691,Exit long,2008-04-25,Close entry(s) order TEST,426.3,1,449,-22.7,-5.06,0,5.5,1.22,-29,-6.46,13.4,0.00,1
691,Entry long,2008-04-24,TEST,449,1,449,-22.7,-5.06,0,5.5,1.22,-29,-6.46,13.4,0.00,1
692,Exit long,2008-04-29,Close entry(s) order TEST,438.1,1,453.7,-15.6,-3.44,0,3.3,0.73,-22.4,-4.94,-2.2,0.00,1
692,Entry long,2008-04-28,TEST,453.7,1,453.7,-15.6,-3.44,0,3.3,0.73,-22.4,-4.94,-2.2,0.00,1
693,Exit long,2008-05-02,Close entry(s) order TEST,408.8,1,419.8,-11,-2.62,0,4.7,1.12,-19.5,-4.65,-13.2,0.00,1
693,Entry long,2008-04-30,TEST,419.8,1,419.8,-11,-2.62,0,4.7,1.12,-19.5,-4.65,-13.2,0.00,1
694,Exit long,2008-05-06,Close entry(s) order TEST,407,1,402,5,1.24,0,15,3.73,0,0.00,-8.2,0.00,1
694,Entry long,2008-05-05,TEST,402,1,402,5,1.24,0,15,3.73,0,0.00,-8.2,0.00,1
695,Exit long,2008-05-08,Close entry(s) order TEST,405,1,395,10,2.53,0,14.5,3.67,-7.7,-1.95,1.8,0.00,1
695,Entry long,2008-05-07,TEST,395,1,395,10,2.53,0,14.5,3.67,-7.7,-1.95,1.8,0.00,1
696,Exit long,2008-05-12,Close entry(s) order TEST,386,1,409,-23,-5.62,0,3.9,0.95,-26,-6.36,-21.2,0.00,1
696,Entry long,2008-05-09,TEST,409,1,409,-23,-5.62,0,3.9,0.95,-26,-6.36,-21.2,0.00,1
697,Exit long,2008-05-14,Close entry(s) order TEST,379.3,1,385,-5.7,-1.48,0,6.4,1.66,-8,-2.08,-26.9,0.00,1
697,Entry long,2008-05-13,TEST,385,1,385,-5.7,-1.48,0,6.4,1.66,-8,-2.08,-26.9,0.00,1
698,Exit long,2008-05-16,Close entry(s) order TEST,384.2,1,382,2.2,0.58,0,5,1.31,-1,-0.26,-24.7,0.00,1
698,Entry long,2008-05-15,TEST,382,1,382,2.2,0.58,0,5,1.31,-1,-0.26,-24.7,0.00,1
699,Exit long,2008-05-21,Close entry(s) order TEST,367,1,380,-13,-3.42,0,2.5,0.66,-13,-3.42,-37.7,0.00,1
699,Entry long,2008-05-20,TEST,380,1,380,-13,-3.42,0,2.5,0.66,-13,-3.42,-37.7,0.00,1
700,Exit long,2008-05-23,Close entry(s) order TEST,378,1,390.1,-12.1,-3.10,0,0,0.00,-16.1,-4.13,-49.8,0.00,1
700,Entry long,2008-05-22,TEST,390.1,1,390.1,-12.1,-3.10,0,0,0.00,-16.1,-4.13,-49.8,0.00,1
701,Exit long,2008-05-27,Close entry(s) order TEST,359,1,376,-17,-4.52,0,0,0.00,-20.5,-5.45,-66.8,-0.01,1
701,Entry long,2008-05-26,TEST,376,1,376,-17,-4.52,0,0,0.00,-20.5,-5.45,-66.8,-0.01,1
702,Exit long,2008-05-29,Close entry(s) order TEST,363.4,1,342.5,20.9,6.10,0,20.9,6.10,-6.5,-1.90,-45.9,0.00,1
702,Entry long,2008-05-28,TEST,342.5,1,342.5,20.9,6.10,0,20.9,6.10,-6.5,-1.90,-45.9,0.00,1
703,Exit long,2008-06-02,Close entry(s) order TEST,387,1,380,7,1.84,0,13.9,3.66,-1,-0.26,-38.9,0.00,1
703,Entry long,2008-05-30,TEST,380,1,380,7,1.84,0,13.9,3.66,-1,-0.26,-38.9,0.00,1
704,Exit long,2008-06-04,Close entry(s) order TEST,385,1,375,10,2.67,0,14.5,3.87,-4.5,-1.20,-28.9,0.00,1
704,Entry long,2008-06-03,TEST,375,1,375,10,2.67,0,14.5,3.87,-4.5,-1.20,-28.9,0.00,1
705,Exit long,2008-06-06,Close entry(s) order TEST,390,1,383,7,1.83,0,7,1.83,-17,-4.44,-21.9,0.00,1
705,Entry long,2008-06-05,TEST,383,1,383,7,1.83,0,7,1.83,-17,-4.44,-21.9,0.00,1
706,Exit long,2008-06-10,Close entry(s) order TEST,365.5,1,385.9,-20.4,-5.29,0,0,0.00,-38.9,-10.08,-42.3,0.00,1
706,Entry long,2008-06-09,TEST,385.9,1,385.9,-20.4,-5.29,0,0,0.00,-38.9,-10.08,-42.3,0.00,1
707,Exit long,2008-06-12,Close entry(s) order TEST,342,1,344.5,-2.5,-0.73,0,7,2.03,-10.4,-3.02,-44.8,0.00,1
707,Entry long,2008-06-11,TEST,344.5,1,344.5,-2.5,-0.73,0,7,2.03,-10.4,-3.02,-44.8,0.00,1
708,Exit long,2008-06-16,Close entry(s) order TEST,349.8,1,340,9.8,2.88,0,14.9,4.38,-0.7,-0.21,-35,0.00,1
708,Entry long,2008-06-13,TEST,340,1,340,9.8,2.88,0,14.9,4.38,-0.7,-0.21,-35,0.00,1
709,Exit long,2008-06-18,Close entry(s) order TEST,391.9,1,375,16.9,4.51,0,16.9,4.51,-4.5,-1.20,-18.1,0.00,1
709,Entry long,2008-06-17,TEST,375,1,375,16.9,4.51,0,16.9,4.51,-4.5,-1.20,-18.1,0.00,1
710,Exit long,2008-06-20,Close entry(s) order TEST,365,1,374,-9,-2.41,0,0,0.00,-15,-4.01,-27.1,0.00,1
710,Entry long,2008-06-19,TEST,374,1,374,-9,-2.41,0,0,0.00,-15,-4.01,-27.1,0.00,1
711,Exit long,2008-06-24,Close entry(s) order TEST,335,1,357,-22,-6.16,0,0,0.00,-26,-7.28,-49.1,0.00,1
711,Entry long,2008-06-23,TEST,357,1,357,-22,-6.16,0,0,0.00,-26,-7.28,-49.1,0.00,1
712,Exit long,2008-06-26,Close entry(s) order TEST,325.5,1,309,16.5,5.34,0,17,5.50,-14,-4.53,-32.6,0.00,1
712,Entry long,2008-06-25,TEST,309,1,309,16.5,5.34,0,17,5.50,-14,-4.53,-32.6,0.00,1
713,Exit long,2008-06-30,Close entry(s) order TEST,304.8,1,310,-5.2,-1.68,0,5,1.61,-15.5,-5.00,-37.8,0.00,1
713,Entry long,2008-06-27,TEST,310,1,310,-5.2,-1.68,0,5,1.61,-15.5,-5.00,-37.8,0.00,1
714,Exit long,2008-07-02,Close entry(s) order TEST,305,1,314.9,-9.9,-3.14,0,0,0.00,-27.4,-8.70,-47.7,0.00,1
714,Entry long,2008-07-01,TEST,314.9,1,314.9,-9.9,-3.14,0,0,0.00,-27.4,-8.70,-47.7,0.00,1
715,Exit long,2008-07-04,Close entry(s) order TEST,314,1,312,2,0.64,0,3,0.96,-32.9,-10.54,-45.7,0.00,1
715,Entry long,2008-07-03,TEST,312,1,312,2,0.64,0,3,0.96,-32.9,-10.54,-45.7,0.00,1
716,Exit long,2008-07-08,Close entry(s) order TEST,314,1,299,15,5.02,0,15,5.02,-7,-2.34,-30.7,0.00,1
716,Entry long,2008-07-07,TEST,299,1,299,15,5.02,0,15,5.02,-7,-2.34,-30.7,0.00,1
717,Exit long,2008-07-10,Close entry(s) order TEST,302.5,1,306.8,-4.3,-1.40,0,3.2,1.04,-4.7,-1.53,-35,0.00,1
717,Entry long,2008-07-09,TEST,306.8,1,306.8,-4.3,-1.40,0,3.2,1.04,-4.7,-1.53,-35,0.00,1
718,Exit long,2008-07-14,Close entry(s) order TEST,306.8,1,314,-7.2,-2.29,0,1,0.32,-13.8,-4.39,-42.2,0.00,1
718,Entry long,2008-07-11,TEST,314,1,314,-7.2,-2.29,0,1,0.32,-13.8,-4.39,-42.2,0.00,1
719,Exit long,2008-07-16,Close entry(s) order TEST,290,1,299,-9,-3.01,0,3.2,1.07,-13.7,-4.58,-51.2,-0.01,1
719,Entry long,2008-07-15,TEST,299,1,299,-9,-3.01,0,3.2,1.07,-13.7,-4.58,-51.2,-0.01,1
720,Exit long,2008-07-18,Close entry(s) order TEST,287.4,1,282.5,4.9,1.73,0,10.5,3.72,-6,-2.12,-46.3,0.00,1
720,Entry long,2008-07-17,TEST,282.5,1,282.5,4.9,1.73,0,10.5,3.72,-6,-2.12,-46.3,0.00,1
721,Exit long,2008-07-22,Close entry(s) order TEST,290.4,1,293.7,-3.3,-1.12,0,4.2,1.43,-13.5,-4.60,-49.6,0.00,1
721,Entry long,2008-07-21,TEST,293.7,1,293.7,-3.3,-1.12,0,4.2,1.43,-13.5,-4.60,-49.6,0.00,1
722,Exit long,2008-07-24,Close entry(s) order TEST,337,1,320,17,5.31,0,32,10.00,0,0.00,-32.6,0.00,1
722,Entry long,2008-07-23,TEST,320,1,320,17,5.31,0,32,10.00,0,0.00,-32.6,0.00,1
723,Exit long,2008-07-28,Close entry(s) order TEST,337,1,323,14,4.33,0,14,4.33,-4.8,-1.49,-18.6,0.00,1
723,Entry long,2008-07-25,TEST,323,1,323,14,4.33,0,14,4.33,-4.8,-1.49,-18.6,0.00,1
724,Exit long,2008-07-30,Close entry(s) order TEST,332.5,1,337,-4.5,-1.34,0,2,0.59,-12,-3.56,-23.1,0.00,1
724,Entry long,2008-07-29,TEST,337,1,337,-4.5,-1.34,0,2,0.59,-12,-3.56,-23.1,0.00,1
725,Exit long,2008-08-01,Close entry(s) order TEST,322,1,329.7,-7.7,-2.34,0,5.3,1.61,-7.7,-2.34,-30.8,0.00,1
725,Entry long,2008-07-31,TEST,329.7,1,329.7,-7.7,-2.34,0,5.3,1.61,-7.7,-2.34,-30.8,0.00,1
726,Exit long,2008-08-05,Close entry(s) order TEST,353,1,335,18,5.37,0,20.4,6.09,0,0.00,-12.8,0.00,1
726,Entry long,2008-08-04,TEST,335,1,335,18,5.37,0,20.4,6.09,0,0.00,-12.8,0.00,1
727,Exit long,2008-08-07,Close entry(s) order TEST,356.6,1,372,-15.4,-4.14,0,1.2,0.32,-28.9,-7.77,-28.2,0.00,1
727,Entry long,2008-08-06,TEST,372,1,372,-15.4,-4.14,0,1.2,0.32,-28.9,-7.77,-28.2,0.00,1
728,Exit long,2008-08-11,Close entry(s) order TEST,358.1,1,345,13.1,3.80,0,13.1,3.80,0,0.00,-15.1,0.00,1
728,Entry long,2008-08-08,TEST,345,1,345,13.1,3.80,0,13.1,3.80,0,0.00,-15.1,0.00,1
729,Exit long,2008-08-13,Close entry(s) order TEST,354,1,366.8,-12.8,-3.49,0,0.5,0.14,-14.7,-4.01,-27.9,0.00,1
729,Entry long,2008-08-12,TEST,366.8,1,366.8,-12.8,-3.49,0,0.5,0.14,-14.7,-4.01,-27.9,0.00,1
730,Exit long,2008-08-18,Close entry(s) order TEST,341,1,345,-4,-1.16,0,8.9,2.58,-5.5,-1.59,-31.9,0.00,1
730,Entry long,2008-08-14,TEST,345,1,345,-4,-1.16,0,8.9,2.58,-5.5,-1.59,-31.9,0.00,1
731,Exit long,2008-08-20,Close entry(s) order TEST,342.9,1,340,2.9,0.85,0,6,1.76,-4.9,-1.44,-29,0.00,1
731,Entry long,2008-08-19,TEST,340,1,340,2.9,0.85,0,6,1.76,-4.9,-1.44,-29,0.00,1
732,Exit long,2008-08-22,Close entry(s) order TEST,341,1,344.1,-3.1,-0.90,0,7.9,2.30,-7.6,-2.21,-32.1,0.00,1
732,Entry long,2008-08-21,TEST,344.1,1,344.1,-3.1,-0.90,0,7.9,2.30,-7.6,-2.21,-32.1,0.00,1
733,Exit long,2008-08-26,Close entry(s) order TEST,340,1,347,-7,-2.02,0,7,2.02,-7,-2.02,-39.1,0.00,1
733,Entry long,2008-08-25,TEST,347,1,347,-7,-2.02,0,7,2.02,-7,-2.02,-39.1,0.00,1
734,Exit long,2008-08-28,Close entry(s) order TEST,318,1,339,-21,-6.19,0,0.7,0.21,-24.2,-7.14,-60.1,-0.01,1
734,Entry long,2008-08-27,TEST,339,1,339,-21,-6.19,0,0.7,0.21,-24.2,-7.14,-60.1,-0.01,1
735,Exit long,2008-09-01,Close entry(s) order TEST,315.3,1,313,2.3,0.73,0,9,2.88,-1,-0.32,-57.8,-0.01,1
735,Entry long,2008-08-29,TEST,313,1,313,2.3,0.73,0,9,2.88,-1,-0.32,-57.8,-0.01,1
736,Exit long,2008-09-04,Close entry(s) order TEST,338.1,1,328,10.1,3.08,0,15.8,4.82,-5.4,-1.65,-47.7,0.00,1
736,Entry long,2008-09-02,TEST,328,1,328,10.1,3.08,0,15.8,4.82,-5.4,-1.65,-47.7,0.00,1
737,Exit long,2008-09-08,Close entry(s) order TEST,340,1,325.1,14.9,4.58,0,17.9,5.51,0,0.00,-32.8,0.00,1
737,Entry long,2008-09-05,TEST,325.1,1,325.1,14.9,4.58,0,17.9,5.51,0,0.00,-32.8,0.00,1
738,Exit long,2008-09-10,Close entry(s) order TEST,320,1,330,-10,-3.03,0,7.9,2.39,-10,-3.03,-42.8,0.00,1
738,Entry long,2008-09-09,TEST,330,1,330,-10,-3.03,0,7.9,2.39,-10,-3.03,-42.8,0.00,1
739,Exit long,2008-09-12,Close entry(s) order TEST,315.5,1,320,-4.5,-1.41,0,1,0.31,-10,-3.12,-47.3,0.00,1
739,Entry long,2008-09-11,TEST,320,1,320,-4.5,-1.41,0,1,0.31,-10,-3.12,-47.3,0.00,1
740,Exit long,2008-09-16,Close entry(s) order TEST,267,1,303.1,-36.1,-11.91,0,0,0.00,-36.1,-11.91,-83.4,-0.01,1
740,Entry long,2008-09-15,TEST,303.1,1,303.1,-36.1,-11.91,0,0,0.00,-36.1,-11.91,-83.4,-0.01,1
741,Exit long,2008-09-18,Close entry(s) order TEST,260,1,268,-8,-2.99,0,16,5.97,-8,-2.99,-91.4,-0.01,1
741,Entry long,2008-09-17,TEST,268,1,268,-8,-2.99,0,16,5.97,-8,-2.99,-91.4,-0.01,1
742,Exit long,2008-09-22,Close entry(s) order TEST,263,1,265,-2,-0.75,0,1,0.38,-12.4,-4.68,-93.4,-0.01,1
742,Entry long,2008-09-19,TEST,265,1,265,-2,-0.75,0,1,0.38,-12.4,-4.68,-93.4,-0.01,1
743,Exit long,2008-09-24,Close entry(s) order TEST,252,1,252.9,-0.9,-0.36,0,7.1,2.81,-7.8,-3.08,-94.3,-0.01,1
743,Entry long,2008-09-23,TEST,252.9,1,252.9,-0.9,-0.36,0,7.1,2.81,-7.8,-3.08,-94.3,-0.01,1
744,Exit long,2008-09-26,Close entry(s) order TEST,255,1,250.6,4.4,1.76,0,6.4,2.55,-5.3,-2.11,-89.9,-0.01,1
744,Entry long,2008-09-25,TEST,250.6,1,250.6,4.4,1.76,0,6.4,2.55,-5.3,-2.11,-89.9,-0.01,1
745,Exit long,2008-09-30,Close entry(s) order TEST,225,1,245,-20,-8.16,0,3.9,1.59,-36,-14.69,-109.9,-0.01,1
745,Entry long,2008-09-29,TEST,245,1,245,-20,-8.16,0,3.9,1.59,-36,-14.69,-109.9,-0.01,1
746,Exit long,2008-10-03,Close entry(s) order TEST,249.2,1,240.8,8.4,3.49,0,12.5,5.19,-7.8,-3.24,-101.5,-0.01,1
746,Entry long,2008-10-01,TEST,240.8,1,240.8,8.4,3.49,0,12.5,5.19,-7.8,-3.24,-101.5,-0.01,1
747,Exit long,2008-10-07,Close entry(s) order TEST,220.3,1,245,-24.7,-10.08,0,0,0.00,-30,-12.24,-126.2,-0.01,1
747,Entry long,2008-10-06,TEST,245,1,245,-24.7,-10.08,0,0,0.00,-30,-12.24,-126.2,-0.01,1
748,Exit long,2008-10-10,Close entry(s) order TEST,170,1,189,-19,-10.05,0,0,0.00,-31.2,-16.51,-145.2,-0.01,1
748,Entry long,2008-10-08,TEST,189,1,189,-19,-10.05,0,0,0.00,-31.2,-16.51,-145.2,-0.01,1
749,Exit long,2008-10-14,Close entry(s) order TEST,153.9,1,145.1,8.8,6.06,0,18.9,13.03,-14.2,-9.79,-136.4,-0.01,1
749,Entry long,2008-10-13,TEST,145.1,1,145.1,8.8,6.06,0,18.9,13.03,-14.2,-9.79,-136.4,-0.01,1
750,Exit long,2008-10-16,Close entry(s) order TEST,120,1,140,-20,-14.29,0,3.6,2.57,-20,-14.29,-156.4,-0.02,1
750,Entry long,2008-10-15,TEST,140,1,140,-20,-14.29,0,3.6,2.57,-20,-14.29,-156.4,-0.02,1
751,Exit long,2008-10-20,Close entry(s) order TEST,133,1,135,-2,-1.48,0,9.8,7.26,-15,-11.11,-158.4,-0.02,1
751,Entry long,2008-10-17,TEST,135,1,135,-2,-1.48,0,9.8,7.26,-15,-11.11,-158.4,-0.02,1
752,Exit long,2008-10-22,Close entry(s) order TEST,125.2,1,128,-2.8,-2.19,0,6.4,5.00,-2.8,-2.19,-161.2,-0.02,1
752,Entry long,2008-10-21,TEST,128,1,128,-2.8,-2.19,0,6.4,5.00,-2.8,-2.19,-161.2,-0.02,1
753,Exit long,2008-10-24,Close entry(s) order TEST,107,1,120,-13,-10.83,0,0,0.00,-14,-11.67,-174.2,-0.02,1
753,Entry long,2008-10-23,TEST,120,1,120,-13,-10.83,0,0,0.00,-14,-11.67,-174.2,-0.02,1
754,Exit long,2008-10-29,Close entry(s) order TEST,104.8,1,93,11.8,12.69,0,11.8,12.69,-19.7,-21.18,-162.4,-0.02,1
754,Entry long,2008-10-27,TEST,93,1,93,11.8,12.69,0,11.8,12.69,-19.7,-21.18,-162.4,-0.02,1
755,Exit long,2008-11-03,Close entry(s) order TEST,119.8,1,107,12.8,11.96,0,13.7,12.80,0,0.00,-149.6,-0.01,1
755,Entry long,2008-10-31,TEST,107,1,107,12.8,11.96,0,13.7,12.80,0,0.00,-149.6,-0.01,1
756,Exit long,2008-11-05,Close entry(s) order TEST,145.9,1,131,14.9,11.37,0,14.9,11.37,-8,-6.11,-134.7,-0.01,1
756,Entry long,2008-11-04,TEST,131,1,131,14.9,11.37,0,14.9,11.37,-8,-6.11,-134.7,-0.01,1
757,Exit long,2008-11-07,Close entry(s) order TEST,114.9,1,115,-0.1,-0.09,0,12.8,11.13,-2.5,-2.17,-134.8,-0.01,1
757,Entry long,2008-11-06,TEST,115,1,115,-0.1,-0.09,0,12.8,11.13,-2.5,-2.17,-134.8,-0.01,1
758,Exit long,2008-11-11,Close entry(s) order TEST,118.3,1,126,-7.7,-6.11,0,4,3.17,-7.7,-6.11,-142.5,-0.01,1
758,Entry long,2008-11-10,TEST,126,1,126,-7.7,-6.11,0,4,3.17,-7.7,-6.11,-142.5,-0.01,1
759,Exit long,2008-11-14,Close entry(s) order TEST,110,1,108.3,1.7,1.57,0,9.6,8.86,-3.1,-2.86,-140.8,-0.01,1
759,Entry long,2008-11-12,TEST,108.3,1,108.3,1.7,1.57,0,9.6,8.86,-3.1,-2.86,-140.8,-0.01,1
760,Exit long,2008-11-18,Close entry(s) order TEST,114.8,1,110.5,4.3,3.89,0,4.3,3.89,-8.4,-7.60,-136.5,-0.01,1
760,Entry long,2008-11-17,TEST,110.5,1,110.5,4.3,3.89,0,4.3,3.89,-8.4,-7.60,-136.5,-0.01,1
761,Exit long,2008-11-20,Close entry(s) order TEST,96,1,105,-9,-8.57,0,6.4,6.10,-9,-8.57,-145.5,-0.01,1
761,Entry long,2008-11-19,TEST,105,1,105,-9,-8.57,0,6.4,6.10,-9,-8.57,-145.5,-0.01,1
762,Exit long,2008-11-24,Close entry(s) order TEST,92.8,1,94,-1.2,-1.28,0,4.4,4.68,-5.9,-6.28,-146.7,-0.01,1
762,Entry long,2008-11-21,TEST,94,1,94,-1.2,-1.28,0,4.4,4.68,-5.9,-6.28,-146.7,-0.01,1
763,Exit long,2008-11-26,Close entry(s) order TEST,90,1,97,-7,-7.22,0,1,1.03,-9.9,-10.21,-153.7,-0.02,1
763,Entry long,2008-11-25,TEST,97,1,97,-7,-7.22,0,1,1.03,-9.9,-10.21,-153.7,-0.02,1
764,Exit long,2008-12-01,Close entry(s) order TEST,81.5,1,87.1,-5.6,-6.43,0,2.7,3.10,-7.7,-8.84,-159.3,-0.02,1
764,Entry long,2008-11-28,TEST,87.1,1,87.1,-5.6,-6.43,0,2.7,3.10,-7.7,-8.84,-159.3,-0.02,1
765,Exit long,2008-12-03,Close entry(s) order TEST,79.4,1,76.1,3.3,4.34,0,5.9,7.75,-2.9,-3.81,-156,-0.02,1
765,Entry long,2008-12-02,TEST,76.1,1,76.1,3.3,4.34,0,5.9,7.75,-2.9,-3.81,-156,-0.02,1
766,Exit long,2008-12-05,Close entry(s) order TEST,89,1,80.9,8.1,10.01,0,9,11.12,-2.2,-2.72,-147.9,-0.01,1
766,Entry long,2008-12-04,TEST,80.9,1,80.9,8.1,10.01,0,9,11.12,-2.2,-2.72,-147.9,-0.01,1
767,Exit long,2008-12-10,Close entry(s) order TEST,85.1,1,88,-2.9,-3.30,0,1,1.14,-5.1,-5.80,-150.8,-0.02,1
767,Entry long,2008-12-08,TEST,88,1,88,-2.9,-3.30,0,1,1.14,-5.1,-5.80,-150.8,-0.02,1
768,Exit long,2008-12-12,Close entry(s) order TEST,88,1,86.3,1.7,1.97,0,6.7,7.76,0,0.00,-149.1,-0.01,1
768,Entry long,2008-12-11,TEST,86.3,1,86.3,1.7,1.97,0,6.7,7.76,0,0.00,-149.1,-0.01,1
769,Exit long,2008-12-16,Close entry(s) order TEST,118.8,1,101,17.8,17.62,0,23.9,23.66,0,0.00,-131.3,-0.01,1
769,Entry long,2008-12-15,TEST,101,1,101,17.8,17.62,0,23.9,23.66,0,0.00,-131.3,-0.01,1
770,Exit long,2008-12-18,Close entry(s) order TEST,110,1,128.5,-18.5,-14.40,0,1.4,1.09,-21.5,-16.73,-149.8,-0.01,1
770,Entry long,2008-12-17,TEST,128.5,1,128.5,-18.5,-14.40,0,1.4,1.09,-21.5,-16.73,-149.8,-0.01,1
771,Exit long,2008-12-22,Close entry(s) order TEST,115,1,109,6,5.50,0,9.1,8.35,0,0.00,-143.8,-0.01,1
771,Entry long,2008-12-19,TEST,109,1,109,6,5.50,0,9.1,8.35,0,0.00,-143.8,-0.01,1
772,Exit long,2008-12-24,Close entry(s) order TEST,104.8,1,108,-3.2,-2.96,0,2,1.85,-3.2,-2.96,-147,-0.01,1
772,Entry long,2008-12-23,TEST,108,1,108,-3.2,-2.96,0,2,1.85,-3.2,-2.96,-147,-0.01,1
773,Exit long,2008-12-29,Close entry(s) order TEST,101,1,109.4,-8.4,-7.68,0,3.5,3.20,-9.4,-8.59,-155.4,-0.02,1
773,Entry long,2008-12-26,TEST,109.4,1,109.4,-8.4,-7.68,0,3.5,3.20,-9.4,-8.59,-155.4,-0.02,1
774,Exit long,2008-12-31,Close entry(s) order TEST,109.1,1,104.9,4.2,4.00,0,6,5.72,-2.9,-2.76,-151.2,-0.02,1
774,Entry long,2008-12-30,TEST,104.9,1,104.9,4.2,4.00,0,6,5.72,-2.9,-2.76,-151.2,-0.02,1
775,Exit long,2009-01-05,Close entry(s) order TEST,121,1,117,4,3.42,0,4.7,4.02,-1.3,-1.11,-147.2,-0.01,1
775,Entry long,2009-01-02,TEST,117,1,117,4,3.42,0,4.7,4.02,-1.3,-1.11,-147.2,-0.01,1
776,Exit long,2009-01-07,Close entry(s) order TEST,121.8,1,119,2.8,2.35,0,4,3.36,-3.7,-3.11,-144.4,-0.01,1
776,Entry long,2009-01-06,TEST,119,1,119,2.8,2.35,0,4,3.36,-3.7,-3.11,-144.4,-0.01,1
777,Exit long,2009-01-12,Close entry(s) order TEST,91,1,101,-10,-9.90,0,4.4,4.36,-16.9,-16.73,-154.4,-0.02,1
777,Entry long,2009-01-09,TEST,101,1,101,-10,-9.90,0,4.4,4.36,-16.9,-16.73,-154.4,-0.02,1
778,Exit long,2009-01-14,Close entry(s) order TEST,93,1,91.1,1.9,2.09,0,4.4,4.83,-5,-5.49,-152.5,-0.02,1
778,Entry long,2009-01-13,TEST,91.1,1,91.1,1.9,2.09,0,4.4,4.83,-5,-5.49,-152.5,-0.02,1
779,Exit long,2009-01-16,Close entry(s) order TEST,91.1,1,91,0.1,0.11,0,1.7,1.87,-3.7,-4.07,-152.4,-0.02,1
779,Entry long,2009-01-15,TEST,91,1,91,0.1,0.11,0,1.7,1.87,-3.7,-4.07,-152.4,-0.02,1
780,Exit long,2009-01-20,Close entry(s) order TEST,93,1,94.6,-1.6,-1.69,0,1.8,1.90,-1.8,-1.90,-154,-0.02,1
780,Entry long,2009-01-19,TEST,94.6,1,94.6,-1.6,-1.69,0,1.8,1.90,-1.8,-1.90,-154,-0.02,1
781,Exit long,2009-01-22,Close entry(s) order TEST,87.2,1,86.1,1.1,1.28,0,4.2,4.88,-1.1,-1.28,-152.9,-0.02,1
781,Entry long,2009-01-21,TEST,86.1,1,86.1,1.1,1.28,0,4.2,4.88,-1.1,-1.28,-152.9,-0.02,1
782,Exit long,2009-01-27,Close entry(s) order TEST,73,1,82.8,-9.8,-11.84,0,0,0.00,-11.4,-13.77,-162.7,-0.02,1
782,Entry long,2009-01-23,TEST,82.8,1,82.8,-9.8,-11.84,0,0,0.00,-11.4,-13.77,-162.7,-0.02,1
783,Exit long,2009-01-29,Close entry(s) order TEST,77.5,1,68,9.5,13.97,0,9.7,14.26,0,0.00,-153.2,-0.02,1
783,Entry long,2009-01-28,TEST,68,1,68,9.5,13.97,0,9.7,14.26,0,0.00,-153.2,-0.02,1
784,Exit long,2009-02-02,Close entry(s) order TEST,70.9,1,75,-4.1,-5.47,0,0.5,0.67,-5.9,-7.87,-157.3,-0.02,1
784,Entry long,2009-01-30,TEST,75,1,75,-4.1,-5.47,0,0.5,0.67,-5.9,-7.87,-157.3,-0.02,1
785,Exit long,2009-02-04,Close entry(s) order TEST,66.5,1,66.4,0.1,0.15,0,3,4.52,-1.6,-2.41,-157.2,-0.02,1
785,Entry long,2009-02-03,TEST,66.4,1,66.4,0.1,0.15,0,3,4.52,-1.6,-2.41,-157.2,-0.02,1
786,Exit long,2009-02-06,Close entry(s) order TEST,66.8,1,66,0.8,1.21,0,0.8,1.21,-3,-4.55,-156.4,-0.02,1
786,Entry long,2009-02-05,TEST,66,1,66,0.8,1.21,0,0.8,1.21,-3,-4.55,-156.4,-0.02,1
787,Exit long,2009-02-10,Close entry(s) order TEST,69,1,64.2,4.8,7.48,0,7.1,11.06,0,0.00,-151.6,-0.02,1
787,Entry long,2009-02-09,TEST,64.2,1,64.2,4.8,7.48,0,7.1,11.06,0,0.00,-151.6,-0.02,1
788,Exit long,2009-02-12,Close entry(s) order TEST,75,1,69,6,8.70,0,6,8.70,-0.4,-0.58,-145.6,-0.01,1
788,Entry long,2009-02-11,TEST,69,1,69,6,8.70,0,6,8.70,-0.4,-0.58,-145.6,-0.01,1
789,Exit long,2009-02-16,Close entry(s) order TEST,75.6,1,77.1,-1.5,-1.95,0,2.1,2.72,-1.5,-1.95,-147.1,-0.01,1
789,Entry long,2009-02-13,TEST,77.1,1,77.1,-1.5,-1.95,0,2.1,2.72,-1.5,-1.95,-147.1,-0.01,1
790,Exit long,2009-02-18,Close entry(s) order TEST,65.5,1,68,-2.5,-3.68,0,2.6,3.82,-2.5,-3.68,-149.6,-0.01,1
790,Entry long,2009-02-17,TEST,68,1,68,-2.5,-3.68,0,2.6,3.82,-2.5,-3.68,-149.6,-0.01,1
791,Exit long,2009-02-20,Close entry(s) order TEST,66.8,1,66.3,0.5,0.75,0,2.1,3.17,-0.5,-0.75,-149.1,-0.01,1
791,Entry long,2009-02-19,TEST,66.3,1,66.3,0.5,0.75,0,2.1,3.17,-0.5,-0.75,-149.1,-0.01,1
792,Exit long,2009-02-25,Close entry(s) order TEST,63.4,1,64.5,-1.1,-1.71,0,0,0.00,-2.7,-4.19,-150.2,-0.02,1
792,Entry long,2009-02-24,TEST,64.5,1,64.5,-1.1,-1.71,0,0,0.00,-2.7,-4.19,-150.2,-0.02,1
793,Exit long,2009-02-27,Close entry(s) order TEST,57.1,1,63.3,-6.2,-9.79,0,1.4,2.21,-6.2,-9.79,-156.4,-0.02,1
793,Entry long,2009-02-26,TEST,63.3,1,63.3,-6.2,-9.79,0,1.4,2.21,-6.2,-9.79,-156.4,-0.02,1
794,Exit long,2009-03-03,Close entry(s) order TEST,56.5,1,60.6,-4.1,-6.77,0,0,0.00,-4.3,-7.10,-160.5,-0.02,1
794,Entry long,2009-03-02,TEST,60.6,1,60.6,-4.1,-6.77,0,0,0.00,-4.3,-7.10,-160.5,-0.02,1
795,Exit long,2009-03-05,Close entry(s) order TEST,57.8,1,55,2.8,5.09,0,2.8,5.09,0,0.00,-157.7,-0.02,1
795,Entry long,2009-03-04,TEST,55,1,55,2.8,5.09,0,2.8,5.09,0,0.00,-157.7,-0.02,1
796,Exit long,2009-03-09,Close entry(s) order TEST,45,1,50.3,-5.3,-10.54,0,2.5,4.97,-5.3,-10.54,-163,-0.02,1
796,Entry long,2009-03-06,TEST,50.3,1,50.3,-5.3,-10.54,0,2.5,4.97,-5.3,-10.54,-163,-0.02,1
797,Exit long,2009-03-13,Close entry(s) order TEST,51.1,1,50,1.1,2.20,0,1.3,2.60,-1.2,-2.40,-161.9,-0.02,1
797,Entry long,2009-03-12,TEST,50,1,50,1.1,2.20,0,1.3,2.60,-1.2,-2.40,-161.9,-0.02,1
798,Exit long,2009-03-17,Close entry(s) order TEST,50.1,1,55,-4.9,-8.91,0,2.3,4.18,-4.9,-8.91,-166.8,-0.02,1
798,Entry long,2009-03-16,TEST,55,1,55,-4.9,-8.91,0,2.3,4.18,-4.9,-8.91,-166.8,-0.02,1
799,Exit long,2009-03-19,Close entry(s) order TEST,70.9,1,61,9.9,16.23,0,9.9,16.23,0,0.00,-156.9,-0.02,1
799,Entry long,2009-03-18,TEST,61,1,61,9.9,16.23,0,9.9,16.23,0,0.00,-156.9,-0.02,1
800,Exit long,2009-03-23,Close entry(s) order TEST,70.9,1,71,-0.1,-0.14,0,2.9,4.08,-1.8,-2.54,-157,-0.02,1
800,Entry long,2009-03-20,TEST,71,1,71,-0.1,-0.14,0,2.9,4.08,-1.8,-2.54,-157,-0.02,1
801,Exit long,2009-03-25,Close entry(s) order TEST,68,1,72,-4,-5.56,0,0.8,1.11,-4.8,-6.67,-161,-0.02,1
801,Entry long,2009-03-24,TEST,72,1,72,-4,-5.56,0,0.8,1.11,-4.8,-6.67,-161,-0.02,1
802,Exit long,2009-03-27,Close entry(s) order TEST,76,1,80,-4,-5.00,0,2.7,3.38,-5.4,-6.75,-165,-0.02,1
802,Entry long,2009-03-26,TEST,80,1,80,-4,-5.00,0,2.7,3.38,-5.4,-6.75,-165,-0.02,1
803,Exit long,2009-03-31,Close entry(s) order TEST,74,1,80,-6,-7.50,0,0,0.00,-9.3,-11.62,-171,-0.02,1
803,Entry long,2009-03-30,TEST,80,1,80,-6,-7.50,0,0,0.00,-9.3,-11.62,-171,-0.02,1
804,Exit long,2009-04-02,Close entry(s) order TEST,80,1,76.4,3.6,4.71,0,3.6,4.71,-2.3,-3.01,-167.4,-0.02,1
804,Entry long,2009-04-01,TEST,76.4,1,76.4,3.6,4.71,0,3.6,4.71,-2.3,-3.01,-167.4,-0.02,1
805,Exit long,2009-04-08,Close entry(s) order TEST,81,1,81.7,-0.7,-0.86,0,4.2,5.14,-1.5,-1.84,-168.1,-0.02,1
805,Entry long,2009-04-06,TEST,81.7,1,81.7,-0.7,-0.86,0,4.2,5.14,-1.5,-1.84,-168.1,-0.02,1
806,Exit long,2009-04-13,Close entry(s) order TEST,87.8,1,89.4,-1.6,-1.79,0,2.6,2.91,-4.9,-5.48,-169.7,-0.02,1
806,Entry long,2009-04-09,TEST,89.4,1,89.4,-1.6,-1.79,0,2.6,2.91,-4.9,-5.48,-169.7,-0.02,1
807,Exit long,2009-04-16,Close entry(s) order TEST,98,1,94,4,4.26,0,6.3,6.70,-2.7,-2.87,-165.7,-0.02,1
807,Entry long,2009-04-15,TEST,94,1,94,4,4.26,0,6.3,6.70,-2.7,-2.87,-165.7,-0.02,1
808,Exit long,2009-04-20,Close entry(s) order TEST,91.9,1,88.5,3.4,3.84,0,4.9,5.54,-1.8,-2.03,-162.3,-0.02,1
808,Entry long,2009-04-17,TEST,88.5,1,88.5,3.4,3.84,0,4.9,5.54,-1.8,-2.03,-162.3,-0.02,1
809,Exit long,2009-04-22,Close entry(s) order TEST,105,1,87.9,17.1,19.45,0,19.4,22.07,-2.3,-2.62,-145.2,-0.01,1
809,Entry long,2009-04-21,TEST,87.9,1,87.9,17.1,19.45,0,19.4,22.07,-2.3,-2.62,-145.2,-0.01,1
810,Exit long,2009-04-24,Close entry(s) order TEST,102.3,1,101,1.3,1.29,0,1.7,1.68,-5.2,-5.15,-143.9,-0.01,1
810,Entry long,2009-04-23,TEST,101,1,101,1.3,1.29,0,1.7,1.68,-5.2,-5.15,-143.9,-0.01,1
811,Exit long,2009-04-28,Close entry(s) order TEST,102,1,101,1,0.99,0,7,6.93,-1.2,-1.19,-142.9,-0.01,1
811,Entry long,2009-04-27,TEST,101,1,101,1,0.99,0,7,6.93,-1.2,-1.19,-142.9,-0.01,1
812,Exit long,2009-05-04,Close entry(s) order TEST,100.6,1,93.2,7.4,7.94,0,9.3,9.98,-0.9,-0.97,-135.5,-0.01,1
812,Entry long,2009-04-29,TEST,93.2,1,93.2,7.4,7.94,0,9.3,9.98,-0.9,-0.97,-135.5,-0.01,1
813,Exit long,2009-05-06,Close entry(s) order TEST,108.8,1,106,2.8,2.64,0,4.5,4.25,-2.5,-2.36,-132.7,-0.01,1
813,Entry long,2009-05-05,TEST,106,1,106,2.8,2.64,0,4.5,4.25,-2.5,-2.36,-132.7,-0.01,1
814,Exit long,2009-05-08,Close entry(s) order TEST,109.1,1,106.9,2.2,2.06,0,4,3.74,-4.8,-4.49,-130.5,-0.01,1
814,Entry long,2009-05-07,TEST,106.9,1,106.9,2.2,2.06,0,4,3.74,-4.8,-4.49,-130.5,-0.01,1
815,Exit long,2009-05-12,Close entry(s) order TEST,108,1,117.4,-9.4,-8.01,0,1.6,1.36,-11.1,-9.45,-139.9,-0.01,1
815,Entry long,2009-05-11,TEST,117.4,1,117.4,-9.4,-8.01,0,1.6,1.36,-11.1,-9.45,-139.9,-0.01,1
816,Exit long,2009-05-14,Close entry(s) order TEST,109.1,1,117,-7.9,-6.75,0,1,0.85,-7.9,-6.75,-147.8,-0.01,1
816,Entry long,2009-05-13,TEST,117,1,117,-7.9,-6.75,0,1,0.85,-7.9,-6.75,-147.8,-0.01,1
817,Exit long,2009-05-18,Close entry(s) order TEST,120.2,1,115,5.2,4.52,0,5.2,4.52,-3.8,-3.30,-142.6,-0.01,1
817,Entry long,2009-05-15,TEST,115,1,115,5.2,4.52,0,5.2,4.52,-3.8,-3.30,-142.6,-0.01,1
818,Exit long,2009-05-20,Close entry(s) order TEST,134,1,135,-1,-0.74,0,6,4.44,-20,-14.81,-143.6,-0.01,1
818,Entry long,2009-05-19,TEST,135,1,135,-1,-0.74,0,6,4.44,-20,-14.81,-143.6,-0.01,1
819,Exit long,2009-05-22,Close entry(s) order TEST,144.1,1,150.1,-6,-4.00,0,10.4,6.93,-7.6,-5.06,-149.6,-0.01,1
819,Entry long,2009-05-21,TEST,150.1,1,150.1,-6,-4.00,0,10.4,6.93,-7.6,-5.06,-149.6,-0.01,1
820,Exit long,2009-05-26,Close entry(s) order TEST,168.7,1,153.7,15,9.76,0,15.2,9.89,-0.6,-0.39,-134.6,-0.01,1
820,Entry long,2009-05-25,TEST,153.7,1,153.7,15,9.76,0,15.2,9.89,-0.6,-0.39,-134.6,-0.01,1
821,Exit long,2009-05-28,Close entry(s) order TEST,167.9,1,162.5,5.4,3.32,0,5.4,3.32,-3.4,-2.09,-129.2,-0.01,1
821,Entry long,2009-05-27,TEST,162.5,1,162.5,5.4,3.32,0,5.4,3.32,-3.4,-2.09,-129.2,-0.01,1
822,Exit long,2009-06-01,Close entry(s) order TEST,172.9,1,170,2.9,1.71,0,5.8,3.41,-2.7,-1.59,-126.3,-0.01,1
822,Entry long,2009-05-29,TEST,170,1,170,2.9,1.71,0,5.8,3.41,-2.7,-1.59,-126.3,-0.01,1
823,Exit long,2009-06-03,Close entry(s) order TEST,205,1,196.4,8.6,4.38,0,8.6,4.38,-13.1,-6.67,-117.7,-0.01,1
823,Entry long,2009-06-02,TEST,196.4,1,196.4,8.6,4.38,0,8.6,4.38,-13.1,-6.67,-117.7,-0.01,1
824,Exit long,2009-06-05,Close entry(s) order TEST,237.9,1,230,7.9,3.43,0,10.4,4.52,-14.7,-6.39,-109.8,-0.01,1
824,Entry long,2009-06-04,TEST,230,1,230,7.9,3.43,0,10.4,4.52,-14.7,-6.39,-109.8,-0.01,1
825,Exit long,2009-06-09,Close entry(s) order TEST,201,1,224.8,-23.8,-10.59,0,6.1,2.71,-27.9,-12.41,-133.6,-0.01,1
825,Entry long,2009-06-08,TEST,224.8,1,224.8,-23.8,-10.59,0,6.1,2.71,-27.9,-12.41,-133.6,-0.01,1
826,Exit long,2009-06-11,Close entry(s) order TEST,218.5,1,222,-3.5,-1.58,0,3.4,1.53,-9.4,-4.23,-137.1,-0.01,1
826,Entry long,2009-06-10,TEST,222,1,222,-3.5,-1.58,0,3.4,1.53,-9.4,-4.23,-137.1,-0.01,1
827,Exit long,2009-06-15,Close entry(s) order TEST,227.7,1,225.7,2,0.89,0,15.2,6.73,-4.4,-1.95,-135.1,-0.01,1
827,Entry long,2009-06-12,TEST,225.7,1,225.7,2,0.89,0,15.2,6.73,-4.4,-1.95,-135.1,-0.01,1
828,Exit long,2009-06-17,Close entry(s) order TEST,217,1,207.5,9.5,4.58,0,13.3,6.41,-6.3,-3.04,-125.6,-0.01,1
828,Entry long,2009-06-16,TEST,207.5,1,207.5,9.5,4.58,0,13.3,6.41,-6.3,-3.04,-125.6,-0.01,1
829,Exit long,2009-06-19,Close entry(s) order TEST,196.9,1,201,-4.1,-2.04,0,5.9,2.94,-18.9,-9.40,-129.7,-0.01,1
829,Entry long,2009-06-18,TEST,201,1,201,-4.1,-2.04,0,5.9,2.94,-18.9,-9.40,-129.7,-0.01,1
830,Exit long,2009-06-23,Close entry(s) order TEST,192.6,1,210,-17.4,-8.29,0,0,0.00,-17.4,-8.29,-147.1,-0.01,1
830,Entry long,2009-06-22,TEST,210,1,210,-17.4,-8.29,0,0,0.00,-17.4,-8.29,-147.1,-0.01,1
831,Exit long,2009-06-25,Close entry(s) order TEST,219.8,1,202.6,17.2,8.49,0,17.2,8.49,-8.5,-4.20,-129.9,-0.01,1
831,Entry long,2009-06-24,TEST,202.6,1,202.6,17.2,8.49,0,17.2,8.49,-8.5,-4.20,-129.9,-0.01,1
832,Exit long,2009-06-29,Close entry(s) order TEST,205.9,1,208.9,-3,-1.44,0,0,0.00,-8.4,-4.02,-132.9,-0.01,1
832,Entry long,2009-06-26,TEST,208.9,1,208.9,-3,-1.44,0,0,0.00,-8.4,-4.02,-132.9,-0.01,1
833,Exit long,2009-07-01,Close entry(s) order TEST,193,1,214.8,-21.8,-10.15,0,0.1,0.05,-24.8,-11.55,-154.7,-0.02,1
833,Entry long,2009-06-30,TEST,214.8,1,214.8,-21.8,-10.15,0,0.1,0.05,-24.8,-11.55,-154.7,-0.02,1
834,Exit long,2009-07-03,Close entry(s) order TEST,194.1,1,204,-9.9,-4.85,0,0.4,0.20,-10.4,-5.10,-164.6,-0.02,1
834,Entry long,2009-07-02,TEST,204,1,204,-9.9,-4.85,0,0.4,0.20,-10.4,-5.10,-164.6,-0.02,1
835,Exit long,2009-07-07,Close entry(s) order TEST,186.2,1,198.3,-12.1,-6.10,0,1.4,0.71,-15.2,-7.67,-176.7,-0.02,1
835,Entry long,2009-07-06,TEST,198.3,1,198.3,-12.1,-6.10,0,1.4,0.71,-15.2,-7.67,-176.7,-0.02,1
836,Exit long,2009-07-09,Close entry(s) order TEST,186.4,1,192,-5.6,-2.92,0,0.9,0.47,-10,-5.21,-182.3,-0.02,1
836,Entry long,2009-07-08,TEST,192,1,192,-5.6,-2.92,0,0.9,0.47,-10,-5.21,-182.3,-0.02,1
837,Exit long,2009-07-13,Close entry(s) order TEST,178.6,1,195.7,-17.1,-8.74,0,0.8,0.41,-17.1,-8.74,-199.4,-0.02,1
837,Entry long,2009-07-10,TEST,195.7,1,195.7,-17.1,-8.74,0,0.8,0.41,-17.1,-8.74,-199.4,-0.02,1
838,Exit long,2009-07-15,Close entry(s) order TEST,188,1,178.1,9.9,5.56,0,9.9,5.56,-1.4,-0.79,-189.5,-0.02,1
838,Entry long,2009-07-14,TEST,178.1,1,178.1,9.9,5.56,0,9.9,5.56,-1.4,-0.79,-189.5,-0.02,1
839,Exit long,2009-07-17,Close entry(s) order TEST,201,1,209.4,-8.4,-4.01,0,0,0.00,-15.1,-7.21,-197.9,-0.02,1
839,Entry long,2009-07-16,TEST,209.4,1,209.4,-8.4,-4.01,0,0,0.00,-15.1,-7.21,-197.9,-0.02,1
840,Exit long,2009-07-21,Close entry(s) order TEST,196,1,204.9,-8.9,-4.34,0,0,0.00,-11.1,-5.42,-206.8,-0.02,1
840,Entry long,2009-07-20,TEST,204.9,1,204.9,-8.9,-4.34,0,0,0.00,-11.1,-5.42,-206.8,-0.02,1
841,Exit long,2009-07-23,Close entry(s) order TEST,201.1,1,193.4,7.7,3.98,0,13.2,6.83,0,0.00,-199.1,-0.02,1
841,Entry long,2009-07-22,TEST,193.4,1,193.4,7.7,3.98,0,13.2,6.83,0,0.00,-199.1,-0.02,1
842,Exit long,2009-07-27,Close entry(s) order TEST,215,1,210.1,4.9,2.33,0,4.9,2.33,-4,-1.90,-194.2,-0.02,1
842,Entry long,2009-07-24,TEST,210.1,1,210.1,4.9,2.33,0,4.9,2.33,-4,-1.90,-194.2,-0.02,1
843,Exit long,2009-07-29,Close entry(s) order TEST,227,1,213,14,6.57,0,17,7.98,-2,-0.94,-180.2,-0.02,1
843,Entry long,2009-07-28,TEST,213,1,213,14,6.57,0,17,7.98,-2,-0.94,-180.2,-0.02,1
844,Exit long,2009-07-31,Close entry(s) order TEST,230.7,1,227.1,3.6,1.59,0,12.8,5.64,-1.5,-0.66,-176.6,-0.02,1
844,Entry long,2009-07-30,TEST,227.1,1,227.1,3.6,1.59,0,12.8,5.64,-1.5,-0.66,-176.6,-0.02,1
845,Exit long,2009-08-04,Close entry(s) order TEST,232.4,1,228.4,4,1.75,0,4,1.75,-7.3,-3.20,-172.6,-0.02,1
845,Entry long,2009-08-03,TEST,228.4,1,228.4,4,1.75,0,4,1.75,-7.3,-3.20,-172.6,-0.02,1
846,Exit long,2009-08-06,Close entry(s) order TEST,225.6,1,229,-3.4,-1.48,0,0.9,0.39,-6.6,-2.88,-176,-0.02,1
846,Entry long,2009-08-05,TEST,229,1,229,-3.4,-1.48,0,0.9,0.39,-6.6,-2.88,-176,-0.02,1
847,Exit long,2009-08-10,Close entry(s) order TEST,215.9,1,220.9,-5,-2.26,0,2.6,1.18,-10.9,-4.93,-181,-0.02,1
847,Entry long,2009-08-07,TEST,220.9,1,220.9,-5,-2.26,0,2.6,1.18,-10.9,-4.93,-181,-0.02,1
848,Exit long,2009-08-12,Close entry(s) order TEST,213.3,1,206.6,6.7,3.24,0,9.6,4.65,-3.1,-1.50,-174.3,-0.02,1
848,Entry long,2009-08-11,TEST,206.6,1,206.6,6.7,3.24,0,9.6,4.65,-3.1,-1.50,-174.3,-0.02,1
849,Exit long,2009-08-14,Close entry(s) order TEST,221.5,1,216,5.5,2.55,0,6.3,2.92,-2.3,-1.06,-168.8,-0.02,1
849,Entry long,2009-08-13,TEST,216,1,216,5.5,2.55,0,6.3,2.92,-2.3,-1.06,-168.8,-0.02,1
850,Exit long,2009-08-18,Close entry(s) order TEST,200,1,207.3,-7.3,-3.52,0,7.2,3.47,-7.3,-3.52,-176.1,-0.02,1
850,Entry long,2009-08-17,TEST,207.3,1,207.3,-7.3,-3.52,0,7.2,3.47,-7.3,-3.52,-176.1,-0.02,1
851,Exit long,2009-08-20,Close entry(s) order TEST,207,1,211.6,-4.6,-2.17,0,1.8,0.85,-8.3,-3.92,-180.7,-0.02,1
851,Entry long,2009-08-19,TEST,211.6,1,211.6,-4.6,-2.17,0,1.8,0.85,-8.3,-3.92,-180.7,-0.02,1
852,Exit long,2009-08-24,Close entry(s) order TEST,224,1,214.3,9.7,4.53,0,9.7,4.53,-4.9,-2.29,-171,-0.02,1
852,Entry long,2009-08-21,TEST,214.3,1,214.3,9.7,4.53,0,9.7,4.53,-4.9,-2.29,-171,-0.02,1
853,Exit long,2009-08-26,Close entry(s) order TEST,233.6,1,226,7.6,3.36,0,7.6,3.36,-1.8,-0.80,-163.4,-0.02,1
853,Entry long,2009-08-25,TEST,226,1,226,7.6,3.36,0,7.6,3.36,-1.8,-0.80,-163.4,-0.02,1
854,Exit long,2009-08-28,Close entry(s) order TEST,246,1,236.1,9.9,4.19,0,13.7,5.80,-3.5,-1.48,-153.5,-0.02,1
854,Entry long,2009-08-27,TEST,236.1,1,236.1,9.9,4.19,0,13.7,5.80,-3.5,-1.48,-153.5,-0.02,1
855,Exit long,2009-09-01,Close entry(s) order TEST,235,1,240.1,-5.1,-2.12,0,2.7,1.12,-9.9,-4.12,-158.6,-0.02,1
855,Entry long,2009-08-31,TEST,240.1,1,240.1,-5.1,-2.12,0,2.7,1.12,-9.9,-4.12,-158.6,-0.02,1
856,Exit long,2009-09-03,Close entry(s) order TEST,229,1,230.9,-1.9,-0.82,0,2.8,1.21,-5.3,-2.30,-160.5,-0.02,1
856,Entry long,2009-09-02,TEST,230.9,1,230.9,-1.9,-0.82,0,2.8,1.21,-5.3,-2.30,-160.5,-0.02,1
857,Exit long,2009-09-07,Close entry(s) order TEST,243,1,232.5,10.5,4.52,0,10.5,4.52,-5,-2.15,-150,-0.01,1
857,Entry long,2009-09-04,TEST,232.5,1,232.5,10.5,4.52,0,10.5,4.52,-5,-2.15,-150,-0.01,1
858,Exit long,2009-09-09,Close entry(s) order TEST,248,1,257,-9,-3.50,0,1,0.39,-10.5,-4.09,-159,-0.02,1
858,Entry long,2009-09-08,TEST,257,1,257,-9,-3.50,0,1,0.39,-10.5,-4.09,-159,-0.02,1
859,Exit long,2009-09-11,Close entry(s) order TEST,250.1,1,249.5,0.6,0.24,0,7.5,3.01,-2.4,-0.96,-158.4,-0.02,1
859,Entry long,2009-09-10,TEST,249.5,1,249.5,0.6,0.24,0,7.5,3.01,-2.4,-0.96,-158.4,-0.02,1
860,Exit long,2009-09-15,Close entry(s) order TEST,248,1,248,0,0.00,0,2.4,0.97,-5,-2.02,-158.4,-0.02,1
860,Entry long,2009-09-14,TEST,248,1,248,0,0.00,0,2.4,0.97,-5,-2.02,-158.4,-0.02,1
861,Exit long,2009-09-17,Close entry(s) order TEST,261,1,257,4,1.56,0,5.4,2.10,-3,-1.17,-154.4,-0.02,1
861,Entry long,2009-09-16,TEST,257,1,257,4,1.56,0,5.4,2.10,-3,-1.17,-154.4,-0.02,1
862,Exit long,2009-09-22,Close entry(s) order TEST,271,1,265.4,5.6,2.11,0,7.1,2.68,-3.9,-1.47,-148.8,-0.01,1
862,Entry long,2009-09-18,TEST,265.4,1,265.4,5.6,2.11,0,7.1,2.68,-3.9,-1.47,-148.8,-0.01,1
863,Exit long,2009-09-24,Close entry(s) order TEST,262,1,277,-15,-5.42,0,0,0.00,-15.6,-5.63,-163.8,-0.02,1
863,Entry long,2009-09-23,TEST,277,1,277,-15,-5.42,0,0,0.00,-15.6,-5.63,-163.8,-0.02,1
864,Exit long,2009-09-29,Close entry(s) order TEST,261,1,259,2,0.77,0,3.8,1.47,-8.4,-3.24,-161.8,-0.02,1
864,Entry long,2009-09-25,TEST,259,1,259,2,0.77,0,3.8,1.47,-8.4,-3.24,-161.8,-0.02,1
865,Exit long,2009-10-01,Close entry(s) order TEST,260,1,255.9,4.1,1.60,0,5.4,2.11,-1,-0.39,-157.7,-0.02,1
865,Entry long,2009-09-30,TEST,255.9,1,255.9,4.1,1.60,0,5.4,2.11,-1,-0.39,-157.7,-0.02,1
866,Exit long,2009-10-06,Close entry(s) order TEST,264.8,1,259.7,5.1,1.96,0,7.3,2.81,-3.7,-1.42,-152.6,-0.02,1
866,Entry long,2009-10-05,TEST,259.7,1,259.7,5.1,1.96,0,7.3,2.81,-3.7,-1.42,-152.6,-0.02,1
867,Exit long,2009-10-08,Close entry(s) order TEST,274,1,264,10,3.79,0,10,3.79,-1,-0.38,-142.6,-0.01,1
867,Entry long,2009-10-07,TEST,264,1,264,10,3.79,0,10,3.79,-1,-0.38,-142.6,-0.01,1
868,Exit long,2009-10-12,Close entry(s) order TEST,269.1,1,275,-5.9,-2.15,0,4,1.45,-10.5,-3.82,-148.5,-0.01,1
868,Entry long,2009-10-09,TEST,275,1,275,-5.9,-2.15,0,4,1.45,-10.5,-3.82,-148.5,-0.01,1
869,Exit long,2009-10-15,Close entry(s) order TEST,282,1,278.8,3.2,1.15,0,3.8,1.36,-3.4,-1.22,-145.3,-0.01,1
869,Entry long,2009-10-14,TEST,278.8,1,278.8,3.2,1.15,0,3.8,1.36,-3.4,-1.22,-145.3,-0.01,1
870,Exit long,2009-10-20,Close entry(s) order TEST,283,1,280,3,1.07,0,3,1.07,-3,-1.07,-142.3,-0.01,1
870,Entry long,2009-10-16,TEST,280,1,280,3,1.07,0,3,1.07,-3,-1.07,-142.3,-0.01,1
871,Exit long,2009-10-22,Close entry(s) order TEST,275.9,1,284.9,-9,-3.16,0,1.8,0.63,-11.9,-4.18,-151.3,-0.02,1
871,Entry long,2009-10-21,TEST,284.9,1,284.9,-9,-3.16,0,1.8,0.63,-11.9,-4.18,-151.3,-0.02,1
872,Exit long,2009-10-26,Close entry(s) order TEST,281.3,1,272,9.3,3.42,0,10,3.68,0,0.00,-142,-0.01,1
872,Entry long,2009-10-23,TEST,272,1,272,9.3,3.42,0,10,3.68,0,0.00,-142,-0.01,1
873,Exit long,2009-10-28,Close entry(s) order TEST,266.1,1,281,-14.9,-5.30,0,2.4,0.85,-14.9,-5.30,-156.9,-0.02,1
873,Entry long,2009-10-27,TEST,281,1,281,-14.9,-5.30,0,2.4,0.85,-14.9,-5.30,-156.9,-0.02,1
874,Exit long,2009-10-30,Close entry(s) order TEST,260,1,262.1,-2.1,-0.80,0,2.6,0.99,-11.1,-4.24,-159,-0.02,1
874,Entry long,2009-10-29,TEST,262.1,1,262.1,-2.1,-0.80,0,2.6,0.99,-11.1,-4.24,-159,-0.02,1
875,Exit long,2009-11-04,Close entry(s) order TEST,251,1,255.9,-4.9,-1.91,0,5.1,1.99,-12.4,-4.85,-163.9,-0.02,1
875,Entry long,2009-11-03,TEST,255.9,1,255.9,-4.9,-1.91,0,5.1,1.99,-12.4,-4.85,-163.9,-0.02,1
876,Exit long,2009-11-06,Close entry(s) order TEST,268,1,259,9,3.47,0,9,3.47,-3.9,-1.51,-154.9,-0.02,1
876,Entry long,2009-11-05,TEST,259,1,259,9,3.47,0,9,3.47,-3.9,-1.51,-154.9,-0.02,1
877,Exit long,2009-11-10,Close entry(s) order TEST,281,1,282,-1,-0.35,0,0,0.00,-9.7,-3.44,-155.9,-0.02,1
877,Entry long,2009-11-09,TEST,282,1,282,-1,-0.35,0,0,0.00,-9.7,-3.44,-155.9,-0.02,1
878,Exit long,2009-11-12,Close entry(s) order TEST,285,1,277,8,2.89,0,9.8,3.54,-4,-1.44,-147.9,-0.01,1
878,Entry long,2009-11-11,TEST,277,1,277,8,2.89,0,9.8,3.54,-4,-1.44,-147.9,-0.01,1
879,Exit long,2009-11-16,Close entry(s) order TEST,284.6,1,277,7.6,2.74,0,7.6,2.74,0,0.00,-140.3,-0.01,1
879,Entry long,2009-11-13,TEST,277,1,277,7.6,2.74,0,7.6,2.74,0,0.00,-140.3,-0.01,1
880,Exit long,2009-11-18,Close entry(s) order TEST,284,1,290,-6,-2.07,0,4.8,1.66,-8.9,-3.07,-146.3,-0.01,1
880,Entry long,2009-11-17,TEST,290,1,290,-6,-2.07,0,4.8,1.66,-8.9,-3.07,-146.3,-0.01,1
881,Exit long,2009-11-20,Close entry(s) order TEST,289.7,1,285.9,3.8,1.33,0,10.4,3.64,-0.9,-0.31,-142.5,-0.01,1
881,Entry long,2009-11-19,TEST,285.9,1,285.9,3.8,1.33,0,10.4,3.64,-0.9,-0.31,-142.5,-0.01,1
882,Exit long,2009-11-24,Close entry(s) order TEST,280,1,286.4,-6.4,-2.23,0,0,0.00,-8.8,-3.07,-148.9,-0.01,1
882,Entry long,2009-11-23,TEST,286.4,1,286.4,-6.4,-2.23,0,0,0.00,-8.8,-3.07,-148.9,-0.01,1
883,Exit long,2009-11-26,Close entry(s) order TEST,280,1,279.4,0.6,0.21,0,4.3,1.54,-12.9,-4.62,-148.3,-0.01,1
883,Entry long,2009-11-25,TEST,279.4,1,279.4,0.6,0.21,0,4.3,1.54,-12.9,-4.62,-148.3,-0.01,1
884,Exit long,2009-11-30,Close entry(s) order TEST,272,1,268,4,1.49,0,4,1.49,-10.9,-4.07,-144.3,-0.01,1
884,Entry long,2009-11-27,TEST,268,1,268,4,1.49,0,4,1.49,-10.9,-4.07,-144.3,-0.01,1
885,Exit long,2009-12-02,Close entry(s) order TEST,281.8,1,279,2.8,1.00,0,2.8,1.00,-1.3,-0.47,-141.5,-0.01,1
885,Entry long,2009-12-01,TEST,279,1,279,2.8,1.00,0,2.8,1.00,-1.3,-0.47,-141.5,-0.01,1
886,Exit long,2009-12-04,Close entry(s) order TEST,277.3,1,280.9,-3.6,-1.28,0,0.1,0.04,-3.9,-1.39,-145.1,-0.01,1
886,Entry long,2009-12-03,TEST,280.9,1,280.9,-3.6,-1.28,0,0.1,0.04,-3.9,-1.39,-145.1,-0.01,1
887,Exit long,2009-12-08,Close entry(s) order TEST,273,1,278,-5,-1.80,0,2,0.72,-7.3,-2.63,-150.1,-0.02,1
887,Entry long,2009-12-07,TEST,278,1,278,-5,-1.80,0,2,0.72,-7.3,-2.63,-150.1,-0.02,1
888,Exit long,2009-12-10,Close entry(s) order TEST,271,1,280,-9,-3.21,0,0,0.00,-10.5,-3.75,-159.1,-0.02,1
888,Entry long,2009-12-09,TEST,280,1,280,-9,-3.21,0,0,0.00,-10.5,-3.75,-159.1,-0.02,1
889,Exit long,2009-12-14,Close entry(s) order TEST,275,1,271,4,1.48,0,4,1.48,-4.7,-1.73,-155.1,-0.02,1
889,Entry long,2009-12-11,TEST,271,1,271,4,1.48,0,4,1.48,-4.7,-1.73,-155.1,-0.02,1
890,Exit long,2009-12-16,Close entry(s) order TEST,261.8,1,268,-6.2,-2.31,0,0,0.00,-8.9,-3.32,-161.3,-0.02,1
890,Entry long,2009-12-15,TEST,268,1,268,-6.2,-2.31,0,0,0.00,-8.9,-3.32,-161.3,-0.02,1
891,Exit long,2009-12-18,Close entry(s) order TEST,261,1,261,0,0.00,0,2.8,1.07,-1.3,-0.50,-161.3,-0.02,1
891,Entry long,2009-12-17,TEST,261,1,261,0,0.00,0,2.8,1.07,-1.3,-0.50,-161.3,-0.02,1
892,Exit long,2009-12-22,Close entry(s) order TEST,259.6,1,261,-1.4,-0.54,0,2,0.77,-4,-1.53,-162.7,-0.02,1
892,Entry long,2009-12-21,TEST,261,1,261,-1.4,-0.54,0,2,0.77,-4,-1.53,-162.7,-0.02,1
893,Exit long,2009-12-24,Close entry(s) order TEST,268,1,264.8,3.2,1.21,0,3.2,1.21,-1.8,-0.68,-159.5,-0.02,1
893,Entry long,2009-12-23,TEST,264.8,1,264.8,3.2,1.21,0,3.2,1.21,-1.8,-0.68,-159.5,-0.02,1
894,Exit long,2009-12-30,Close entry(s) order TEST,273,1,268.2,4.8,1.79,0,5.3,1.98,-0.9,-0.34,-154.7,-0.02,1
894,Entry long,2009-12-29,TEST,268.2,1,268.2,4.8,1.79,0,5.3,1.98,-0.9,-0.34,-154.7,-0.02,1
895,Exit long,2010-01-04,Close entry(s) order TEST,270.8,1,271.5,-0.7,-0.26,0,0.9,0.33,-3,-1.10,-155.4,-0.02,1
895,Entry long,2009-12-31,TEST,271.5,1,271.5,-0.7,-0.26,0,0.9,0.33,-3,-1.10,-155.4,-0.02,1
896,Exit long,2010-01-06,Close entry(s) order TEST,276.2,1,279,-2.8,-1.00,0,2,0.72,-3.8,-1.36,-158.2,-0.02,1
896,Entry long,2010-01-05,TEST,279,1,279,-2.8,-1.00,0,2,0.72,-3.8,-1.36,-158.2,-0.02,1
897,Exit long,2010-01-08,Close entry(s) order TEST,276.3,1,277.1,-0.8,-0.29,0,0.4,0.14,-3.6,-1.30,-159,-0.02,1
897,Entry long,2010-01-07,TEST,277.1,1,277.1,-0.8,-0.29,0,0.4,0.14,-3.6,-1.30,-159,-0.02,1
898,Exit long,2010-01-12,Close entry(s) order TEST,286,1,284,2,0.70,0,2.7,0.95,-2.9,-1.02,-157,-0.02,1
898,Entry long,2010-01-11,TEST,284,1,284,2,0.70,0,2.7,0.95,-2.9,-1.02,-157,-0.02,1
899,Exit long,2010-01-14,Close entry(s) order TEST,284,1,275.2,8.8,3.20,0,8.8,3.20,-2.1,-0.76,-148.2,-0.01,1
899,Entry long,2010-01-13,TEST,275.2,1,275.2,8.8,3.20,0,8.8,3.20,-2.1,-0.76,-148.2,-0.01,1
900,Exit long,2010-01-18,Close entry(s) order TEST,278.7,1,281.8,-3.1,-1.10,0,1.6,0.57,-5.4,-1.92,-151.3,-0.02,1
900,Entry long,2010-01-15,TEST,281.8,1,281.8,-3.1,-1.10,0,1.6,0.57,-5.4,-1.92,-151.3,-0.02,1
901,Exit long,2010-01-20,Close entry(s) order TEST,282,1,280,2,0.71,0,4.9,1.75,-0.5,-0.18,-149.3,-0.01,1
901,Entry long,2010-01-19,TEST,280,1,280,2,0.71,0,4.9,1.75,-0.5,-0.18,-149.3,-0.01,1
902,Exit long,2010-01-22,Close entry(s) order TEST,264.5,1,280,-15.5,-5.54,0,2,0.71,-16,-5.71,-164.8,-0.02,1
902,Entry long,2010-01-21,TEST,280,1,280,-15.5,-5.54,0,2,0.71,-16,-5.71,-164.8,-0.02,1
903,Exit long,2010-01-27,Close entry(s) order TEST,269,1,265.2,3.8,1.43,0,8.7,3.28,-6.1,-2.30,-161,-0.02,1
903,Entry long,2010-01-25,TEST,265.2,1,265.2,3.8,1.43,0,8.7,3.28,-6.1,-2.30,-161,-0.02,1
904,Exit long,2010-01-29,Close entry(s) order TEST,257.9,1,258.5,-0.6,-0.23,0,5.4,2.09,-6.3,-2.44,-161.6,-0.02,1
904,Entry long,2010-01-28,TEST,258.5,1,258.5,-0.6,-0.23,0,5.4,2.09,-6.3,-2.44,-161.6,-0.02,1
905,Exit long,2010-02-02,Close entry(s) order TEST,265.3,1,260.1,5.2,2.00,0,5.2,2.00,-5,-1.92,-156.4,-0.02,1
905,Entry long,2010-02-01,TEST,260.1,1,260.1,5.2,2.00,0,5.2,2.00,-5,-1.92,-156.4,-0.02,1
906,Exit long,2010-02-04,Close entry(s) order TEST,265.8,1,262,3.8,1.45,0,5,1.91,-5.4,-2.06,-152.6,-0.02,1
906,Entry long,2010-02-03,TEST,262,1,262,3.8,1.45,0,5,1.91,-5.4,-2.06,-152.6,-0.02,1
907,Exit long,2010-02-08,Close entry(s) order TEST,251,1,255,-4,-1.57,0,0,0.00,-15.9,-6.24,-156.6,-0.02,1
907,Entry long,2010-02-05,TEST,255,1,255,-4,-1.57,0,0,0.00,-15.9,-6.24,-156.6,-0.02,1
908,Exit long,2010-02-10,Close entry(s) order TEST,248.5,1,242.1,6.4,2.64,0,6.4,2.64,-1.7,-0.70,-150.2,-0.02,1
908,Entry long,2010-02-09,TEST,242.1,1,242.1,6.4,2.64,0,6.4,2.64,-1.7,-0.70,-150.2,-0.02,1
909,Exit long,2010-02-15,Close entry(s) order TEST,240.7,1,243.9,-3.2,-1.31,0,1.9,0.78,-5.8,-2.38,-153.4,-0.02,1
909,Entry long,2010-02-11,TEST,243.9,1,243.9,-3.2,-1.31,0,1.9,0.78,-5.8,-2.38,-153.4,-0.02,1
910,Exit long,2010-02-17,Close entry(s) order TEST,246,1,240.8,5.2,2.16,0,5.2,2.16,-3.7,-1.54,-148.2,-0.01,1
910,Entry long,2010-02-16,TEST,240.8,1,240.8,5.2,2.16,0,5.2,2.16,-3.7,-1.54,-148.2,-0.01,1
911,Exit long,2010-02-19,Close entry(s) order TEST,246,1,253,-7,-2.77,0,0,0.00,-8.7,-3.44,-155.2,-0.02,1
911,Entry long,2010-02-18,TEST,253,1,253,-7,-2.77,0,0,0.00,-8.7,-3.44,-155.2,-0.02,1
912,Exit long,2010-02-23,Close entry(s) order TEST,234.5,1,242.1,-7.6,-3.14,0,1.4,0.58,-10.8,-4.46,-162.8,-0.02,1
912,Entry long,2010-02-22,TEST,242.1,1,242.1,-7.6,-3.14,0,1.4,0.58,-10.8,-4.46,-162.8,-0.02,1
913,Exit long,2010-02-25,Close entry(s) order TEST,230,1,230,0,0.00,0,7.9,3.43,-1.9,-0.83,-162.8,-0.02,1
913,Entry long,2010-02-24,TEST,230,1,230,0,0.00,0,7.9,3.43,-1.9,-0.83,-162.8,-0.02,1
914,Exit long,2010-03-02,Close entry(s) order TEST,241.7,1,240.9,0.8,0.33,0,4.8,1.99,-4.8,-1.99,-162,-0.02,1
914,Entry long,2010-02-26,TEST,240.9,1,240.9,0.8,0.33,0,4.8,1.99,-4.8,-1.99,-162,-0.02,1
915,Exit long,2010-03-04,Close entry(s) order TEST,257.7,1,251,6.7,2.67,0,11.9,4.74,-0.1,-0.04,-155.3,-0.02,1
915,Entry long,2010-03-03,TEST,251,1,251,6.7,2.67,0,11.9,4.74,-0.1,-0.04,-155.3,-0.02,1
916,Exit long,2010-03-08,Close entry(s) order TEST,268.5,1,262,6.5,2.48,0,6.5,2.48,-0.7,-0.27,-148.8,-0.01,1
916,Entry long,2010-03-05,TEST,262,1,262,6.5,2.48,0,6.5,2.48,-0.7,-0.27,-148.8,-0.01,1
917,Exit long,2010-03-10,Close entry(s) order TEST,265.8,1,265,0.8,0.30,0,6,2.26,-4.9,-1.85,-148,-0.01,1
917,Entry long,2010-03-09,TEST,265,1,265,0.8,0.30,0,6,2.26,-4.9,-1.85,-148,-0.01,1
918,Exit long,2010-03-12,Close entry(s) order TEST,264,1,264,0,0.00,0,4.3,1.63,-2.2,-0.83,-148,-0.01,1
918,Entry long,2010-03-11,TEST,264,1,264,0,0.00,0,4.3,1.63,-2.2,-0.83,-148,-0.01,1
919,Exit long,2010-03-16,Close entry(s) order TEST,255.1,1,262,-6.9,-2.63,0,5.4,2.06,-6.9,-2.63,-154.9,-0.02,1
919,Entry long,2010-03-15,TEST,262,1,262,-6.9,-2.63,0,5.4,2.06,-6.9,-2.63,-154.9,-0.02,1
920,Exit long,2010-03-18,Close entry(s) order TEST,270.4,1,268.8,1.6,0.60,0,1.6,0.60,-4.4,-1.64,-153.3,-0.02,1
920,Entry long,2010-03-17,TEST,268.8,1,268.8,1.6,0.60,0,1.6,0.60,-4.4,-1.64,-153.3,-0.02,1
921,Exit long,2010-03-22,Close entry(s) order TEST,279.9,1,282,-2.1,-0.74,0,2.9,1.03,-7.4,-2.62,-155.4,-0.02,1
921,Entry long,2010-03-19,TEST,282,1,282,-2.1,-0.74,0,2.9,1.03,-7.4,-2.62,-155.4,-0.02,1
922,Exit long,2010-03-25,Close entry(s) order TEST,279,1,283,-4,-1.41,0,0,0.00,-9.7,-3.43,-159.4,-0.02,1
922,Entry long,2010-03-23,TEST,283,1,283,-4,-1.41,0,0,0.00,-9.7,-3.43,-159.4,-0.02,1
923,Exit long,2010-03-29,Close entry(s) order TEST,282.4,1,283.7,-1.3,-0.46,0,0,0.00,-7.6,-2.68,-160.7,-0.02,1
923,Entry long,2010-03-26,TEST,283.7,1,283.7,-1.3,-0.46,0,0,0.00,-7.6,-2.68,-160.7,-0.02,1
924,Exit long,2010-03-31,Close entry(s) order TEST,276.3,1,278,-1.7,-0.61,0,0,0.00,-4.6,-1.65,-162.4,-0.02,1
924,Entry long,2010-03-30,TEST,278,1,278,-1.7,-0.61,0,0,0.00,-4.6,-1.65,-162.4,-0.02,1
925,Exit long,2010-04-05,Close entry(s) order TEST,280,1,275,5,1.82,0,5,1.82,-0.9,-0.33,-157.4,-0.02,1
925,Entry long,2010-04-01,TEST,275,1,275,5,1.82,0,5,1.82,-0.9,-0.33,-157.4,-0.02,1
926,Exit long,2010-04-07,Close entry(s) order TEST,294,1,288,6,2.08,0,6,2.08,-3.4,-1.18,-151.4,-0.02,1
926,Entry long,2010-04-06,TEST,288,1,288,6,2.08,0,6,2.08,-3.4,-1.18,-151.4,-0.02,1
927,Exit long,2010-04-09,Close entry(s) order TEST,278.6,1,292,-13.4,-4.59,0,0.9,0.31,-24,-8.22,-164.8,-0.02,1
927,Entry long,2010-04-08,TEST,292,1,292,-13.4,-4.59,0,0.9,0.31,-24,-8.22,-164.8,-0.02,1
928,Exit long,2010-04-13,Close entry(s) order TEST,277.5,1,284.8,-7.3,-2.56,0,0,0.00,-7.5,-2.63,-172.1,-0.02,1
928,Entry long,2010-04-12,TEST,284.8,1,284.8,-7.3,-2.56,0,0,0.00,-7.5,-2.63,-172.1,-0.02,1
929,Exit long,2010-04-16,Close entry(s) order TEST,278.1,1,284.5,-6.4,-2.25,0,1.9,0.67,-6.4,-2.25,-178.5,-0.02,1
929,Entry long,2010-04-15,TEST,284.5,1,284.5,-6.4,-2.25,0,1.9,0.67,-6.4,-2.25,-178.5,-0.02,1
930,Exit long,2010-04-20,Close entry(s) order TEST,265,1,268,-3,-1.12,0,0,0.00,-7.6,-2.84,-181.5,-0.02,1
930,Entry long,2010-04-19,TEST,268,1,268,-3,-1.12,0,0,0.00,-7.6,-2.84,-181.5,-0.02,1
931,Exit long,2010-04-22,Close entry(s) order TEST,270,1,269,1,0.37,0,4.3,1.60,-1.7,-0.63,-180.5,-0.02,1
931,Entry long,2010-04-21,TEST,269,1,269,1,0.37,0,4.3,1.60,-1.7,-0.63,-180.5,-0.02,1
932,Exit long,2010-04-26,Close entry(s) order TEST,272,1,269.9,2.1,0.78,0,2.1,0.78,-4.6,-1.70,-178.4,-0.02,1
932,Entry long,2010-04-23,TEST,269.9,1,269.9,2.1,0.78,0,2.1,0.78,-4.6,-1.70,-178.4,-0.02,1
933,Exit long,2010-04-28,Close entry(s) order TEST,270,1,274.8,-4.8,-1.75,0,3.2,1.16,-5.8,-2.11,-183.2,-0.02,1
933,Entry long,2010-04-27,TEST,274.8,1,274.8,-4.8,-1.75,0,3.2,1.16,-5.8,-2.11,-183.2,-0.02,1
934,Exit long,2010-04-30,Close entry(s) order TEST,271.9,1,266,5.9,2.22,0,5.9,2.22,-1.1,-0.41,-177.3,-0.02,1
934,Entry long,2010-04-29,TEST,266,1,266,5.9,2.22,0,5.9,2.22,-1.1,-0.41,-177.3,-0.02,1
935,Exit long,2010-05-04,Close entry(s) order TEST,272.5,1,269,3.5,1.30,0,4.9,1.82,-2.5,-0.93,-173.8,-0.02,1
935,Entry long,2010-05-03,TEST,269,1,269,3.5,1.30,0,4.9,1.82,-2.5,-0.93,-173.8,-0.02,1
936,Exit long,2010-05-06,Close entry(s) order TEST,268.3,1,265.5,2.8,1.05,0,5.5,2.07,-6.9,-2.60,-171,-0.02,1
936,Entry long,2010-05-05,TEST,265.5,1,265.5,2.8,1.05,0,5.5,2.07,-6.9,-2.60,-171,-0.02,1
937,Exit long,2010-05-10,Close entry(s) order TEST,261.5,1,266.9,-5.4,-2.02,0,0,0.00,-12.4,-4.65,-176.4,-0.02,1
937,Entry long,2010-05-07,TEST,266.9,1,266.9,-5.4,-2.02,0,0,0.00,-12.4,-4.65,-176.4,-0.02,1
938,Exit long,2010-05-12,Close entry(s) order TEST,261.1,1,271,-9.9,-3.65,0,0,0.00,-9.9,-3.65,-186.3,-0.02,1
938,Entry long,2010-05-11,TEST,271,1,271,-9.9,-3.65,0,0,0.00,-9.9,-3.65,-186.3,-0.02,1
939,Exit long,2010-05-14,Close entry(s) order TEST,264,1,266,-2,-0.75,0,1.8,0.68,-3.5,-1.32,-188.3,-0.02,1
939,Entry long,2010-05-13,TEST,266,1,266,-2,-0.75,0,1.8,0.68,-3.5,-1.32,-188.3,-0.02,1
940,Exit long,2010-05-18,Close entry(s) order TEST,251,1,252,-1,-0.40,0,1.4,0.56,-9,-3.57,-189.3,-0.02,1
940,Entry long,2010-05-17,TEST,252,1,252,-1,-0.40,0,1.4,0.56,-9,-3.57,-189.3,-0.02,1
941,Exit long,2010-05-20,Close entry(s) order TEST,232,1,240.1,-8.1,-3.37,0,6.8,2.83,-21.9,-9.12,-197.4,-0.02,1
941,Entry long,2010-05-19,TEST,240.1,1,240.1,-8.1,-3.37,0,6.8,2.83,-21.9,-9.12,-197.4,-0.02,1
942,Exit long,2010-05-24,Close entry(s) order TEST,239.9,1,225.8,14.1,6.24,0,14.1,6.24,-4.6,-2.04,-183.3,-0.02,1
942,Entry long,2010-05-21,TEST,225.8,1,225.8,14.1,6.24,0,14.1,6.24,-4.6,-2.04,-183.3,-0.02,1
943,Exit long,2010-05-26,Close entry(s) order TEST,220,1,230.1,-10.1,-4.39,0,1.3,0.56,-17.4,-7.56,-193.4,-0.02,1
943,Entry long,2010-05-25,TEST,230.1,1,230.1,-10.1,-4.39,0,1.3,0.56,-17.4,-7.56,-193.4,-0.02,1
944,Exit long,2010-05-28,Close entry(s) order TEST,239.9,1,222.7,17.2,7.72,0,17.2,7.72,-6.1,-2.74,-176.2,-0.02,1
944,Entry long,2010-05-27,TEST,222.7,1,222.7,17.2,7.72,0,17.2,7.72,-6.1,-2.74,-176.2,-0.02,1
945,Exit long,2010-06-01,Close entry(s) order TEST,224.9,1,227,-2.1,-0.93,0,0,0.00,-9.1,-4.01,-178.3,-0.02,1
945,Entry long,2010-05-31,TEST,227,1,227,-2.1,-0.93,0,0,0.00,-9.1,-4.01,-178.3,-0.02,1
946,Exit long,2010-06-03,Close entry(s) order TEST,221.5,1,217,4.5,2.07,0,4.5,2.07,-5.4,-2.49,-173.8,-0.02,1
946,Entry long,2010-06-02,TEST,217,1,217,4.5,2.07,0,4.5,2.07,-5.4,-2.49,-173.8,-0.02,1
947,Exit long,2010-06-07,Close entry(s) order TEST,224.9,1,215.1,9.8,4.56,0,16.3,7.58,0,0.00,-164,-0.02,1
947,Entry long,2010-06-04,TEST,215.1,1,215.1,9.8,4.56,0,16.3,7.58,0,0.00,-164,-0.02,1
948,Exit long,2010-06-09,Close entry(s) order TEST,224,1,227,-3,-1.32,0,1.4,0.62,-9.2,-4.05,-167,-0.02,1
948,Entry long,2010-06-08,TEST,227,1,227,-3,-1.32,0,1.4,0.62,-9.2,-4.05,-167,-0.02,1
949,Exit long,2010-06-11,Close entry(s) order TEST,229,1,223.7,5.3,2.37,0,5.3,2.37,-4.3,-1.92,-161.7,-0.02,1
949,Entry long,2010-06-10,TEST,223.7,1,223.7,5.3,2.37,0,5.3,2.37,-4.3,-1.92,-161.7,-0.02,1
950,Exit long,2010-06-15,Close entry(s) order TEST,241,1,234.9,6.1,2.60,0,6.1,2.60,-3.9,-1.66,-155.6,-0.02,1
950,Entry long,2010-06-14,TEST,234.9,1,234.9,6.1,2.60,0,6.1,2.60,-3.9,-1.66,-155.6,-0.02,1
951,Exit long,2010-06-17,Close entry(s) order TEST,242.6,1,245,-2.4,-0.98,0,0.4,0.16,-5.8,-2.37,-158,-0.02,1
951,Entry long,2010-06-16,TEST,245,1,245,-2.4,-0.98,0,0.4,0.16,-5.8,-2.37,-158,-0.02,1
952,Exit long,2010-06-21,Close entry(s) order TEST,243,1,244,-1,-0.41,0,2.8,1.15,-7.1,-2.91,-159,-0.02,1
952,Entry long,2010-06-18,TEST,244,1,244,-1,-0.41,0,2.8,1.15,-7.1,-2.91,-159,-0.02,1
953,Exit long,2010-06-23,Close entry(s) order TEST,235,1,244,-9,-3.69,0,0,0.00,-9,-3.69,-168,-0.02,1
953,Entry long,2010-06-22,TEST,244,1,244,-9,-3.69,0,0,0.00,-9,-3.69,-168,-0.02,1
954,Exit long,2010-06-25,Close entry(s) order TEST,236.9,1,240.1,-3.2,-1.33,0,2.7,1.12,-7,-2.92,-171.2,-0.02,1
954,Entry long,2010-06-24,TEST,240.1,1,240.1,-3.2,-1.33,0,2.7,1.12,-7,-2.92,-171.2,-0.02,1
955,Exit long,2010-06-29,Close entry(s) order TEST,240,1,237.6,2.4,1.01,0,4.4,1.85,-0.2,-0.08,-168.8,-0.02,1
955,Entry long,2010-06-28,TEST,237.6,1,237.6,2.4,1.01,0,4.4,1.85,-0.2,-0.08,-168.8,-0.02,1
956,Exit long,2010-07-01,Close entry(s) order TEST,232,1,233.1,-1.1,-0.47,0,3.8,1.63,-2.2,-0.94,-169.9,-0.02,1
956,Entry long,2010-06-30,TEST,233.1,1,233.1,-1.1,-0.47,0,3.8,1.63,-2.2,-0.94,-169.9,-0.02,1
957,Exit long,2010-07-05,Close entry(s) order TEST,227.9,1,232.6,-4.7,-2.02,0,0,0.00,-5.3,-2.28,-174.6,-0.02,1
957,Entry long,2010-07-02,TEST,232.6,1,232.6,-4.7,-2.02,0,0,0.00,-5.3,-2.28,-174.6,-0.02,1
958,Exit long,2010-07-07,Close entry(s) order TEST,233.6,1,229,4.6,2.01,0,4.6,2.01,-0.9,-0.39,-170,-0.02,1
958,Entry long,2010-07-06,TEST,229,1,229,4.6,2.01,0,4.6,2.01,-0.9,-0.39,-170,-0.02,1
959,Exit long,2010-07-09,Close entry(s) order TEST,237.7,1,234.9,2.8,1.19,0,4,1.70,-0.9,-0.38,-167.2,-0.02,1
959,Entry long,2010-07-08,TEST,234.9,1,234.9,2.8,1.19,0,4,1.70,-0.9,-0.38,-167.2,-0.02,1
960,Exit long,2010-07-13,Close entry(s) order TEST,243,1,243.3,-0.3,-0.12,0,2.1,0.86,-3.3,-1.36,-167.5,-0.02,1
960,Entry long,2010-07-12,TEST,243.3,1,243.3,-0.3,-0.12,0,2.1,0.86,-3.3,-1.36,-167.5,-0.02,1
961,Exit long,2010-07-15,Close entry(s) order TEST,244.9,1,249.6,-4.7,-1.88,0,0.4,0.16,-5,-2.00,-172.2,-0.02,1
961,Entry long,2010-07-14,TEST,249.6,1,249.6,-4.7,-1.88,0,0.4,0.16,-5,-2.00,-172.2,-0.02,1
962,Exit long,2010-07-19,Close entry(s) order TEST,248.6,1,244.5,4.1,1.68,0,5.6,2.29,-1.4,-0.57,-168.1,-0.02,1
962,Entry long,2010-07-16,TEST,244.5,1,244.5,4.1,1.68,0,5.6,2.29,-1.4,-0.57,-168.1,-0.02,1
963,Exit long,2010-07-21,Close entry(s) order TEST,250,1,245.6,4.4,1.79,0,7.9,3.22,0,0.00,-163.7,-0.02,1
963,Entry long,2010-07-20,TEST,245.6,1,245.6,4.4,1.79,0,7.9,3.22,0,0.00,-163.7,-0.02,1
964,Exit long,2010-07-23,Close entry(s) order TEST,253.4,1,251,2.4,0.96,0,2.4,0.96,-2,-0.80,-161.3,-0.02,1
964,Entry long,2010-07-22,TEST,251,1,251,2.4,0.96,0,2.4,0.96,-2,-0.80,-161.3,-0.02,1
965,Exit long,2010-07-27,Close entry(s) order TEST,245,1,249.9,-4.9,-1.96,0,0.1,0.04,-7.4,-2.96,-166.2,-0.02,1
965,Entry long,2010-07-26,TEST,249.9,1,249.9,-4.9,-1.96,0,0.1,0.04,-7.4,-2.96,-166.2,-0.02,1
966,Exit long,2010-07-29,Close entry(s) order TEST,256,1,249,7,2.81,0,7.4,2.97,0,0.00,-159.2,-0.02,1
966,Entry long,2010-07-28,TEST,249,1,249,7,2.81,0,7.4,2.97,0,0.00,-159.2,-0.02,1
967,Exit long,2010-08-02,Close entry(s) order TEST,248.9,1,247.9,1,0.40,0,4,1.61,-1.6,-0.65,-158.2,-0.02,1
967,Entry long,2010-07-30,TEST,247.9,1,247.9,1,0.40,0,4,1.61,-1.6,-0.65,-158.2,-0.02,1
968,Exit long,2010-08-04,Close entry(s) order TEST,249,1,249,0,0.00,0,3,1.20,-1,-0.40,-158.2,-0.02,1
968,Entry long,2010-08-03,TEST,249,1,249,0,0.00,0,3,1.20,-1,-0.40,-158.2,-0.02,1
969,Exit long,2010-08-06,Close entry(s) order TEST,250,1,247.8,2.2,0.89,0,3.2,1.29,-0.2,-0.08,-156,-0.02,1
969,Entry long,2010-08-05,TEST,247.8,1,247.8,2.2,0.89,0,3.2,1.29,-0.2,-0.08,-156,-0.02,1
970,Exit long,2010-08-10,Close entry(s) order TEST,254,1,251.6,2.4,0.95,0,2.4,0.95,-2.6,-1.03,-153.6,-0.02,1
970,Entry long,2010-08-09,TEST,251.6,1,251.6,2.4,0.95,0,2.4,0.95,-2.6,-1.03,-153.6,-0.02,1
971,Exit long,2010-08-12,Close entry(s) order TEST,244.8,1,251,-6.2,-2.47,0,1.6,0.64,-6.2,-2.47,-159.8,-0.02,1
971,Entry long,2010-08-11,TEST,251,1,251,-6.2,-2.47,0,1.6,0.64,-6.2,-2.47,-159.8,-0.02,1
972,Exit long,2010-08-16,Close entry(s) order TEST,254.9,1,250.1,4.8,1.92,0,4.8,1.92,-2,-0.80,-155,-0.02,1
972,Entry long,2010-08-13,TEST,250.1,1,250.1,4.8,1.92,0,4.8,1.92,-2,-0.80,-155,-0.02,1
973,Exit long,2010-08-18,Close entry(s) order TEST,249.1,1,253.7,-4.6,-1.81,0,0,0.00,-8.1,-3.19,-159.6,-0.02,1
973,Entry long,2010-08-17,TEST,253.7,1,253.7,-4.6,-1.81,0,0,0.00,-8.1,-3.19,-159.6,-0.02,1
974,Exit long,2010-08-20,Close entry(s) order TEST,248.4,1,251.3,-2.9,-1.15,0,2.3,0.92,-4.7,-1.87,-162.5,-0.02,1
974,Entry long,2010-08-19,TEST,251.3,1,251.3,-2.9,-1.15,0,2.3,0.92,-4.7,-1.87,-162.5,-0.02,1
975,Exit long,2010-08-24,Close entry(s) order TEST,247.1,1,250.1,-3,-1.20,0,0,0.00,-3,-1.20,-165.5,-0.02,1
975,Entry long,2010-08-23,TEST,250.1,1,250.1,-3,-1.20,0,0,0.00,-3,-1.20,-165.5,-0.02,1
976,Exit long,2010-08-26,Close entry(s) order TEST,241.4,1,241.3,0.1,0.04,0,4.7,1.95,-3.4,-1.41,-165.4,-0.02,1
976,Entry long,2010-08-25,TEST,241.3,1,241.3,0.1,0.04,0,4.7,1.95,-3.4,-1.41,-165.4,-0.02,1
977,Exit long,2010-08-30,Close entry(s) order TEST,238,1,239,-1,-0.42,0,2.5,1.05,-4.7,-1.97,-166.4,-0.02,1
977,Entry long,2010-08-27,TEST,239,1,239,-1,-0.42,0,2.5,1.05,-4.7,-1.97,-166.4,-0.02,1
978,Exit long,2010-09-01,Close entry(s) order TEST,233.6,1,236,-2.4,-1.02,0,0.4,0.17,-4.4,-1.86,-168.8,-0.02,1
978,Entry long,2010-08-31,TEST,236,1,236,-2.4,-1.02,0,0.4,0.17,-4.4,-1.86,-168.8,-0.02,1
979,Exit long,2010-09-03,Close entry(s) order TEST,248.9,1,241,7.9,3.28,0,7.9,3.28,-2,-0.83,-160.9,-0.02,1
979,Entry long,2010-09-02,TEST,241,1,241,7.9,3.28,0,7.9,3.28,-2,-0.83,-160.9,-0.02,1
980,Exit long,2010-09-07,Close entry(s) order TEST,252,1,246.9,5.1,2.07,0,5.1,2.07,-0.9,-0.36,-155.8,-0.02,1
980,Entry long,2010-09-06,TEST,246.9,1,246.9,5.1,2.07,0,5.1,2.07,-0.9,-0.36,-155.8,-0.02,1
981,Exit long,2010-09-09,Close entry(s) order TEST,258,1,251.1,6.9,2.75,0,7.3,2.91,0,0.00,-148.9,-0.01,1
981,Entry long,2010-09-08,TEST,251.1,1,251.1,6.9,2.75,0,7.3,2.91,0,0.00,-148.9,-0.01,1
982,Exit long,2010-09-14,Close entry(s) order TEST,261.1,1,256.8,4.3,1.67,0,8.2,3.19,-0.7,-0.27,-144.6,-0.01,1
982,Entry long,2010-09-13,TEST,256.8,1,256.8,4.3,1.67,0,8.2,3.19,-0.7,-0.27,-144.6,-0.01,1
983,Exit long,2010-09-16,Close entry(s) order TEST,257.9,1,256.9,1,0.39,0,3,1.17,-0.8,-0.31,-143.6,-0.01,1
983,Entry long,2010-09-15,TEST,256.9,1,256.9,1,0.39,0,3,1.17,-0.8,-0.31,-143.6,-0.01,1
984,Exit long,2010-09-20,Close entry(s) order TEST,256.1,1,253.9,2.2,0.87,0,6.1,2.40,-0.8,-0.32,-141.4,-0.01,1
984,Entry long,2010-09-17,TEST,253.9,1,253.9,2.2,0.87,0,6.1,2.40,-0.8,-0.32,-141.4,-0.01,1
985,Exit long,2010-09-22,Close entry(s) order TEST,253.1,1,256,-2.9,-1.13,0,0.3,0.12,-3.7,-1.45,-144.3,-0.01,1
985,Entry long,2010-09-21,TEST,256,1,256,-2.9,-1.13,0,0.3,0.12,-3.7,-1.45,-144.3,-0.01,1
986,Exit long,2010-09-24,Close entry(s) order TEST,257.4,1,258,-0.6,-0.23,0,2,0.78,-2.7,-1.05,-144.9,-0.01,1
986,Entry long,2010-09-23,TEST,258,1,258,-0.6,-0.23,0,2,0.78,-2.7,-1.05,-144.9,-0.01,1
987,Exit long,2010-09-28,Close entry(s) order TEST,268.5,1,261,7.5,2.87,0,7.5,2.87,-0.7,-0.27,-137.4,-0.01,1
987,Entry long,2010-09-27,TEST,261,1,261,7.5,2.87,0,7.5,2.87,-0.7,-0.27,-137.4,-0.01,1
988,Exit long,2010-09-30,Close entry(s) order TEST,268.9,1,271,-2.1,-0.77,0,0.4,0.15,-7.7,-2.84,-139.5,-0.01,1
988,Entry long,2010-09-29,TEST,271,1,271,-2.1,-0.77,0,0.4,0.15,-7.7,-2.84,-139.5,-0.01,1
989,Exit long,2010-10-04,Close entry(s) order TEST,274,1,269.1,4.9,1.82,0,4.9,1.82,-0.6,-0.22,-134.6,-0.01,1
989,Entry long,2010-10-01,TEST,269.1,1,269.1,4.9,1.82,0,4.9,1.82,-0.6,-0.22,-134.6,-0.01,1
990,Exit long,2010-10-06,Close entry(s) order TEST,272.6,1,271.8,0.8,0.29,0,1.8,0.66,-1.1,-0.40,-133.8,-0.01,1
990,Entry long,2010-10-05,TEST,271.8,1,271.8,0.8,0.29,0,1.8,0.66,-1.1,-0.40,-133.8,-0.01,1
991,Exit long,2010-10-08,Close entry(s) order TEST,269,1,273.8,-4.8,-1.75,0,0,0.00,-7.3,-2.67,-138.6,-0.01,1
991,Entry long,2010-10-07,TEST,273.8,1,273.8,-4.8,-1.75,0,0,0.00,-7.3,-2.67,-138.6,-0.01,1
992,Exit long,2010-10-12,Close entry(s) order TEST,271.1,1,268.7,2.4,0.89,0,3.3,1.23,-5,-1.86,-136.2,-0.01,1
992,Entry long,2010-10-11,TEST,268.7,1,268.7,2.4,0.89,0,3.3,1.23,-5,-1.86,-136.2,-0.01,1
993,Exit long,2010-10-14,Close entry(s) order TEST,263,1,264,-1,-0.38,0,5.4,2.05,-6.3,-2.39,-137.2,-0.01,1
993,Entry long,2010-10-13,TEST,264,1,264,-1,-0.38,0,5.4,2.05,-6.3,-2.39,-137.2,-0.01,1
994,Exit long,2010-10-18,Close entry(s) order TEST,256.8,1,263.4,-6.6,-2.51,0,0,0.00,-8.7,-3.30,-143.8,-0.01,1
994,Entry long,2010-10-15,TEST,263.4,1,263.4,-6.6,-2.51,0,0,0.00,-8.7,-3.30,-143.8,-0.01,1
995,Exit long,2010-10-20,Close entry(s) order TEST,254.1,1,270,-15.9,-5.89,0,0,0.00,-17.9,-6.63,-159.7,-0.02,1
995,Entry long,2010-10-19,TEST,270,1,270,-15.9,-5.89,0,0,0.00,-17.9,-6.63,-159.7,-0.02,1
996,Exit long,2010-10-22,Close entry(s) order TEST,251.9,1,249.4,2.5,1.00,0,4.3,1.72,-0.4,-0.16,-157.2,-0.02,1
996,Entry long,2010-10-21,TEST,249.4,1,249.4,2.5,1.00,0,4.3,1.72,-0.4,-0.16,-157.2,-0.02,1
997,Exit long,2010-10-26,Close entry(s) order TEST,249,1,250.8,-1.8,-0.72,0,1,0.40,-3.7,-1.48,-159,-0.02,1
997,Entry long,2010-10-25,TEST,250.8,1,250.8,-1.8,-0.72,0,1,0.40,-3.7,-1.48,-159,-0.02,1
998,Exit long,2010-10-28,Close entry(s) order TEST,249.9,1,250.9,-1,-0.40,0,1.1,0.44,-3.1,-1.24,-160,-0.02,1
998,Entry long,2010-10-27,TEST,250.9,1,250.9,-1,-0.40,0,1.1,0.44,-3.1,-1.24,-160,-0.02,1
999,Exit long,2010-11-01,Close entry(s) order TEST,249.5,1,248.4,1.1,0.44,0,6.5,2.62,-5.6,-2.25,-158.9,-0.02,1
999,Entry long,2010-10-29,TEST,248.4,1,248.4,1.1,0.44,0,6.5,2.62,-5.6,-2.25,-158.9,-0.02,1
1000,Exit long,2010-11-03,Close entry(s) order TEST,263,1,261,2,0.77,0,2,0.77,-2.9,-1.11,-156.9,-0.02,1
1000,Entry long,2010-11-02,TEST,261,1,261,2,0.77,0,2,0.77,-2.9,-1.11,-156.9,-0.02,1
1001,Exit long,2010-11-05,Close entry(s) order TEST,264.4,1,261.5,2.9,1.11,0,2.9,1.11,-2.4,-0.92,-154,-0.02,1
1001,Entry long,2010-11-04,TEST,261.5,1,261.5,2.9,1.11,0,2.9,1.11,-2.4,-0.92,-154,-0.02,1
1002,Exit long,2010-11-09,Close entry(s) order TEST,263.8,1,262,1.8,0.69,0,5,1.91,-5.4,-2.06,-152.2,-0.02,1
1002,Entry long,2010-11-08,TEST,262,1,262,1.8,0.69,0,5,1.91,-5.4,-2.06,-152.2,-0.02,1
1003,Exit long,2010-11-11,Close entry(s) order TEST,268.4,1,269,-0.6,-0.22,0,2.4,0.89,-3,-1.12,-152.8,-0.02,1
1003,Entry long,2010-11-10,TEST,269,1,269,-0.6,-0.22,0,2.4,0.89,-3,-1.12,-152.8,-0.02,1
1004,Exit long,2010-11-15,Close entry(s) order TEST,256.4,1,266,-9.6,-3.61,0,0.9,0.34,-13.1,-4.92,-162.4,-0.02,1
1004,Entry long,2010-11-12,TEST,266,1,266,-9.6,-3.61,0,0.9,0.34,-13.1,-4.92,-162.4,-0.02,1
1005,Exit long,2010-11-18,Close entry(s) order TEST,253.9,1,259,-5.1,-1.97,0,2,0.77,-7.8,-3.01,-167.5,-0.02,1
1005,Entry long,2010-11-16,TEST,259,1,259,-5.1,-1.97,0,2,0.77,-7.8,-3.01,-167.5,-0.02,1
1006,Exit long,2010-11-22,Close entry(s) order TEST,245,1,255,-10,-3.92,0,0,0.00,-19.1,-7.49,-177.5,-0.02,1
1006,Entry long,2010-11-19,TEST,255,1,255,-10,-3.92,0,0,0.00,-19.1,-7.49,-177.5,-0.02,1
1007,Exit long,2010-11-24,Close entry(s) order TEST,237,1,238.5,-1.5,-0.63,0,1.3,0.55,-10.6,-4.44,-179,-0.02,1
1007,Entry long,2010-11-23,TEST,238.5,1,238.5,-1.5,-0.63,0,1.3,0.55,-10.6,-4.44,-179,-0.02,1
1008,Exit long,2010-11-26,Close entry(s) order TEST,229.1,1,237.3,-8.2,-3.46,0,0.5,0.21,-17.3,-7.29,-187.2,-0.02,1
1008,Entry long,2010-11-25,TEST,237.3,1,237.3,-8.2,-3.46,0,0.5,0.21,-17.3,-7.29,-187.2,-0.02,1
1009,Exit long,2010-11-30,Close entry(s) order TEST,202,1,208.2,-6.2,-2.98,0,2.7,1.30,-15.1,-7.25,-193.4,-0.02,1
1009,Entry long,2010-11-29,TEST,208.2,1,208.2,-6.2,-2.98,0,2.7,1.30,-15.1,-7.25,-193.4,-0.02,1
1010,Exit long,2010-12-02,Close entry(s) order TEST,221.3,1,209,12.3,5.89,0,13.8,6.60,0,0.00,-181.1,-0.02,1
1010,Entry long,2010-12-01,TEST,209,1,209,12.3,5.89,0,13.8,6.60,0,0.00,-181.1,-0.02,1
1011,Exit long,2010-12-06,Close entry(s) order TEST,174.9,1,190.5,-15.6,-8.19,0,4.4,2.31,-36.9,-19.37,-196.7,-0.02,1
1011,Entry long,2010-12-03,TEST,190.5,1,190.5,-15.6,-8.19,0,4.4,2.31,-36.9,-19.37,-196.7,-0.02,1
1012,Exit long,2010-12-08,Close entry(s) order TEST,170,1,175,-5,-2.86,0,2.9,1.66,-5,-2.86,-201.7,-0.02,1
1012,Entry long,2010-12-07,TEST,175,1,175,-5,-2.86,0,2.9,1.66,-5,-2.86,-201.7,-0.02,1
1013,Exit long,2010-12-10,Close entry(s) order TEST,152.1,1,165,-12.9,-7.82,0,2.6,1.58,-12.9,-7.82,-214.6,-0.02,1
1013,Entry long,2010-12-09,TEST,165,1,165,-12.9,-7.82,0,2.6,1.58,-12.9,-7.82,-214.6,-0.02,1
1014,Exit long,2010-12-14,Close entry(s) order TEST,166.7,1,156.6,10.1,6.45,0,10.1,6.45,-0.6,-0.38,-204.5,-0.02,1
1014,Entry long,2010-12-13,TEST,156.6,1,156.6,10.1,6.45,0,10.1,6.45,-0.6,-0.38,-204.5,-0.02,1
1015,Exit long,2010-12-16,Close entry(s) order TEST,169.9,1,171,-1.1,-0.64,0,3.9,2.28,-3.8,-2.22,-205.6,-0.02,1
1015,Entry long,2010-12-15,TEST,171,1,171,-1.1,-0.64,0,3.9,2.28,-3.8,-2.22,-205.6,-0.02,1
1016,Exit long,2010-12-21,Close entry(s) order TEST,167,1,169.4,-2.4,-1.42,0,0.6,0.35,-4.1,-2.42,-208,-0.02,1
1016,Entry long,2010-12-20,TEST,169.4,1,169.4,-2.4,-1.42,0,0.6,0.35,-4.1,-2.42,-208,-0.02,1
1017,Exit long,2010-12-23,Close entry(s) order TEST,175.1,1,169.5,5.6,3.30,0,5.6,3.30,-0.9,-0.53,-202.4,-0.02,1
1017,Entry long,2010-12-22,TEST,169.5,1,169.5,5.6,3.30,0,5.6,3.30,-0.9,-0.53,-202.4,-0.02,1
1018,Exit long,2010-12-27,Close entry(s) order TEST,171.5,1,168.9,2.6,1.54,0,5.5,3.26,-0.9,-0.53,-199.8,-0.02,1
1018,Entry long,2010-12-24,TEST,168.9,1,168.9,2.6,1.54,0,5.5,3.26,-0.9,-0.53,-199.8,-0.02,1
1019,Exit long,2010-12-29,Close entry(s) order TEST,167,1,167.1,-0.1,-0.06,0,1.9,1.14,-1.6,-0.96,-199.9,-0.02,1
1019,Entry long,2010-12-28,TEST,167.1,1,167.1,-0.1,-0.06,0,1.9,1.14,-1.6,-0.96,-199.9,-0.02,1
1020,Exit long,2010-12-31,Close entry(s) order TEST,165.4,1,165.8,-0.4,-0.24,0,0.9,0.54,-3,-1.81,-200.3,-0.02,1
1020,Entry long,2010-12-30,TEST,165.8,1,165.8,-0.4,-0.24,0,0.9,0.54,-3,-1.81,-200.3,-0.02,1
1021,Exit long,2011-01-04,Close entry(s) order TEST,173,1,171.4,1.6,0.93,0,3.1,1.81,-0.2,-0.12,-198.7,-0.02,1
1021,Entry long,2011-01-03,TEST,171.4,1,171.4,1.6,0.93,0,3.1,1.81,-0.2,-0.12,-198.7,-0.02,1
1022,Exit long,2011-01-06,Close entry(s) order TEST,177.2,1,177.1,0.1,0.06,0,3.4,1.92,-1.5,-0.85,-198.6,-0.02,1
1022,Entry long,2011-01-05,TEST,177.1,1,177.1,0.1,0.06,0,3.4,1.92,-1.5,-0.85,-198.6,-0.02,1
1023,Exit long,2011-01-10,Close entry(s) order TEST,168.8,1,175.2,-6.4,-3.65,0,0,0.00,-8.9,-5.08,-205,-0.02,1
1023,Entry long,2011-01-07,TEST,175.2,1,175.2,-6.4,-3.65,0,0,0.00,-8.9,-5.08,-205,-0.02,1
1024,Exit long,2011-01-12,Close entry(s) order TEST,162,1,167.2,-5.2,-3.11,0,1.2,0.72,-7.8,-4.67,-210.2,-0.02,1
1024,Entry long,2011-01-11,TEST,167.2,1,167.2,-5.2,-3.11,0,1.2,0.72,-7.8,-4.67,-210.2,-0.02,1
1025,Exit long,2011-01-14,Close entry(s) order TEST,160,1,164.3,-4.3,-2.62,0,0.7,0.43,-5.2,-3.16,-214.5,-0.02,1
1025,Entry long,2011-01-13,TEST,164.3,1,164.3,-4.3,-2.62,0,0.7,0.43,-5.2,-3.16,-214.5,-0.02,1
1026,Exit long,2011-01-18,Close entry(s) order TEST,148.5,1,151.1,-2.6,-1.72,0,6.2,4.10,-3,-1.99,-217.1,-0.02,1
1026,Entry long,2011-01-17,TEST,151.1,1,151.1,-2.6,-1.72,0,6.2,4.10,-3,-1.99,-217.1,-0.02,1
1027,Exit long,2011-01-20,Close entry(s) order TEST,146.7,1,149.3,-2.6,-1.74,0,4,2.68,-2.6,-1.74,-219.7,-0.02,1
1027,Entry long,2011-01-19,TEST,149.3,1,149.3,-2.6,-1.74,0,4,2.68,-2.6,-1.74,-219.7,-0.02,1
1028,Exit long,2011-01-24,Close entry(s) order TEST,163.6,1,152,11.6,7.63,0,11.6,7.63,-0.6,-0.39,-208.1,-0.02,1
1028,Entry long,2011-01-21,TEST,152,1,152,11.6,7.63,0,11.6,7.63,-0.6,-0.39,-208.1,-0.02,1
1029,Exit long,2011-01-27,Close entry(s) order TEST,159.9,1,160,-0.1,-0.06,0,3,1.88,-3.8,-2.37,-208.2,-0.02,1
1029,Entry long,2011-01-25,TEST,160,1,160,-0.1,-0.06,0,3,1.88,-3.8,-2.37,-208.2,-0.02,1
1030,Exit long,2011-01-31,Close entry(s) order TEST,146.4,1,149.9,-3.5,-2.33,0,1,0.67,-4.4,-2.94,-211.7,-0.02,1
1030,Entry long,2011-01-28,TEST,149.9,1,149.9,-3.5,-2.33,0,1,0.67,-4.4,-2.94,-211.7,-0.02,1
1031,Exit long,2011-02-02,Close entry(s) order TEST,151.4,1,152.4,-1,-0.66,0,1.3,0.85,-4.4,-2.89,-212.7,-0.02,1
1031,Entry long,2011-02-01,TEST,152.4,1,152.4,-1,-0.66,0,1.3,0.85,-4.4,-2.89,-212.7,-0.02,1
1032,Exit long,2011-02-04,Close entry(s) order TEST,152.1,1,151.7,0.4,0.26,0,1.7,1.12,-2.4,-1.58,-212.3,-0.02,1
1032,Entry long,2011-02-03,TEST,151.7,1,151.7,0.4,0.26,0,1.7,1.12,-2.4,-1.58,-212.3,-0.02,1
1033,Exit long,2011-02-08,Close entry(s) order TEST,168.3,1,159,9.3,5.85,0,11.4,7.17,-1.4,-0.88,-203,-0.02,1
1033,Entry long,2011-02-07,TEST,159,1,159,9.3,5.85,0,11.4,7.17,-1.4,-0.88,-203,-0.02,1
1034,Exit long,2011-02-10,Close entry(s) order TEST,168.7,1,168.6,0.1,0.06,0,5.3,3.14,-6.4,-3.80,-202.9,-0.02,1
1034,Entry long,2011-02-09,TEST,168.6,1,168.6,0.1,0.06,0,5.3,3.14,-6.4,-3.80,-202.9,-0.02,1
1035,Exit long,2011-02-14,Close entry(s) order TEST,173.8,1,174,-0.2,-0.11,0,0,0.00,-6.4,-3.68,-203.1,-0.02,1
1035,Entry long,2011-02-11,TEST,174,1,174,-0.2,-0.11,0,0,0.00,-6.4,-3.68,-203.1,-0.02,1
1036,Exit long,2011-02-16,Close entry(s) order TEST,180.1,1,184.5,-4.4,-2.38,0,0.8,0.43,-6,-3.25,-207.5,-0.02,1
1036,Entry long,2011-02-15,TEST,184.5,1,184.5,-4.4,-2.38,0,0.8,0.43,-6,-3.25,-207.5,-0.02,1
1037,Exit long,2011-02-18,Close entry(s) order TEST,187.9,1,184,3.9,2.12,0,3.9,2.12,0,0.00,-203.6,-0.02,1
1037,Entry long,2011-02-17,TEST,184,1,184,3.9,2.12,0,3.9,2.12,0,0.00,-203.6,-0.02,1
1038,Exit long,2011-02-22,Close entry(s) order TEST,191,1,183.4,7.6,4.14,0,11,6.00,-4.3,-2.34,-196,-0.02,1
1038,Entry long,2011-02-21,TEST,183.4,1,183.4,7.6,4.14,0,11,6.00,-4.3,-2.34,-196,-0.02,1
1039,Exit long,2011-02-24,Close entry(s) order TEST,194.6,1,191,3.6,1.88,0,5.4,2.83,-0.7,-0.37,-192.4,-0.02,1
1039,Entry long,2011-02-23,TEST,191,1,191,3.6,1.88,0,5.4,2.83,-0.7,-0.37,-192.4,-0.02,1
1040,Exit long,2011-02-28,Close entry(s) order TEST,189,1,184.2,4.8,2.61,0,4.9,2.66,-1.9,-1.03,-187.6,-0.02,1
1040,Entry long,2011-02-25,TEST,184.2,1,184.2,4.8,2.61,0,4.9,2.66,-1.9,-1.03,-187.6,-0.02,1
1041,Exit long,2011-03-03,Close entry(s) order TEST,190.2,1,194.7,-4.5,-2.31,0,0,0.00,-6.7,-3.44,-192.1,-0.02,1
1041,Entry long,2011-03-01,TEST,194.7,1,194.7,-4.5,-2.31,0,0,0.00,-6.7,-3.44,-192.1,-0.02,1
1042,Exit long,2011-03-07,Close entry(s) order TEST,178.1,1,182.1,-4,-2.20,0,1.8,0.99,-5.5,-3.02,-196.1,-0.02,1
1042,Entry long,2011-03-04,TEST,182.1,1,182.1,-4,-2.20,0,1.8,0.99,-5.5,-3.02,-196.1,-0.02,1
1043,Exit long,2011-03-09,Close entry(s) order TEST,184.3,1,177.3,7,3.95,0,7,3.95,0,0.00,-189.1,-0.02,1
1043,Entry long,2011-03-08,TEST,177.3,1,177.3,7,3.95,0,7,3.95,0,0.00,-189.1,-0.02,1
1044,Exit long,2011-03-11,Close entry(s) order TEST,183.9,1,188,-4.1,-2.18,0,2.4,1.28,-4.1,-2.18,-193.2,-0.02,1
1044,Entry long,2011-03-10,TEST,188,1,188,-4.1,-2.18,0,2.4,1.28,-4.1,-2.18,-193.2,-0.02,1
1045,Exit long,2011-03-15,Close entry(s) order TEST,194.5,1,188.5,6,3.18,0,10.5,5.57,-2.1,-1.11,-187.2,-0.02,1
1045,Entry long,2011-03-14,TEST,188.5,1,188.5,6,3.18,0,10.5,5.57,-2.1,-1.11,-187.2,-0.02,1
1046,Exit long,2011-03-17,Close entry(s) order TEST,203,1,198.5,4.5,2.27,0,8.9,4.48,-1.2,-0.60,-182.7,-0.02,1
1046,Entry long,2011-03-16,TEST,198.5,1,198.5,4.5,2.27,0,8.9,4.48,-1.2,-0.60,-182.7,-0.02,1
1047,Exit long,2011-03-21,Close entry(s) order TEST,202.6,1,200.4,2.2,1.10,0,6,2.99,-2.1,-1.05,-180.5,-0.02,1
1047,Entry long,2011-03-18,TEST,200.4,1,200.4,2.2,1.10,0,6,2.99,-2.1,-1.05,-180.5,-0.02,1
1048,Exit long,2011-03-23,Close entry(s) order TEST,194,1,196.6,-2.6,-1.32,0,1.4,0.71,-4.6,-2.34,-183.1,-0.02,1
1048,Entry long,2011-03-22,TEST,196.6,1,196.6,-2.6,-1.32,0,1.4,0.71,-4.6,-2.34,-183.1,-0.02,1
1049,Exit long,2011-03-25,Close entry(s) order TEST,202.6,1,193,9.6,4.97,0,9.6,4.97,-1,-0.52,-173.5,-0.02,1
1049,Entry long,2011-03-24,TEST,193,1,193,9.6,4.97,0,9.6,4.97,-1,-0.52,-173.5,-0.02,1
1050,Exit long,2011-03-29,Close entry(s) order TEST,202.1,1,206.1,-4,-1.94,0,0.4,0.19,-5.7,-2.77,-177.5,-0.02,1
1050,Entry long,2011-03-28,TEST,206.1,1,206.1,-4,-1.94,0,0.4,0.19,-5.7,-2.77,-177.5,-0.02,1
1051,Exit long,2011-03-31,Close entry(s) order TEST,203.1,1,199.7,3.4,1.70,0,3.4,1.70,-4.3,-2.15,-174.1,-0.02,1
1051,Entry long,2011-03-30,TEST,199.7,1,199.7,3.4,1.70,0,3.4,1.70,-4.3,-2.15,-174.1,-0.02,1
1052,Exit long,2011-04-04,Close entry(s) order TEST,202,1,208.1,-6.1,-2.93,0,1.3,0.62,-7.8,-3.75,-180.2,-0.02,1
1052,Entry long,2011-04-01,TEST,208.1,1,208.1,-6.1,-2.93,0,1.3,0.62,-7.8,-3.75,-180.2,-0.02,1
1053,Exit long,2011-04-06,Close entry(s) order TEST,209.9,1,206.1,3.8,1.84,0,3.8,1.84,-4.7,-2.28,-176.4,-0.02,1
1053,Entry long,2011-04-05,TEST,206.1,1,206.1,3.8,1.84,0,3.8,1.84,-4.7,-2.28,-176.4,-0.02,1
1054,Exit long,2011-04-08,Close entry(s) order TEST,209,1,208.9,0.1,0.05,0,0.1,0.05,-3,-1.44,-176.3,-0.02,1
1054,Entry long,2011-04-07,TEST,208.9,1,208.9,0.1,0.05,0,0.1,0.05,-3,-1.44,-176.3,-0.02,1
1055,Exit long,2011-04-13,Close entry(s) order TEST,213,1,210,3,1.43,0,5.9,2.81,0,0.00,-173.3,-0.02,1
1055,Entry long,2011-04-11,TEST,210,1,210,3,1.43,0,5.9,2.81,0,0.00,-173.3,-0.02,1
1056,Exit long,2011-04-18,Close entry(s) order TEST,212.5,1,212.1,0.4,0.19,0,3.6,1.70,-1.7,-0.80,-172.9,-0.02,1
1056,Entry long,2011-04-15,TEST,212.1,1,212.1,0.4,0.19,0,3.6,1.70,-1.7,-0.80,-172.9,-0.02,1
1057,Exit long,2011-04-20,Close entry(s) order TEST,208.1,1,201.6,6.5,3.22,0,7.8,3.87,-1.6,-0.79,-166.4,-0.02,1
1057,Entry long,2011-04-19,TEST,201.6,1,201.6,6.5,3.22,0,7.8,3.87,-1.6,-0.79,-166.4,-0.02,1
1058,Exit long,2011-04-25,Close entry(s) order TEST,203,1,204.4,-1.4,-0.68,0,3,1.47,-1.4,-0.68,-167.8,-0.02,1
1058,Entry long,2011-04-21,TEST,204.4,1,204.4,-1.4,-0.68,0,3,1.47,-1.4,-0.68,-167.8,-0.02,1
1059,Exit long,2011-04-27,Close entry(s) order TEST,200.4,1,201,-0.6,-0.30,0,2,1.00,-3.4,-1.69,-168.4,-0.02,1
1059,Entry long,2011-04-26,TEST,201,1,201,-0.6,-0.30,0,2,1.00,-3.4,-1.69,-168.4,-0.02,1
1060,Exit long,2011-04-29,Close entry(s) order TEST,198.6,1,197.3,1.3,0.66,0,2.1,1.06,-3.1,-1.57,-167.1,-0.02,1
1060,Entry long,2011-04-28,TEST,197.3,1,197.3,1.3,0.66,0,2.1,1.06,-3.1,-1.57,-167.1,-0.02,1
1061,Exit long,2011-05-03,Close entry(s) order TEST,185,1,192,-7,-3.65,0,2.3,1.20,-7,-3.65,-174.1,-0.02,1
1061,Entry long,2011-05-02,TEST,192,1,192,-7,-3.65,0,2.3,1.20,-7,-3.65,-174.1,-0.02,1
1062,Exit long,2011-05-05,Close entry(s) order TEST,192,1,182.5,9.5,5.21,0,10.9,5.97,0,0.00,-164.6,-0.02,1
1062,Entry long,2011-05-04,TEST,182.5,1,182.5,9.5,5.21,0,10.9,5.97,0,0.00,-164.6,-0.02,1
1063,Exit long,2011-05-09,Close entry(s) order TEST,190.6,1,185.2,5.4,2.92,0,5.4,2.92,-1.2,-0.65,-159.2,-0.02,1
1063,Entry long,2011-05-06,TEST,185.2,1,185.2,5.4,2.92,0,5.4,2.92,-1.2,-0.65,-159.2,-0.02,1
1064,Exit long,2011-05-11,Close entry(s) order TEST,187,1,192,-5,-2.60,0,0.3,0.16,-7.6,-3.96,-164.2,-0.02,1
1064,Entry long,2011-05-10,TEST,192,1,192,-5,-2.60,0,0.3,0.16,-7.6,-3.96,-164.2,-0.02,1
1065,Exit long,2011-05-13,Close entry(s) order TEST,181.8,1,186.4,-4.6,-2.47,0,0.6,0.32,-7.5,-4.02,-168.8,-0.02,1
1065,Entry long,2011-05-12,TEST,186.4,1,186.4,-4.6,-2.47,0,0.6,0.32,-7.5,-4.02,-168.8,-0.02,1
1066,Exit long,2011-05-17,Close entry(s) order TEST,177.9,1,180.2,-2.3,-1.28,0,0,0.00,-6.2,-3.44,-171.1,-0.02,1
1066,Entry long,2011-05-16,TEST,180.2,1,180.2,-2.3,-1.28,0,0,0.00,-6.2,-3.44,-171.1,-0.02,1
1067,Exit long,2011-05-19,Close entry(s) order TEST,177.8,1,176.1,1.7,0.97,0,1.7,0.97,-16.9,-9.60,-169.4,-0.02,1
1067,Entry long,2011-05-18,TEST,176.1,1,176.1,1.7,0.97,0,1.7,0.97,-16.9,-9.60,-169.4,-0.02,1
1068,Exit long,2011-05-23,Close entry(s) order TEST,172.3,1,174.4,-2.1,-1.20,0,3.2,1.83,-2.1,-1.20,-171.5,-0.02,1
1068,Entry long,2011-05-20,TEST,174.4,1,174.4,-2.1,-1.20,0,3.2,1.83,-2.1,-1.20,-171.5,-0.02,1
1069,Exit long,2011-05-25,Close entry(s) order TEST,178.1,1,175,3.1,1.77,0,3.1,1.77,-2.7,-1.54,-168.4,-0.02,1
1069,Entry long,2011-05-24,TEST,175,1,175,3.1,1.77,0,3.1,1.77,-2.7,-1.54,-168.4,-0.02,1
1070,Exit long,2011-05-27,Close entry(s) order TEST,172.8,1,173.4,-0.6,-0.35,0,1.6,0.92,-2.4,-1.38,-169,-0.02,1
1070,Entry long,2011-05-26,TEST,173.4,1,173.4,-0.6,-0.35,0,1.6,0.92,-2.4,-1.38,-169,-0.02,1
1071,Exit long,2011-05-31,Close entry(s) order TEST,176.5,1,179,-2.5,-1.40,0,0,0.00,-6.4,-3.58,-171.5,-0.02,1
1071,Entry long,2011-05-30,TEST,179,1,179,-2.5,-1.40,0,0,0.00,-6.4,-3.58,-171.5,-0.02,1
1072,Exit long,2011-06-02,Close entry(s) order TEST,174.4,1,177.1,-2.7,-1.52,0,5.5,3.11,-2.7,-1.52,-174.2,-0.02,1
1072,Entry long,2011-06-01,TEST,177.1,1,177.1,-2.7,-1.52,0,5.5,3.11,-2.7,-1.52,-174.2,-0.02,1
1073,Exit long,2011-06-06,Close entry(s) order TEST,168.3,1,178,-9.7,-5.45,0,0.6,0.34,-9.7,-5.45,-183.9,-0.02,1
1073,Entry long,2011-06-03,TEST,178,1,178,-9.7,-5.45,0,0.6,0.34,-9.7,-5.45,-183.9,-0.02,1
1074,Exit long,2011-06-08,Close entry(s) order TEST,173,1,167.1,5.9,3.53,0,7.8,4.67,0,0.00,-178,-0.02,1
1074,Entry long,2011-06-07,TEST,167.1,1,167.1,5.9,3.53,0,7.8,4.67,0,0.00,-178,-0.02,1
1075,Exit long,2011-06-10,Close entry(s) order TEST,174,1,173.5,0.5,0.29,0,1.7,0.98,-2,-1.15,-177.5,-0.02,1
1075,Entry long,2011-06-09,TEST,173.5,1,173.5,0.5,0.29,0,1.7,0.98,-2,-1.15,-177.5,-0.02,1
1076,Exit long,2011-06-14,Close entry(s) order TEST,174.9,1,173,1.9,1.10,0,2,1.16,-3.5,-2.02,-175.6,-0.02,1
1076,Entry long,2011-06-13,TEST,173,1,173,1.9,1.10,0,2,1.16,-3.5,-2.02,-175.6,-0.02,1
1077,Exit long,2011-06-16,Close entry(s) order TEST,168.4,1,171.4,-3,-1.75,0,2.1,1.23,-3.1,-1.81,-178.6,-0.02,1
1077,Entry long,2011-06-15,TEST,171.4,1,171.4,-3,-1.75,0,2.1,1.23,-3.1,-1.81,-178.6,-0.02,1
1078,Exit long,2011-06-20,Close entry(s) order TEST,166.5,1,166.7,-0.2,-0.12,0,1.7,1.02,-2.5,-1.50,-178.8,-0.02,1
1078,Entry long,2011-06-17,TEST,166.7,1,166.7,-0.2,-0.12,0,1.7,1.02,-2.5,-1.50,-178.8,-0.02,1
1079,Exit long,2011-06-22,Close entry(s) order TEST,161.6,1,160.1,1.5,0.94,0,7.1,4.43,-8.6,-5.37,-177.3,-0.02,1
1079,Entry long,2011-06-21,TEST,160.1,1,160.1,1.5,0.94,0,7.1,4.43,-8.6,-5.37,-177.3,-0.02,1
1080,Exit long,2011-06-24,Close entry(s) order TEST,157,1,155.6,1.4,0.90,0,1.9,1.22,-7.4,-4.76,-175.9,-0.02,1
1080,Entry long,2011-06-23,TEST,155.6,1,155.6,1.4,0.90,0,1.9,1.22,-7.4,-4.76,-175.9,-0.02,1
1081,Exit long,2011-06-28,Close entry(s) order TEST,162.9,1,160.1,2.8,1.75,0,2.9,1.81,-2.1,-1.31,-173.1,-0.02,1
1081,Entry long,2011-06-27,TEST,160.1,1,160.1,2.8,1.75,0,2.9,1.81,-2.1,-1.31,-173.1,-0.02,1
1082,Exit long,2011-06-30,Close entry(s) order TEST,175.9,1,176,-0.1,-0.06,0,2,1.14,-6,-3.41,-173.2,-0.02,1
1082,Entry long,2011-06-29,TEST,176,1,176,-0.1,-0.06,0,2,1.14,-6,-3.41,-173.2,-0.02,1
1083,Exit long,2011-07-04,Close entry(s) order TEST,175.2,1,174,1.2,0.69,0,3.9,2.24,-0.7,-0.40,-172,-0.02,1
1083,Entry long,2011-07-01,TEST,174,1,174,1.2,0.69,0,3.9,2.24,-0.7,-0.40,-172,-0.02,1
1084,Exit long,2011-07-06,Close entry(s) order TEST,170.1,1,175,-4.9,-2.80,0,0,0.00,-4.9,-2.80,-176.9,-0.02,1
1084,Entry long,2011-07-05,TEST,175,1,175,-4.9,-2.80,0,0,0.00,-4.9,-2.80,-176.9,-0.02,1
1085,Exit long,2011-07-08,Close entry(s) order TEST,171.1,1,172.1,-1,-0.58,0,3.7,2.15,-1,-0.58,-177.9,-0.02,1
1085,Entry long,2011-07-07,TEST,172.1,1,172.1,-1,-0.58,0,3.7,2.15,-1,-0.58,-177.9,-0.02,1
1086,Exit long,2011-07-12,Close entry(s) order TEST,166,1,172,-6,-3.49,0,0.5,0.29,-6,-3.49,-183.9,-0.02,1
1086,Entry long,2011-07-11,TEST,172,1,172,-6,-3.49,0,0.5,0.29,-6,-3.49,-183.9,-0.02,1
1087,Exit long,2011-07-14,Close entry(s) order TEST,169,1,166.6,2.4,1.44,0,2.4,1.44,-3.3,-1.98,-181.5,-0.02,1
1087,Entry long,2011-07-13,TEST,166.6,1,166.6,2.4,1.44,0,2.4,1.44,-3.3,-1.98,-181.5,-0.02,1
1088,Exit long,2011-07-18,Close entry(s) order TEST,165.4,1,168.4,-3,-1.78,0,1.8,1.07,-3.8,-2.26,-184.5,-0.02,1
1088,Entry long,2011-07-15,TEST,168.4,1,168.4,-3,-1.78,0,1.8,1.07,-3.8,-2.26,-184.5,-0.02,1
1089,Exit long,2011-07-20,Close entry(s) order TEST,167,1,166.5,0.5,0.30,0,0.5,0.30,-3.4,-2.04,-184,-0.02,1
1089,Entry long,2011-07-19,TEST,166.5,1,166.5,0.5,0.30,0,0.5,0.30,-3.4,-2.04,-184,-0.02,1
1090,Exit long,2011-07-22,Close entry(s) order TEST,163.8,1,163.1,0.7,0.43,0,1.6,0.98,-2.7,-1.66,-183.3,-0.02,1
1090,Entry long,2011-07-21,TEST,163.1,1,163.1,0.7,0.43,0,1.6,0.98,-2.7,-1.66,-183.3,-0.02,1
1091,Exit long,2011-07-26,Close entry(s) order TEST,166.1,1,165.9,0.2,0.12,0,1.9,1.15,-1.8,-1.08,-183.1,-0.02,1
1091,Entry long,2011-07-25,TEST,165.9,1,165.9,0.2,0.12,0,1.9,1.15,-1.8,-1.08,-183.1,-0.02,1
1092,Exit long,2011-07-28,Close entry(s) order TEST,162.3,1,162.9,-0.6,-0.37,0,1.5,0.92,-2.4,-1.47,-183.7,-0.02,1
1092,Entry long,2011-07-27,TEST,162.9,1,162.9,-0.6,-0.37,0,1.5,0.92,-2.4,-1.47,-183.7,-0.02,1
1093,Exit long,2011-08-01,Close entry(s) order TEST,152,1,152,0,0.00,0,2.4,1.58,-6.9,-4.54,-183.7,-0.02,1
1093,Entry long,2011-07-29,TEST,152,1,152,0,0.00,0,2.4,1.58,-6.9,-4.54,-183.7,-0.02,1
1094,Exit long,2011-08-03,Close entry(s) order TEST,149,1,151.4,-2.4,-1.59,0,3.6,2.38,-4.1,-2.71,-186.1,-0.02,1
1094,Entry long,2011-08-02,TEST,151.4,1,151.4,-2.4,-1.59,0,3.6,2.38,-4.1,-2.71,-186.1,-0.02,1
1095,Exit long,2011-08-05,Close entry(s) order TEST,145,1,151.1,-6.1,-4.04,0,1.8,1.19,-6.1,-4.04,-192.2,-0.02,1
1095,Entry long,2011-08-04,TEST,151.1,1,151.1,-6.1,-4.04,0,1.8,1.19,-6.1,-4.04,-192.2,-0.02,1
1096,Exit long,2011-08-09,Close entry(s) order TEST,136,1,137.4,-1.4,-1.02,0,7,5.09,-1.4,-1.02,-193.6,-0.02,1
1096,Entry long,2011-08-08,TEST,137.4,1,137.4,-1.4,-1.02,0,7,5.09,-1.4,-1.02,-193.6,-0.02,1
1097,Exit long,2011-08-11,Close entry(s) order TEST,135.1,1,136.1,-1,-0.73,0,8.7,6.39,-1,-0.73,-194.6,-0.02,1
1097,Entry long,2011-08-10,TEST,136.1,1,136.1,-1,-0.73,0,8.7,6.39,-1,-0.73,-194.6,-0.02,1
1098,Exit long,2011-08-16,Close entry(s) order TEST,146,1,147.5,-1.5,-1.02,0,0.4,0.27,-6.3,-4.27,-196.1,-0.02,1
1098,Entry long,2011-08-12,TEST,147.5,1,147.5,-1.5,-1.02,0,0.4,0.27,-6.3,-4.27,-196.1,-0.02,1
1099,Exit long,2011-08-18,Close entry(s) order TEST,138.7,1,135.7,3,2.21,0,4.4,3.24,-2.7,-1.99,-193.1,-0.02,1
1099,Entry long,2011-08-17,TEST,135.7,1,135.7,3,2.21,0,4.4,3.24,-2.7,-1.99,-193.1,-0.02,1
1100,Exit long,2011-08-22,Close entry(s) order TEST,130,1,129.1,0.9,0.70,0,3.9,3.02,-2.6,-2.01,-192.2,-0.02,1
1100,Entry long,2011-08-19,TEST,129.1,1,129.1,0.9,0.70,0,3.9,3.02,-2.6,-2.01,-192.2,-0.02,1
1101,Exit long,2011-08-24,Close entry(s) order TEST,133,1,134,-1,-0.75,0,2.5,1.87,-2.6,-1.94,-193.2,-0.02,1
1101,Entry long,2011-08-23,TEST,134,1,134,-1,-0.75,0,2.5,1.87,-2.6,-1.94,-193.2,-0.02,1
1102,Exit long,2011-08-26,Close entry(s) order TEST,124,1,132,-8,-6.06,0,1.9,1.44,-10,-7.58,-201.2,-0.02,1
1102,Entry long,2011-08-25,TEST,132,1,132,-8,-6.06,0,1.9,1.44,-10,-7.58,-201.2,-0.02,1
1103,Exit long,2011-08-30,Close entry(s) order TEST,123.1,1,120.8,2.3,1.90,0,3.1,2.57,-0.9,-0.75,-198.9,-0.02,1
1103,Entry long,2011-08-29,TEST,120.8,1,120.8,2.3,1.90,0,3.1,2.57,-0.9,-0.75,-198.9,-0.02,1
1104,Exit long,2011-09-05,Close entry(s) order TEST,118.5,1,123,-4.5,-3.66,0,3,2.44,-4.5,-3.66,-203.4,-0.02,1
1104,Entry long,2011-09-02,TEST,123,1,123,-4.5,-3.66,0,3,2.44,-4.5,-3.66,-203.4,-0.02,1
1105,Exit long,2011-09-07,Close entry(s) order TEST,128.3,1,121.5,6.8,5.60,0,7,5.76,-0.5,-0.41,-196.6,-0.02,1
1105,Entry long,2011-09-06,TEST,121.5,1,121.5,6.8,5.60,0,7,5.76,-0.5,-0.41,-196.6,-0.02,1
1106,Exit long,2011-09-09,Close entry(s) order TEST,129,1,130.1,-1.1,-0.85,0,2.2,1.69,-1.7,-1.31,-197.7,-0.02,1
1106,Entry long,2011-09-08,TEST,130.1,1,130.1,-1.1,-0.85,0,2.2,1.69,-1.7,-1.31,-197.7,-0.02,1
1107,Exit long,2011-09-13,Close entry(s) order TEST,121.9,1,123,-1.1,-0.89,0,2,1.63,-3.3,-2.68,-198.8,-0.02,1
1107,Entry long,2011-09-12,TEST,123,1,123,-1.1,-0.89,0,2,1.63,-3.3,-2.68,-198.8,-0.02,1
1108,Exit long,2011-09-15,Close entry(s) order TEST,123.5,1,123.5,0,0.00,0,1.1,0.89,-3,-2.43,-198.8,-0.02,1
1108,Entry long,2011-09-14,TEST,123.5,1,123.5,0,0.00,0,1.1,0.89,-3,-2.43,-198.8,-0.02,1
1109,Exit long,2011-09-19,Close entry(s) order TEST,121.3,1,123.8,-2.5,-2.02,0,0,0.00,-4,-3.23,-201.3,-0.02,1
1109,Entry long,2011-09-16,TEST,123.8,1,123.8,-2.5,-2.02,0,0,0.00,-4,-3.23,-201.3,-0.02,1
1110,Exit long,2011-09-21,Close entry(s) order TEST,124.5,1,123.7,0.8,0.65,0,3.9,3.15,-0.4,-0.32,-200.5,-0.02,1
1110,Entry long,2011-09-20,TEST,123.7,1,123.7,0.8,0.65,0,3.9,3.15,-0.4,-0.32,-200.5,-0.02,1
1111,Exit long,2011-09-23,Close entry(s) order TEST,118.8,1,122.1,-3.3,-2.70,0,1.8,1.47,-4,-3.28,-203.8,-0.02,1
1111,Entry long,2011-09-22,TEST,122.1,1,122.1,-3.3,-2.70,0,1.8,1.47,-4,-3.28,-203.8,-0.02,1
1112,Exit long,2011-09-27,Close entry(s) order TEST,115.8,1,117,-1.2,-1.03,0,0.5,0.43,-7,-5.98,-205,-0.02,1
1112,Entry long,2011-09-26,TEST,117,1,117,-1.2,-1.03,0,0.5,0.43,-7,-5.98,-205,-0.02,1
1113,Exit long,2011-09-29,Close entry(s) order TEST,110,1,115.3,-5.3,-4.60,0,1.2,1.04,-5.3,-4.60,-210.3,-0.02,1
1113,Entry long,2011-09-28,TEST,115.3,1,115.3,-5.3,-4.60,0,1.2,1.04,-5.3,-4.60,-210.3,-0.02,1
1114,Exit long,2011-10-03,Close entry(s) order TEST,110.4,1,115.6,-5.2,-4.50,0,1.1,0.95,-5.2,-4.50,-215.5,-0.02,1
1114,Entry long,2011-09-30,TEST,115.6,1,115.6,-5.2,-4.50,0,1.1,0.95,-5.2,-4.50,-215.5,-0.02,1
1115,Exit long,2011-10-05,Close entry(s) order TEST,106.7,1,107,-0.3,-0.28,0,2,1.87,-3,-2.80,-215.8,-0.02,1
1115,Entry long,2011-10-04,TEST,107,1,107,-0.3,-0.28,0,2,1.87,-3,-2.80,-215.8,-0.02,1
1116,Exit long,2011-10-10,Close entry(s) order TEST,109.6,1,111.7,-2.1,-1.88,0,0,0.00,-3.4,-3.04,-217.9,-0.02,1
1116,Entry long,2011-10-07,TEST,111.7,1,111.7,-2.1,-1.88,0,0,0.00,-3.4,-3.04,-217.9,-0.02,1
1117,Exit long,2011-10-12,Close entry(s) order TEST,118.8,1,113.5,5.3,4.67,0,5.3,4.67,-0.2,-0.18,-212.6,-0.02,1
1117,Entry long,2011-10-11,TEST,113.5,1,113.5,5.3,4.67,0,5.3,4.67,-0.2,-0.18,-212.6,-0.02,1
1118,Exit long,2011-10-14,Close entry(s) order TEST,117.3,1,122.7,-5.4,-4.40,0,4.5,3.67,-6.9,-5.62,-218,-0.02,1
1118,Entry long,2011-10-13,TEST,122.7,1,122.7,-5.4,-4.40,0,4.5,3.67,-6.9,-5.62,-218,-0.02,1
1119,Exit long,2011-10-18,Close entry(s) order TEST,111.1,1,119,-7.9,-6.64,0,0.5,0.42,-9,-7.56,-225.9,-0.02,1
1119,Entry long,2011-10-17,TEST,119,1,119,-7.9,-6.64,0,0.5,0.42,-9,-7.56,-225.9,-0.02,1
1120,Exit long,2011-10-20,Close entry(s) order TEST,114.7,1,116,-1.3,-1.12,0,0.5,0.43,-2.9,-2.50,-227.2,-0.02,1
1120,Entry long,2011-10-19,TEST,116,1,116,-1.3,-1.12,0,0.5,0.43,-2.9,-2.50,-227.2,-0.02,1
1121,Exit long,2011-10-24,Close entry(s) order TEST,112.8,1,112.5,0.3,0.27,0,0.8,0.71,-2.9,-2.58,-226.9,-0.02,1
1121,Entry long,2011-10-21,TEST,112.5,1,112.5,0.3,0.27,0,0.8,0.71,-2.9,-2.58,-226.9,-0.02,1
1122,Exit long,2011-10-26,Close entry(s) order TEST,103.3,1,104.4,-1.1,-1.05,0,3.1,2.97,-3.2,-3.07,-228,-0.02,1
1122,Entry long,2011-10-25,TEST,104.4,1,104.4,-1.1,-1.05,0,3.1,2.97,-3.2,-3.07,-228,-0.02,1
1123,Exit long,2011-10-31,Close entry(s) order TEST,106.1,1,106.5,-0.4,-0.38,0,4.1,3.85,-1.2,-1.13,-228.4,-0.02,1
1123,Entry long,2011-10-28,TEST,106.5,1,106.5,-0.4,-0.38,0,4.1,3.85,-1.2,-1.13,-228.4,-0.02,1
1124,Exit long,2011-11-02,Close entry(s) order TEST,105.8,1,107.3,-1.5,-1.40,0,2.5,2.33,-2.2,-2.05,-229.9,-0.02,1
1124,Entry long,2011-11-01,TEST,107.3,1,107.3,-1.5,-1.40,0,2.5,2.33,-2.2,-2.05,-229.9,-0.02,1
1125,Exit long,2011-11-04,Close entry(s) order TEST,106,1,102,4,3.92,0,4.1,4.02,-2.9,-2.84,-225.9,-0.02,1
1125,Entry long,2011-11-03,TEST,102,1,102,4,3.92,0,4.1,4.02,-2.9,-2.84,-225.9,-0.02,1
1126,Exit long,2011-11-09,Close entry(s) order TEST,106.6,1,106.5,0.1,0.09,0,0.1,0.09,-3,-2.82,-225.8,-0.02,1
1126,Entry long,2011-11-08,TEST,106.5,1,106.5,0.1,0.09,0,0.1,0.09,-3,-2.82,-225.8,-0.02,1
1127,Exit long,2011-11-14,Close entry(s) order TEST,97,1,101,-4,-3.96,0,0,0.00,-5.3,-5.25,-229.8,-0.02,1
1127,Entry long,2011-11-11,TEST,101,1,101,-4,-3.96,0,0,0.00,-5.3,-5.25,-229.8,-0.02,1
1128,Exit long,2011-11-16,Close entry(s) order TEST,85.3,1,90.3,-5,-5.54,0,0.9,1.00,-5.3,-5.87,-234.8,-0.02,1
1128,Entry long,2011-11-15,TEST,90.3,1,90.3,-5,-5.54,0,0.9,1.00,-5.3,-5.87,-234.8,-0.02,1
1129,Exit long,2011-11-18,Close entry(s) order TEST,81.8,1,86,-4.2,-4.88,0,0.8,0.93,-4.9,-5.70,-239,-0.02,1
1129,Entry long,2011-11-17,TEST,86,1,86,-4.2,-4.88,0,0.8,0.93,-4.9,-5.70,-239,-0.02,1
1130,Exit long,2011-11-22,Close entry(s) order TEST,76.4,1,78.5,-2.1,-2.68,0,0,0.00,-3.5,-4.46,-241.1,-0.02,1
1130,Entry long,2011-11-21,TEST,78.5,1,78.5,-2.1,-2.68,0,0,0.00,-3.5,-4.46,-241.1,-0.02,1
1131,Exit long,2011-11-24,Close entry(s) order TEST,72,1,73.1,-1.1,-1.50,0,2.9,3.97,-1.8,-2.46,-242.2,-0.02,1
1131,Entry long,2011-11-23,TEST,73.1,1,73.1,-1.1,-1.50,0,2.9,3.97,-1.8,-2.46,-242.2,-0.02,1
1132,Exit long,2011-11-28,Close entry(s) order TEST,71,1,72.3,-1.3,-1.80,0,2.5,3.46,-1.5,-2.07,-243.5,-0.02,1
1132,Entry long,2011-11-25,TEST,72.3,1,72.3,-1.3,-1.80,0,2.5,3.46,-1.5,-2.07,-243.5,-0.02,1
1133,Exit long,2011-11-30,Close entry(s) order TEST,71.5,1,75.2,-3.7,-4.92,0,0.7,0.93,-4.5,-5.98,-247.2,-0.02,1
1133,Entry long,2011-11-29,TEST,75.2,1,75.2,-3.7,-4.92,0,0.7,0.93,-4.5,-5.98,-247.2,-0.02,1
1134,Exit long,2011-12-02,Close entry(s) order TEST,69.6,1,73.8,-4.2,-5.69,0,0,0.00,-5.3,-7.18,-251.4,-0.03,1
1134,Entry long,2011-12-01,TEST,73.8,1,73.8,-4.2,-5.69,0,0,0.00,-5.3,-7.18,-251.4,-0.03,1
1135,Exit long,2011-12-07,Close entry(s) order TEST,69.1,1,72.3,-3.2,-4.43,0,1.1,1.52,-3.2,-4.43,-254.6,-0.03,1
1135,Entry long,2011-12-05,TEST,72.3,1,72.3,-3.2,-4.43,0,1.1,1.52,-3.2,-4.43,-254.6,-0.03,1
1136,Exit long,2011-12-09,Close entry(s) order TEST,66,1,69,-3,-4.35,0,0.6,0.87,-4,-5.80,-257.6,-0.03,1
1136,Entry long,2011-12-08,TEST,69,1,69,-3,-4.35,0,0.6,0.87,-4,-5.80,-257.6,-0.03,1
1137,Exit long,2011-12-13,Close entry(s) order TEST,68.1,1,69,-0.9,-1.30,0,2,2.90,-0.9,-1.30,-258.5,-0.03,1
1137,Entry long,2011-12-12,TEST,69,1,69,-0.9,-1.30,0,2,2.90,-0.9,-1.30,-258.5,-0.03,1
1138,Exit long,2011-12-15,Close entry(s) order TEST,76.8,1,79.3,-2.5,-3.15,0,3.4,4.29,-2.5,-3.15,-261,-0.03,1
1138,Entry long,2011-12-14,TEST,79.3,1,79.3,-2.5,-3.15,0,3.4,4.29,-2.5,-3.15,-261,-0.03,1
1139,Exit long,2011-12-19,Close entry(s) order TEST,79.6,1,83.5,-3.9,-4.67,0,2.1,2.51,-3.9,-4.67,-264.9,-0.03,1
1139,Entry long,2011-12-16,TEST,83.5,1,83.5,-3.9,-4.67,0,2.1,2.51,-3.9,-4.67,-264.9,-0.03,1
1140,Exit long,2011-12-21,Close entry(s) order TEST,80.3,1,81.4,-1.1,-1.35,0,1.4,1.72,-4.4,-5.41,-266,-0.03,1
1140,Entry long,2011-12-20,TEST,81.4,1,81.4,-1.1,-1.35,0,1.4,1.72,-4.4,-5.41,-266,-0.03,1
1141,Exit long,2011-12-23,Close entry(s) order TEST,83,1,81.8,1.2,1.47,0,2.6,3.18,-1.6,-1.96,-264.8,-0.03,1
1141,Entry long,2011-12-22,TEST,81.8,1,81.8,1.2,1.47,0,2.6,3.18,-1.6,-1.96,-264.8,-0.03,1
1142,Exit long,2011-12-27,Close entry(s) order TEST,82.5,1,82.8,-0.3,-0.36,0,0.9,1.09,-5.5,-6.64,-265.1,-0.03,1
1142,Entry long,2011-12-26,TEST,82.8,1,82.8,-0.3,-0.36,0,0.9,1.09,-5.5,-6.64,-265.1,-0.03,1
1143,Exit long,2011-12-29,Close entry(s) order TEST,87.9,1,83.1,4.8,5.78,0,4.8,5.78,0,0.00,-260.3,-0.03,1
1143,Entry long,2011-12-28,TEST,83.1,1,83.1,4.8,5.78,0,4.8,5.78,0,0.00,-260.3,-0.03,1
1144,Exit long,2012-01-02,Close entry(s) order TEST,83.1,1,88.2,-5.1,-5.78,0,0.6,0.68,-5.5,-6.24,-265.4,-0.03,1
1144,Entry long,2011-12-30,TEST,88.2,1,88.2,-5.1,-5.78,0,0.6,0.68,-5.5,-6.24,-265.4,-0.03,1
1145,Exit long,2012-01-04,Close entry(s) order TEST,87.9,1,88.4,-0.5,-0.57,0,3.2,3.62,-0.9,-1.02,-265.9,-0.03,1
1145,Entry long,2012-01-03,TEST,88.4,1,88.4,-0.5,-0.57,0,3.2,3.62,-0.9,-1.02,-265.9,-0.03,1
1146,Exit long,2012-01-06,Close entry(s) order TEST,96,1,90.9,5.1,5.61,0,7,7.70,0,0.00,-260.8,-0.03,1
1146,Entry long,2012-01-05,TEST,90.9,1,90.9,5.1,5.61,0,7,7.70,0,0.00,-260.8,-0.03,1
1147,Exit long,2012-01-10,Close entry(s) order TEST,100.2,1,102.5,-2.3,-2.24,0,0.6,0.59,-3.5,-3.41,-263.1,-0.03,1
1147,Entry long,2012-01-09,TEST,102.5,1,102.5,-2.3,-2.24,0,0.6,0.59,-3.5,-3.41,-263.1,-0.03,1
1148,Exit long,2012-01-12,Close entry(s) order TEST,104,1,101.5,2.5,2.46,0,2.8,2.76,-2,-1.97,-260.6,-0.03,1
1148,Entry long,2012-01-11,TEST,101.5,1,101.5,2.5,2.46,0,2.8,2.76,-2,-1.97,-260.6,-0.03,1
1149,Exit long,2012-01-16,Close entry(s) order TEST,111,1,105,6,5.71,0,7.5,7.14,0,0.00,-254.6,-0.03,1
1149,Entry long,2012-01-13,TEST,105,1,105,6,5.71,0,7.5,7.14,0,0.00,-254.6,-0.03,1
1150,Exit long,2012-01-18,Close entry(s) order TEST,110,1,110.5,-0.5,-0.45,0,2.4,2.17,-3.3,-2.99,-255.1,-0.03,1
1150,Entry long,2012-01-17,TEST,110.5,1,110.5,-0.5,-0.45,0,2.4,2.17,-3.3,-2.99,-255.1,-0.03,1
1151,Exit long,2012-01-20,Close entry(s) order TEST,112.5,1,113,-0.5,-0.44,0,1.8,1.59,-1.4,-1.24,-255.6,-0.03,1
1151,Entry long,2012-01-19,TEST,113,1,113,-0.5,-0.44,0,1.8,1.59,-1.4,-1.24,-255.6,-0.03,1
1152,Exit long,2012-01-24,Close entry(s) order TEST,121,1,121.7,-0.7,-0.58,0,2.5,2.05,-3.1,-2.55,-256.3,-0.03,1
1152,Entry long,2012-01-23,TEST,121.7,1,121.7,-0.7,-0.58,0,2.5,2.05,-3.1,-2.55,-256.3,-0.03,1
1153,Exit long,2012-01-27,Close entry(s) order TEST,126.8,1,118.1,8.7,7.37,0,11.3,9.57,-0.1,-0.08,-247.6,-0.02,1
1153,Entry long,2012-01-25,TEST,118.1,1,118.1,8.7,7.37,0,11.3,9.57,-0.1,-0.08,-247.6,-0.02,1
1154,Exit long,2012-01-31,Close entry(s) order TEST,116.8,1,119.4,-2.6,-2.18,0,0.4,0.34,-6.6,-5.53,-250.2,-0.03,1
1154,Entry long,2012-01-30,TEST,119.4,1,119.4,-2.6,-2.18,0,0.4,0.34,-6.6,-5.53,-250.2,-0.03,1
1155,Exit long,2012-02-02,Close entry(s) order TEST,111,1,116.8,-5.8,-4.97,0,0.2,0.17,-5.8,-4.97,-256,-0.03,1
1155,Entry long,2012-02-01,TEST,116.8,1,116.8,-5.8,-4.97,0,0.2,0.17,-5.8,-4.97,-256,-0.03,1
1156,Exit long,2012-02-06,Close entry(s) order TEST,125,1,122,3,2.46,0,3,2.46,-2.3,-1.89,-253,-0.03,1
1156,Entry long,2012-02-03,TEST,122,1,122,3,2.46,0,3,2.46,-2.3,-1.89,-253,-0.03,1
1157,Exit long,2012-02-08,Close entry(s) order TEST,126,1,127.1,-1.1,-0.87,0,0.8,0.63,-3.9,-3.07,-254.1,-0.03,1
1157,Entry long,2012-02-07,TEST,127.1,1,127.1,-1.1,-0.87,0,0.8,0.63,-3.9,-3.07,-254.1,-0.03,1
1158,Exit long,2012-02-10,Close entry(s) order TEST,131.4,1,124.5,6.9,5.54,0,7.3,5.86,-0.5,-0.40,-247.2,-0.02,1
1158,Entry long,2012-02-09,TEST,124.5,1,124.5,6.9,5.54,0,7.3,5.86,-0.5,-0.40,-247.2,-0.02,1
1159,Exit long,2012-02-14,Close entry(s) order TEST,135.4,1,135,0.4,0.30,0,2.7,2.00,-5.6,-4.15,-246.8,-0.02,1
1159,Entry long,2012-02-13,TEST,135,1,135,0.4,0.30,0,2.7,2.00,-5.6,-4.15,-246.8,-0.02,1
1160,Exit long,2012-02-16,Close entry(s) order TEST,141,1,137.8,3.2,2.32,0,4.8,3.48,0,0.00,-243.6,-0.02,1
1160,Entry long,2012-02-15,TEST,137.8,1,137.8,3.2,2.32,0,4.8,3.48,0,0.00,-243.6,-0.02,1
1161,Exit long,2012-02-21,Close entry(s) order TEST,138.2,1,150.3,-12.1,-8.05,0,6.5,4.32,-12.1,-8.05,-255.7,-0.03,1
1161,Entry long,2012-02-17,TEST,150.3,1,150.3,-12.1,-8.05,0,6.5,4.32,-12.1,-8.05,-255.7,-0.03,1
1162,Exit long,2012-02-23,Close entry(s) order TEST,147.5,1,152.9,-5.4,-3.53,0,2.6,1.70,-6.6,-4.32,-261.1,-0.03,1
1162,Entry long,2012-02-22,TEST,152.9,1,152.9,-5.4,-3.53,0,2.6,1.70,-6.6,-4.32,-261.1,-0.03,1
1163,Exit long,2012-02-27,Close entry(s) order TEST,141.5,1,145,-3.5,-2.41,0,4,2.76,-5.7,-3.93,-264.6,-0.03,1
1163,Entry long,2012-02-24,TEST,145,1,145,-3.5,-2.41,0,4,2.76,-5.7,-3.93,-264.6,-0.03,1
1164,Exit long,2012-02-29,Close entry(s) order TEST,140,1,134.8,5.2,3.86,0,5.7,4.23,-0.7,-0.52,-259.4,-0.03,1
1164,Entry long,2012-02-28,TEST,134.8,1,134.8,5.2,3.86,0,5.7,4.23,-0.7,-0.52,-259.4,-0.03,1
1165,Exit long,2012-03-02,Close entry(s) order TEST,149.5,1,143.9,5.6,3.89,0,6.5,4.52,-0.3,-0.21,-253.8,-0.03,1
1165,Entry long,2012-03-01,TEST,143.9,1,143.9,5.6,3.89,0,6.5,4.52,-0.3,-0.21,-253.8,-0.03,1
1166,Exit long,2012-03-06,Close entry(s) order TEST,138.9,1,145,-6.1,-4.21,0,1,0.69,-7.7,-5.31,-259.9,-0.03,1
1166,Entry long,2012-03-05,TEST,145,1,145,-6.1,-4.21,0,1,0.69,-7.7,-5.31,-259.9,-0.03,1
1167,Exit long,2012-03-09,Close entry(s) order TEST,133.9,1,132.4,1.5,1.13,0,2.8,2.11,-5,-3.78,-258.4,-0.03,1
1167,Entry long,2012-03-07,TEST,132.4,1,132.4,1.5,1.13,0,2.8,2.11,-5,-3.78,-258.4,-0.03,1
1168,Exit long,2012-03-13,Close entry(s) order TEST,140.8,1,142.6,-1.8,-1.26,0,2.4,1.68,-5,-3.51,-260.2,-0.03,1
1168,Entry long,2012-03-12,TEST,142.6,1,142.6,-1.8,-1.26,0,2.4,1.68,-5,-3.51,-260.2,-0.03,1
1169,Exit long,2012-03-15,Close entry(s) order TEST,140.3,1,139.8,0.5,0.36,0,4.8,3.43,-2.5,-1.79,-259.7,-0.03,1
1169,Entry long,2012-03-14,TEST,139.8,1,139.8,0.5,0.36,0,4.8,3.43,-2.5,-1.79,-259.7,-0.03,1
1170,Exit long,2012-03-19,Close entry(s) order TEST,141,1,139.9,1.1,0.79,0,1.1,0.79,-5.8,-4.15,-258.6,-0.03,1
1170,Entry long,2012-03-16,TEST,139.9,1,139.9,1.1,0.79,0,1.1,0.79,-5.8,-4.15,-258.6,-0.03,1
1171,Exit long,2012-03-21,Close entry(s) order TEST,134.2,1,141,-6.8,-4.82,0,0.4,0.28,-8,-5.67,-265.4,-0.03,1
1171,Entry long,2012-03-20,TEST,141,1,141,-6.8,-4.82,0,0.4,0.28,-8,-5.67,-265.4,-0.03,1
1172,Exit long,2012-03-23,Close entry(s) order TEST,136.9,1,147.5,-10.6,-7.19,0,1.5,1.02,-13.2,-8.95,-276,-0.03,1
1172,Entry long,2012-03-22,TEST,147.5,1,147.5,-10.6,-7.19,0,1.5,1.02,-13.2,-8.95,-276,-0.03,1
1173,Exit long,2012-03-27,Close entry(s) order TEST,139.9,1,145.1,-5.2,-3.58,0,0.8,0.55,-7.7,-5.31,-281.2,-0.03,1
1173,Entry long,2012-03-26,TEST,145.1,1,145.1,-5.2,-3.58,0,0.8,0.55,-7.7,-5.31,-281.2,-0.03,1
1174,Exit long,2012-03-29,Close entry(s) order TEST,131,1,138.1,-7.1,-5.14,0,1.4,1.01,-7.1,-5.14,-288.3,-0.03,1
1174,Entry long,2012-03-28,TEST,138.1,1,138.1,-7.1,-5.14,0,1.4,1.01,-7.1,-5.14,-288.3,-0.03,1
1175,Exit long,2012-04-02,Close entry(s) order TEST,135.4,1,129.1,6.3,4.88,0,6.3,4.88,-2.9,-2.25,-282,-0.03,1
1175,Entry long,2012-03-30,TEST,129.1,1,129.1,6.3,4.88,0,6.3,4.88,-2.9,-2.25,-282,-0.03,1
1176,Exit long,2012-04-04,Close entry(s) order TEST,133.2,1,135.7,-2.5,-1.84,0,2.4,1.77,-2.5,-1.84,-284.5,-0.03,1
1176,Entry long,2012-04-03,TEST,135.7,1,135.7,-2.5,-1.84,0,2.4,1.77,-2.5,-1.84,-284.5,-0.03,1
1177,Exit long,2012-04-10,Close entry(s) order TEST,131.7,1,131.3,0.4,0.30,0,2.6,1.98,-1.2,-0.91,-284.1,-0.03,1
1177,Entry long,2012-04-09,TEST,131.3,1,131.3,0.4,0.30,0,2.6,1.98,-1.2,-0.91,-284.1,-0.03,1
1178,Exit long,2012-04-12,Close entry(s) order TEST,135.5,1,134.9,0.6,0.44,0,2.1,1.56,-2.2,-1.63,-283.5,-0.03,1
1178,Entry long,2012-04-11,TEST,134.9,1,134.9,0.6,0.44,0,2.1,1.56,-2.2,-1.63,-283.5,-0.03,1
1179,Exit long,2012-04-16,Close entry(s) order TEST,134.4,1,140.7,-6.3,-4.48,0,1.1,0.78,-7.1,-5.05,-289.8,-0.03,1
1179,Entry long,2012-04-13,TEST,140.7,1,140.7,-6.3,-4.48,0,1.1,0.78,-7.1,-5.05,-289.8,-0.03,1
1180,Exit long,2012-04-18,Close entry(s) order TEST,136,1,133.3,2.7,2.03,0,3.1,2.33,-2.1,-1.58,-287.1,-0.03,1
1180,Entry long,2012-04-17,TEST,133.3,1,133.3,2.7,2.03,0,3.1,2.33,-2.1,-1.58,-287.1,-0.03,1
1181,Exit long,2012-04-20,Close entry(s) order TEST,133.6,1,136.4,-2.8,-2.05,0,0.1,0.07,-2.8,-2.05,-289.9,-0.03,1
1181,Entry long,2012-04-19,TEST,136.4,1,136.4,-2.8,-2.05,0,0.1,0.07,-2.8,-2.05,-289.9,-0.03,1
1182,Exit long,2012-04-24,Close entry(s) order TEST,126.6,1,132,-5.4,-4.09,0,3.1,2.35,-7.9,-5.98,-295.3,-0.03,1
1182,Entry long,2012-04-23,TEST,132,1,132,-5.4,-4.09,0,3.1,2.35,-7.9,-5.98,-295.3,-0.03,1
1183,Exit long,2012-04-26,Close entry(s) order TEST,125.4,1,128.9,-3.5,-2.72,0,1.4,1.09,-5.7,-4.42,-298.8,-0.03,1
1183,Entry long,2012-04-25,TEST,128.9,1,128.9,-3.5,-2.72,0,1.4,1.09,-5.7,-4.42,-298.8,-0.03,1
1184,Exit long,2012-04-30,Close entry(s) order TEST,126.3,1,123.4,2.9,2.35,0,4.8,3.89,-3.3,-2.67,-295.9,-0.03,1
1184,Entry long,2012-04-27,TEST,123.4,1,123.4,2.9,2.35,0,4.8,3.89,-3.3,-2.67,-295.9,-0.03,1
1185,Exit long,2012-05-03,Close entry(s) order TEST,124.1,1,126,-1.9,-1.51,0,1.6,1.27,-2.3,-1.83,-297.8,-0.03,1
1185,Entry long,2012-05-02,TEST,126,1,126,-1.9,-1.51,0,1.6,1.27,-2.3,-1.83,-297.8,-0.03,1
1186,Exit long,2012-05-07,Close entry(s) order TEST,124.9,1,122.6,2.3,1.88,0,4.6,3.75,-4.6,-3.75,-295.5,-0.03,1
1186,Entry long,2012-05-04,TEST,122.6,1,122.6,2.3,1.88,0,4.6,3.75,-4.6,-3.75,-295.5,-0.03,1
1187,Exit long,2012-05-09,Close entry(s) order TEST,119.5,1,124,-4.5,-3.63,0,0.1,0.08,-6.9,-5.56,-300,-0.03,1
1187,Entry long,2012-05-08,TEST,124,1,124,-4.5,-3.63,0,0.1,0.08,-6.9,-5.56,-300,-0.03,1
1188,Exit long,2012-05-11,Close entry(s) order TEST,118.3,1,121.8,-3.5,-2.87,0,1.1,0.90,-5.5,-4.52,-303.5,-0.03,1
1188,Entry long,2012-05-10,TEST,121.8,1,121.8,-3.5,-2.87,0,1.1,0.90,-5.5,-4.52,-303.5,-0.03,1
1189,Exit long,2012-05-15,Close entry(s) order TEST,113,1,117,-4,-3.42,0,0.8,0.68,-7.4,-6.32,-307.5,-0.03,1
1189,Entry long,2012-05-14,TEST,117,1,117,-4,-3.42,0,0.8,0.68,-7.4,-6.32,-307.5,-0.03,1
1190,Exit long,2012-05-17,Close entry(s) order TEST,119.5,1,115.3,4.2,3.64,0,4.2,3.64,-0.3,-0.26,-303.3,-0.03,1
1190,Entry long,2012-05-16,TEST,115.3,1,115.3,4.2,3.64,0,4.2,3.64,-0.3,-0.26,-303.3,-0.03,1
1191,Exit long,2012-05-21,Close entry(s) order TEST,124,1,115.3,8.7,7.55,0,8.7,7.55,0,0.00,-294.6,-0.03,1
1191,Entry long,2012-05-18,TEST,115.3,1,115.3,8.7,7.55,0,8.7,7.55,0,0.00,-294.6,-0.03,1
1192,Exit long,2012-05-23,Close entry(s) order TEST,120,1,124,-4,-3.23,0,0,0.00,-7.4,-5.97,-298.6,-0.03,1
1192,Entry long,2012-05-22,TEST,124,1,124,-4,-3.23,0,0,0.00,-7.4,-5.97,-298.6,-0.03,1
1193,Exit long,2012-05-25,Close entry(s) order TEST,122.1,1,116.8,5.3,4.54,0,7.8,6.68,-0.8,-0.68,-293.3,-0.03,1
1193,Entry long,2012-05-24,TEST,116.8,1,116.8,5.3,4.54,0,7.8,6.68,-0.8,-0.68,-293.3,-0.03,1
1194,Exit long,2012-05-29,Close entry(s) order TEST,122.4,1,119.5,2.9,2.43,0,2.9,2.43,-1.5,-1.26,-290.4,-0.03,1
1194,Entry long,2012-05-28,TEST,119.5,1,119.5,2.9,2.43,0,2.9,2.43,-1.5,-1.26,-290.4,-0.03,1
1195,Exit long,2012-05-31,Close entry(s) order TEST,120,1,121.5,-1.5,-1.23,0,1,0.82,-5.3,-4.36,-291.9,-0.03,1
1195,Entry long,2012-05-30,TEST,121.5,1,121.5,-1.5,-1.23,0,1,0.82,-5.3,-4.36,-291.9,-0.03,1
1196,Exit long,2012-06-04,Close entry(s) order TEST,114.4,1,118.3,-3.9,-3.30,0,3.1,2.62,-3.9,-3.30,-295.8,-0.03,1
1196,Entry long,2012-06-01,TEST,118.3,1,118.3,-3.9,-3.30,0,3.1,2.62,-3.9,-3.30,-295.8,-0.03,1
1197,Exit long,2012-06-06,Close entry(s) order TEST,121,1,120.8,0.2,0.17,0,1.2,0.99,-1.7,-1.41,-295.6,-0.03,1
1197,Entry long,2012-06-05,TEST,120.8,1,120.8,0.2,0.17,0,1.2,0.99,-1.7,-1.41,-295.6,-0.03,1
1198,Exit long,2012-06-08,Close entry(s) order TEST,121.8,1,125,-3.2,-2.56,0,0,0.00,-4.3,-3.44,-298.8,-0.03,1
1198,Entry long,2012-06-07,TEST,125,1,125,-3.2,-2.56,0,0,0.00,-4.3,-3.44,-298.8,-0.03,1
1199,Exit long,2012-06-12,Close entry(s) order TEST,120.2,1,124,-3.8,-3.06,0,2.5,2.02,-3.8,-3.06,-302.6,-0.03,1
1199,Entry long,2012-06-11,TEST,124,1,124,-3.8,-3.06,0,2.5,2.02,-3.8,-3.06,-302.6,-0.03,1
1200,Exit long,2012-06-14,Close entry(s) order TEST,120.7,1,123.1,-2.4,-1.95,0,0.5,0.41,-2.8,-2.27,-305,-0.03,1
1200,Entry long,2012-06-13,TEST,123.1,1,123.1,-2.4,-1.95,0,0.5,0.41,-2.8,-2.27,-305,-0.03,1
1201,Exit long,2012-06-18,Close entry(s) order TEST,121.3,1,119.3,2,1.68,0,2.1,1.76,-0.6,-0.50,-303,-0.03,1
1201,Entry long,2012-06-15,TEST,119.3,1,119.3,2,1.68,0,2.1,1.76,-0.6,-0.50,-303,-0.03,1
1202,Exit long,2012-06-20,Close entry(s) order TEST,117.2,1,119.5,-2.3,-1.92,0,0.5,0.42,-2.8,-2.34,-305.3,-0.03,1
1202,Entry long,2012-06-19,TEST,119.5,1,119.5,-2.3,-1.92,0,0.5,0.42,-2.8,-2.34,-305.3,-0.03,1
1203,Exit long,2012-06-22,Close entry(s) order TEST,120.1,1,119.3,0.8,0.67,0,2.4,2.01,-1.2,-1.01,-304.5,-0.03,1
1203,Entry long,2012-06-21,TEST,119.3,1,119.3,0.8,0.67,0,2.4,2.01,-1.2,-1.01,-304.5,-0.03,1
1204,Exit long,2012-06-26,Close entry(s) order TEST,121,1,123,-2,-1.63,0,0.8,0.65,-3.9,-3.17,-306.5,-0.03,1
1204,Entry long,2012-06-25,TEST,123,1,123,-2,-1.63,0,0.8,0.65,-3.9,-3.17,-306.5,-0.03,1
1205,Exit long,2012-06-28,Close entry(s) order TEST,118,1,119.9,-1.9,-1.58,0,0.9,0.75,-2.4,-2.00,-308.4,-0.03,1
1205,Entry long,2012-06-27,TEST,119.9,1,119.9,-1.9,-1.58,0,0.9,0.75,-2.4,-2.00,-308.4,-0.03,1
1206,Exit long,2012-07-02,Close entry(s) order TEST,119,1,117,2,1.71,0,2.3,1.97,0,0.00,-306.4,-0.03,1
1206,Entry long,2012-06-29,TEST,117,1,117,2,1.71,0,2.3,1.97,0,0.00,-306.4,-0.03,1
1207,Exit long,2012-07-04,Close entry(s) order TEST,120.8,1,119.8,1,0.83,0,1,0.83,-1,-0.83,-305.4,-0.03,1
1207,Entry long,2012-07-03,TEST,119.8,1,119.8,1,0.83,0,1,0.83,-1,-0.83,-305.4,-0.03,1
1208,Exit long,2012-07-06,Close entry(s) order TEST,120.5,1,121.5,-1,-0.82,0,0.9,0.74,-2.3,-1.89,-306.4,-0.03,1
1208,Entry long,2012-07-05,TEST,121.5,1,121.5,-1,-0.82,0,0.9,0.74,-2.3,-1.89,-306.4,-0.03,1
1209,Exit long,2012-07-10,Close entry(s) order TEST,115.2,1,117.9,-2.7,-2.29,0,0.8,0.68,-3.2,-2.71,-309.1,-0.03,1
1209,Entry long,2012-07-09,TEST,117.9,1,117.9,-2.7,-2.29,0,0.8,0.68,-3.2,-2.71,-309.1,-0.03,1
1210,Exit long,2012-07-12,Close entry(s) order TEST,116.8,1,117.6,-0.8,-0.68,0,2.7,2.30,-1.2,-1.02,-309.9,-0.03,1
1210,Entry long,2012-07-11,TEST,117.6,1,117.6,-0.8,-0.68,0,2.7,2.30,-1.2,-1.02,-309.9,-0.03,1
1211,Exit long,2012-07-16,Close entry(s) order TEST,116.9,1,118.3,-1.4,-1.18,0,0.1,0.08,-2.3,-1.94,-311.3,-0.03,1
1211,Entry long,2012-07-13,TEST,118.3,1,118.3,-1.4,-1.18,0,0.1,0.08,-2.3,-1.94,-311.3,-0.03,1
1212,Exit long,2012-07-18,Close entry(s) order TEST,113.3,1,114.7,-1.4,-1.22,0,1.8,1.57,-3.7,-3.23,-312.7,-0.03,1
1212,Entry long,2012-07-17,TEST,114.7,1,114.7,-1.4,-1.22,0,1.8,1.57,-3.7,-3.23,-312.7,-0.03,1
1213,Exit long,2012-07-20,Close entry(s) order TEST,113,1,113.5,-0.5,-0.44,0,2,1.76,-1,-0.88,-313.2,-0.03,1
1213,Entry long,2012-07-19,TEST,113.5,1,113.5,-0.5,-0.44,0,2,1.76,-1,-0.88,-313.2,-0.03,1
1214,Exit long,2012-07-24,Close entry(s) order TEST,110.2,1,112,-1.8,-1.61,0,0,0.00,-3.5,-3.12,-315,-0.03,1
1214,Entry long,2012-07-23,TEST,112,1,112,-1.8,-1.61,0,0,0.00,-3.5,-3.12,-315,-0.03,1
1215,Exit long,2012-07-26,Close entry(s) order TEST,109.3,1,112.9,-3.6,-3.19,0,0,0.00,-5.3,-4.69,-318.6,-0.03,1
1215,Entry long,2012-07-25,TEST,112.9,1,112.9,-3.6,-3.19,0,0,0.00,-5.3,-4.69,-318.6,-0.03,1
1216,Exit long,2012-07-30,Close entry(s) order TEST,104.2,1,107.4,-3.2,-2.98,0,1.3,1.21,-8.6,-8.01,-321.8,-0.03,1
1216,Entry long,2012-07-27,TEST,107.4,1,107.4,-3.2,-2.98,0,1.3,1.21,-8.6,-8.01,-321.8,-0.03,1
1217,Exit long,2012-08-01,Close entry(s) order TEST,100.3,1,105.8,-5.5,-5.20,0,0,0.00,-5.5,-5.20,-327.3,-0.03,1
1217,Entry long,2012-07-31,TEST,105.8,1,105.8,-5.5,-5.20,0,0,0.00,-5.5,-5.20,-327.3,-0.03,1
1218,Exit long,2012-08-03,Close entry(s) order TEST,101.9,1,103,-1.1,-1.07,0,1,0.97,-1.3,-1.26,-328.4,-0.03,1
1218,Entry long,2012-08-02,TEST,103,1,103,-1.1,-1.07,0,1,0.97,-1.3,-1.26,-328.4,-0.03,1
1219,Exit long,2012-08-07,Close entry(s) order TEST,98.6,1,105,-6.4,-6.10,0,0,0.00,-6.4,-6.10,-334.8,-0.03,1
1219,Entry long,2012-08-06,TEST,105,1,105,-6.4,-6.10,0,0,0.00,-6.4,-6.10,-334.8,-0.03,1
1220,Exit long,2012-08-09,Close entry(s) order TEST,101,1,100.5,0.5,0.50,0,1,1.00,-1.1,-1.09,-334.3,-0.03,1
1220,Entry long,2012-08-08,TEST,100.5,1,100.5,0.5,0.50,0,1,1.00,-1.1,-1.09,-334.3,-0.03,1
1221,Exit long,2012-08-13,Close entry(s) order TEST,103,1,99.8,3.2,3.21,0,3.8,3.81,0,0.00,-331.1,-0.03,1
1221,Entry long,2012-08-10,TEST,99.8,1,99.8,3.2,3.21,0,3.8,3.81,0,0.00,-331.1,-0.03,1
1222,Exit long,2012-08-16,Close entry(s) order TEST,100.1,1,104.6,-4.5,-4.30,0,7.4,7.07,-5.4,-5.16,-335.6,-0.03,1
1222,Entry long,2012-08-14,TEST,104.6,1,104.6,-4.5,-4.30,0,7.4,7.07,-5.4,-5.16,-335.6,-0.03,1
1223,Exit long,2012-08-21,Close entry(s) order TEST,100.2,1,102.1,-1.9,-1.86,0,0.9,0.88,-3,-2.94,-337.5,-0.03,1
1223,Entry long,2012-08-17,TEST,102.1,1,102.1,-1.9,-1.86,0,0.9,0.88,-3,-2.94,-337.5,-0.03,1
1224,Exit long,2012-08-23,Close entry(s) order TEST,100,1,99.3,0.7,0.70,0,3.3,3.32,-1,-1.01,-336.8,-0.03,1
1224,Entry long,2012-08-22,TEST,99.3,1,99.3,0.7,0.70,0,3.3,3.32,-1,-1.01,-336.8,-0.03,1
1225,Exit long,2012-08-27,Close entry(s) order TEST,96.5,1,96.8,-0.3,-0.31,0,2,2.07,-1.8,-1.86,-337.1,-0.03,1
1225,Entry long,2012-08-24,TEST,96.8,1,96.8,-0.3,-0.31,0,2,2.07,-1.8,-1.86,-337.1,-0.03,1
1226,Exit long,2012-08-29,Close entry(s) order TEST,86.7,1,96.3,-9.6,-9.97,0,0,0.00,-13.3,-13.81,-346.7,-0.03,1
1226,Entry long,2012-08-28,TEST,96.3,1,96.3,-9.6,-9.97,0,0,0.00,-13.3,-13.81,-346.7,-0.03,1
1227,Exit long,2012-08-31,Close entry(s) order TEST,94.1,1,91.4,2.7,2.95,0,6,6.56,-1.6,-1.75,-344,-0.03,1
1227,Entry long,2012-08-30,TEST,91.4,1,91.4,2.7,2.95,0,6,6.56,-1.6,-1.75,-344,-0.03,1
1228,Exit long,2012-09-04,Close entry(s) order TEST,94.7,1,95.8,-1.1,-1.15,0,0,0.00,-4,-4.18,-345.1,-0.03,1
1228,Entry long,2012-09-03,TEST,95.8,1,95.8,-1.1,-1.15,0,0,0.00,-4,-4.18,-345.1,-0.03,1
1229,Exit long,2012-09-06,Close entry(s) order TEST,96.3,1,93.8,2.5,2.67,0,4.6,4.90,-0.4,-0.43,-342.6,-0.03,1
1229,Entry long,2012-09-05,TEST,93.8,1,93.8,2.5,2.67,0,4.6,4.90,-0.4,-0.43,-342.6,-0.03,1
1230,Exit long,2012-09-10,Close entry(s) order TEST,103,1,98.8,4.2,4.25,0,5.9,5.97,-1.5,-1.52,-338.4,-0.03,1
1230,Entry long,2012-09-07,TEST,98.8,1,98.8,4.2,4.25,0,5.9,5.97,-1.5,-1.52,-338.4,-0.03,1
1231,Exit long,2012-09-12,Close entry(s) order TEST,103.1,1,103,0.1,0.10,0,1.3,1.26,-1.2,-1.17,-338.3,-0.03,1
1231,Entry long,2012-09-11,TEST,103,1,103,0.1,0.10,0,1.3,1.26,-1.2,-1.17,-338.3,-0.03,1
1232,Exit long,2012-09-14,Close entry(s) order TEST,101,1,100.7,0.3,0.30,0,1,0.99,-1.4,-1.39,-338,-0.03,1
1232,Entry long,2012-09-13,TEST,100.7,1,100.7,0.3,0.30,0,1,0.99,-1.4,-1.39,-338,-0.03,1
1233,Exit long,2012-09-18,Close entry(s) order TEST,101.1,1,101.7,-0.6,-0.59,0,1.1,1.08,-0.7,-0.69,-338.6,-0.03,1
1233,Entry long,2012-09-17,TEST,101.7,1,101.7,-0.6,-0.59,0,1.1,1.08,-0.7,-0.69,-338.6,-0.03,1
1234,Exit long,2012-09-21,Close entry(s) order TEST,101.7,1,103,-1.3,-1.26,0,0,0.00,-2.7,-2.62,-339.9,-0.03,1
1234,Entry long,2012-09-20,TEST,103,1,103,-1.3,-1.26,0,0,0.00,-2.7,-2.62,-339.9,-0.03,1
1235,Exit long,2012-09-25,Close entry(s) order TEST,102.1,1,99.1,3,3.03,0,5.4,5.45,0,0.00,-336.9,-0.03,1
1235,Entry long,2012-09-24,TEST,99.1,1,99.1,3,3.03,0,5.4,5.45,0,0.00,-336.9,-0.03,1
1236,Exit long,2012-09-27,Close entry(s) order TEST,101,1,101.3,-0.3,-0.30,0,0.2,0.20,-1.3,-1.28,-337.2,-0.03,1
1236,Entry long,2012-09-26,TEST,101.3,1,101.3,-0.3,-0.30,0,0.2,0.20,-1.3,-1.28,-337.2,-0.03,1
1237,Exit long,2012-10-01,Close entry(s) order TEST,102.7,1,100,2.7,2.70,0,4.3,4.30,0,0.00,-334.5,-0.03,1
1237,Entry long,2012-09-28,TEST,100,1,100,2.7,2.70,0,4.3,4.30,0,0.00,-334.5,-0.03,1
1238,Exit long,2012-10-04,Close entry(s) order TEST,100.7,1,102,-1.3,-1.27,0,0,0.00,-2.3,-2.25,-335.8,-0.03,1
1238,Entry long,2012-10-03,TEST,102,1,102,-1.3,-1.27,0,0,0.00,-2.3,-2.25,-335.8,-0.03,1
1239,Exit long,2012-10-08,Close entry(s) order TEST,100.5,1,101,-0.5,-0.50,0,0.5,0.50,-3.2,-3.17,-336.3,-0.03,1
1239,Entry long,2012-10-05,TEST,101,1,101,-0.5,-0.50,0,0.5,0.50,-3.2,-3.17,-336.3,-0.03,1
1240,Exit long,2012-10-10,Close entry(s) order TEST,100,1,99.1,0.9,0.91,0,1.9,1.92,-0.3,-0.30,-335.4,-0.03,1
1240,Entry long,2012-10-09,TEST,99.1,1,99.1,0.9,0.91,0,1.9,1.92,-0.3,-0.30,-335.4,-0.03,1
1241,Exit long,2012-10-12,Close entry(s) order TEST,99.2,1,99.3,-0.1,-0.10,0,2.2,2.22,-1,-1.01,-335.5,-0.03,1
1241,Entry long,2012-10-11,TEST,99.3,1,99.3,-0.1,-0.10,0,2.2,2.22,-1,-1.01,-335.5,-0.03,1
1242,Exit long,2012-10-16,Close entry(s) order TEST,98.5,1,99.8,-1.3,-1.30,0,0.6,0.60,-1.3,-1.30,-336.8,-0.03,1
1242,Entry long,2012-10-15,TEST,99.8,1,99.8,-1.3,-1.30,0,0.6,0.60,-1.3,-1.30,-336.8,-0.03,1
1243,Exit long,2012-10-18,Close entry(s) order TEST,97.8,1,98.3,-0.5,-0.51,0,0.7,0.71,-3.3,-3.36,-337.3,-0.03,1
1243,Entry long,2012-10-17,TEST,98.3,1,98.3,-0.5,-0.51,0,0.7,0.71,-3.3,-3.36,-337.3,-0.03,1
1244,Exit long,2012-10-22,Close entry(s) order TEST,98,1,97.9,0.1,0.10,0,0.6,0.61,-1.2,-1.23,-337.2,-0.03,1
1244,Entry long,2012-10-19,TEST,97.9,1,97.9,0.1,0.10,0,0.6,0.61,-1.2,-1.23,-337.2,-0.03,1
1245,Exit long,2012-10-25,Close entry(s) order TEST,97.3,1,98.7,-1.4,-1.42,0,0.1,0.10,-2.6,-2.63,-338.6,-0.03,1
1245,Entry long,2012-10-23,TEST,98.7,1,98.7,-1.4,-1.42,0,0.1,0.10,-2.6,-2.63,-338.6,-0.03,1
1246,Exit long,2012-10-29,Close entry(s) order TEST,98,1,98.9,-0.9,-0.91,0,0,0.00,-1.8,-1.82,-339.5,-0.03,1
1246,Entry long,2012-10-26,TEST,98.9,1,98.9,-0.9,-0.91,0,0,0.00,-1.8,-1.82,-339.5,-0.03,1
1247,Exit long,2012-10-31,Close entry(s) order TEST,98,1,97,1,1.03,0,1,1.03,-0.8,-0.82,-338.5,-0.03,1
1247,Entry long,2012-10-30,TEST,97,1,97,1,1.03,0,1,1.03,-0.8,-0.82,-338.5,-0.03,1
1248,Exit long,2012-11-02,Close entry(s) order TEST,97.3,1,96.8,0.5,0.52,0,1.7,1.76,-0.7,-0.72,-338,-0.03,1
1248,Entry long,2012-11-01,TEST,96.8,1,96.8,0.5,0.52,0,1.7,1.76,-0.7,-0.72,-338,-0.03,1
1249,Exit long,2012-11-06,Close entry(s) order TEST,97.3,1,98.3,-1,-1.02,0,0.6,0.61,-1.7,-1.73,-339,-0.03,1
1249,Entry long,2012-11-05,TEST,98.3,1,98.3,-1,-1.02,0,0.6,0.61,-1.7,-1.73,-339,-0.03,1
1250,Exit long,2012-11-08,Close entry(s) order TEST,101.1,1,100,1.1,1.10,0,4.8,4.80,0,0.00,-337.9,-0.03,1
1250,Entry long,2012-11-07,TEST,100,1,100,1.1,1.10,0,4.8,4.80,0,0.00,-337.9,-0.03,1
1251,Exit long,2012-11-12,Close entry(s) order TEST,100.3,1,103.4,-3.1,-3.00,0,0,0.00,-3.4,-3.29,-341,-0.03,1
1251,Entry long,2012-11-09,TEST,103.4,1,103.4,-3.1,-3.00,0,0,0.00,-3.4,-3.29,-341,-0.03,1
1252,Exit long,2012-11-15,Close entry(s) order TEST,100.6,1,101.3,-0.7,-0.69,0,0,0.00,-1.7,-1.68,-341.7,-0.03,1
1252,Entry long,2012-11-13,TEST,101.3,1,101.3,-0.7,-0.69,0,0,0.00,-1.7,-1.68,-341.7,-0.03,1
1253,Exit long,2012-11-19,Close entry(s) order TEST,106.7,1,101.9,4.8,4.71,0,5,4.91,-0.4,-0.39,-336.9,-0.03,1
1253,Entry long,2012-11-16,TEST,101.9,1,101.9,4.8,4.71,0,5,4.91,-0.4,-0.39,-336.9,-0.03,1
1254,Exit long,2012-11-21,Close entry(s) order TEST,102.5,1,105,-2.5,-2.38,0,0.5,0.48,-5.3,-5.05,-339.4,-0.03,1
1254,Entry long,2012-11-20,TEST,105,1,105,-2.5,-2.38,0,0.5,0.48,-5.3,-5.05,-339.4,-0.03,1
1255,Exit long,2012-11-23,Close entry(s) order TEST,105.1,1,104.4,0.7,0.67,0,0.8,0.77,-1.4,-1.34,-338.7,-0.03,1
1255,Entry long,2012-11-22,TEST,104.4,1,104.4,0.7,0.67,0,0.8,0.77,-1.4,-1.34,-338.7,-0.03,1
1256,Exit long,2012-11-27,Close entry(s) order TEST,104,1,103.5,0.5,0.48,0,0.5,0.48,-1,-0.97,-338.2,-0.03,1
1256,Entry long,2012-11-26,TEST,103.5,1,103.5,0.5,0.48,0,0.5,0.48,-1,-0.97,-338.2,-0.03,1
1257,Exit long,2012-11-30,Close entry(s) order TEST,103.2,1,103.3,-0.1,-0.10,0,2.4,2.32,-1.3,-1.26,-338.3,-0.03,1
1257,Entry long,2012-11-29,TEST,103.3,1,103.3,-0.1,-0.10,0,2.4,2.32,-1.3,-1.26,-338.3,-0.03,1
1258,Exit long,2012-12-04,Close entry(s) order TEST,105,1,105.8,-0.8,-0.76,0,2,1.89,-2.3,-2.17,-339.1,-0.03,1
1258,Entry long,2012-12-03,TEST,105.8,1,105.8,-0.8,-0.76,0,2,1.89,-2.3,-2.17,-339.1,-0.03,1
1259,Exit long,2012-12-06,Close entry(s) order TEST,111.5,1,106,5.5,5.19,0,5.5,5.19,0,0.00,-333.6,-0.03,1
1259,Entry long,2012-12-05,TEST,106,1,106,5.5,5.19,0,5.5,5.19,0,0.00,-333.6,-0.03,1
1260,Exit long,2012-12-10,Close entry(s) order TEST,109.8,1,110.5,-0.7,-0.63,0,1.5,1.36,-2.5,-2.26,-334.3,-0.03,1
1260,Entry long,2012-12-07,TEST,110.5,1,110.5,-0.7,-0.63,0,1.5,1.36,-2.5,-2.26,-334.3,-0.03,1
1261,Exit long,2012-12-12,Close entry(s) order TEST,109,1,109.1,-0.1,-0.09,0,2.7,2.47,-2.3,-2.11,-334.4,-0.03,1
1261,Entry long,2012-12-11,TEST,109.1,1,109.1,-0.1,-0.09,0,2.7,2.47,-2.3,-2.11,-334.4,-0.03,1
1262,Exit long,2012-12-14,Close entry(s) order TEST,108,1,109.3,-1.3,-1.19,0,0.2,0.18,-2.5,-2.29,-335.7,-0.03,1
1262,Entry long,2012-12-13,TEST,109.3,1,109.3,-1.3,-1.19,0,0.2,0.18,-2.5,-2.29,-335.7,-0.03,1
1263,Exit long,2012-12-18,Close entry(s) order TEST,108.2,1,107.5,0.7,0.65,0,0.9,0.84,-0.4,-0.37,-335,-0.03,1
1263,Entry long,2012-12-17,TEST,107.5,1,107.5,0.7,0.65,0,0.9,0.84,-0.4,-0.37,-335,-0.03,1
1264,Exit long,2012-12-20,Close entry(s) order TEST,107.5,1,107,0.5,0.47,0,3.4,3.18,-0.7,-0.65,-334.5,-0.03,1
1264,Entry long,2012-12-19,TEST,107,1,107,0.5,0.47,0,3.4,3.18,-0.7,-0.65,-334.5,-0.03,1
1265,Exit long,2012-12-24,Close entry(s) order TEST,109.7,1,110.1,-0.4,-0.36,0,0.9,0.82,-3.1,-2.82,-334.9,-0.03,1
1265,Entry long,2012-12-21,TEST,110.1,1,110.1,-0.4,-0.36,0,0.9,0.82,-3.1,-2.82,-334.9,-0.03,1
1266,Exit long,2012-12-27,Close entry(s) order TEST,107.3,1,108,-0.7,-0.65,0,0.3,0.28,-1.4,-1.30,-335.6,-0.03,1
1266,Entry long,2012-12-26,TEST,108,1,108,-0.7,-0.65,0,0.3,0.28,-1.4,-1.30,-335.6,-0.03,1
1267,Exit long,2012-12-31,Close entry(s) order TEST,106.2,1,104,2.2,2.12,0,2.2,2.12,-1.4,-1.35,-333.4,-0.03,1
1267,Entry long,2012-12-28,TEST,104,1,104,2.2,2.12,0,2.2,2.12,-1.4,-1.35,-333.4,-0.03,1
1268,Exit long,2013-01-02,Close entry(s) order TEST,106,1,107.2,-1.2,-1.12,0,0.3,0.28,-1.5,-1.40,-334.6,-0.03,1
1268,Entry long,2013-01-01,TEST,107.2,1,107.2,-1.2,-1.12,0,0.3,0.28,-1.5,-1.40,-334.6,-0.03,1
1269,Exit long,2013-01-04,Close entry(s) order TEST,105.9,1,105,0.9,0.86,0,1,0.95,-1.6,-1.52,-333.7,-0.03,1
1269,Entry long,2013-01-03,TEST,105,1,105,0.9,0.86,0,1,0.95,-1.6,-1.52,-333.7,-0.03,1
1270,Exit long,2013-01-08,Close entry(s) order TEST,108.7,1,105,3.7,3.52,0,5,4.76,0,0.00,-330,-0.03,1
1270,Entry long,2013-01-07,TEST,105,1,105,3.7,3.52,0,5,4.76,0,0.00,-330,-0.03,1
1271,Exit long,2013-01-10,Close entry(s) order TEST,107.7,1,108.4,-0.7,-0.65,0,2.3,2.12,-2.4,-2.21,-330.7,-0.03,1
1271,Entry long,2013-01-09,TEST,108.4,1,108.4,-0.7,-0.65,0,2.3,2.12,-2.4,-2.21,-330.7,-0.03,1
1272,Exit long,2013-01-14,Close entry(s) order TEST,103.8,1,108,-4.2,-3.89,0,0,0.00,-4.5,-4.17,-334.9,-0.03,1
1272,Entry long,2013-01-11,TEST,108,1,108,-4.2,-3.89,0,0,0.00,-4.5,-4.17,-334.9,-0.03,1
1273,Exit long,2013-01-16,Close entry(s) order TEST,104.8,1,105.3,-0.5,-0.47,0,1.5,1.42,-1.5,-1.42,-335.4,-0.03,1
1273,Entry long,2013-01-15,TEST,105.3,1,105.3,-0.5,-0.47,0,1.5,1.42,-1.5,-1.42,-335.4,-0.03,1
1274,Exit long,2013-01-18,Close entry(s) order TEST,100,1,101.6,-1.6,-1.57,0,1.1,1.08,-2.3,-2.26,-337,-0.03,1
1274,Entry long,2013-01-17,TEST,101.6,1,101.6,-1.6,-1.57,0,1.1,1.08,-2.3,-2.26,-337,-0.03,1
1275,Exit long,2013-01-22,Close entry(s) order TEST,99.8,1,100.5,-0.7,-0.70,0,1.3,1.29,-1.1,-1.09,-337.7,-0.03,1
1275,Entry long,2013-01-21,TEST,100.5,1,100.5,-0.7,-0.70,0,1.3,1.29,-1.1,-1.09,-337.7,-0.03,1
1276,Exit long,2013-01-24,Close entry(s) order TEST,100.5,1,99.3,1.2,1.21,0,2,2.01,-1.9,-1.91,-336.5,-0.03,1
1276,Entry long,2013-01-23,TEST,99.3,1,99.3,1.2,1.21,0,2,2.01,-1.9,-1.91,-336.5,-0.03,1
1277,Exit long,2013-01-28,Close entry(s) order TEST,94.3,1,97.9,-3.6,-3.68,0,0.8,0.82,-4.7,-4.80,-340.1,-0.03,1
1277,Entry long,2013-01-25,TEST,97.9,1,97.9,-3.6,-3.68,0,0.8,0.82,-4.7,-4.80,-340.1,-0.03,1
1278,Exit long,2013-01-30,Close entry(s) order TEST,95.8,1,94.5,1.3,1.38,0,2.3,2.43,-2.2,-2.33,-338.8,-0.03,1
1278,Entry long,2013-01-29,TEST,94.5,1,94.5,1.3,1.38,0,2.3,2.43,-2.2,-2.33,-338.8,-0.03,1
1279,Exit long,2013-02-01,Close entry(s) order TEST,99.8,1,93.4,6.4,6.85,0,8.5,9.10,-3.1,-3.32,-332.4,-0.03,1
1279,Entry long,2013-01-31,TEST,93.4,1,93.4,6.4,6.85,0,8.5,9.10,-3.1,-3.32,-332.4,-0.03,1
1280,Exit long,2013-02-05,Close entry(s) order TEST,97.5,1,98.3,-0.8,-0.81,0,0.7,0.71,-1.9,-1.93,-333.2,-0.03,1
1280,Entry long,2013-02-04,TEST,98.3,1,98.3,-0.8,-0.81,0,0.7,0.71,-1.9,-1.93,-333.2,-0.03,1
1281,Exit long,2013-02-07,Close entry(s) order TEST,94.8,1,95.8,-1,-1.04,0,0,0.00,-2.4,-2.51,-334.2,-0.03,1
1281,Entry long,2013-02-06,TEST,95.8,1,95.8,-1,-1.04,0,0,0.00,-2.4,-2.51,-334.2,-0.03,1
1282,Exit long,2013-02-11,Close entry(s) order TEST,94.2,1,93.1,1.1,1.18,0,2.6,2.79,-0.9,-0.97,-333.1,-0.03,1
1282,Entry long,2013-02-08,TEST,93.1,1,93.1,1.1,1.18,0,2.6,2.79,-0.9,-0.97,-333.1,-0.03,1
1283,Exit long,2013-02-13,Close entry(s) order TEST,93.5,1,92.9,0.6,0.65,0,0.8,0.86,-0.8,-0.86,-332.5,-0.03,1
1283,Entry long,2013-02-12,TEST,92.9,1,92.9,0.6,0.65,0,0.8,0.86,-0.8,-0.86,-332.5,-0.03,1
1284,Exit long,2013-02-15,Close entry(s) order TEST,87.5,1,92,-4.5,-4.89,0,0.6,0.65,-6.8,-7.39,-337,-0.03,1
1284,Entry long,2013-02-14,TEST,92,1,92,-4.5,-4.89,0,0.6,0.65,-6.8,-7.39,-337,-0.03,1
1285,Exit long,2013-02-19,Close entry(s) order TEST,90.8,1,90.7,0.1,0.11,0,0.2,0.22,-2.3,-2.54,-336.9,-0.03,1
1285,Entry long,2013-02-18,TEST,90.7,1,90.7,0.1,0.11,0,0.2,0.22,-2.3,-2.54,-336.9,-0.03,1
1286,Exit long,2013-02-21,Close entry(s) order TEST,86.2,1,90.9,-4.7,-5.17,0,1.5,1.65,-4.7,-5.17,-341.6,-0.03,1
1286,Entry long,2013-02-20,TEST,90.9,1,90.9,-4.7,-5.17,0,1.5,1.65,-4.7,-5.17,-341.6,-0.03,1
1287,Exit long,2013-02-25,Close entry(s) order TEST,83.8,1,85.2,-1.4,-1.64,0,1.1,1.29,-3.3,-3.87,-343,-0.03,1
1287,Entry long,2013-02-22,TEST,85.2,1,85.2,-1.4,-1.64,0,1.1,1.29,-3.3,-3.87,-343,-0.03,1
1288,Exit long,2013-02-27,Close entry(s) order TEST,62,1,69.8,-7.8,-11.17,0,1.6,2.29,-9.8,-14.04,-350.8,-0.04,1
1288,Entry long,2013-02-26,TEST,69.8,1,69.8,-7.8,-11.17,0,1.6,2.29,-9.8,-14.04,-350.8,-0.04,1
1289,Exit long,2013-03-01,Close entry(s) order TEST,55.1,1,59.9,-4.8,-8.01,0,1.4,2.34,-4.8,-8.01,-355.6,-0.04,1
1289,Entry long,2013-02-28,TEST,59.9,1,59.9,-4.8,-8.01,0,1.4,2.34,-4.8,-8.01,-355.6,-0.04,1
1290,Exit long,2013-03-05,Close entry(s) order TEST,55.8,1,58.8,-3,-5.10,0,0,0.00,-3.8,-6.46,-358.6,-0.04,1
1290,Entry long,2013-03-04,TEST,58.8,1,58.8,-3,-5.10,0,0,0.00,-3.8,-6.46,-358.6,-0.04,1
1291,Exit long,2013-03-07,Close entry(s) order TEST,60,1,58.9,1.1,1.87,0,2,3.40,-1.3,-2.21,-357.5,-0.04,1
1291,Entry long,2013-03-06,TEST,58.9,1,58.9,1.1,1.87,0,2,3.40,-1.3,-2.21,-357.5,-0.04,1
1292,Exit long,2013-03-11,Close entry(s) order TEST,60.8,1,59.4,1.4,2.36,0,1.4,2.36,-0.9,-1.52,-356.1,-0.04,1
1292,Entry long,2013-03-08,TEST,59.4,1,59.4,1.4,2.36,0,1.4,2.36,-0.9,-1.52,-356.1,-0.04,1
1293,Exit long,2013-03-13,Close entry(s) order TEST,58,1,59.2,-1.2,-2.03,0,0.6,1.01,-2.2,-3.72,-357.3,-0.04,1
1293,Entry long,2013-03-12,TEST,59.2,1,59.2,-1.2,-2.03,0,0.6,1.01,-2.2,-3.72,-357.3,-0.04,1
1294,Exit long,2013-03-15,Close entry(s) order TEST,53,1,52.5,0.5,0.95,0,1.3,2.48,-3.4,-6.48,-356.8,-0.04,1
1294,Entry long,2013-03-14,TEST,52.5,1,52.5,0.5,0.95,0,1.3,2.48,-3.4,-6.48,-356.8,-0.04,1
1295,Exit long,2013-03-19,Close entry(s) order TEST,52.7,1,52.5,0.2,0.38,0,0.3,0.57,-2.2,-4.19,-356.6,-0.04,1
1295,Entry long,2013-03-18,TEST,52.5,1,52.5,0.2,0.38,0,0.3,0.57,-2.2,-4.19,-356.6,-0.04,1
1296,Exit long,2013-03-21,Close entry(s) order TEST,49,1,51.4,-2.4,-4.67,0,0.4,0.78,-4.8,-9.34,-359,-0.04,1
1296,Entry long,2013-03-20,TEST,51.4,1,51.4,-2.4,-4.67,0,0.4,0.78,-4.8,-9.34,-359,-0.04,1
1297,Exit long,2013-03-25,Close entry(s) order TEST,48.2,1,46.5,1.7,3.66,0,5.5,11.83,0,0.00,-357.3,-0.04,1
1297,Entry long,2013-03-22,TEST,46.5,1,46.5,1.7,3.66,0,5.5,11.83,0,0.00,-357.3,-0.04,1
1298,Exit long,2013-03-28,Close entry(s) order TEST,50.1,1,49.6,0.5,1.01,0,0.5,1.01,-1.3,-2.62,-356.8,-0.04,1
1298,Entry long,2013-03-26,TEST,49.6,1,49.6,0.5,1.01,0,0.5,1.01,-1.3,-2.62,-356.8,-0.04,1
1299,Exit long,2013-04-02,Close entry(s) order TEST,55,1,51.3,3.7,7.21,0,5.1,9.94,-1.2,-2.34,-353.1,-0.04,1
1299,Entry long,2013-04-01,TEST,51.3,1,51.3,3.7,7.21,0,5.1,9.94,-1.2,-2.34,-353.1,-0.04,1
1300,Exit long,2013-04-04,Close entry(s) order TEST,57,1,56,1,1.79,0,7.9,14.11,-0.3,-0.54,-352.1,-0.04,1
1300,Entry long,2013-04-03,TEST,56,1,56,1,1.79,0,7.9,14.11,-0.3,-0.54,-352.1,-0.04,1
1301,Exit long,2013-04-08,Close entry(s) order TEST,56.5,1,54.3,2.2,4.05,0,3.6,6.63,0,0.00,-349.9,-0.03,1
1301,Entry long,2013-04-05,TEST,54.3,1,54.3,2.2,4.05,0,3.6,6.63,0,0.00,-349.9,-0.03,1
1302,Exit long,2013-04-10,Close entry(s) order TEST,55.5,1,56.3,-0.8,-1.42,0,1.7,3.02,-1.5,-2.66,-350.7,-0.04,1
1302,Entry long,2013-04-09,TEST,56.3,1,56.3,-0.8,-1.42,0,1.7,3.02,-1.5,-2.66,-350.7,-0.04,1
1303,Exit long,2013-04-12,Close entry(s) order TEST,51.4,1,55,-3.6,-6.55,0,0.9,1.64,-4.5,-8.18,-354.3,-0.04,1
1303,Entry long,2013-04-11,TEST,55,1,55,-3.6,-6.55,0,0.9,1.64,-4.5,-8.18,-354.3,-0.04,1
1304,Exit long,2013-04-16,Close entry(s) order TEST,47.1,1,49,-1.9,-3.88,0,0.4,0.82,-1.9,-3.88,-356.2,-0.04,1
1304,Entry long,2013-04-15,TEST,49,1,49,-1.9,-3.88,0,0.4,0.82,-1.9,-3.88,-356.2,-0.04,1
1305,Exit long,2013-04-18,Close entry(s) order TEST,52,1,48.8,3.2,6.56,0,3.2,6.56,-0.5,-1.02,-353,-0.04,1
1305,Entry long,2013-04-17,TEST,48.8,1,48.8,3.2,6.56,0,3.2,6.56,-0.5,-1.02,-353,-0.04,1
1306,Exit long,2013-04-23,Close entry(s) order TEST,53.5,1,52,1.5,2.88,0,2,3.85,-0.8,-1.54,-351.5,-0.04,1
1306,Entry long,2013-04-22,TEST,52,1,52,1.5,2.88,0,2,3.85,-0.8,-1.54,-351.5,-0.04,1
1307,Exit long,2013-04-26,Close entry(s) order TEST,51.6,1,50.8,0.8,1.57,0,1.2,2.36,-1.2,-2.36,-350.7,-0.04,1
1307,Entry long,2013-04-25,TEST,50.8,1,50.8,0.8,1.57,0,1.2,2.36,-1.2,-2.36,-350.7,-0.04,1
1308,Exit long,2013-04-30,Close entry(s) order TEST,53.6,1,54.2,-0.6,-1.11,0,1.2,2.21,-0.7,-1.29,-351.3,-0.04,1
1308,Entry long,2013-04-29,TEST,54.2,1,54.2,-0.6,-1.11,0,1.2,2.21,-0.7,-1.29,-351.3,-0.04,1
1309,Exit long,2013-05-03,Close entry(s) order TEST,50.5,1,52.7,-2.2,-4.17,0,1,1.90,-2.3,-4.36,-353.5,-0.04,1
1309,Entry long,2013-05-02,TEST,52.7,1,52.7,-2.2,-4.17,0,1,1.90,-2.3,-4.36,-353.5,-0.04,1
1310,Exit long,2013-05-07,Close entry(s) order TEST,50,1,50.5,-0.5,-0.99,0,0.7,1.39,-0.7,-1.39,-354,-0.04,1
1310,Entry long,2013-05-06,TEST,50.5,1,50.5,-0.5,-0.99,0,0.7,1.39,-0.7,-1.39,-354,-0.04,1
1311,Exit long,2013-05-09,Close entry(s) order TEST,51.3,1,51,0.3,0.59,0,1.3,2.55,-0.3,-0.59,-353.7,-0.04,1
1311,Entry long,2013-05-08,TEST,51,1,51,0.3,0.59,0,1.3,2.55,-0.3,-0.59,-353.7,-0.04,1
1312,Exit long,2013-05-13,Close entry(s) order TEST,50.6,1,50.9,-0.3,-0.59,0,0.9,1.77,-0.3,-0.59,-354,-0.04,1
1312,Entry long,2013-05-10,TEST,50.9,1,50.9,-0.3,-0.59,0,0.9,1.77,-0.3,-0.59,-354,-0.04,1
1313,Exit long,2013-05-15,Close entry(s) order TEST,49.4,1,49.6,-0.2,-0.40,0,0.6,1.21,-0.3,-0.60,-354.2,-0.04,1
1313,Entry long,2013-05-14,TEST,49.6,1,49.6,-0.2,-0.40,0,0.6,1.21,-0.3,-0.60,-354.2,-0.04,1
1314,Exit long,2013-05-17,Close entry(s) order TEST,50.2,1,51.3,-1.1,-2.14,0,0.6,1.17,-1.1,-2.14,-355.3,-0.04,1
1314,Entry long,2013-05-16,TEST,51.3,1,51.3,-1.1,-2.14,0,0.6,1.17,-1.1,-2.14,-355.3,-0.04,1
1315,Exit long,2013-05-21,Close entry(s) order TEST,51,1,50,1,2.00,0,1.9,3.80,0,0.00,-354.3,-0.04,1
1315,Entry long,2013-05-20,TEST,50,1,50,1,2.00,0,1.9,3.80,0,0.00,-354.3,-0.04,1
1316,Exit long,2013-05-23,Close entry(s) order TEST,49,1,50,-1,-2.00,0,0.5,1.00,-1.1,-2.20,-355.3,-0.04,1
1316,Entry long,2013-05-22,TEST,50,1,50,-1,-2.00,0,0.5,1.00,-1.1,-2.20,-355.3,-0.04,1
1317,Exit long,2013-05-27,Close entry(s) order TEST,47,1,48,-1,-2.08,0,1,2.08,-1,-2.08,-356.3,-0.04,1
1317,Entry long,2013-05-24,TEST,48,1,48,-1,-2.08,0,1,2.08,-1,-2.08,-356.3,-0.04,1
1318,Exit long,2013-05-29,Close entry(s) order TEST,48,1,48,0,0.00,0,0.5,1.04,0,0.00,-356.3,-0.04,1
1318,Entry long,2013-05-28,TEST,48,1,48,0,0.00,0,0.5,1.04,0,0.00,-356.3,-0.04,1
1319,Exit long,2013-05-31,Close entry(s) order TEST,49.3,1,47,2.3,4.89,0,3.5,7.45,0,0.00,-354,-0.04,1
1319,Entry long,2013-05-30,TEST,47,1,47,2.3,4.89,0,3.5,7.45,0,0.00,-354,-0.04,1
1320,Exit long,2013-06-04,Close entry(s) order TEST,48.1,1,45.5,2.6,5.71,0,2.8,6.15,-0.5,-1.10,-351.4,-0.04,1
1320,Entry long,2013-06-03,TEST,45.5,1,45.5,2.6,5.71,0,2.8,6.15,-0.5,-1.10,-351.4,-0.04,1
1321,Exit long,2013-06-06,Close entry(s) order TEST,46.2,1,47.2,-1,-2.12,0,0.8,1.69,-1,-2.12,-352.4,-0.04,1
1321,Entry long,2013-06-05,TEST,47.2,1,47.2,-1,-2.12,0,0.8,1.69,-1,-2.12,-352.4,-0.04,1
1322,Exit long,2013-06-10,Close entry(s) order TEST,46.5,1,47.2,-0.7,-1.48,0,0,0.00,-1.5,-3.18,-353.1,-0.04,1
1322,Entry long,2013-06-07,TEST,47.2,1,47.2,-0.7,-1.48,0,0,0.00,-1.5,-3.18,-353.1,-0.04,1
1323,Exit long,2013-06-12,Close entry(s) order TEST,43,1,45.1,-2.1,-4.66,0,0.6,1.33,-2.6,-5.76,-355.2,-0.04,1
1323,Entry long,2013-06-11,TEST,45.1,1,45.1,-2.1,-4.66,0,0.6,1.33,-2.6,-5.76,-355.2,-0.04,1
1324,Exit long,2013-06-14,Close entry(s) order TEST,44.5,1,43.3,1.2,2.77,0,1.7,3.93,-0.2,-0.46,-354,-0.04,1
1324,Entry long,2013-06-13,TEST,43.3,1,43.3,1.2,2.77,0,1.7,3.93,-0.2,-0.46,-354,-0.04,1
1325,Exit long,2013-06-18,Close entry(s) order TEST,44.1,1,43.1,1,2.32,0,2.9,6.73,0,0.00,-353,-0.04,1
1325,Entry long,2013-06-17,TEST,43.1,1,43.1,1,2.32,0,2.9,6.73,0,0.00,-353,-0.04,1
1326,Exit long,2013-06-20,Close entry(s) order TEST,46,1,43.5,2.5,5.75,0,3.4,7.82,0,0.00,-350.5,-0.04,1
1326,Entry long,2013-06-19,TEST,43.5,1,43.5,2.5,5.75,0,3.4,7.82,0,0.00,-350.5,-0.04,1
1327,Exit long,2013-06-24,Close entry(s) order TEST,49.1,1,49,0.1,0.20,0,1,2.04,-1.3,-2.65,-350.4,-0.04,1
1327,Entry long,2013-06-21,TEST,49,1,49,0.1,0.20,0,1,2.04,-1.3,-2.65,-350.4,-0.04,1
1328,Exit long,2013-06-26,Close entry(s) order TEST,45.3,1,44,1.3,2.95,0,9.5,21.59,0,0.00,-349.1,-0.03,1
1328,Entry long,2013-06-25,TEST,44,1,44,1.3,2.95,0,9.5,21.59,0,0.00,-349.1,-0.03,1
1329,Exit long,2013-06-28,Close entry(s) order TEST,43.3,1,44,-0.7,-1.59,0,1.8,4.09,-4.2,-9.55,-349.8,-0.03,1
1329,Entry long,2013-06-27,TEST,44,1,44,-0.7,-1.59,0,1.8,4.09,-4.2,-9.55,-349.8,-0.03,1
1330,Exit long,2013-07-02,Close entry(s) order TEST,46,1,43.2,2.8,6.48,0,3.9,9.03,0,0.00,-347,-0.03,1
1330,Entry long,2013-07-01,TEST,43.2,1,43.2,2.8,6.48,0,3.9,9.03,0,0.00,-347,-0.03,1
1331,Exit long,2013-07-04,Close entry(s) order TEST,44.5,1,44,0.5,1.14,0,0.5,1.14,-1.9,-4.32,-346.5,-0.03,1
1331,Entry long,2013-07-03,TEST,44,1,44,0.5,1.14,0,0.5,1.14,-1.9,-4.32,-346.5,-0.03,1
1332,Exit long,2013-07-08,Close entry(s) order TEST,42,1,42.2,-0.2,-0.47,0,2.6,6.16,-2,-4.74,-346.7,-0.03,1
1332,Entry long,2013-07-05,TEST,42.2,1,42.2,-0.2,-0.47,0,2.6,6.16,-2,-4.74,-346.7,-0.03,1
1333,Exit long,2013-07-10,Close entry(s) order TEST,44,1,43,1,2.33,0,1,2.33,-0.7,-1.63,-345.7,-0.03,1
1333,Entry long,2013-07-09,TEST,43,1,43,1,2.33,0,1,2.33,-0.7,-1.63,-345.7,-0.03,1
1334,Exit long,2013-07-12,Close entry(s) order TEST,42.5,1,42.9,-0.4,-0.93,0,1.1,2.56,-0.4,-0.93,-346.1,-0.03,1
1334,Entry long,2013-07-11,TEST,42.9,1,42.9,-0.4,-0.93,0,1.1,2.56,-0.4,-0.93,-346.1,-0.03,1
1335,Exit long,2013-07-16,Close entry(s) order TEST,43,1,42.5,0.5,1.18,0,1.9,4.47,0,0.00,-345.6,-0.03,1
1335,Entry long,2013-07-15,TEST,42.5,1,42.5,0.5,1.18,0,1.9,4.47,0,0.00,-345.6,-0.03,1
1336,Exit long,2013-07-18,Close entry(s) order TEST,43,1,44.5,-1.5,-3.37,0,0,0.00,-1.6,-3.60,-347.1,-0.03,1
1336,Entry long,2013-07-17,TEST,44.5,1,44.5,-1.5,-3.37,0,0,0.00,-1.6,-3.60,-347.1,-0.03,1
1337,Exit long,2013-07-22,Close entry(s) order TEST,45.2,1,45.5,-0.3,-0.66,0,0,0.00,-1.7,-3.74,-347.4,-0.03,1
1337,Entry long,2013-07-19,TEST,45.5,1,45.5,-0.3,-0.66,0,0,0.00,-1.7,-3.74,-347.4,-0.03,1
1338,Exit long,2013-07-24,Close entry(s) order TEST,44,1,44.4,-0.4,-0.90,0,1.4,3.15,-0.4,-0.90,-347.8,-0.03,1
1338,Entry long,2013-07-23,TEST,44.4,1,44.4,-0.4,-0.90,0,1.4,3.15,-0.4,-0.90,-347.8,-0.03,1
1339,Exit long,2013-07-26,Close entry(s) order TEST,42.3,1,43.6,-1.3,-2.98,0,0,0.00,-1.3,-2.98,-349.1,-0.03,1
1339,Entry long,2013-07-25,TEST,43.6,1,43.6,-1.3,-2.98,0,0,0.00,-1.3,-2.98,-349.1,-0.03,1
1340,Exit long,2013-07-30,Close entry(s) order TEST,41,1,42,-1,-2.38,0,0.6,1.43,-2.2,-5.24,-350.1,-0.04,1
1340,Entry long,2013-07-29,TEST,42,1,42,-1,-2.38,0,0.6,1.43,-2.2,-5.24,-350.1,-0.04,1
1341,Exit long,2013-08-01,Close entry(s) order TEST,37.2,1,40,-2.8,-7.00,0,0,0.00,-5,-12.50,-352.9,-0.04,1
1341,Entry long,2013-07-31,TEST,40,1,40,-2.8,-7.00,0,0,0.00,-5,-12.50,-352.9,-0.04,1
1342,Exit long,2013-08-05,Close entry(s) order TEST,36,1,32,4,12.50,0,4,12.50,0,0.00,-348.9,-0.03,1
1342,Entry long,2013-08-02,TEST,32,1,32,4,12.50,0,4,12.50,0,0.00,-348.9,-0.03,1
1343,Exit long,2013-08-07,Close entry(s) order TEST,28.3,1,36,-7.7,-21.39,0,0,0.00,-7.7,-21.39,-356.6,-0.04,1
1343,Entry long,2013-08-06,TEST,36,1,36,-7.7,-21.39,0,0,0.00,-7.7,-21.39,-356.6,-0.04,1
1344,Exit long,2013-08-12,Close entry(s) order TEST,35.2,1,38,-2.8,-7.37,0,0.5,1.32,-3.9,-10.26,-359.4,-0.04,1
1344,Entry long,2013-08-08,TEST,38,1,38,-2.8,-7.37,0,0.5,1.32,-3.9,-10.26,-359.4,-0.04,1
1345,Exit long,2013-08-14,Close entry(s) order TEST,32.8,1,32.3,0.5,1.55,0,0.7,2.17,-0.7,-2.17,-358.9,-0.04,1
1345,Entry long,2013-08-13,TEST,32.3,1,32.3,0.5,1.55,0,0.7,2.17,-0.7,-2.17,-358.9,-0.04,1
1346,Exit long,2013-08-19,Close entry(s) order TEST,29.9,1,31,-1.1,-3.55,0,1,3.23,-1.4,-4.52,-360,-0.04,1
1346,Entry long,2013-08-16,TEST,31,1,31,-1.1,-3.55,0,1,3.23,-1.4,-4.52,-360,-0.04,1
1347,Exit long,2013-08-21,Close entry(s) order TEST,28.4,1,28.5,-0.1,-0.35,0,0.2,0.70,-1.1,-3.86,-360.1,-0.04,1
1347,Entry long,2013-08-20,TEST,28.5,1,28.5,-0.1,-0.35,0,0.2,0.70,-1.1,-3.86,-360.1,-0.04,1
1348,Exit long,2013-08-23,Close entry(s) order TEST,30.2,1,28,2.2,7.86,0,2.2,7.86,-1.2,-4.29,-357.9,-0.04,1
1348,Entry long,2013-08-22,TEST,28,1,28,2.2,7.86,0,2.2,7.86,-1.2,-4.29,-357.9,-0.04,1
1349,Exit long,2013-08-27,Close entry(s) order TEST,32,1,31,1,3.23,0,2.7,8.71,-1,-3.23,-356.9,-0.04,1
1349,Entry long,2013-08-26,TEST,31,1,31,1,3.23,0,2.7,8.71,-1,-3.23,-356.9,-0.04,1
1350,Exit long,2013-08-29,Close entry(s) order TEST,32.3,1,31,1.3,4.19,0,1.6,5.16,-0.9,-2.90,-355.6,-0.04,1
1350,Entry long,2013-08-28,TEST,31,1,31,1.3,4.19,0,1.6,5.16,-0.9,-2.90,-355.6,-0.04,1
1351,Exit long,2013-09-02,Close entry(s) order TEST,34.7,1,33,1.7,5.15,0,1.7,5.15,-0.3,-0.91,-353.9,-0.04,1
1351,Entry long,2013-08-30,TEST,33,1,33,1.7,5.15,0,1.7,5.15,-0.3,-0.91,-353.9,-0.04,1
1352,Exit long,2013-09-04,Close entry(s) order TEST,34.5,1,35,-0.5,-1.43,0,0.5,1.43,-1.5,-4.29,-354.4,-0.04,1
1352,Entry long,2013-09-03,TEST,35,1,35,-0.5,-1.43,0,0.5,1.43,-1.5,-4.29,-354.4,-0.04,1
1353,Exit long,2013-09-06,Close entry(s) order TEST,34.5,1,34.6,-0.1,-0.29,0,2.2,6.36,-0.4,-1.16,-354.5,-0.04,1
1353,Entry long,2013-09-05,TEST,34.6,1,34.6,-0.1,-0.29,0,2.2,6.36,-0.4,-1.16,-354.5,-0.04,1
1354,Exit long,2013-09-11,Close entry(s) order TEST,36.4,1,36.7,-0.3,-0.82,0,0,0.00,-2.2,-5.99,-354.8,-0.04,1
1354,Entry long,2013-09-10,TEST,36.7,1,36.7,-0.3,-0.82,0,0,0.00,-2.2,-5.99,-354.8,-0.04,1
1355,Exit long,2013-09-13,Close entry(s) order TEST,38.5,1,36.8,1.7,4.62,0,3,8.15,-0.2,-0.54,-353.1,-0.04,1
1355,Entry long,2013-09-12,TEST,36.8,1,36.8,1.7,4.62,0,3,8.15,-0.2,-0.54,-353.1,-0.04,1
1356,Exit long,2013-09-17,Close entry(s) order TEST,35,1,37.3,-2.3,-6.17,0,0.1,0.27,-2.3,-6.17,-355.4,-0.04,1
1356,Entry long,2013-09-16,TEST,37.3,1,37.3,-2.3,-6.17,0,0.1,0.27,-2.3,-6.17,-355.4,-0.04,1
1357,Exit long,2013-09-19,Close entry(s) order TEST,33.5,1,34,-0.5,-1.47,0,0,0.00,-1.7,-5.00,-355.9,-0.04,1
1357,Entry long,2013-09-18,TEST,34,1,34,-0.5,-1.47,0,0,0.00,-1.7,-5.00,-355.9,-0.04,1
1358,Exit long,2013-09-23,Close entry(s) order TEST,32.3,1,34.2,-1.9,-5.56,0,0,0.00,-2.2,-6.43,-357.8,-0.04,1
1358,Entry long,2013-09-20,TEST,34.2,1,34.2,-1.9,-5.56,0,0,0.00,-2.2,-6.43,-357.8,-0.04,1
1359,Exit long,2013-09-25,Close entry(s) order TEST,29.9,1,31,-1.1,-3.55,0,0.3,0.97,-1.9,-6.13,-358.9,-0.04,1
1359,Entry long,2013-09-24,TEST,31,1,31,-1.1,-3.55,0,0.3,0.97,-1.9,-6.13,-358.9,-0.04,1
1360,Exit long,2013-09-27,Close entry(s) order TEST,28.4,1,29,-0.6,-2.07,0,1,3.45,-0.6,-2.07,-359.5,-0.04,1
1360,Entry long,2013-09-26,TEST,29,1,29,-0.6,-2.07,0,1,3.45,-0.6,-2.07,-359.5,-0.04,1
1361,Exit long,2013-10-01,Close entry(s) order TEST,30,1,28.6,1.4,4.90,0,1.7,5.94,-0.4,-1.40,-358.1,-0.04,1
1361,Entry long,2013-09-30,TEST,28.6,1,28.6,1.4,4.90,0,1.7,5.94,-0.4,-1.40,-358.1,-0.04,1
1362,Exit long,2013-10-04,Close entry(s) order TEST,30,1,30,0,0.00,0,0.8,2.67,-0.2,-0.67,-358.1,-0.04,1
1362,Entry long,2013-10-03,TEST,30,1,30,0,0.00,0,0.8,2.67,-0.2,-0.67,-358.1,-0.04,1
1363,Exit long,2013-10-08,Close entry(s) order TEST,32,1,30.2,1.8,5.96,0,1.8,5.96,-0.5,-1.66,-356.3,-0.04,1
1363,Entry long,2013-10-07,TEST,30.2,1,30.2,1.8,5.96,0,1.8,5.96,-0.5,-1.66,-356.3,-0.04,1
1364,Exit long,2013-10-10,Close entry(s) order TEST,32.5,1,31,1.5,4.84,0,1.9,6.13,0,0.00,-354.8,-0.04,1
1364,Entry long,2013-10-09,TEST,31,1,31,1.5,4.84,0,1.9,6.13,0,0.00,-354.8,-0.04,1
1365,Exit long,2013-10-14,Close entry(s) order TEST,33.3,1,33,0.3,0.91,0,2,6.06,-0.4,-1.21,-354.5,-0.04,1
1365,Entry long,2013-10-11,TEST,33,1,33,0.3,0.91,0,2,6.06,-0.4,-1.21,-354.5,-0.04,1
1366,Exit long,2013-10-17,Close entry(s) order TEST,34,1,33.2,0.8,2.41,0,1.4,4.22,-0.2,-0.60,-353.7,-0.04,1
1366,Entry long,2013-10-15,TEST,33.2,1,33.2,0.8,2.41,0,1.4,4.22,-0.2,-0.60,-353.7,-0.04,1
1367,Exit long,2013-10-21,Close entry(s) order TEST,33.7,1,32.5,1.2,3.69,0,1.7,5.23,-0.2,-0.62,-352.5,-0.04,1
1367,Entry long,2013-10-18,TEST,32.5,1,32.5,1.2,3.69,0,1.7,5.23,-0.2,-0.62,-352.5,-0.04,1
1368,Exit long,2013-10-23,Close entry(s) order TEST,38.9,1,34.5,4.4,12.75,0,6,17.39,-0.1,-0.29,-348.1,-0.03,1
1368,Entry long,2013-10-22,TEST,34.5,1,34.5,4.4,12.75,0,6,17.39,-0.1,-0.29,-348.1,-0.03,1
1369,Exit long,2013-10-25,Close entry(s) order TEST,40.3,1,39.6,0.7,1.77,0,1.3,3.28,-0.2,-0.51,-347.4,-0.03,1
1369,Entry long,2013-10-24,TEST,39.6,1,39.6,0.7,1.77,0,1.3,3.28,-0.2,-0.51,-347.4,-0.03,1
1370,Exit long,2013-10-29,Close entry(s) order TEST,38.9,1,39.3,-0.4,-1.02,0,0.8,2.04,-0.4,-1.02,-347.8,-0.03,1
1370,Entry long,2013-10-28,TEST,39.3,1,39.3,-0.4,-1.02,0,0.8,2.04,-0.4,-1.02,-347.8,-0.03,1
1371,Exit long,2013-10-31,Close entry(s) order TEST,41.3,1,38.4,2.9,7.55,0,3.4,8.85,0,0.00,-344.9,-0.03,1
1371,Entry long,2013-10-30,TEST,38.4,1,38.4,2.9,7.55,0,3.4,8.85,0,0.00,-344.9,-0.03,1
1372,Exit long,2013-11-05,Close entry(s) order TEST,42.2,1,43,-0.8,-1.86,0,0.8,1.86,-0.8,-1.86,-345.7,-0.03,1
1372,Entry long,2013-11-01,TEST,43,1,43,-0.8,-1.86,0,0.8,1.86,-0.8,-1.86,-345.7,-0.03,1
1373,Exit long,2013-11-07,Close entry(s) order TEST,42.3,1,42.5,-0.2,-0.47,0,0.3,0.71,-1,-2.35,-345.9,-0.03,1
1373,Entry long,2013-11-06,TEST,42.5,1,42.5,-0.2,-0.47,0,0.3,0.71,-1,-2.35,-345.9,-0.03,1
1374,Exit long,2013-11-11,Close entry(s) order TEST,41,1,42.5,-1.5,-3.53,0,0.2,0.47,-1.5,-3.53,-347.4,-0.03,1
1374,Entry long,2013-11-08,TEST,42.5,1,42.5,-1.5,-3.53,0,0.2,0.47,-1.5,-3.53,-347.4,-0.03,1
1375,Exit long,2013-11-13,Close entry(s) order TEST,38,1,40.8,-2.8,-6.86,0,0.1,0.25,-2.8,-6.86,-350.2,-0.04,1
1375,Entry long,2013-11-12,TEST,40.8,1,40.8,-2.8,-6.86,0,0.1,0.25,-2.8,-6.86,-350.2,-0.04,1
1376,Exit long,2013-11-18,Close entry(s) order TEST,38.6,1,37.5,1.1,2.93,0,3.3,8.80,-0.2,-0.53,-349.1,-0.03,1
1376,Entry long,2013-11-14,TEST,37.5,1,37.5,1.1,2.93,0,3.3,8.80,-0.2,-0.53,-349.1,-0.03,1
1377,Exit long,2013-11-20,Close entry(s) order TEST,38.8,1,38.5,0.3,0.78,0,1.8,4.68,0,0.00,-348.8,-0.03,1
1377,Entry long,2013-11-19,TEST,38.5,1,38.5,0.3,0.78,0,1.8,4.68,0,0.00,-348.8,-0.03,1
1378,Exit long,2013-11-22,Close entry(s) order TEST,39,1,37.6,1.4,3.72,0,2.3,6.12,0,0.00,-347.4,-0.03,1
1378,Entry long,2013-11-21,TEST,37.6,1,37.6,1.4,3.72,0,2.3,6.12,0,0.00,-347.4,-0.03,1
1379,Exit long,2013-11-26,Close entry(s) order TEST,39,1,38.4,0.6,1.56,0,1.1,2.86,0,0.00,-346.8,-0.03,1
1379,Entry long,2013-11-25,TEST,38.4,1,38.4,0.6,1.56,0,1.1,2.86,0,0.00,-346.8,-0.03,1
1380,Exit long,2013-11-28,Close entry(s) order TEST,34.5,1,33.9,0.6,1.77,0,1.5,4.42,-0.4,-1.18,-346.2,-0.03,1
1380,Entry long,2013-11-27,TEST,33.9,1,33.9,0.6,1.77,0,1.5,4.42,-0.4,-1.18,-346.2,-0.03,1
1381,Exit long,2013-12-02,Close entry(s) order TEST,39.3,1,36.8,2.5,6.79,0,2.7,7.34,0,0.00,-343.7,-0.03,1
1381,Entry long,2013-11-29,TEST,36.8,1,36.8,2.5,6.79,0,2.7,7.34,0,0.00,-343.7,-0.03,1
1382,Exit long,2013-12-04,Close entry(s) order TEST,38.1,1,39.3,-1.2,-3.05,0,0.1,0.25,-1.3,-3.31,-344.9,-0.03,1
1382,Entry long,2013-12-03,TEST,39.3,1,39.3,-1.2,-3.05,0,0.1,0.25,-1.3,-3.31,-344.9,-0.03,1
1383,Exit long,2013-12-06,Close entry(s) order TEST,38.3,1,38.5,-0.2,-0.52,0,0.5,1.30,-0.7,-1.82,-345.1,-0.03,1
1383,Entry long,2013-12-05,TEST,38.5,1,38.5,-0.2,-0.52,0,0.5,1.30,-0.7,-1.82,-345.1,-0.03,1
1384,Exit long,2013-12-10,Close entry(s) order TEST,37.3,1,39.5,-2.2,-5.57,0,0.1,0.25,-2.2,-5.57,-347.3,-0.03,1
1384,Entry long,2013-12-09,TEST,39.5,1,39.5,-2.2,-5.57,0,0.1,0.25,-2.2,-5.57,-347.3,-0.03,1
1385,Exit long,2013-12-12,Close entry(s) order TEST,36.8,1,37.1,-0.3,-0.81,0,0.4,1.08,-0.4,-1.08,-347.6,-0.03,1
1385,Entry long,2013-12-11,TEST,37.1,1,37.1,-0.3,-0.81,0,0.4,1.08,-0.4,-1.08,-347.6,-0.03,1
1386,Exit long,2013-12-16,Close entry(s) order TEST,36,1,36.2,-0.2,-0.55,0,0.3,0.83,-0.8,-2.21,-347.8,-0.03,1
1386,Entry long,2013-12-13,TEST,36.2,1,36.2,-0.2,-0.55,0,0.3,0.83,-0.8,-2.21,-347.8,-0.03,1
1387,Exit long,2013-12-18,Close entry(s) order TEST,35.3,1,35.7,-0.4,-1.12,0,0.1,0.28,-0.9,-2.52,-348.2,-0.03,1
1387,Entry long,2013-12-17,TEST,35.7,1,35.7,-0.4,-1.12,0,0.1,0.28,-0.9,-2.52,-348.2,-0.03,1
1388,Exit long,2013-12-20,Close entry(s) order TEST,44.4,1,37.5,6.9,18.40,0,6.9,18.40,-0.7,-1.87,-341.3,-0.03,1
1388,Entry long,2013-12-19,TEST,37.5,1,37.5,6.9,18.40,0,6.9,18.40,-0.7,-1.87,-341.3,-0.03,1
1389,Exit long,2013-12-24,Close entry(s) order TEST,50,1,47,3,6.38,0,4.4,9.36,-2.3,-4.89,-338.3,-0.03,1
1389,Entry long,2013-12-23,TEST,47,1,47,3,6.38,0,4.4,9.36,-2.3,-4.89,-338.3,-0.03,1
1390,Exit long,2013-12-27,Close entry(s) order TEST,54.9,1,51,3.9,7.65,0,4.5,8.82,0,0.00,-334.4,-0.03,1
1390,Entry long,2013-12-26,TEST,51,1,51,3.9,7.65,0,4.5,8.82,0,0.00,-334.4,-0.03,1
1391,Exit long,2013-12-31,Close entry(s) order TEST,63.8,1,61,2.8,4.59,0,3.8,6.23,-6.8,-11.15,-331.6,-0.03,1
1391,Entry long,2013-12-30,TEST,61,1,61,2.8,4.59,0,3.8,6.23,-6.8,-11.15,-331.6,-0.03,1
1392,Exit long,2014-01-02,Close entry(s) order TEST,63,1,64.8,-1.8,-2.78,0,0.2,0.31,-2.5,-3.86,-333.4,-0.03,1
1392,Entry long,2014-01-01,TEST,64.8,1,64.8,-1.8,-2.78,0,0.2,0.31,-2.5,-3.86,-333.4,-0.03,1
1393,Exit long,2014-01-06,Close entry(s) order TEST,58,1,58.2,-0.2,-0.34,0,0.8,1.37,-1.4,-2.41,-333.6,-0.03,1
1393,Entry long,2014-01-03,TEST,58.2,1,58.2,-0.2,-0.34,0,0.8,1.37,-1.4,-2.41,-333.6,-0.03,1
1394,Exit long,2014-01-08,Close entry(s) order TEST,64.3,1,62.1,2.2,3.54,0,2.2,3.54,-3.6,-5.80,-331.4,-0.03,1
1394,Entry long,2014-01-07,TEST,62.1,1,62.1,2.2,3.54,0,2.2,3.54,-3.6,-5.80,-331.4,-0.03,1
1395,Exit long,2014-01-10,Close entry(s) order TEST,61.1,1,62,-0.9,-1.45,0,2,3.23,-0.9,-1.45,-332.3,-0.03,1
1395,Entry long,2014-01-09,TEST,62,1,62,-0.9,-1.45,0,2,3.23,-0.9,-1.45,-332.3,-0.03,1
1396,Exit long,2014-01-14,Close entry(s) order TEST,66.9,1,63.8,3.1,4.86,0,3.1,4.86,-0.8,-1.25,-329.2,-0.03,1
1396,Entry long,2014-01-13,TEST,63.8,1,63.8,3.1,4.86,0,3.1,4.86,-0.8,-1.25,-329.2,-0.03,1
1397,Exit long,2014-01-16,Close entry(s) order TEST,66.4,1,64.6,1.8,2.79,0,2.7,4.18,-0.3,-0.46,-327.4,-0.03,1
1397,Entry long,2014-01-15,TEST,64.6,1,64.6,1.8,2.79,0,2.7,4.18,-0.3,-0.46,-327.4,-0.03,1
1398,Exit long,2014-01-20,Close entry(s) order TEST,64,1,65.7,-1.7,-2.59,0,0.2,0.30,-2.7,-4.11,-329.1,-0.03,1
1398,Entry long,2014-01-17,TEST,65.7,1,65.7,-1.7,-2.59,0,0.2,0.30,-2.7,-4.11,-329.1,-0.03,1
1399,Exit long,2014-01-22,Close entry(s) order TEST,66,1,65,1,1.54,0,1.8,2.77,-0.7,-1.08,-328.1,-0.03,1
1399,Entry long,2014-01-21,TEST,65,1,65,1,1.54,0,1.8,2.77,-0.7,-1.08,-328.1,-0.03,1
1400,Exit long,2014-01-24,Close entry(s) order TEST,67,1,65.5,1.5,2.29,0,2.8,4.27,-0.4,-0.61,-326.6,-0.03,1
1400,Entry long,2014-01-23,TEST,65.5,1,65.5,1.5,2.29,0,2.8,4.27,-0.4,-0.61,-326.6,-0.03,1
1401,Exit long,2014-01-28,Close entry(s) order TEST,64,1,65.1,-1.1,-1.69,0,0.2,0.31,-2.4,-3.69,-327.7,-0.03,1
1401,Entry long,2014-01-27,TEST,65.1,1,65.1,-1.1,-1.69,0,0.2,0.31,-2.4,-3.69,-327.7,-0.03,1
1402,Exit long,2014-01-30,Close entry(s) order TEST,57,1,61.5,-4.5,-7.32,0,0.5,0.81,-4.5,-7.32,-332.2,-0.03,1
1402,Entry long,2014-01-29,TEST,61.5,1,61.5,-4.5,-7.32,0,0.5,0.81,-4.5,-7.32,-332.2,-0.03,1
1403,Exit long,2014-02-03,Close entry(s) order TEST,58,1,53.1,4.9,9.23,0,4.9,9.23,-0.5,-0.94,-327.3,-0.03,1
1403,Entry long,2014-01-31,TEST,53.1,1,53.1,4.9,9.23,0,4.9,9.23,-0.5,-0.94,-327.3,-0.03,1
1404,Exit long,2014-02-05,Close entry(s) order TEST,61.8,1,59,2.8,4.75,0,2.8,4.75,-1.8,-3.05,-324.5,-0.03,1
1404,Entry long,2014-02-04,TEST,59,1,59,2.8,4.75,0,2.8,4.75,-1.8,-3.05,-324.5,-0.03,1
1405,Exit long,2014-02-07,Close entry(s) order TEST,65,1,64.8,0.2,0.31,0,1.1,1.70,-1.8,-2.78,-324.3,-0.03,1
1405,Entry long,2014-02-06,TEST,64.8,1,64.8,0.2,0.31,0,1.1,1.70,-1.8,-2.78,-324.3,-0.03,1
1406,Exit long,2014-02-11,Close entry(s) order TEST,66.4,1,65.7,0.7,1.07,0,0.7,1.07,-1.4,-2.13,-323.6,-0.03,1
1406,Entry long,2014-02-10,TEST,65.7,1,65.7,0.7,1.07,0,0.7,1.07,-1.4,-2.13,-323.6,-0.03,1
1407,Exit long,2014-02-13,Close entry(s) order TEST,64.7,1,64.5,0.2,0.31,0,0.9,1.40,-0.5,-0.78,-323.4,-0.03,1
1407,Entry long,2014-02-12,TEST,64.5,1,64.5,0.2,0.31,0,0.9,1.40,-0.5,-0.78,-323.4,-0.03,1
1408,Exit long,2014-02-17,Close entry(s) order TEST,63,1,65.4,-2.4,-3.67,0,0,0.00,-2.4,-3.67,-325.8,-0.03,1
1408,Entry long,2014-02-14,TEST,65.4,1,65.4,-2.4,-3.67,0,0,0.00,-2.4,-3.67,-325.8,-0.03,1
1409,Exit long,2014-02-19,Close entry(s) order TEST,61,1,63.3,-2.3,-3.63,0,0.7,1.11,-3.1,-4.90,-328.1,-0.03,1
1409,Entry long,2014-02-18,TEST,63.3,1,63.3,-2.3,-3.63,0,0.7,1.11,-3.1,-4.90,-328.1,-0.03,1
1410,Exit long,2014-02-21,Close entry(s) order TEST,63,1,63,0,0.00,0,0.7,1.11,-0.9,-1.43,-328.1,-0.03,1
1410,Entry long,2014-02-20,TEST,63,1,63,0,0.00,0,0.7,1.11,-0.9,-1.43,-328.1,-0.03,1
1411,Exit long,2014-02-25,Close entry(s) order TEST,62,1,63.5,-1.5,-2.36,0,1.9,2.99,-2,-3.15,-329.6,-0.03,1
1411,Entry long,2014-02-24,TEST,63.5,1,63.5,-1.5,-2.36,0,1.9,2.99,-2,-3.15,-329.6,-0.03,1
1412,Exit long,2014-02-28,Close entry(s) order TEST,61.5,1,61,0.5,0.82,0,3.5,5.74,0,0.00,-329.1,-0.03,1
1412,Entry long,2014-02-26,TEST,61,1,61,0.5,0.82,0,3.5,5.74,0,0.00,-329.1,-0.03,1
1413,Exit long,2014-03-04,Close entry(s) order TEST,64.9,1,63.3,1.6,2.53,0,2.7,4.27,-1.3,-2.05,-327.5,-0.03,1
1413,Entry long,2014-03-03,TEST,63.3,1,63.3,1.6,2.53,0,2.7,4.27,-1.3,-2.05,-327.5,-0.03,1
1414,Exit long,2014-03-06,Close entry(s) order TEST,63.8,1,65,-1.2,-1.85,0,3,4.62,-1.6,-2.46,-328.7,-0.03,1
1414,Entry long,2014-03-05,TEST,65,1,65,-1.2,-1.85,0,3,4.62,-1.6,-2.46,-328.7,-0.03,1
1415,Exit long,2014-03-10,Close entry(s) order TEST,63.5,1,67.8,-4.3,-6.34,0,1.1,1.62,-4.3,-6.34,-333,-0.03,1
1415,Entry long,2014-03-07,TEST,67.8,1,67.8,-4.3,-6.34,0,1.1,1.62,-4.3,-6.34,-333,-0.03,1
1416,Exit long,2014-03-12,Close entry(s) order TEST,72.4,1,67.3,5.1,7.58,0,6.5,9.66,0,0.00,-327.9,-0.03,1
1416,Entry long,2014-03-11,TEST,67.3,1,67.3,5.1,7.58,0,6.5,9.66,0,0.00,-327.9,-0.03,1
1417,Exit long,2014-03-14,Close entry(s) order TEST,67.1,1,70,-2.9,-4.14,0,1.2,1.71,-2.9,-4.14,-330.8,-0.03,1
1417,Entry long,2014-03-13,TEST,70,1,70,-2.9,-4.14,0,1.2,1.71,-2.9,-4.14,-330.8,-0.03,1
1418,Exit long,2014-03-19,Close entry(s) order TEST,73.4,1,73.1,0.3,0.41,0,1.1,1.50,-1.1,-1.50,-330.5,-0.03,1
1418,Entry long,2014-03-18,TEST,73.1,1,73.1,0.3,0.41,0,1.1,1.50,-1.1,-1.50,-330.5,-0.03,1
1419,Exit long,2014-03-21,Close entry(s) order TEST,70.5,1,71.4,-0.9,-1.26,0,1.2,1.68,-0.9,-1.26,-331.4,-0.03,1
1419,Entry long,2014-03-20,TEST,71.4,1,71.4,-0.9,-1.26,0,1.2,1.68,-0.9,-1.26,-331.4,-0.03,1
1420,Exit long,2014-03-25,Close entry(s) order TEST,68.1,1,69.7,-1.6,-2.30,0,1.6,2.30,-1.6,-2.30,-333,-0.03,1
1420,Entry long,2014-03-24,TEST,69.7,1,69.7,-1.6,-2.30,0,1.6,2.30,-1.6,-2.30,-333,-0.03,1
1421,Exit long,2014-03-27,Close entry(s) order TEST,68.7,1,70.5,-1.8,-2.55,0,0.4,0.57,-2.8,-3.97,-334.8,-0.03,1
1421,Entry long,2014-03-26,TEST,70.5,1,70.5,-1.8,-2.55,0,0.4,0.57,-2.8,-3.97,-334.8,-0.03,1
1422,Exit long,2014-03-31,Close entry(s) order TEST,67,1,68.7,-1.7,-2.47,0,0.9,1.31,-1.7,-2.47,-336.5,-0.03,1
1422,Entry long,2014-03-28,TEST,68.7,1,68.7,-1.7,-2.47,0,0.9,1.31,-1.7,-2.47,-336.5,-0.03,1
1423,Exit long,2014-04-02,Close entry(s) order TEST,68.1,1,69,-0.9,-1.30,0,0.7,1.01,-1,-1.45,-337.4,-0.03,1
1423,Entry long,2014-04-01,TEST,69,1,69,-0.9,-1.30,0,0.7,1.01,-1,-1.45,-337.4,-0.03,1
1424,Exit long,2014-04-04,Close entry(s) order TEST,70.1,1,73,-2.9,-3.97,0,0,0.00,-3.2,-4.38,-340.3,-0.03,1
1424,Entry long,2014-04-03,TEST,73,1,73,-2.9,-3.97,0,0,0.00,-3.2,-4.38,-340.3,-0.03,1
1425,Exit long,2014-04-09,Close entry(s) order TEST,71.8,1,72.8,-1,-1.37,0,1.8,2.47,-1.8,-2.47,-341.3,-0.03,1
1425,Entry long,2014-04-07,TEST,72.8,1,72.8,-1,-1.37,0,1.8,2.47,-1.8,-2.47,-341.3,-0.03,1
1426,Exit long,2014-04-11,Close entry(s) order TEST,77.8,1,80.9,-3.1,-3.83,0,0.4,0.49,-3.8,-4.70,-344.4,-0.03,1
1426,Entry long,2014-04-10,TEST,80.9,1,80.9,-3.1,-3.83,0,0.4,0.49,-3.8,-4.70,-344.4,-0.03,1
1427,Exit long,2014-04-16,Close entry(s) order TEST,78.8,1,76.7,2.1,2.74,0,4.5,5.87,0,0.00,-342.3,-0.03,1
1427,Entry long,2014-04-15,TEST,76.7,1,76.7,2.1,2.74,0,4.5,5.87,0,0.00,-342.3,-0.03,1
1428,Exit long,2014-04-21,Close entry(s) order TEST,79.5,1,78,1.5,1.92,0,2,2.56,-2.2,-2.82,-340.8,-0.03,1
1428,Entry long,2014-04-17,TEST,78,1,78,1.5,1.92,0,2,2.56,-2.2,-2.82,-340.8,-0.03,1
1429,Exit long,2014-04-23,Close entry(s) order TEST,77.6,1,80.1,-2.5,-3.12,0,0.7,0.87,-2.5,-3.12,-343.3,-0.03,1
1429,Entry long,2014-04-22,TEST,80.1,1,80.1,-2.5,-3.12,0,0.7,0.87,-2.5,-3.12,-343.3,-0.03,1
1430,Exit long,2014-04-28,Close entry(s) order TEST,79,1,80.1,-1.1,-1.37,0,0.7,0.87,-1.6,-2.00,-344.4,-0.03,1
1430,Entry long,2014-04-25,TEST,80.1,1,80.1,-1.1,-1.37,0,0.7,0.87,-1.6,-2.00,-344.4,-0.03,1
1431,Exit long,2014-04-30,Close entry(s) order TEST,81.5,1,78.3,3.2,4.09,0,3.5,4.47,0,0.00,-341.2,-0.03,1
1431,Entry long,2014-04-29,TEST,78.3,1,78.3,3.2,4.09,0,3.5,4.47,0,0.00,-341.2,-0.03,1
1432,Exit long,2014-05-05,Close entry(s) order TEST,78,1,81.3,-3.3,-4.06,0,1.7,2.09,-3.3,-4.06,-344.5,-0.03,1
1432,Entry long,2014-05-02,TEST,81.3,1,81.3,-3.3,-4.06,0,1.7,2.09,-3.3,-4.06,-344.5,-0.03,1
1433,Exit long,2014-05-07,Close entry(s) order TEST,75.6,1,76.8,-1.2,-1.56,0,1,1.30,-1.2,-1.56,-345.7,-0.03,1
1433,Entry long,2014-05-06,TEST,76.8,1,76.8,-1.2,-1.56,0,1,1.30,-1.2,-1.56,-345.7,-0.03,1
1434,Exit long,2014-05-09,Close entry(s) order TEST,79,1,75.3,3.7,4.91,0,5.7,7.57,0,0.00,-342,-0.03,1
1434,Entry long,2014-05-08,TEST,75.3,1,75.3,3.7,4.91,0,5.7,7.57,0,0.00,-342,-0.03,1
1435,Exit long,2014-05-13,Close entry(s) order TEST,79,1,78.4,0.6,0.77,0,1.3,1.66,-1.2,-1.53,-341.4,-0.03,1
1435,Entry long,2014-05-12,TEST,78.4,1,78.4,0.6,0.77,0,1.3,1.66,-1.2,-1.53,-341.4,-0.03,1
1436,Exit long,2014-05-15,Close entry(s) order TEST,81,1,82,-1,-1.22,0,2,2.44,-2.2,-2.68,-342.4,-0.03,1
1436,Entry long,2014-05-14,TEST,82,1,82,-1,-1.22,0,2,2.44,-2.2,-2.68,-342.4,-0.03,1
1437,Exit long,2014-05-19,Close entry(s) order TEST,78.2,1,79.2,-1,-1.26,0,1.8,2.27,-2.2,-2.78,-343.4,-0.03,1
1437,Entry long,2014-05-16,TEST,79.2,1,79.2,-1,-1.26,0,1.8,2.27,-2.2,-2.78,-343.4,-0.03,1
1438,Exit long,2014-05-21,Close entry(s) order TEST,88,1,83.5,4.5,5.39,0,5.9,7.07,0,0.00,-338.9,-0.03,1
1438,Entry long,2014-05-20,TEST,83.5,1,83.5,4.5,5.39,0,5.9,7.07,0,0.00,-338.9,-0.03,1
1439,Exit long,2014-05-23,Close entry(s) order TEST,89.1,1,87.1,2,2.30,0,4.3,4.94,0,0.00,-336.9,-0.03,1
1439,Entry long,2014-05-22,TEST,87.1,1,87.1,2,2.30,0,4.3,4.94,0,0.00,-336.9,-0.03,1
1440,Exit long,2014-05-27,Close entry(s) order TEST,82.5,1,90,-7.5,-8.33,0,1.4,1.56,-9.9,-11.00,-344.4,-0.03,1
1440,Entry long,2014-05-26,TEST,90,1,90,-7.5,-8.33,0,1.4,1.56,-9.9,-11.00,-344.4,-0.03,1
1441,Exit long,2014-05-29,Close entry(s) order TEST,78.3,1,80.5,-2.2,-2.73,0,1.1,1.37,-2.4,-2.98,-346.6,-0.03,1
1441,Entry long,2014-05-28,TEST,80.5,1,80.5,-2.2,-2.73,0,1.1,1.37,-2.4,-2.98,-346.6,-0.03,1
1442,Exit long,2014-06-02,Close entry(s) order TEST,80.9,1,77.9,3,3.85,0,3.6,4.62,0,0.00,-343.6,-0.03,1
1442,Entry long,2014-05-30,TEST,77.9,1,77.9,3,3.85,0,3.6,4.62,0,0.00,-343.6,-0.03,1
1443,Exit long,2014-06-04,Close entry(s) order TEST,86.8,1,81.5,5.3,6.50,0,5.8,7.12,0,0.00,-338.3,-0.03,1
1443,Entry long,2014-06-03,TEST,81.5,1,81.5,5.3,6.50,0,5.8,7.12,0,0.00,-338.3,-0.03,1
1444,Exit long,2014-06-06,Close entry(s) order TEST,97.4,1,97.9,-0.5,-0.51,0,1.7,1.74,-3.7,-3.78,-338.8,-0.03,1
1444,Entry long,2014-06-05,TEST,97.9,1,97.9,-0.5,-0.51,0,1.7,1.74,-3.7,-3.78,-338.8,-0.03,1
1445,Exit long,2014-06-10,Close entry(s) order TEST,103.5,1,97.8,5.7,5.83,0,5.7,5.83,-0.8,-0.82,-333.1,-0.03,1
1445,Entry long,2014-06-09,TEST,97.8,1,97.8,5.7,5.83,0,5.7,5.83,-0.8,-0.82,-333.1,-0.03,1
1446,Exit long,2014-06-12,Close entry(s) order TEST,97.8,1,103.8,-6,-5.78,0,1.1,1.06,-6,-5.78,-339.1,-0.03,1
1446,Entry long,2014-06-11,TEST,103.8,1,103.8,-6,-5.78,0,1.1,1.06,-6,-5.78,-339.1,-0.03,1
1447,Exit long,2014-06-16,Close entry(s) order TEST,89,1,97.4,-8.4,-8.62,0,1.5,1.54,-8.4,-8.62,-347.5,-0.03,1
1447,Entry long,2014-06-13,TEST,97.4,1,97.4,-8.4,-8.62,0,1.5,1.54,-8.4,-8.62,-347.5,-0.03,1
1448,Exit long,2014-06-18,Close entry(s) order TEST,95.2,1,91.4,3.8,4.16,0,5.9,6.46,-1.4,-1.53,-343.7,-0.03,1
1448,Entry long,2014-06-17,TEST,91.4,1,91.4,3.8,4.16,0,5.9,6.46,-1.4,-1.53,-343.7,-0.03,1
1449,Exit long,2014-06-20,Close entry(s) order TEST,90,1,93,-3,-3.23,0,0.9,0.97,-5.7,-6.13,-346.7,-0.03,1
1449,Entry long,2014-06-19,TEST,93,1,93,-3,-3.23,0,0.9,0.97,-5.7,-6.13,-346.7,-0.03,1
1450,Exit long,2014-06-24,Close entry(s) order TEST,85.1,1,84.3,0.8,0.95,0,2.1,2.49,-1.3,-1.54,-345.9,-0.03,1
1450,Entry long,2014-06-23,TEST,84.3,1,84.3,0.8,0.95,0,2.1,2.49,-1.3,-1.54,-345.9,-0.03,1
1451,Exit long,2014-06-26,Close entry(s) order TEST,85.8,1,87.3,-1.5,-1.72,0,1.1,1.26,-1.5,-1.72,-347.4,-0.03,1
1451,Entry long,2014-06-25,TEST,87.3,1,87.3,-1.5,-1.72,0,1.1,1.26,-1.5,-1.72,-347.4,-0.03,1
1452,Exit long,2014-06-30,Close entry(s) order TEST,84,1,85.1,-1.1,-1.29,0,1.9,2.23,-1.4,-1.65,-348.5,-0.03,1
1452,Entry long,2014-06-27,TEST,85.1,1,85.1,-1.1,-1.29,0,1.9,2.23,-1.4,-1.65,-348.5,-0.03,1
1453,Exit long,2014-07-02,Close entry(s) order TEST,92.5,1,88,4.5,5.11,0,5.8,6.59,0,0.00,-344,-0.03,1
1453,Entry long,2014-07-01,TEST,88,1,88,4.5,5.11,0,5.8,6.59,0,0.00,-344,-0.03,1
1454,Exit long,2014-07-04,Close entry(s) order TEST,91.8,1,94.2,-2.4,-2.55,0,0.7,0.74,-3.2,-3.40,-346.4,-0.03,1
1454,Entry long,2014-07-03,TEST,94.2,1,94.2,-2.4,-2.55,0,0.7,0.74,-3.2,-3.40,-346.4,-0.03,1
1455,Exit long,2014-07-08,Close entry(s) order TEST,91,1,92,-1,-1.09,0,1.4,1.52,-1.7,-1.85,-347.4,-0.03,1
1455,Entry long,2014-07-07,TEST,92,1,92,-1,-1.09,0,1.4,1.52,-1.7,-1.85,-347.4,-0.03,1
1456,Exit long,2014-07-10,Close entry(s) order TEST,85.1,1,85,0.1,0.12,0,3.2,3.76,-1.9,-2.24,-347.3,-0.03,1
1456,Entry long,2014-07-09,TEST,85,1,85,0.1,0.12,0,3.2,3.76,-1.9,-2.24,-347.3,-0.03,1
1457,Exit long,2014-07-14,Close entry(s) order TEST,86.8,1,88.2,-1.4,-1.59,0,1.2,1.36,-4.3,-4.88,-348.7,-0.03,1
1457,Entry long,2014-07-11,TEST,88.2,1,88.2,-1.4,-1.59,0,1.2,1.36,-4.3,-4.88,-348.7,-0.03,1
1458,Exit long,2014-07-16,Close entry(s) order TEST,85.6,1,81.7,3.9,4.77,0,4.8,5.88,0,0.00,-344.8,-0.03,1
1458,Entry long,2014-07-15,TEST,81.7,1,81.7,3.9,4.77,0,4.8,5.88,0,0.00,-344.8,-0.03,1
1459,Exit long,2014-07-18,Close entry(s) order TEST,87,1,87.4,-0.4,-0.46,0,3.1,3.55,-2.3,-2.63,-345.2,-0.03,1
1459,Entry long,2014-07-17,TEST,87.4,1,87.4,-0.4,-0.46,0,3.1,3.55,-2.3,-2.63,-345.2,-0.03,1
1460,Exit long,2014-07-22,Close entry(s) order TEST,91.5,1,87.5,4,4.57,0,4,4.57,0,0.00,-341.2,-0.03,1
1460,Entry long,2014-07-21,TEST,87.5,1,87.5,4,4.57,0,4,4.57,0,0.00,-341.2,-0.03,1
1461,Exit long,2014-07-24,Close entry(s) order TEST,89.1,1,88.1,1,1.14,0,1.5,1.70,-0.7,-0.79,-340.2,-0.03,1
1461,Entry long,2014-07-23,TEST,88.1,1,88.1,1,1.14,0,1.5,1.70,-0.7,-0.79,-340.2,-0.03,1
1462,Exit long,2014-07-28,Close entry(s) order TEST,82.7,1,88.1,-5.4,-6.13,0,0.7,0.79,-5.4,-6.13,-345.6,-0.03,1
1462,Entry long,2014-07-25,TEST,88.1,1,88.1,-5.4,-6.13,0,0.7,0.79,-5.4,-6.13,-345.6,-0.03,1
1463,Exit long,2014-07-31,Close entry(s) order TEST,82,1,84.1,-2.1,-2.50,0,2.4,2.85,-2.2,-2.62,-347.7,-0.03,1
1463,Entry long,2014-07-30,TEST,84.1,1,84.1,-2.1,-2.50,0,2.4,2.85,-2.2,-2.62,-347.7,-0.03,1
1464,Exit long,2014-08-04,Close entry(s) order TEST,86.7,1,81.3,5.4,6.64,0,5.4,6.64,0,0.00,-342.3,-0.03,1
1464,Entry long,2014-08-01,TEST,81.3,1,81.3,5.4,6.64,0,5.4,6.64,0,0.00,-342.3,-0.03,1
1465,Exit long,2014-08-06,Close entry(s) order TEST,86.8,1,82.6,4.2,5.08,0,4.2,5.08,0,0.00,-338.1,-0.03,1
1465,Entry long,2014-08-05,TEST,82.6,1,82.6,4.2,5.08,0,4.2,5.08,0,0.00,-338.1,-0.03,1
1466,Exit long,2014-08-08,Close entry(s) order TEST,77.6,1,83.8,-6.2,-7.40,0,1,1.19,-6.2,-7.40,-344.3,-0.03,1
1466,Entry long,2014-08-07,TEST,83.8,1,83.8,-6.2,-7.40,0,1,1.19,-6.2,-7.40,-344.3,-0.03,1
1467,Exit long,2014-08-12,Close entry(s) order TEST,79.2,1,79.9,-0.7,-0.88,0,1.9,2.38,-1.6,-2.00,-345,-0.03,1
1467,Entry long,2014-08-11,TEST,79.9,1,79.9,-0.7,-0.88,0,1.9,2.38,-1.6,-2.00,-345,-0.03,1
1468,Exit long,2014-08-14,Close entry(s) order TEST,72,1,77.5,-5.5,-7.10,0,0.4,0.52,-7.7,-9.94,-350.5,-0.04,1
1468,Entry long,2014-08-13,TEST,77.5,1,77.5,-5.5,-7.10,0,0.4,0.52,-7.7,-9.94,-350.5,-0.04,1
1469,Exit long,2014-08-19,Close entry(s) order TEST,75.1,1,70.9,4.2,5.92,0,4.2,5.92,0,0.00,-346.3,-0.03,1
1469,Entry long,2014-08-18,TEST,70.9,1,70.9,4.2,5.92,0,4.2,5.92,0,0.00,-346.3,-0.03,1
1470,Exit long,2014-08-21,Close entry(s) order TEST,76.2,1,75,1.2,1.60,0,3.9,5.20,-0.9,-1.20,-345.1,-0.03,1
1470,Entry long,2014-08-20,TEST,75,1,75,1.2,1.60,0,3.9,5.20,-0.9,-1.20,-345.1,-0.03,1
1471,Exit long,2014-08-25,Close entry(s) order TEST,73.7,1,76.3,-2.6,-3.41,0,2.4,3.15,-3.9,-5.11,-347.7,-0.03,1
1471,Entry long,2014-08-22,TEST,76.3,1,76.3,-2.6,-3.41,0,2.4,3.15,-3.9,-5.11,-347.7,-0.03,1
1472,Exit long,2014-08-27,Close entry(s) order TEST,70.9,1,70.2,0.7,1.00,0,1.9,2.71,-0.9,-1.28,-347,-0.03,1
1472,Entry long,2014-08-26,TEST,70.2,1,70.2,0.7,1.00,0,1.9,2.71,-0.9,-1.28,-347,-0.03,1
1473,Exit long,2014-09-01,Close entry(s) order TEST,67.1,1,69.2,-2.1,-3.03,0,1.2,1.73,-2.1,-3.03,-349.1,-0.03,1
1473,Entry long,2014-08-28,TEST,69.2,1,69.2,-2.1,-3.03,0,1.2,1.73,-2.1,-3.03,-349.1,-0.03,1
1474,Exit long,2014-09-03,Close entry(s) order TEST,71.2,1,68,3.2,4.71,0,3.9,5.74,-0.2,-0.29,-345.9,-0.03,1
1474,Entry long,2014-09-02,TEST,68,1,68,3.2,4.71,0,3.9,5.74,-0.2,-0.29,-345.9,-0.03,1
1475,Exit long,2014-09-05,Close entry(s) order TEST,77.3,1,75,2.3,3.07,0,5.3,7.07,-0.7,-0.93,-343.6,-0.03,1
1475,Entry long,2014-09-04,TEST,75,1,75,2.3,3.07,0,5.3,7.07,-0.7,-0.93,-343.6,-0.03,1
1476,Exit long,2014-09-09,Close entry(s) order TEST,74.5,1,77.8,-3.3,-4.24,0,0,0.00,-3.8,-4.88,-346.9,-0.03,1
1476,Entry long,2014-09-08,TEST,77.8,1,77.8,-3.3,-4.24,0,0,0.00,-3.8,-4.88,-346.9,-0.03,1
1477,Exit long,2014-09-11,Close entry(s) order TEST,77.6,1,74.9,2.7,3.60,0,3.6,4.81,-0.9,-1.20,-344.2,-0.03,1
1477,Entry long,2014-09-10,TEST,74.9,1,74.9,2.7,3.60,0,3.6,4.81,-0.9,-1.20,-344.2,-0.03,1
1478,Exit long,2014-09-15,Close entry(s) order TEST,80.1,1,79.4,0.7,0.88,0,3.1,3.90,-3.4,-4.28,-343.5,-0.03,1
1478,Entry long,2014-09-12,TEST,79.4,1,79.4,0.7,0.88,0,3.1,3.90,-3.4,-4.28,-343.5,-0.03,1
1479,Exit long,2014-09-17,Close entry(s) order TEST,77.9,1,79.6,-1.7,-2.14,0,1.7,2.14,-4,-5.03,-345.2,-0.03,1
1479,Entry long,2014-09-16,TEST,79.6,1,79.6,-1.7,-2.14,0,1.7,2.14,-4,-5.03,-345.2,-0.03,1
1480,Exit long,2014-09-19,Close entry(s) order TEST,76,1,73.9,2.1,2.84,0,2.1,2.84,-0.8,-1.08,-343.1,-0.03,1
1480,Entry long,2014-09-18,TEST,73.9,1,73.9,2.1,2.84,0,2.1,2.84,-0.8,-1.08,-343.1,-0.03,1
1481,Exit long,2014-09-23,Close entry(s) order TEST,83.7,1,81.9,1.8,2.20,0,2.6,3.17,-1.6,-1.95,-341.3,-0.03,1
1481,Entry long,2014-09-22,TEST,81.9,1,81.9,1.8,2.20,0,2.6,3.17,-1.6,-1.95,-341.3,-0.03,1
1482,Exit long,2014-09-25,Close entry(s) order TEST,82.2,1,76.3,5.9,7.73,0,7.7,10.09,-1,-1.31,-335.4,-0.03,1
1482,Entry long,2014-09-24,TEST,76.3,1,76.3,5.9,7.73,0,7.7,10.09,-1,-1.31,-335.4,-0.03,1
1483,Exit long,2014-09-29,Close entry(s) order TEST,75.1,1,77.7,-2.6,-3.35,0,0,0.00,-3.5,-4.50,-338,-0.03,1
1483,Entry long,2014-09-26,TEST,77.7,1,77.7,-2.6,-3.35,0,0,0.00,-3.5,-4.50,-338,-0.03,1
1484,Exit long,2014-10-01,Close entry(s) order TEST,76.1,1,73.1,3,4.10,0,5.2,7.11,0,0.00,-335,-0.03,1
1484,Entry long,2014-09-30,TEST,73.1,1,73.1,3,4.10,0,5.2,7.11,0,0.00,-335,-0.03,1
1485,Exit long,2014-10-08,Close entry(s) order TEST,75,1,77.1,-2.1,-2.72,0,0.7,0.91,-2.9,-3.76,-337.1,-0.03,1
1485,Entry long,2014-10-07,TEST,77.1,1,77.1,-2.1,-2.72,0,0.7,0.91,-2.9,-3.76,-337.1,-0.03,1
1486,Exit long,2014-10-10,Close entry(s) order TEST,81.4,1,78.2,3.2,4.09,0,4.8,6.14,0,0.00,-333.9,-0.03,1
1486,Entry long,2014-10-09,TEST,78.2,1,78.2,3.2,4.09,0,4.8,6.14,0,0.00,-333.9,-0.03,1
1487,Exit long,2014-10-14,Close entry(s) order TEST,83.9,1,81.6,2.3,2.82,0,2.3,2.82,-1.6,-1.96,-331.6,-0.03,1
1487,Entry long,2014-10-13,TEST,81.6,1,81.6,2.3,2.82,0,2.3,2.82,-1.6,-1.96,-331.6,-0.03,1
1488,Exit long,2014-10-17,Close entry(s) order TEST,78.8,1,80.7,-1.9,-2.35,0,1.5,1.86,-2.6,-3.22,-333.5,-0.03,1
1488,Entry long,2014-10-16,TEST,80.7,1,80.7,-1.9,-2.35,0,1.5,1.86,-2.6,-3.22,-333.5,-0.03,1
1489,Exit long,2014-10-21,Close entry(s) order TEST,78.3,1,82,-3.7,-4.51,0,0,0.00,-4.9,-5.98,-337.2,-0.03,1
1489,Entry long,2014-10-20,TEST,82,1,82,-3.7,-4.51,0,0,0.00,-4.9,-5.98,-337.2,-0.03,1
1490,Exit long,2014-10-23,Close entry(s) order TEST,79.7,1,78.1,1.6,2.05,0,1.9,2.43,-0.3,-0.38,-335.6,-0.03,1
1490,Entry long,2014-10-22,TEST,78.1,1,78.1,1.6,2.05,0,1.9,2.43,-0.3,-0.38,-335.6,-0.03,1
1491,Exit long,2014-10-28,Close entry(s) order TEST,78.3,1,79.8,-1.5,-1.88,0,0,0.00,-3.2,-4.01,-337.1,-0.03,1
1491,Entry long,2014-10-27,TEST,79.8,1,79.8,-1.5,-1.88,0,0,0.00,-3.2,-4.01,-337.1,-0.03,1
1492,Exit long,2014-10-30,Close entry(s) order TEST,76.5,1,76,0.5,0.66,0,1.9,2.50,0,0.00,-336.6,-0.03,1
1492,Entry long,2014-10-29,TEST,76,1,76,0.5,0.66,0,1.9,2.50,0,0.00,-336.6,-0.03,1
1493,Exit long,2014-11-03,Close entry(s) order TEST,76.6,1,75.5,1.1,1.46,0,2.4,3.18,0,0.00,-335.5,-0.03,1
1493,Entry long,2014-10-31,TEST,75.5,1,75.5,1.1,1.46,0,2.4,3.18,0,0.00,-335.5,-0.03,1
1494,Exit long,2014-11-07,Close entry(s) order TEST,75.6,1,76,-0.4,-0.53,0,2.4,3.16,-0.9,-1.18,-335.9,-0.03,1
1494,Entry long,2014-11-05,TEST,76,1,76,-0.4,-0.53,0,2.4,3.16,-0.9,-1.18,-335.9,-0.03,1
1495,Exit long,2014-11-11,Close entry(s) order TEST,74,1,74.5,-0.5,-0.67,0,0.6,0.81,-3.4,-4.56,-336.4,-0.03,1
1495,Entry long,2014-11-10,TEST,74.5,1,74.5,-0.5,-0.67,0,0.6,0.81,-3.4,-4.56,-336.4,-0.03,1
1496,Exit long,2014-11-13,Close entry(s) order TEST,73,1,74.9,-1.9,-2.54,0,0,0.00,-2.1,-2.80,-338.3,-0.03,1
1496,Entry long,2014-11-12,TEST,74.9,1,74.9,-1.9,-2.54,0,0,0.00,-2.1,-2.80,-338.3,-0.03,1
1497,Exit long,2014-11-17,Close entry(s) order TEST,74.1,1,73.6,0.5,0.68,0,3.1,4.21,-0.1,-0.14,-337.8,-0.03,1
1497,Entry long,2014-11-14,TEST,73.6,1,73.6,0.5,0.68,0,3.1,4.21,-0.1,-0.14,-337.8,-0.03,1
1498,Exit long,2014-11-19,Close entry(s) order TEST,78,1,74,4,5.41,0,4,5.41,-0.5,-0.68,-333.8,-0.03,1
1498,Entry long,2014-11-18,TEST,74,1,74,4,5.41,0,4,5.41,-0.5,-0.68,-333.8,-0.03,1
1499,Exit long,2014-11-21,Close entry(s) order TEST,77.2,1,76.4,0.8,1.05,0,2,2.62,-0.8,-1.05,-333,-0.03,1
1499,Entry long,2014-11-20,TEST,76.4,1,76.4,0.8,1.05,0,2,2.62,-0.8,-1.05,-333,-0.03,1
1500,Exit long,2014-11-25,Close entry(s) order TEST,75.3,1,75.8,-0.5,-0.66,0,0.9,1.19,-1.5,-1.98,-333.5,-0.03,1
1500,Entry long,2014-11-24,TEST,75.8,1,75.8,-0.5,-0.66,0,0.9,1.19,-1.5,-1.98,-333.5,-0.03,1
1501,Exit long,2014-11-27,Close entry(s) order TEST,74.8,1,73.2,1.6,2.19,0,1.6,2.19,0,0.00,-331.9,-0.03,1
1501,Entry long,2014-11-26,TEST,73.2,1,73.2,1.6,2.19,0,1.6,2.19,0,0.00,-331.9,-0.03,1
1502,Exit long,2014-12-01,Close entry(s) order TEST,74,1,77,-3,-3.90,0,1,1.30,-3,-3.90,-334.9,-0.03,1
1502,Entry long,2014-11-28,TEST,77,1,77,-3,-3.90,0,1,1.30,-3,-3.90,-334.9,-0.03,1
1503,Exit long,2014-12-03,Close entry(s) order TEST,74.4,1,73.6,0.8,1.09,0,2.1,2.85,-1.3,-1.77,-334.1,-0.03,1
1503,Entry long,2014-12-02,TEST,73.6,1,73.6,0.8,1.09,0,2.1,2.85,-1.3,-1.77,-334.1,-0.03,1
1504,Exit long,2014-12-05,Close entry(s) order TEST,76,1,77.2,-1.2,-1.55,0,1.7,2.20,-1.6,-2.07,-335.3,-0.03,1
1504,Entry long,2014-12-04,TEST,77.2,1,77.2,-1.2,-1.55,0,1.7,2.20,-1.6,-2.07,-335.3,-0.03,1
1505,Exit long,2014-12-09,Close entry(s) order TEST,76,1,78.2,-2.2,-2.81,0,0,0.00,-3.1,-3.96,-337.5,-0.03,1
1505,Entry long,2014-12-08,TEST,78.2,1,78.2,-2.2,-2.81,0,0,0.00,-3.1,-3.96,-337.5,-0.03,1
1506,Exit long,2014-12-11,Close entry(s) order TEST,73.8,1,76.6,-2.8,-3.66,0,0,0.00,-3.6,-4.70,-340.3,-0.03,1
1506,Entry long,2014-12-10,TEST,76.6,1,76.6,-2.8,-3.66,0,0,0.00,-3.6,-4.70,-340.3,-0.03,1
1507,Exit long,2014-12-15,Close entry(s) order TEST,70.4,1,74.7,-4.3,-5.76,0,0,0.00,-4.3,-5.76,-344.6,-0.03,1
1507,Entry long,2014-12-12,TEST,74.7,1,74.7,-4.3,-5.76,0,0,0.00,-4.3,-5.76,-344.6,-0.03,1
1508,Exit long,2014-12-17,Close entry(s) order TEST,66.7,1,68,-1.3,-1.91,0,0.1,0.15,-4.3,-6.32,-345.9,-0.03,1
1508,Entry long,2014-12-16,TEST,68,1,68,-1.3,-1.91,0,0.1,0.15,-4.3,-6.32,-345.9,-0.03,1
1509,Exit long,2014-12-19,Close entry(s) order TEST,69,1,66.4,2.6,3.92,0,2.9,4.37,-0.4,-0.60,-343.3,-0.03,1
1509,Entry long,2014-12-18,TEST,66.4,1,66.4,2.6,3.92,0,2.9,4.37,-0.4,-0.60,-343.3,-0.03,1
1510,Exit long,2014-12-23,Close entry(s) order TEST,69.1,1,68.9,0.2,0.29,0,3,4.35,-0.9,-1.31,-343.1,-0.03,1
1510,Entry long,2014-12-22,TEST,68.9,1,68.9,0.2,0.29,0,3,4.35,-0.9,-1.31,-343.1,-0.03,1
1511,Exit long,2014-12-26,Close entry(s) order TEST,66.7,1,66.7,0,0.00,0,1.4,2.10,-1.7,-2.55,-343.1,-0.03,1
1511,Entry long,2014-12-24,TEST,66.7,1,66.7,0,0.00,0,1.4,2.10,-1.7,-2.55,-343.1,-0.03,1
1512,Exit long,2014-12-30,Close entry(s) order TEST,67.7,1,67.7,0,0.00,0,0.7,1.03,-0.9,-1.33,-343.1,-0.03,1
1512,Entry long,2014-12-29,TEST,67.7,1,67.7,0,0.00,0,0.7,1.03,-0.9,-1.33,-343.1,-0.03,1
1513,Exit long,2015-01-01,Close entry(s) order TEST,68.5,1,69.4,-0.9,-1.30,0,0.3,0.43,-1.2,-1.73,-344,-0.03,1
1513,Entry long,2014-12-31,TEST,69.4,1,69.4,-0.9,-1.30,0,0.3,0.43,-1.2,-1.73,-344,-0.03,1
1514,Exit long,2015-01-05,Close entry(s) order TEST,70.2,1,68.7,1.5,2.18,0,4,5.82,0,0.00,-342.5,-0.03,1
1514,Entry long,2015-01-02,TEST,68.7,1,68.7,1.5,2.18,0,4,5.82,0,0.00,-342.5,-0.03,1
1515,Exit long,2015-01-07,Close entry(s) order TEST,67.5,1,71.4,-3.9,-5.46,0,0,0.00,-3.9,-5.46,-346.4,-0.03,1
1515,Entry long,2015-01-06,TEST,71.4,1,71.4,-3.9,-5.46,0,0,0.00,-3.9,-5.46,-346.4,-0.03,1
1516,Exit long,2015-01-09,Close entry(s) order TEST,69.4,1,69.7,-0.3,-0.43,0,0.5,0.72,-2.4,-3.44,-346.7,-0.03,1
1516,Entry long,2015-01-08,TEST,69.7,1,69.7,-0.3,-0.43,0,0.5,0.72,-2.4,-3.44,-346.7,-0.03,1
1517,Exit long,2015-01-13,Close entry(s) order TEST,68.9,1,68,0.9,1.32,0,1.9,2.79,0,0.00,-345.8,-0.03,1
1517,Entry long,2015-01-12,TEST,68,1,68,0.9,1.32,0,1.9,2.79,0,0.00,-345.8,-0.03,1
1518,Exit long,2015-01-15,Close entry(s) order TEST,67.3,1,67.2,0.1,0.15,0,0.8,1.19,-0.6,-0.89,-345.7,-0.03,1
1518,Entry long,2015-01-14,TEST,67.2,1,67.2,0.1,0.15,0,0.8,1.19,-0.6,-0.89,-345.7,-0.03,1
1519,Exit long,2015-01-19,Close entry(s) order TEST,67,1,68.8,-1.8,-2.62,0,0,0.00,-2.5,-3.63,-347.5,-0.03,1
1519,Entry long,2015-01-16,TEST,68.8,1,68.8,-1.8,-2.62,0,0,0.00,-2.5,-3.63,-347.5,-0.03,1
1520,Exit long,2015-01-21,Close entry(s) order TEST,68.8,1,67.6,1.2,1.78,0,2.3,3.40,-0.2,-0.30,-346.3,-0.03,1
1520,Entry long,2015-01-20,TEST,67.6,1,67.6,1.2,1.78,0,2.3,3.40,-0.2,-0.30,-346.3,-0.03,1
1521,Exit long,2015-01-23,Close entry(s) order TEST,66.8,1,67.5,-0.7,-1.04,0,0.8,1.19,-1,-1.48,-347,-0.03,1
1521,Entry long,2015-01-22,TEST,67.5,1,67.5,-0.7,-1.04,0,0.8,1.19,-1,-1.48,-347,-0.03,1
1522,Exit long,2015-01-28,Close entry(s) order TEST,66.6,1,66.4,0.2,0.30,0,1.9,2.86,-0.3,-0.45,-346.8,-0.03,1
1522,Entry long,2015-01-27,TEST,66.4,1,66.4,0.2,0.30,0,1.9,2.86,-0.3,-0.45,-346.8,-0.03,1
1523,Exit long,2015-01-30,Close entry(s) order TEST,70.6,1,72,-1.4,-1.94,0,5,6.94,-2.3,-3.19,-348.2,-0.03,1
1523,Entry long,2015-01-29,TEST,72,1,72,-1.4,-1.94,0,5,6.94,-2.3,-3.19,-348.2,-0.03,1
1524,Exit long,2015-02-03,Close entry(s) order TEST,68.3,1,68,0.3,0.44,0,2.3,3.38,-0.2,-0.29,-347.9,-0.03,1
1524,Entry long,2015-02-02,TEST,68,1,68,0.3,0.44,0,2.3,3.38,-0.2,-0.29,-347.9,-0.03,1
1525,Exit long,2015-02-05,Close entry(s) order TEST,66.4,1,68.1,-1.7,-2.50,0,0.8,1.17,-1.7,-2.50,-349.6,-0.03,1
1525,Entry long,2015-02-04,TEST,68.1,1,68.1,-1.7,-2.50,0,0.8,1.17,-1.7,-2.50,-349.6,-0.03,1
1526,Exit long,2015-02-09,Close entry(s) order TEST,63.9,1,65.4,-1.5,-2.29,0,0.4,0.61,-2.1,-3.21,-351.1,-0.04,1
1526,Entry long,2015-02-06,TEST,65.4,1,65.4,-1.5,-2.29,0,0.4,0.61,-2.1,-3.21,-351.1,-0.04,1
1527,Exit long,2015-02-11,Close entry(s) order TEST,64.8,1,61.8,3,4.85,0,5.6,9.06,-1.2,-1.94,-348.1,-0.03,1
1527,Entry long,2015-02-10,TEST,61.8,1,61.8,3,4.85,0,5.6,9.06,-1.2,-1.94,-348.1,-0.03,1
1528,Exit long,2015-02-13,Close entry(s) order TEST,65.8,1,62.6,3.2,5.11,0,3.7,5.91,0,0.00,-344.9,-0.03,1
1528,Entry long,2015-02-12,TEST,62.6,1,62.6,3.2,5.11,0,3.7,5.91,0,0.00,-344.9,-0.03,1
1529,Exit long,2015-02-18,Close entry(s) order TEST,66.3,1,63.9,2.4,3.76,0,3,4.69,-0.6,-0.94,-342.5,-0.03,1
1529,Entry long,2015-02-16,TEST,63.9,1,63.9,2.4,3.76,0,3,4.69,-0.6,-0.94,-342.5,-0.03,1
1530,Exit long,2015-02-20,Close entry(s) order TEST,61.5,1,64,-2.5,-3.91,0,0.9,1.41,-4.2,-6.56,-345,-0.03,1
1530,Entry long,2015-02-19,TEST,64,1,64,-2.5,-3.91,0,0.9,1.41,-4.2,-6.56,-345,-0.03,1
1531,Exit long,2015-02-24,Close entry(s) order TEST,64.7,1,65.9,-1.2,-1.82,0,2.1,3.19,-2.4,-3.64,-346.2,-0.03,1
1531,Entry long,2015-02-23,TEST,65.9,1,65.9,-1.2,-1.82,0,2.1,3.19,-2.4,-3.64,-346.2,-0.03,1
1532,Exit long,2015-02-26,Close entry(s) order TEST,66.5,1,66.5,0,0.00,0,2,3.01,-1.3,-1.95,-346.2,-0.03,1
1532,Entry long,2015-02-25,TEST,66.5,1,66.5,0,0.00,0,2,3.01,-1.3,-1.95,-346.2,-0.03,1
1533,Exit long,2015-02-28,Close entry(s) order TEST,69.7,1,65.7,4,6.09,0,4.2,6.39,0,0.00,-342.2,-0.03,1
1533,Entry long,2015-02-27,TEST,65.7,1,65.7,4,6.09,0,4.2,6.39,0,0.00,-342.2,-0.03,1
1534,Exit long,2015-03-03,Close entry(s) order TEST,66.8,1,68.3,-1.5,-2.20,0,0.3,0.44,-2.6,-3.81,-343.7,-0.03,1
1534,Entry long,2015-03-02,TEST,68.3,1,68.3,-1.5,-2.20,0,0.3,0.44,-2.6,-3.81,-343.7,-0.03,1
1535,Exit long,2015-03-05,Close entry(s) order TEST,66.3,1,69,-2.7,-3.91,0,0.6,0.87,-2.7,-3.91,-346.4,-0.03,1
1535,Entry long,2015-03-04,TEST,69,1,69,-2.7,-3.91,0,0.6,0.87,-2.7,-3.91,-346.4,-0.03,1
1536,Exit long,2015-03-10,Close entry(s) order TEST,64,1,65.1,-1.1,-1.69,0,1,1.54,-1.1,-1.69,-347.5,-0.03,1
1536,Entry long,2015-03-09,TEST,65.1,1,65.1,-1.1,-1.69,0,1,1.54,-1.1,-1.69,-347.5,-0.03,1
1537,Exit long,2015-03-12,Close entry(s) order TEST,63.8,1,63,0.8,1.27,0,1.7,2.70,0,0.00,-346.7,-0.03,1
1537,Entry long,2015-03-11,TEST,63,1,63,0.8,1.27,0,1.7,2.70,0,0.00,-346.7,-0.03,1
1538,Exit long,2015-03-16,Close entry(s) order TEST,64.9,1,64.6,0.3,0.46,0,0.3,0.46,-1.6,-2.48,-346.4,-0.03,1
1538,Entry long,2015-03-13,TEST,64.6,1,64.6,0.3,0.46,0,0.3,0.46,-1.6,-2.48,-346.4,-0.03,1
1539,Exit long,2015-03-18,Close entry(s) order TEST,62.4,1,64.1,-1.7,-2.65,0,0.5,0.78,-4.2,-6.55,-348.1,-0.03,1
1539,Entry long,2015-03-17,TEST,64.1,1,64.1,-1.7,-2.65,0,0.5,0.78,-4.2,-6.55,-348.1,-0.03,1
1540,Exit long,2015-03-20,Close entry(s) order TEST,60.2,1,62.8,-2.6,-4.14,0,0,0.00,-2.6,-4.14,-350.7,-0.04,1
1540,Entry long,2015-03-19,TEST,62.8,1,62.8,-2.6,-4.14,0,0,0.00,-2.6,-4.14,-350.7,-0.04,1
1541,Exit long,2015-03-24,Close entry(s) order TEST,57.5,1,60.4,-2.9,-4.80,0,0.5,0.83,-6.4,-10.60,-353.6,-0.04,1
1541,Entry long,2015-03-23,TEST,60.4,1,60.4,-2.9,-4.80,0,0.5,0.83,-6.4,-10.60,-353.6,-0.04,1
1542,Exit long,2015-03-26,Close entry(s) order TEST,54.8,1,54.3,0.5,0.92,0,0.8,1.47,-1.1,-2.03,-353.1,-0.04,1
1542,Entry long,2015-03-25,TEST,54.3,1,54.3,0.5,0.92,0,0.8,1.47,-1.1,-2.03,-353.1,-0.04,1
1543,Exit long,2015-03-30,Close entry(s) order TEST,53,1,53,0,0.00,0,4.5,8.49,-0.8,-1.51,-353.1,-0.04,1
1543,Entry long,2015-03-27,TEST,53,1,53,0,0.00,0,4.5,8.49,-0.8,-1.51,-353.1,-0.04,1
1544,Exit long,2015-04-01,Close entry(s) order TEST,53.2,1,53.7,-0.5,-0.93,0,1.3,2.42,-0.5,-0.93,-353.6,-0.04,1
1544,Entry long,2015-03-31,TEST,53.7,1,53.7,-0.5,-0.93,0,1.3,2.42,-0.5,-0.93,-353.6,-0.04,1
1545,Exit long,2015-04-07,Close entry(s) order TEST,55.8,1,56.9,-1.1,-1.93,0,0.1,0.18,-2.2,-3.87,-354.7,-0.04,1
1545,Entry long,2015-04-06,TEST,56.9,1,56.9,-1.1,-1.93,0,0.1,0.18,-2.2,-3.87,-354.7,-0.04,1
1546,Exit long,2015-04-09,Close entry(s) order TEST,57.6,1,56.7,0.9,1.59,0,2.1,3.70,0,0.00,-353.8,-0.04,1
1546,Entry long,2015-04-08,TEST,56.7,1,56.7,0.9,1.59,0,2.1,3.70,0,0.00,-353.8,-0.04,1
1547,Exit long,2015-04-13,Close entry(s) order TEST,59.8,1,57.5,2.3,4.00,0,2.8,4.87,-0.1,-0.17,-351.5,-0.04,1
1547,Entry long,2015-04-10,TEST,57.5,1,57.5,2.3,4.00,0,2.8,4.87,-0.1,-0.17,-351.5,-0.04,1
1548,Exit long,2015-04-16,Close entry(s) order TEST,57.6,1,60.2,-2.6,-4.32,0,1.3,2.16,-2.6,-4.32,-354.1,-0.04,1
1548,Entry long,2015-04-15,TEST,60.2,1,60.2,-2.6,-4.32,0,1.3,2.16,-2.6,-4.32,-354.1,-0.04,1
1549,Exit long,2015-04-20,Close entry(s) order TEST,58.5,1,58.4,0.1,0.17,0,0.8,1.37,-1.1,-1.88,-354,-0.04,1
1549,Entry long,2015-04-17,TEST,58.4,1,58.4,0.1,0.17,0,0.8,1.37,-1.1,-1.88,-354,-0.04,1
1550,Exit long,2015-04-22,Close entry(s) order TEST,58.3,1,58.3,0,0.00,0,1.7,2.92,0,0.00,-354,-0.04,1
1550,Entry long,2015-04-21,TEST,58.3,1,58.3,0,0.00,0,1.7,2.92,0,0.00,-354,-0.04,1
1551,Exit long,2015-04-24,Close entry(s) order TEST,59,1,57.2,1.8,3.15,0,2.2,3.85,0,0.00,-352.2,-0.04,1
1551,Entry long,2015-04-23,TEST,57.2,1,57.2,1.8,3.15,0,2.2,3.85,0,0.00,-352.2,-0.04,1
1552,Exit long,2015-04-28,Close entry(s) order TEST,54.2,1,57.1,-2.9,-5.08,0,0.7,1.23,-3.3,-5.78,-355.1,-0.04,1
1552,Entry long,2015-04-27,TEST,57.1,1,57.1,-2.9,-5.08,0,0.7,1.23,-3.3,-5.78,-355.1,-0.04,1
1553,Exit long,2015-04-30,Close entry(s) order TEST,83.9,1,70.7,13.2,18.67,0,13.2,18.67,0,0.00,-341.9,-0.03,1
1553,Entry long,2015-04-29,TEST,70.7,1,70.7,13.2,18.67,0,13.2,18.67,0,0.00,-341.9,-0.03,1
1554,Exit long,2015-05-05,Close entry(s) order TEST,84.4,1,84.8,-0.4,-0.47,0,2.2,2.59,-3.6,-4.25,-342.3,-0.03,1
1554,Entry long,2015-05-04,TEST,84.8,1,84.8,-0.4,-0.47,0,2.2,2.59,-3.6,-4.25,-342.3,-0.03,1
1555,Exit long,2015-05-07,Close entry(s) order TEST,83.8,1,84.8,-1,-1.18,0,3,3.54,-3,-3.54,-343.3,-0.03,1
1555,Entry long,2015-05-06,TEST,84.8,1,84.8,-1,-1.18,0,3,3.54,-3,-3.54,-343.3,-0.03,1
1556,Exit long,2015-05-11,Close entry(s) order TEST,81.3,1,84.7,-3.4,-4.01,0,0,0.00,-5,-5.90,-346.7,-0.03,1
1556,Entry long,2015-05-08,TEST,84.7,1,84.7,-3.4,-4.01,0,0,0.00,-5,-5.90,-346.7,-0.03,1
1557,Exit long,2015-05-13,Close entry(s) order TEST,83.2,1,83,0.2,0.24,0,1.3,1.57,-1,-1.20,-346.5,-0.03,1
1557,Entry long,2015-05-12,TEST,83,1,83,0.2,0.24,0,1.3,1.57,-1,-1.20,-346.5,-0.03,1
1558,Exit long,2015-05-15,Close entry(s) order TEST,91,1,83.5,7.5,8.98,0,7.5,8.98,-0.4,-0.48,-339,-0.03,1
1558,Entry long,2015-05-14,TEST,83.5,1,83.5,7.5,8.98,0,7.5,8.98,-0.4,-0.48,-339,-0.03,1
1559,Exit long,2015-05-19,Close entry(s) order TEST,91.7,1,90.5,1.2,1.33,0,4.3,4.75,-3.3,-3.65,-337.8,-0.03,1
1559,Entry long,2015-05-18,TEST,90.5,1,90.5,1.2,1.33,0,4.3,4.75,-3.3,-3.65,-337.8,-0.03,1
1560,Exit long,2015-05-21,Close entry(s) order TEST,90.2,1,93,-2.8,-3.01,0,1.4,1.51,-2.9,-3.12,-340.6,-0.03,1
1560,Entry long,2015-05-20,TEST,93,1,93,-2.8,-3.01,0,1.4,1.51,-2.9,-3.12,-340.6,-0.03,1
1561,Exit long,2015-05-25,Close entry(s) order TEST,85,1,88.2,-3.2,-3.63,0,0.4,0.45,-3.5,-3.97,-343.8,-0.03,1
1561,Entry long,2015-05-22,TEST,88.2,1,88.2,-3.2,-3.63,0,0.4,0.45,-3.5,-3.97,-343.8,-0.03,1
1562,Exit long,2015-05-27,Close entry(s) order TEST,84.3,1,83.8,0.5,0.60,0,1.4,1.67,-0.4,-0.48,-343.3,-0.03,1
1562,Entry long,2015-05-26,TEST,83.8,1,83.8,0.5,0.60,0,1.4,1.67,-0.4,-0.48,-343.3,-0.03,1
1563,Exit long,2015-05-29,Close entry(s) order TEST,82.6,1,83.4,-0.8,-0.96,0,0.7,0.84,-1.8,-2.16,-344.1,-0.03,1
1563,Entry long,2015-05-28,TEST,83.4,1,83.4,-0.8,-0.96,0,0.7,0.84,-1.8,-2.16,-344.1,-0.03,1
1564,Exit long,2015-06-02,Close entry(s) order TEST,81.6,1,83.5,-1.9,-2.28,0,0.4,0.48,-2.5,-2.99,-346,-0.03,1
1564,Entry long,2015-06-01,TEST,83.5,1,83.5,-1.9,-2.28,0,0.4,0.48,-2.5,-2.99,-346,-0.03,1
1565,Exit long,2015-06-04,Close entry(s) order TEST,77.5,1,80.2,-2.7,-3.37,0,0.1,0.12,-7.6,-9.48,-348.7,-0.03,1
1565,Entry long,2015-06-03,TEST,80.2,1,80.2,-2.7,-3.37,0,0.1,0.12,-7.6,-9.48,-348.7,-0.03,1
1566,Exit long,2015-06-08,Close entry(s) order TEST,76.6,1,77.8,-1.2,-1.54,0,0.4,0.51,-2.6,-3.34,-349.9,-0.03,1
1566,Entry long,2015-06-05,TEST,77.8,1,77.8,-1.2,-1.54,0,0.4,0.51,-2.6,-3.34,-349.9,-0.03,1
1567,Exit long,2015-06-10,Close entry(s) order TEST,77.5,1,78.8,-1.3,-1.65,0,0.9,1.14,-1.8,-2.28,-351.2,-0.04,1
1567,Entry long,2015-06-09,TEST,78.8,1,78.8,-1.3,-1.65,0,0.9,1.14,-1.8,-2.28,-351.2,-0.04,1
1568,Exit long,2015-06-12,Close entry(s) order TEST,74,1,76.8,-2.8,-3.65,0,1.2,1.56,-3.2,-4.17,-354,-0.04,1
1568,Entry long,2015-06-11,TEST,76.8,1,76.8,-2.8,-3.65,0,1.2,1.56,-3.2,-4.17,-354,-0.04,1
1569,Exit long,2015-06-16,Close entry(s) order TEST,77.7,1,74,3.7,5.00,0,3.7,5.00,-0.3,-0.41,-350.3,-0.04,1
1569,Entry long,2015-06-15,TEST,74,1,74,3.7,5.00,0,3.7,5.00,-0.3,-0.41,-350.3,-0.04,1
1570,Exit long,2015-06-18,Close entry(s) order TEST,76.8,1,76.4,0.4,0.52,0,1.3,1.70,-0.4,-0.52,-349.9,-0.03,1
1570,Entry long,2015-06-17,TEST,76.4,1,76.4,0.4,0.52,0,1.3,1.70,-0.4,-0.52,-349.9,-0.03,1
1571,Exit long,2015-06-22,Close entry(s) order TEST,78.7,1,76.9,1.8,2.34,0,4.9,6.37,-0.8,-1.04,-348.1,-0.03,1
1571,Entry long,2015-06-19,TEST,76.9,1,76.9,1.8,2.34,0,4.9,6.37,-0.8,-1.04,-348.1,-0.03,1
1572,Exit long,2015-06-24,Close entry(s) order TEST,83,1,79.1,3.9,4.93,0,3.9,4.93,0,0.00,-344.2,-0.03,1
1572,Entry long,2015-06-23,TEST,79.1,1,79.1,3.9,4.93,0,3.9,4.93,0,0.00,-344.2,-0.03,1
1573,Exit long,2015-06-26,Close entry(s) order TEST,95.3,1,85.4,9.9,11.59,0,12.2,14.29,0,0.00,-334.3,-0.03,1
1573,Entry long,2015-06-25,TEST,85.4,1,85.4,9.9,11.59,0,12.2,14.29,0,0.00,-334.3,-0.03,1
1574,Exit long,2015-06-30,Close entry(s) order TEST,103,1,101,2,1.98,0,3.8,3.76,-2,-1.98,-332.3,-0.03,1
1574,Entry long,2015-06-29,TEST,101,1,101,2,1.98,0,3.8,3.76,-2,-1.98,-332.3,-0.03,1
1575,Exit long,2015-07-02,Close entry(s) order TEST,111.7,1,114.4,-2.7,-2.36,0,4.6,4.02,-4.3,-3.76,-335,-0.03,1
1575,Entry long,2015-07-01,TEST,114.4,1,114.4,-2.7,-2.36,0,4.6,4.02,-4.3,-3.76,-335,-0.03,1
1576,Exit long,2015-07-06,Close entry(s) order TEST,111,1,113.8,-2.8,-2.46,0,3.1,2.72,-3.1,-2.72,-337.8,-0.03,1
1576,Entry long,2015-07-03,TEST,113.8,1,113.8,-2.8,-2.46,0,3.1,2.72,-3.1,-2.72,-337.8,-0.03,1
1577,Exit long,2015-07-08,Close entry(s) order TEST,134,1,125.7,8.3,6.60,0,10.9,8.67,-3.7,-2.94,-329.5,-0.03,1
1577,Entry long,2015-07-07,TEST,125.7,1,125.7,8.3,6.60,0,10.9,8.67,-3.7,-2.94,-329.5,-0.03,1
1578,Exit long,2015-07-10,Close entry(s) order TEST,125.4,1,132.9,-7.5,-5.64,0,1.4,1.05,-11.6,-8.73,-337,-0.03,1
1578,Entry long,2015-07-09,TEST,132.9,1,132.9,-7.5,-5.64,0,1.4,1.05,-11.6,-8.73,-337,-0.03,1
1579,Exit long,2015-07-14,Close entry(s) order TEST,130.2,1,125.2,5,3.99,0,5.7,4.55,-2.2,-1.76,-332,-0.03,1
1579,Entry long,2015-07-13,TEST,125.2,1,125.2,5,3.99,0,5.7,4.55,-2.2,-1.76,-332,-0.03,1
1580,Exit long,2015-07-16,Close entry(s) order TEST,130.1,1,128.4,1.7,1.32,0,2.9,2.26,-1.4,-1.09,-330.3,-0.03,1
1580,Entry long,2015-07-15,TEST,128.4,1,128.4,1.7,1.32,0,2.9,2.26,-1.4,-1.09,-330.3,-0.03,1
1581,Exit long,2015-07-20,Close entry(s) order TEST,130.6,1,134.6,-4,-2.97,0,1.1,0.82,-5.6,-4.16,-334.3,-0.03,1
1581,Entry long,2015-07-17,TEST,134.6,1,134.6,-4,-2.97,0,1.1,0.82,-5.6,-4.16,-334.3,-0.03,1
1582,Exit long,2015-07-22,Close entry(s) order TEST,131.1,1,145.6,-14.5,-9.96,0,0.4,0.27,-14.8,-10.16,-348.8,-0.03,1
1582,Entry long,2015-07-21,TEST,145.6,1,145.6,-14.5,-9.96,0,0.4,0.27,-14.8,-10.16,-348.8,-0.03,1
1583,Exit long,2015-07-24,Close entry(s) order TEST,138.5,1,136,2.5,1.84,0,5.4,3.97,-2.7,-1.99,-346.3,-0.03,1
1583,Entry long,2015-07-23,TEST,136,1,136,2.5,1.84,0,5.4,3.97,-2.7,-1.99,-346.3,-0.03,1
1584,Exit long,2015-07-28,Close entry(s) order TEST,130.1,1,133,-2.9,-2.18,0,1.3,0.98,-4.9,-3.68,-349.2,-0.03,1
1584,Entry long,2015-07-27,TEST,133,1,133,-2.9,-2.18,0,1.3,0.98,-4.9,-3.68,-349.2,-0.03,1
1585,Exit long,2015-07-30,Close entry(s) order TEST,137.8,1,132,5.8,4.39,0,9.5,7.20,-0.3,-0.23,-343.4,-0.03,1
1585,Entry long,2015-07-29,TEST,132,1,132,5.8,4.39,0,9.5,7.20,-0.3,-0.23,-343.4,-0.03,1
1586,Exit long,2015-08-03,Close entry(s) order TEST,146.3,1,137.9,8.4,6.09,0,11.1,8.05,-2.8,-2.03,-335,-0.03,1
1586,Entry long,2015-07-31,TEST,137.9,1,137.9,8.4,6.09,0,11.1,8.05,-2.8,-2.03,-335,-0.03,1
1587,Exit long,2015-08-05,Close entry(s) order TEST,146,1,148.4,-2.4,-1.62,0,0,0.00,-3.8,-2.56,-337.4,-0.03,1
1587,Entry long,2015-08-04,TEST,148.4,1,148.4,-2.4,-1.62,0,0,0.00,-3.8,-2.56,-337.4,-0.03,1
1588,Exit long,2015-08-07,Close entry(s) order TEST,145.6,1,151.3,-5.7,-3.77,0,0.9,0.59,-7.3,-4.82,-343.1,-0.03,1
1588,Entry long,2015-08-06,TEST,151.3,1,151.3,-5.7,-3.77,0,0.9,0.59,-7.3,-4.82,-343.1,-0.03,1
1589,Exit long,2015-08-11,Close entry(s) order TEST,137.5,1,144.8,-7.3,-5.04,0,1.5,1.04,-7.7,-5.32,-350.4,-0.04,1
1589,Entry long,2015-08-10,TEST,144.8,1,144.8,-7.3,-5.04,0,1.5,1.04,-7.7,-5.32,-350.4,-0.04,1
1590,Exit long,2015-08-13,Close entry(s) order TEST,131.9,1,135,-3.1,-2.30,0,0.2,0.15,-7.2,-5.33,-353.5,-0.04,1
1590,Entry long,2015-08-12,TEST,135,1,135,-3.1,-2.30,0,0.2,0.15,-7.2,-5.33,-353.5,-0.04,1
1591,Exit long,2015-08-17,Close entry(s) order TEST,128.9,1,121.1,7.8,6.44,0,8.6,7.10,0,0.00,-345.7,-0.03,1
1591,Entry long,2015-08-14,TEST,121.1,1,121.1,7.8,6.44,0,8.6,7.10,0,0.00,-345.7,-0.03,1
1592,Exit long,2015-08-19,Close entry(s) order TEST,131.6,1,132.3,-0.7,-0.53,0,3.5,2.65,-1.5,-1.13,-346.4,-0.03,1
1592,Entry long,2015-08-18,TEST,132.3,1,132.3,-0.7,-0.53,0,3.5,2.65,-1.5,-1.13,-346.4,-0.03,1
1593,Exit long,2015-08-21,Close entry(s) order TEST,126.9,1,130,-3.1,-2.38,0,8.7,6.69,-3.1,-2.38,-349.5,-0.03,1
1593,Entry long,2015-08-20,TEST,130,1,130,-3.1,-2.38,0,8.7,6.69,-3.1,-2.38,-349.5,-0.03,1
1594,Exit long,2015-08-25,Close entry(s) order TEST,106,1,118.9,-12.9,-10.85,0,3,2.52,-17.4,-14.63,-362.4,-0.04,1
1594,Entry long,2015-08-24,TEST,118.9,1,118.9,-12.9,-10.85,0,3,2.52,-17.4,-14.63,-362.4,-0.04,1
1595,Exit long,2015-08-27,Close entry(s) order TEST,114.9,1,108,6.9,6.39,0,9.7,8.98,-2.3,-2.13,-355.5,-0.04,1
1595,Entry long,2015-08-26,TEST,108,1,108,6.9,6.39,0,9.7,8.98,-2.3,-2.13,-355.5,-0.04,1
1596,Exit long,2015-08-31,Close entry(s) order TEST,112.1,1,118,-5.9,-5.00,0,1.7,1.44,-5.9,-5.00,-361.4,-0.04,1
1596,Entry long,2015-08-28,TEST,118,1,118,-5.9,-5.00,0,1.7,1.44,-5.9,-5.00,-361.4,-0.04,1
1597,Exit long,2015-09-02,Close entry(s) order TEST,106.3,1,110.8,-4.5,-4.06,0,1,0.90,-8.1,-7.31,-365.9,-0.04,1
1597,Entry long,2015-09-01,TEST,110.8,1,110.8,-4.5,-4.06,0,1,0.90,-8.1,-7.31,-365.9,-0.04,1
1598,Exit long,2015-09-04,Close entry(s) order TEST,109.7,1,108.1,1.6,1.48,0,3.9,3.61,0,0.00,-364.3,-0.04,1
1598,Entry long,2015-09-03,TEST,108.1,1,108.1,1.6,1.48,0,3.9,3.61,0,0.00,-364.3,-0.04,1
1599,Exit long,2015-09-08,Close entry(s) order TEST,92.4,1,102,-9.6,-9.41,0,0.9,0.88,-11.4,-11.18,-373.9,-0.04,1
1599,Entry long,2015-09-07,TEST,102,1,102,-9.6,-9.41,0,0.9,0.88,-11.4,-11.18,-373.9,-0.04,1
1600,Exit long,2015-09-10,Close entry(s) order TEST,95.5,1,94,1.5,1.60,0,7.8,8.30,-0.4,-0.43,-372.4,-0.04,1
1600,Entry long,2015-09-09,TEST,94,1,94,1.5,1.60,0,7.8,8.30,-0.4,-0.43,-372.4,-0.04,1
1601,Exit long,2015-09-14,Close entry(s) order TEST,108.7,1,106.9,1.8,1.68,0,2.6,2.43,-3.6,-3.37,-370.6,-0.04,1
1601,Entry long,2015-09-11,TEST,106.9,1,106.9,1.8,1.68,0,2.6,2.43,-3.6,-3.37,-370.6,-0.04,1
1602,Exit long,2015-09-16,Close entry(s) order TEST,116.8,1,116.3,0.5,0.43,0,1.6,1.38,-1.7,-1.46,-370.1,-0.04,1
1602,Entry long,2015-09-15,TEST,116.3,1,116.3,0.5,0.43,0,1.6,1.38,-1.7,-1.46,-370.1,-0.04,1
1603,Exit long,2015-09-21,Close entry(s) order TEST,107.5,1,114.4,-6.9,-6.03,0,1.1,0.96,-6.9,-6.03,-377,-0.04,1
1603,Entry long,2015-09-18,TEST,114.4,1,114.4,-6.9,-6.03,0,1.1,0.96,-6.9,-6.03,-377,-0.04,1
1604,Exit long,2015-09-23,Close entry(s) order TEST,108.3,1,113.5,-5.2,-4.58,0,3.1,2.73,-5.2,-4.58,-382.2,-0.04,1
1604,Entry long,2015-09-22,TEST,113.5,1,113.5,-5.2,-4.58,0,3.1,2.73,-5.2,-4.58,-382.2,-0.04,1
1605,Exit long,2015-09-28,Close entry(s) order TEST,116,1,117.5,-1.5,-1.28,0,1.9,1.62,-2.5,-2.13,-383.7,-0.04,1
1605,Entry long,2015-09-24,TEST,117.5,1,117.5,-1.5,-1.28,0,1.9,1.62,-2.5,-2.13,-383.7,-0.04,1
1606,Exit long,2015-09-30,Close entry(s) order TEST,109.5,1,109.9,-0.4,-0.36,0,3.8,3.46,-2.3,-2.09,-384.1,-0.04,1
1606,Entry long,2015-09-29,TEST,109.9,1,109.9,-0.4,-0.36,0,3.8,3.46,-2.3,-2.09,-384.1,-0.04,1
1607,Exit long,2015-10-05,Close entry(s) order TEST,112.5,1,116,-3.5,-3.02,0,0.6,0.52,-5.5,-4.74,-387.6,-0.04,1
1607,Entry long,2015-10-01,TEST,116,1,116,-3.5,-3.02,0,0.6,0.52,-5.5,-4.74,-387.6,-0.04,1
1608,Exit long,2015-10-07,Close entry(s) order TEST,117,1,119.3,-2.3,-1.93,0,1.4,1.17,-3.5,-2.93,-389.9,-0.04,1
1608,Entry long,2015-10-06,TEST,119.3,1,119.3,-2.3,-1.93,0,1.4,1.17,-3.5,-2.93,-389.9,-0.04,1
1609,Exit long,2015-10-09,Close entry(s) order TEST,119.9,1,122,-2.1,-1.72,0,1,0.82,-5.9,-4.84,-392,-0.04,1
1609,Entry long,2015-10-08,TEST,122,1,122,-2.1,-1.72,0,1,0.82,-5.9,-4.84,-392,-0.04,1
1610,Exit long,2015-10-13,Close entry(s) order TEST,115.9,1,116.9,-1,-0.86,0,1.8,1.54,-3.4,-2.91,-393,-0.04,1
1610,Entry long,2015-10-12,TEST,116.9,1,116.9,-1,-0.86,0,1.8,1.54,-3.4,-2.91,-393,-0.04,1
1611,Exit long,2015-10-15,Close entry(s) order TEST,112.7,1,113.3,-0.6,-0.53,0,2.6,2.29,-2.3,-2.03,-393.6,-0.04,1
1611,Entry long,2015-10-14,TEST,113.3,1,113.3,-0.6,-0.53,0,2.6,2.29,-2.3,-2.03,-393.6,-0.04,1
1612,Exit long,2015-10-19,Close entry(s) order TEST,108.8,1,111,-2.2,-1.98,0,0.7,0.63,-2.4,-2.16,-395.8,-0.04,1
1612,Entry long,2015-10-16,TEST,111,1,111,-2.2,-1.98,0,0.7,0.63,-2.4,-2.16,-395.8,-0.04,1
1613,Exit long,2015-10-21,Close entry(s) order TEST,115.3,1,112.9,2.4,2.13,0,2.4,2.13,-3.2,-2.83,-393.4,-0.04,1
1613,Entry long,2015-10-20,TEST,112.9,1,112.9,2.4,2.13,0,2.4,2.13,-3.2,-2.83,-393.4,-0.04,1
1614,Exit long,2015-10-26,Close entry(s) order TEST,111.5,1,114,-2.5,-2.19,0,0.4,0.35,-4.5,-3.95,-395.9,-0.04,1
1614,Entry long,2015-10-23,TEST,114,1,114,-2.5,-2.19,0,0.4,0.35,-4.5,-3.95,-395.9,-0.04,1
1615,Exit long,2015-10-28,Close entry(s) order TEST,107.1,1,108.8,-1.7,-1.56,0,1.7,1.56,-2.8,-2.57,-397.6,-0.04,1
1615,Entry long,2015-10-27,TEST,108.8,1,108.8,-1.7,-1.56,0,1.7,1.56,-2.8,-2.57,-397.6,-0.04,1
1616,Exit long,2015-10-30,Close entry(s) order TEST,105.5,1,107.4,-1.9,-1.77,0,0.3,0.28,-3.1,-2.89,-399.5,-0.04,1
1616,Entry long,2015-10-29,TEST,107.4,1,107.4,-1.9,-1.77,0,0.3,0.28,-3.1,-2.89,-399.5,-0.04,1
1617,Exit long,2015-11-03,Close entry(s) order TEST,100.9,1,101.9,-1,-0.98,0,0,0.00,-3.8,-3.73,-400.5,-0.04,1
1617,Entry long,2015-11-02,TEST,101.9,1,101.9,-1,-0.98,0,0,0.00,-3.8,-3.73,-400.5,-0.04,1
1618,Exit long,2015-11-05,Close entry(s) order TEST,100.2,1,102.3,-2.1,-2.05,0,1.9,1.86,-2.1,-2.05,-402.6,-0.04,1
1618,Entry long,2015-11-04,TEST,102.3,1,102.3,-2.1,-2.05,0,1.9,1.86,-2.1,-2.05,-402.6,-0.04,1
1619,Exit long,2015-11-09,Close entry(s) order TEST,94,1,96.9,-2.9,-2.99,0,1.3,1.34,-2.9,-2.99,-405.5,-0.04,1
1619,Entry long,2015-11-06,TEST,96.9,1,96.9,-2.9,-2.99,0,1.3,1.34,-2.9,-2.99,-405.5,-0.04,1
1620,Exit long,2015-11-11,Close entry(s) order TEST,99.1,1,99.3,-0.2,-0.20,0,3.7,3.73,-2.2,-2.22,-405.7,-0.04,1
1620,Entry long,2015-11-10,TEST,99.3,1,99.3,-0.2,-0.20,0,3.7,3.73,-2.2,-2.22,-405.7,-0.04,1
1621,Exit long,2015-11-16,Close entry(s) order TEST,108,1,99.8,8.2,8.22,0,8.2,8.22,-0.4,-0.40,-397.5,-0.04,1
1621,Entry long,2015-11-13,TEST,99.8,1,99.8,8.2,8.22,0,8.2,8.22,-0.4,-0.40,-397.5,-0.04,1
1622,Exit long,2015-11-18,Close entry(s) order TEST,104.1,1,107.6,-3.5,-3.25,0,0.2,0.19,-4.1,-3.81,-401,-0.04,1
1622,Entry long,2015-11-17,TEST,107.6,1,107.6,-3.5,-3.25,0,0.2,0.19,-4.1,-3.81,-401,-0.04,1
1623,Exit long,2015-11-20,Close entry(s) order TEST,97,1,100,-3,-3.00,0,0.5,0.50,-4.5,-4.50,-404,-0.04,1
1623,Entry long,2015-11-19,TEST,100,1,100,-3,-3.00,0,0.5,0.50,-4.5,-4.50,-404,-0.04,1
1624,Exit long,2015-11-24,Close entry(s) order TEST,96,1,95,1,1.05,0,3.8,4.00,0,0.00,-403,-0.04,1
1624,Entry long,2015-11-23,TEST,95,1,95,1,1.05,0,3.8,4.00,0,0.00,-403,-0.04,1
1625,Exit long,2015-11-27,Close entry(s) order TEST,103.3,1,100.5,2.8,2.79,0,2.8,2.79,-3.9,-3.88,-400.2,-0.04,1
1625,Entry long,2015-11-26,TEST,100.5,1,100.5,2.8,2.79,0,2.8,2.79,-3.9,-3.88,-400.2,-0.04,1
1626,Exit long,2015-12-01,Close entry(s) order TEST,118.3,1,108.1,10.2,9.44,0,10.7,9.90,-0.9,-0.83,-390,-0.04,1
1626,Entry long,2015-11-30,TEST,108.1,1,108.1,10.2,9.44,0,10.7,9.90,-0.9,-0.83,-390,-0.04,1
1627,Exit long,2015-12-03,Close entry(s) order TEST,112.9,1,115.8,-2.9,-2.50,0,0,0.00,-4.8,-4.15,-392.9,-0.04,1
1627,Entry long,2015-12-02,TEST,115.8,1,115.8,-2.9,-2.50,0,0,0.00,-4.8,-4.15,-392.9,-0.04,1
1628,Exit long,2015-12-07,Close entry(s) order TEST,110,1,111,-1,-0.90,0,0.8,0.72,-3,-2.70,-393.9,-0.04,1
1628,Entry long,2015-12-04,TEST,111,1,111,-1,-0.90,0,0.8,0.72,-3,-2.70,-393.9,-0.04,1
1629,Exit long,2015-12-09,Close entry(s) order TEST,109,1,110.1,-1.1,-1.00,0,1.5,1.36,-2.1,-1.91,-395,-0.04,1
1629,Entry long,2015-12-08,TEST,110.1,1,110.1,-1.1,-1.00,0,1.5,1.36,-2.1,-1.91,-395,-0.04,1
1630,Exit long,2015-12-11,Close entry(s) order TEST,105.8,1,103,2.8,2.72,0,3.7,3.59,-0.5,-0.49,-392.2,-0.04,1
1630,Entry long,2015-12-10,TEST,103,1,103,2.8,2.72,0,3.7,3.59,-0.5,-0.49,-392.2,-0.04,1
1631,Exit long,2015-12-15,Close entry(s) order TEST,105,1,102.3,2.7,2.64,0,3,2.93,-1.5,-1.47,-389.5,-0.04,1
1631,Entry long,2015-12-14,TEST,102.3,1,102.3,2.7,2.64,0,3,2.93,-1.5,-1.47,-389.5,-0.04,1
1632,Exit long,2015-12-17,Close entry(s) order TEST,108.5,1,105,3.5,3.33,0,3.5,3.33,0,0.00,-386,-0.04,1
1632,Entry long,2015-12-16,TEST,105,1,105,3.5,3.33,0,3.5,3.33,0,0.00,-386,-0.04,1
1633,Exit long,2015-12-21,Close entry(s) order TEST,110.5,1,113.3,-2.8,-2.47,0,1.8,1.59,-3.7,-3.27,-388.8,-0.04,1
1633,Entry long,2015-12-18,TEST,113.3,1,113.3,-2.8,-2.47,0,1.8,1.59,-3.7,-3.27,-388.8,-0.04,1
1634,Exit long,2015-12-23,Close entry(s) order TEST,112.2,1,111.1,1.1,0.99,0,1.3,1.17,-1.2,-1.08,-387.7,-0.04,1
1634,Entry long,2015-12-22,TEST,111.1,1,111.1,1.1,0.99,0,1.3,1.17,-1.2,-1.08,-387.7,-0.04,1
1635,Exit long,2015-12-28,Close entry(s) order TEST,112.6,1,110.9,1.7,1.53,0,1.7,1.53,-1.5,-1.35,-386,-0.04,1
1635,Entry long,2015-12-24,TEST,110.9,1,110.9,1.7,1.53,0,1.7,1.53,-1.5,-1.35,-386,-0.04,1
1636,Exit long,2015-12-30,Close entry(s) order TEST,115.1,1,116,-0.9,-0.78,0,0.3,0.26,-2.8,-2.41,-386.9,-0.04,1
1636,Entry long,2015-12-29,TEST,116,1,116,-0.9,-0.78,0,0.3,0.26,-2.8,-2.41,-386.9,-0.04,1
1637,Exit long,2016-01-01,Close entry(s) order TEST,116,1,116.5,-0.5,-0.43,0,0.7,0.60,-1.8,-1.55,-387.4,-0.04,1
1637,Entry long,2015-12-31,TEST,116.5,1,116.5,-0.5,-0.43,0,0.7,0.60,-1.8,-1.55,-387.4,-0.04,1
1638,Exit long,2016-01-05,Close entry(s) order TEST,108.1,1,113,-4.9,-4.34,0,1,0.88,-5.5,-4.87,-392.3,-0.04,1
1638,Entry long,2016-01-04,TEST,113,1,113,-4.9,-4.34,0,1,0.88,-5.5,-4.87,-392.3,-0.04,1
1639,Exit long,2016-01-07,Close entry(s) order TEST,110.7,1,113.8,-3.1,-2.72,0,2.8,2.46,-3.2,-2.81,-395.4,-0.04,1
1639,Entry long,2016-01-06,TEST,113.8,1,113.8,-3.1,-2.72,0,2.8,2.46,-3.2,-2.81,-395.4,-0.04,1
1640,Exit long,2016-01-11,Close entry(s) order TEST,108.9,1,109,-0.1,-0.09,0,1.8,1.65,-0.8,-0.73,-395.5,-0.04,1
1640,Entry long,2016-01-08,TEST,109,1,109,-0.1,-0.09,0,1.8,1.65,-0.8,-0.73,-395.5,-0.04,1
1641,Exit long,2016-01-13,Close entry(s) order TEST,107.2,1,108.3,-1.1,-1.02,0,1.1,1.02,-3,-2.77,-396.6,-0.04,1
1641,Entry long,2016-01-12,TEST,108.3,1,108.3,-1.1,-1.02,0,1.1,1.02,-3,-2.77,-396.6,-0.04,1
1642,Exit long,2016-01-15,Close entry(s) order TEST,99.3,1,99.2,0.1,0.10,0,2.3,2.32,-2,-2.02,-396.5,-0.04,1
1642,Entry long,2016-01-14,TEST,99.2,1,99.2,0.1,0.10,0,2.3,2.32,-2,-2.02,-396.5,-0.04,1
1643,Exit long,2016-01-19,Close entry(s) order TEST,83.3,1,90.1,-6.8,-7.55,0,2.2,2.44,-6.8,-7.55,-403.3,-0.04,1
1643,Entry long,2016-01-18,TEST,90.1,1,90.1,-6.8,-7.55,0,2.2,2.44,-6.8,-7.55,-403.3,-0.04,1
1644,Exit long,2016-01-21,Close entry(s) order TEST,86.1,1,87,-0.9,-1.03,0,0,0.00,-2.7,-3.10,-404.2,-0.04,1
1644,Entry long,2016-01-20,TEST,87,1,87,-0.9,-1.03,0,0,0.00,-2.7,-3.10,-404.2,-0.04,1
1645,Exit long,2016-01-25,Close entry(s) order TEST,88.9,1,86.8,2.1,2.42,0,3.2,3.69,-1.9,-2.19,-402.1,-0.04,1
1645,Entry long,2016-01-22,TEST,86.8,1,86.8,2.1,2.42,0,3.2,3.69,-1.9,-2.19,-402.1,-0.04,1
1646,Exit long,2016-01-28,Close entry(s) order TEST,95.3,1,93,2.3,2.47,0,2.4,2.58,-1,-1.08,-399.8,-0.04,1
1646,Entry long,2016-01-27,TEST,93,1,93,2.3,2.47,0,2.4,2.58,-1,-1.08,-399.8,-0.04,1
1647,Exit long,2016-02-01,Close entry(s) order TEST,101.4,1,96.8,4.6,4.75,0,4.6,4.75,-1.7,-1.76,-395.2,-0.04,1
1647,Entry long,2016-01-29,TEST,96.8,1,96.8,4.6,4.75,0,4.6,4.75,-1.7,-1.76,-395.2,-0.04,1
1648,Exit long,2016-02-03,Close entry(s) order TEST,97.3,1,102.6,-5.3,-5.17,0,2,1.95,-5.3,-5.17,-400.5,-0.04,1
1648,Entry long,2016-02-02,TEST,102.6,1,102.6,-5.3,-5.17,0,2,1.95,-5.3,-5.17,-400.5,-0.04,1
1649,Exit long,2016-02-05,Close entry(s) order TEST,91.8,1,95.5,-3.7,-3.87,0,0,0.00,-5.4,-5.65,-404.2,-0.04,1
1649,Entry long,2016-02-04,TEST,95.5,1,95.5,-3.7,-3.87,0,0,0.00,-5.4,-5.65,-404.2,-0.04,1
1650,Exit long,2016-02-09,Close entry(s) order TEST,90.6,1,94.7,-4.1,-4.33,0,2.3,2.43,-4.1,-4.33,-408.3,-0.04,1
1650,Entry long,2016-02-08,TEST,94.7,1,94.7,-4.1,-4.33,0,2.3,2.43,-4.1,-4.33,-408.3,-0.04,1
1651,Exit long,2016-02-11,Close entry(s) order TEST,94.4,1,90.4,4,4.42,0,6.8,7.52,-4.2,-4.65,-404.3,-0.04,1
1651,Entry long,2016-02-10,TEST,90.4,1,90.4,4,4.42,0,6.8,7.52,-4.2,-4.65,-404.3,-0.04,1
1652,Exit long,2016-02-15,Close entry(s) order TEST,85.2,1,89,-3.8,-4.27,0,0,0.00,-7.1,-7.98,-408.1,-0.04,1
1652,Entry long,2016-02-12,TEST,89,1,89,-3.8,-4.27,0,0,0.00,-7.1,-7.98,-408.1,-0.04,1
1653,Exit long,2016-02-17,Close entry(s) order TEST,89.4,1,91.2,-1.8,-1.97,0,0.6,0.66,-4.4,-4.82,-409.9,-0.04,1
1653,Entry long,2016-02-16,TEST,91.2,1,91.2,-1.8,-1.97,0,0.6,0.66,-4.4,-4.82,-409.9,-0.04,1
1654,Exit long,2016-02-19,Close entry(s) order TEST,83.7,1,86.5,-2.8,-3.24,0,1.8,2.08,-4.2,-4.86,-412.7,-0.04,1
1654,Entry long,2016-02-18,TEST,86.5,1,86.5,-2.8,-3.24,0,1.8,2.08,-4.2,-4.86,-412.7,-0.04,1
1655,Exit long,2016-02-23,Close entry(s) order TEST,86.3,1,84,2.3,2.74,0,2.3,2.74,0,0.00,-410.4,-0.04,1
1655,Entry long,2016-02-22,TEST,84,1,84,2.3,2.74,0,2.3,2.74,0,0.00,-410.4,-0.04,1
1656,Exit long,2016-02-25,Close entry(s) order TEST,79.4,1,83.2,-3.8,-4.57,0,0.6,0.72,-4,-4.81,-414.2,-0.04,1
1656,Entry long,2016-02-24,TEST,83.2,1,83.2,-3.8,-4.57,0,0.6,0.72,-4,-4.81,-414.2,-0.04,1
1657,Exit long,2016-02-29,Close entry(s) order TEST,79.4,1,81.5,-2.1,-2.58,0,1.2,1.47,-3.3,-4.05,-416.3,-0.04,1
1657,Entry long,2016-02-26,TEST,81.5,1,81.5,-2.1,-2.58,0,1.2,1.47,-3.3,-4.05,-416.3,-0.04,1
1658,Exit long,2016-03-02,Close entry(s) order TEST,84.4,1,79.7,4.7,5.90,0,5.5,6.90,0,0.00,-411.6,-0.04,1
1658,Entry long,2016-03-01,TEST,79.7,1,79.7,4.7,5.90,0,5.5,6.90,0,0.00,-411.6,-0.04,1
1659,Exit long,2016-03-04,Close entry(s) order TEST,88.7,1,87.7,1,1.14,0,1.6,1.82,-1.6,-1.82,-410.6,-0.04,1
1659,Entry long,2016-03-03,TEST,87.7,1,87.7,1,1.14,0,1.6,1.82,-1.6,-1.82,-410.6,-0.04,1
1660,Exit long,2016-03-09,Close entry(s) order TEST,91,1,88.8,2.2,2.48,0,6.1,6.87,-1.4,-1.58,-408.4,-0.04,1
1660,Entry long,2016-03-08,TEST,88.8,1,88.8,2.2,2.48,0,6.1,6.87,-1.4,-1.58,-408.4,-0.04,1
1661,Exit long,2016-03-11,Close entry(s) order TEST,94.7,1,88.7,6,6.76,0,6,6.76,0,0.00,-402.4,-0.04,1
1661,Entry long,2016-03-10,TEST,88.7,1,88.7,6,6.76,0,6,6.76,0,0.00,-402.4,-0.04,1
1662,Exit long,2016-03-15,Close entry(s) order TEST,97.6,1,98.3,-0.7,-0.71,0,0.6,0.61,-2,-2.03,-403.1,-0.04,1
1662,Entry long,2016-03-14,TEST,98.3,1,98.3,-0.7,-0.71,0,0.6,0.61,-2,-2.03,-403.1,-0.04,1
1663,Exit long,2016-03-17,Close entry(s) order TEST,98.5,1,96.1,2.4,2.50,0,2.4,2.50,-1,-1.04,-400.7,-0.04,1
1663,Entry long,2016-03-16,TEST,96.1,1,96.1,2.4,2.50,0,2.4,2.50,-1,-1.04,-400.7,-0.04,1
1664,Exit long,2016-03-21,Close entry(s) order TEST,99.5,1,99,0.5,0.51,0,1.8,1.82,-1.9,-1.92,-400.2,-0.04,1
1664,Entry long,2016-03-18,TEST,99,1,99,0.5,0.51,0,1.8,1.82,-1.9,-1.92,-400.2,-0.04,1
1665,Exit long,2016-03-23,Close entry(s) order TEST,97.4,1,98,-0.6,-0.61,0,1.5,1.53,-1.9,-1.94,-400.8,-0.04,1
1665,Entry long,2016-03-22,TEST,98,1,98,-0.6,-0.61,0,1.5,1.53,-1.9,-1.94,-400.8,-0.04,1
1666,Exit long,2016-03-29,Close entry(s) order TEST,97.6,1,103.2,-5.6,-5.43,0,0,0.00,-6.8,-6.59,-406.4,-0.04,1
1666,Entry long,2016-03-28,TEST,103.2,1,103.2,-5.6,-5.43,0,0,0.00,-6.8,-6.59,-406.4,-0.04,1
1667,Exit long,2016-03-31,Close entry(s) order TEST,98,1,95.1,2.9,3.05,0,4.2,4.42,0,0.00,-403.5,-0.04,1
1667,Entry long,2016-03-30,TEST,95.1,1,95.1,2.9,3.05,0,4.2,4.42,0,0.00,-403.5,-0.04,1
1668,Exit long,2016-04-04,Close entry(s) order TEST,97.5,1,98.4,-0.9,-0.91,0,0.3,0.30,-1.4,-1.42,-404.4,-0.04,1
1668,Entry long,2016-04-01,TEST,98.4,1,98.4,-0.9,-0.91,0,0.3,0.30,-1.4,-1.42,-404.4,-0.04,1
1669,Exit long,2016-04-06,Close entry(s) order TEST,97.6,1,97.5,0.1,0.10,0,4.1,4.21,-0.4,-0.41,-404.3,-0.04,1
1669,Entry long,2016-04-05,TEST,97.5,1,97.5,0.1,0.10,0,4.1,4.21,-0.4,-0.41,-404.3,-0.04,1
1670,Exit long,2016-04-08,Close entry(s) order TEST,99,1,100.5,-1.5,-1.49,0,1.2,1.19,-2.5,-2.49,-405.8,-0.04,1
1670,Entry long,2016-04-07,TEST,100.5,1,100.5,-1.5,-1.49,0,1.2,1.19,-2.5,-2.49,-405.8,-0.04,1
1671,Exit long,2016-04-12,Close entry(s) order TEST,103.2,1,104.3,-1.1,-1.05,0,1.1,1.05,-3.5,-3.36,-406.9,-0.04,1
1671,Entry long,2016-04-11,TEST,104.3,1,104.3,-1.1,-1.05,0,1.1,1.05,-3.5,-3.36,-406.9,-0.04,1
1672,Exit long,2016-04-18,Close entry(s) order TEST,103,1,103.5,-0.5,-0.48,0,1,0.97,-1.9,-1.84,-407.4,-0.04,1
1672,Entry long,2016-04-13,TEST,103.5,1,103.5,-0.5,-0.48,0,1,0.97,-1.9,-1.84,-407.4,-0.04,1
1673,Exit long,2016-04-21,Close entry(s) order TEST,104.5,1,106.3,-1.8,-1.69,0,0,0.00,-2.7,-2.54,-409.2,-0.04,1
1673,Entry long,2016-04-20,TEST,106.3,1,106.3,-1.8,-1.69,0,0,0.00,-2.7,-2.54,-409.2,-0.04,1
1674,Exit long,2016-04-25,Close entry(s) order TEST,107.1,1,110,-2.9,-2.64,0,2.9,2.64,-3.9,-3.55,-412.1,-0.04,1
1674,Entry long,2016-04-22,TEST,110,1,110,-2.9,-2.64,0,2.9,2.64,-3.9,-3.55,-412.1,-0.04,1
1675,Exit long,2016-04-27,Close entry(s) order TEST,110.3,1,108.3,2,1.85,0,3.3,3.05,-0.5,-0.46,-410.1,-0.04,1
1675,Entry long,2016-04-26,TEST,108.3,1,108.3,2,1.85,0,3.3,3.05,-0.5,-0.46,-410.1,-0.04,1
1676,Exit long,2016-04-29,Close entry(s) order TEST,107.1,1,112.5,-5.4,-4.80,0,0.6,0.53,-5.4,-4.80,-415.5,-0.04,1
1676,Entry long,2016-04-28,TEST,112.5,1,112.5,-5.4,-4.80,0,0.6,0.53,-5.4,-4.80,-415.5,-0.04,1
1677,Exit long,2016-05-03,Close entry(s) order TEST,110.2,1,110.7,-0.5,-0.45,0,0.8,0.72,-2.5,-2.26,-416,-0.04,1
1677,Entry long,2016-05-02,TEST,110.7,1,110.7,-0.5,-0.45,0,0.8,0.72,-2.5,-2.26,-416,-0.04,1
1678,Exit long,2016-05-05,Close entry(s) order TEST,106.5,1,105.8,0.7,0.66,0,0.7,0.66,-2,-1.89,-415.3,-0.04,1
1678,Entry long,2016-05-04,TEST,105.8,1,105.8,0.7,0.66,0,0.7,0.66,-2,-1.89,-415.3,-0.04,1
1679,Exit long,2016-05-09,Close entry(s) order TEST,102,1,102,0,0.00,0,1.3,1.27,-1.8,-1.76,-415.3,-0.04,1
1679,Entry long,2016-05-06,TEST,102,1,102,0,0.00,0,1.3,1.27,-1.8,-1.76,-415.3,-0.04,1
1680,Exit long,2016-05-11,Close entry(s) order TEST,104,1,103,1,0.97,0,3.3,3.20,-0.2,-0.19,-414.3,-0.04,1
1680,Entry long,2016-05-10,TEST,103,1,103,1,0.97,0,3.3,3.20,-0.2,-0.19,-414.3,-0.04,1
1681,Exit long,2016-05-13,Close entry(s) order TEST,104.9,1,106,-1.1,-1.04,0,1.4,1.32,-1.5,-1.42,-415.4,-0.04,1
1681,Entry long,2016-05-12,TEST,106,1,106,-1.1,-1.04,0,1.4,1.32,-1.5,-1.42,-415.4,-0.04,1
1682,Exit long,2016-05-17,Close entry(s) order TEST,104.8,1,104.5,0.3,0.29,0,1.2,1.15,-1.8,-1.72,-415.1,-0.04,1
1682,Entry long,2016-05-16,TEST,104.5,1,104.5,0.3,0.29,0,1.2,1.15,-1.8,-1.72,-415.1,-0.04,1
1683,Exit long,2016-05-19,Close entry(s) order TEST,103.3,1,102,1.3,1.27,0,4.7,4.61,0,0.00,-413.8,-0.04,1
1683,Entry long,2016-05-18,TEST,102,1,102,1.3,1.27,0,4.7,4.61,0,0.00,-413.8,-0.04,1
1684,Exit long,2016-05-23,Close entry(s) order TEST,100.6,1,100.2,0.4,0.40,0,3.5,3.49,-1.6,-1.60,-413.4,-0.04,1
1684,Entry long,2016-05-20,TEST,100.2,1,100.2,0.4,0.40,0,3.5,3.49,-1.6,-1.60,-413.4,-0.04,1
1685,Exit long,2016-05-25,Close entry(s) order TEST,82.5,1,87.8,-5.3,-6.04,0,0,0.00,-7.5,-8.54,-418.7,-0.04,1
1685,Entry long,2016-05-24,TEST,87.8,1,87.8,-5.3,-6.04,0,0,0.00,-7.5,-8.54,-418.7,-0.04,1
1686,Exit long,2016-05-27,Close entry(s) order TEST,79.8,1,82.2,-2.4,-2.92,0,1.2,1.46,-5,-6.08,-421.1,-0.04,1
1686,Entry long,2016-05-26,TEST,82.2,1,82.2,-2.4,-2.92,0,1.2,1.46,-5,-6.08,-421.1,-0.04,1
1687,Exit long,2016-05-31,Close entry(s) order TEST,80,1,81,-1,-1.23,0,1.3,1.60,-2,-2.47,-422.1,-0.04,1
1687,Entry long,2016-05-30,TEST,81,1,81,-1,-1.23,0,1.3,1.60,-2,-2.47,-422.1,-0.04,1
1688,Exit long,2016-06-02,Close entry(s) order TEST,75.9,1,78.2,-2.3,-2.94,0,1.2,1.53,-3.4,-4.35,-424.4,-0.04,1
1688,Entry long,2016-06-01,TEST,78.2,1,78.2,-2.3,-2.94,0,1.2,1.53,-3.4,-4.35,-424.4,-0.04,1
1689,Exit long,2016-06-06,Close entry(s) order TEST,71,1,75.8,-4.8,-6.33,0,0,0.00,-5.7,-7.52,-429.2,-0.04,1
1689,Entry long,2016-06-03,TEST,75.8,1,75.8,-4.8,-6.33,0,0,0.00,-5.7,-7.52,-429.2,-0.04,1
1690,Exit long,2016-06-08,Close entry(s) order TEST,70.4,1,71.9,-1.5,-2.09,0,0.1,0.14,-1.6,-2.23,-430.7,-0.04,1
1690,Entry long,2016-06-07,TEST,71.9,1,71.9,-1.5,-2.09,0,0.1,0.14,-1.6,-2.23,-430.7,-0.04,1
1691,Exit long,2016-06-10,Close entry(s) order TEST,72.5,1,70.1,2.4,3.42,0,2.4,3.42,-0.8,-1.14,-428.3,-0.04,1
1691,Entry long,2016-06-09,TEST,70.1,1,70.1,2.4,3.42,0,2.4,3.42,-0.8,-1.14,-428.3,-0.04,1
1692,Exit long,2016-06-14,Close entry(s) order TEST,73.7,1,74.8,-1.1,-1.47,0,0.8,1.07,-1.8,-2.41,-429.4,-0.04,1
1692,Entry long,2016-06-13,TEST,74.8,1,74.8,-1.1,-1.47,0,0.8,1.07,-1.8,-2.41,-429.4,-0.04,1
1693,Exit long,2016-06-16,Close entry(s) order TEST,75.8,1,75.6,0.2,0.26,0,1.1,1.46,-0.4,-0.53,-429.2,-0.04,1
1693,Entry long,2016-06-15,TEST,75.6,1,75.6,0.2,0.26,0,1.1,1.46,-0.4,-0.53,-429.2,-0.04,1
1694,Exit long,2016-06-20,Close entry(s) order TEST,76.6,1,75.2,1.4,1.86,0,2.4,3.19,-0.4,-0.53,-427.8,-0.04,1
1694,Entry long,2016-06-17,TEST,75.2,1,75.2,1.4,1.86,0,2.4,3.19,-0.4,-0.53,-427.8,-0.04,1
1695,Exit long,2016-06-22,Close entry(s) order TEST,83.3,1,77.6,5.7,7.35,0,7.1,9.15,-0.6,-0.77,-422.1,-0.04,1
1695,Entry long,2016-06-21,TEST,77.6,1,77.6,5.7,7.35,0,7.1,9.15,-0.6,-0.77,-422.1,-0.04,1
1696,Exit long,2016-06-24,Close entry(s) order TEST,81.1,1,84,-2.9,-3.45,0,1.9,2.26,-2.9,-3.45,-425,-0.04,1
1696,Entry long,2016-06-23,TEST,84,1,84,-2.9,-3.45,0,1.9,2.26,-2.9,-3.45,-425,-0.04,1
1697,Exit long,2016-06-28,Close entry(s) order TEST,83,1,81.1,1.9,2.34,0,2.3,2.84,0,0.00,-423.1,-0.04,1
1697,Entry long,2016-06-27,TEST,81.1,1,81.1,1.9,2.34,0,2.3,2.84,0,0.00,-423.1,-0.04,1
1698,Exit long,2016-06-30,Close entry(s) order TEST,80.7,1,81.8,-1.1,-1.34,0,0.8,0.98,-2.4,-2.93,-424.2,-0.04,1
1698,Entry long,2016-06-29,TEST,81.8,1,81.8,-1.1,-1.34,0,0.8,0.98,-2.4,-2.93,-424.2,-0.04,1
1699,Exit long,2016-07-04,Close entry(s) order TEST,80.8,1,79.9,0.9,1.13,0,0.9,1.13,-0.5,-0.63,-423.3,-0.04,1
1699,Entry long,2016-07-01,TEST,79.9,1,79.9,0.9,1.13,0,0.9,1.13,-0.5,-0.63,-423.3,-0.04,1
1700,Exit long,2016-07-07,Close entry(s) order TEST,82.3,1,81,1.3,1.60,0,2.3,2.84,-2,-2.47,-422,-0.04,1
1700,Entry long,2016-07-05,TEST,81,1,81,1.3,1.60,0,2.3,2.84,-2,-2.47,-422,-0.04,1
1701,Exit long,2016-07-11,Close entry(s) order TEST,83,1,81.3,1.7,2.09,0,2.4,2.95,-0.2,-0.25,-420.3,-0.04,1
1701,Entry long,2016-07-08,TEST,81.3,1,81.3,1.7,2.09,0,2.4,2.95,-0.2,-0.25,-420.3,-0.04,1
1702,Exit long,2016-07-13,Close entry(s) order TEST,83.5,1,84,-0.5,-0.60,0,0.2,0.24,-1,-1.19,-420.8,-0.04,1
1702,Entry long,2016-07-12,TEST,84,1,84,-0.5,-0.60,0,0.2,0.24,-1,-1.19,-420.8,-0.04,1
1703,Exit long,2016-07-15,Close entry(s) order TEST,89.9,1,84.1,5.8,6.90,0,5.8,6.90,0,0.00,-415,-0.04,1
1703,Entry long,2016-07-14,TEST,84.1,1,84.1,5.8,6.90,0,5.8,6.90,0,0.00,-415,-0.04,1
1704,Exit long,2016-07-19,Close entry(s) order TEST,85,1,87,-2,-2.30,0,1.3,1.49,-2.2,-2.53,-417,-0.04,1
1704,Entry long,2016-07-18,TEST,87,1,87,-2,-2.30,0,1.3,1.49,-2.2,-2.53,-417,-0.04,1
1705,Exit long,2016-07-21,Close entry(s) order TEST,83.8,1,84.7,-0.9,-1.06,0,0.9,1.06,-1.3,-1.53,-417.9,-0.04,1
1705,Entry long,2016-07-20,TEST,84.7,1,84.7,-0.9,-1.06,0,0.9,1.06,-1.3,-1.53,-417.9,-0.04,1
1706,Exit long,2016-07-25,Close entry(s) order TEST,87,1,88.3,-1.3,-1.47,0,0.5,0.57,-2.1,-2.38,-419.2,-0.04,1
1706,Entry long,2016-07-22,TEST,88.3,1,88.3,-1.3,-1.47,0,0.5,0.57,-2.1,-2.38,-419.2,-0.04,1
1707,Exit long,2016-07-27,Close entry(s) order TEST,89.9,1,89.3,0.6,0.67,0,2.1,2.35,-1.2,-1.34,-418.6,-0.04,1
1707,Entry long,2016-07-26,TEST,89.3,1,89.3,0.6,0.67,0,2.1,2.35,-1.2,-1.34,-418.6,-0.04,1
1708,Exit long,2016-07-29,Close entry(s) order TEST,88.3,1,89,-0.7,-0.79,0,3,3.37,-5.2,-5.84,-419.3,-0.04,1
1708,Entry long,2016-07-28,TEST,89,1,89,-0.7,-0.79,0,3,3.37,-5.2,-5.84,-419.3,-0.04,1
1709,Exit long,2016-08-02,Close entry(s) order TEST,88.8,1,87,1.8,2.07,0,1.8,2.07,-1.9,-2.18,-417.5,-0.04,1
1709,Entry long,2016-08-01,TEST,87,1,87,1.8,2.07,0,1.8,2.07,-1.9,-2.18,-417.5,-0.04,1
1710,Exit long,2016-08-04,Close entry(s) order TEST,84.8,1,85.7,-0.9,-1.05,0,0,0.00,-3.1,-3.62,-418.4,-0.04,1
1710,Entry long,2016-08-03,TEST,85.7,1,85.7,-0.9,-1.05,0,0,0.00,-3.1,-3.62,-418.4,-0.04,1
1711,Exit long,2016-08-08,Close entry(s) order TEST,83.8,1,82.1,1.7,2.07,0,2.2,2.68,0,0.00,-416.7,-0.04,1
1711,Entry long,2016-08-05,TEST,82.1,1,82.1,1.7,2.07,0,2.2,2.68,0,0.00,-416.7,-0.04,1
1712,Exit long,2016-08-10,Close entry(s) order TEST,83.6,1,84,-0.4,-0.48,0,0.2,0.24,-1.2,-1.43,-417.1,-0.04,1
1712,Entry long,2016-08-09,TEST,84,1,84,-0.4,-0.48,0,0.2,0.24,-1.2,-1.43,-417.1,-0.04,1
1713,Exit long,2016-08-12,Close entry(s) order TEST,81.4,1,82.3,-0.9,-1.09,0,0.1,0.12,-1.2,-1.46,-418,-0.04,1
1713,Entry long,2016-08-11,TEST,82.3,1,82.3,-0.9,-1.09,0,0.1,0.12,-1.2,-1.46,-418,-0.04,1
1714,Exit long,2016-08-17,Close entry(s) order TEST,81.8,1,81.4,0.4,0.49,0,0.5,0.61,-0.8,-0.98,-417.6,-0.04,1
1714,Entry long,2016-08-16,TEST,81.4,1,81.4,0.4,0.49,0,0.5,0.61,-0.8,-0.98,-417.6,-0.04,1
1715,Exit long,2016-08-19,Close entry(s) order TEST,87.8,1,84,3.8,4.52,0,4.4,5.24,-0.4,-0.48,-413.8,-0.04,1
1715,Entry long,2016-08-18,TEST,84,1,84,3.8,4.52,0,4.4,5.24,-0.4,-0.48,-413.8,-0.04,1
1716,Exit long,2016-08-23,Close entry(s) order TEST,82.6,1,88.8,-6.2,-6.98,0,0,0.00,-10.7,-12.05,-420,-0.04,1
1716,Entry long,2016-08-22,TEST,88.8,1,88.8,-6.2,-6.98,0,0,0.00,-10.7,-12.05,-420,-0.04,1
1717,Exit long,2016-08-25,Close entry(s) order TEST,83.4,1,83.4,0,0.00,0,1.2,1.44,-1.1,-1.32,-420,-0.04,1
1717,Entry long,2016-08-24,TEST,83.4,1,83.4,0,0.00,0,1.2,1.44,-1.1,-1.32,-420,-0.04,1
1718,Exit long,2016-08-29,Close entry(s) order TEST,83.9,1,83.6,0.3,0.36,0,1.2,1.44,-1.5,-1.79,-419.7,-0.04,1
1718,Entry long,2016-08-26,TEST,83.6,1,83.6,0.3,0.36,0,1.2,1.44,-1.5,-1.79,-419.7,-0.04,1
1719,Exit long,2016-08-31,Close entry(s) order TEST,81.9,1,80.7,1.2,1.49,0,1.8,2.23,0,0.00,-418.5,-0.04,1
1719,Entry long,2016-08-30,TEST,80.7,1,80.7,1.2,1.49,0,1.8,2.23,0,0.00,-418.5,-0.04,1
1720,Exit long,2016-09-02,Close entry(s) order TEST,81.2,1,82.4,-1.2,-1.46,0,1.1,1.33,-1.4,-1.70,-419.7,-0.04,1
1720,Entry long,2016-09-01,TEST,82.4,1,82.4,-1.2,-1.46,0,1.1,1.33,-1.4,-1.70,-419.7,-0.04,1
1721,Exit long,2016-09-07,Close entry(s) order TEST,82.8,1,82.8,0,0.00,0,0,0.00,-9.8,-11.84,-419.7,-0.04,1
1721,Entry long,2016-09-06,TEST,82.8,1,82.8,0,0.00,0,0,0.00,-9.8,-11.84,-419.7,-0.04,1
1722,Exit long,2016-09-09,Close entry(s) order TEST,80,1,81,-1,-1.23,0,1,1.23,-3.4,-4.20,-420.7,-0.04,1
1722,Entry long,2016-09-08,TEST,81,1,81,-1,-1.23,0,1,1.23,-3.4,-4.20,-420.7,-0.04,1
1723,Exit long,2016-09-14,Close entry(s) order TEST,76.1,1,76,0.1,0.13,0,2,2.63,-4.7,-6.18,-420.6,-0.04,1
1723,Entry long,2016-09-12,TEST,76,1,76,0.1,0.13,0,2,2.63,-4.7,-6.18,-420.6,-0.04,1
1724,Exit long,2016-09-16,Close entry(s) order TEST,77.4,1,78.7,-1.3,-1.65,0,0.9,1.14,-2.1,-2.67,-421.9,-0.04,1
1724,Entry long,2016-09-15,TEST,78.7,1,78.7,-1.3,-1.65,0,0.9,1.14,-2.1,-2.67,-421.9,-0.04,1
1725,Exit long,2016-09-20,Close entry(s) order TEST,75,1,73.7,1.3,1.76,0,3.2,4.34,0,0.00,-420.6,-0.04,1
1725,Entry long,2016-09-19,TEST,73.7,1,73.7,1.3,1.76,0,3.2,4.34,0,0.00,-420.6,-0.04,1
1726,Exit long,2016-09-22,Close entry(s) order TEST,77.4,1,75.8,1.6,2.11,0,2.2,2.90,-0.6,-0.79,-419,-0.04,1
1726,Entry long,2016-09-21,TEST,75.8,1,75.8,1.6,2.11,0,2.2,2.90,-0.6,-0.79,-419,-0.04,1
1727,Exit long,2016-09-26,Close entry(s) order TEST,74.1,1,77,-2.9,-3.77,0,0.7,0.91,-2.9,-3.77,-421.9,-0.04,1
1727,Entry long,2016-09-23,TEST,77,1,77,-2.9,-3.77,0,0.7,0.91,-2.9,-3.77,-421.9,-0.04,1
1728,Exit long,2016-09-28,Close entry(s) order TEST,73.2,1,75.2,-2,-2.66,0,0.8,1.06,-2.6,-3.46,-423.9,-0.04,1
1728,Entry long,2016-09-27,TEST,75.2,1,75.2,-2,-2.66,0,0.8,1.06,-2.6,-3.46,-423.9,-0.04,1
1729,Exit long,2016-09-30,Close entry(s) order TEST,70.5,1,76.3,-5.8,-7.60,0,0,0.00,-6.3,-8.26,-429.7,-0.04,1
1729,Entry long,2016-09-29,TEST,76.3,1,76.3,-5.8,-7.60,0,0,0.00,-6.3,-8.26,-429.7,-0.04,1
1730,Exit long,2016-10-04,Close entry(s) order TEST,71.8,1,70,1.8,2.57,0,1.9,2.71,0,0.00,-427.9,-0.04,1
1730,Entry long,2016-10-03,TEST,70,1,70,1.8,2.57,0,1.9,2.71,0,0.00,-427.9,-0.04,1
1731,Exit long,2016-10-06,Close entry(s) order TEST,75.8,1,72.5,3.3,4.55,0,3.4,4.69,-0.7,-0.97,-424.6,-0.04,1
1731,Entry long,2016-10-05,TEST,72.5,1,72.5,3.3,4.55,0,3.4,4.69,-0.7,-0.97,-424.6,-0.04,1
1732,Exit long,2016-10-10,Close entry(s) order TEST,72,1,73.5,-1.5,-2.04,0,0.7,0.95,-1.9,-2.59,-426.1,-0.04,1
1732,Entry long,2016-10-07,TEST,73.5,1,73.5,-1.5,-2.04,0,0.7,0.95,-1.9,-2.59,-426.1,-0.04,1
1733,Exit long,2016-10-14,Close entry(s) order TEST,71.8,1,72.2,-0.4,-0.55,0,1.6,2.22,-1.4,-1.94,-426.5,-0.04,1
1733,Entry long,2016-10-13,TEST,72.2,1,72.2,-0.4,-0.55,0,1.6,2.22,-1.4,-1.94,-426.5,-0.04,1
1734,Exit long,2016-10-18,Close entry(s) order TEST,70.5,1,71,-0.5,-0.70,0,1.2,1.69,-1.5,-2.11,-427,-0.04,1
1734,Entry long,2016-10-17,TEST,71,1,71,-0.5,-0.70,0,1.2,1.69,-1.5,-2.11,-427,-0.04,1
1735,Exit long,2016-10-20,Close entry(s) order TEST,71.8,1,71.8,0,0.00,0,0,0.00,-0.8,-1.11,-427,-0.04,1
1735,Entry long,2016-10-19,TEST,71.8,1,71.8,0,0.00,0,0,0.00,-0.8,-1.11,-427,-0.04,1
1736,Exit long,2016-10-24,Close entry(s) order TEST,72.2,1,73.3,-1.1,-1.50,0,0.5,0.68,-2.1,-2.86,-428.1,-0.04,1
1736,Entry long,2016-10-21,TEST,73.3,1,73.3,-1.1,-1.50,0,0.5,0.68,-2.1,-2.86,-428.1,-0.04,1
1737,Exit long,2016-10-26,Close entry(s) order TEST,71.1,1,73.9,-2.8,-3.79,0,0.6,0.81,-4.7,-6.36,-430.9,-0.04,1
1737,Entry long,2016-10-25,TEST,73.9,1,73.9,-2.8,-3.79,0,0.6,0.81,-4.7,-6.36,-430.9,-0.04,1
1738,Exit long,2016-10-28,Close entry(s) order TEST,71.5,1,71.1,0.4,0.56,0,1.6,2.25,0,0.00,-430.5,-0.04,1
1738,Entry long,2016-10-27,TEST,71.1,1,71.1,0.4,0.56,0,1.6,2.25,0,0.00,-430.5,-0.04,1
1739,Exit long,2016-11-02,Close entry(s) order TEST,69.1,1,72.1,-3,-4.16,0,0.2,0.28,-3,-4.16,-433.5,-0.04,1
1739,Entry long,2016-11-01,TEST,72.1,1,72.1,-3,-4.16,0,0.2,0.28,-3,-4.16,-433.5,-0.04,1
1740,Exit long,2016-11-04,Close entry(s) order TEST,69,1,68.4,0.6,0.88,0,1.7,2.49,-0.3,-0.44,-432.9,-0.04,1
1740,Entry long,2016-11-03,TEST,68.4,1,68.4,0.6,0.88,0,1.7,2.49,-0.3,-0.44,-432.9,-0.04,1
1741,Exit long,2016-11-08,Close entry(s) order TEST,66.8,1,67.2,-0.4,-0.60,0,0.8,1.19,-1.2,-1.79,-433.3,-0.04,1
1741,Entry long,2016-11-07,TEST,67.2,1,67.2,-0.4,-0.60,0,0.8,1.19,-1.2,-1.79,-433.3,-0.04,1
1742,Exit long,2016-11-10,Close entry(s) order TEST,63,1,55,8,14.55,0,8,14.55,0,0.00,-425.3,-0.04,1
1742,Entry long,2016-11-09,TEST,55,1,55,8,14.55,0,8,14.55,0,0.00,-425.3,-0.04,1
1743,Exit long,2016-11-15,Close entry(s) order TEST,73.9,1,74.3,-0.4,-0.54,0,0.6,0.81,-4.2,-5.65,-425.7,-0.04,1
1743,Entry long,2016-11-11,TEST,74.3,1,74.3,-0.4,-0.54,0,0.6,0.81,-4.2,-5.65,-425.7,-0.04,1
1744,Exit long,2016-11-17,Close entry(s) order TEST,73.3,1,73.3,0,0.00,0,0.6,0.82,-1.7,-2.32,-425.7,-0.04,1
1744,Entry long,2016-11-16,TEST,73.3,1,73.3,0,0.00,0,0.6,0.82,-1.7,-2.32,-425.7,-0.04,1
1745,Exit long,2016-11-21,Close entry(s) order TEST,70.3,1,69.9,0.4,0.57,0,1.1,1.57,-1.3,-1.86,-425.3,-0.04,1
1745,Entry long,2016-11-18,TEST,69.9,1,69.9,0.4,0.57,0,1.1,1.57,-1.3,-1.86,-425.3,-0.04,1
1746,Exit long,2016-11-23,Close entry(s) order TEST,72,1,70.8,1.2,1.69,0,1.2,1.69,-1.2,-1.69,-424.1,-0.04,1
1746,Entry long,2016-11-22,TEST,70.8,1,70.8,1.2,1.69,0,1.2,1.69,-1.2,-1.69,-424.1,-0.04,1
1747,Exit long,2016-11-25,Close entry(s) order TEST,71,1,70.2,0.8,1.14,0,1.2,1.71,-0.6,-0.85,-423.3,-0.04,1
1747,Entry long,2016-11-24,TEST,70.2,1,70.2,0.8,1.14,0,1.2,1.71,-0.6,-0.85,-423.3,-0.04,1
1748,Exit long,2016-11-29,Close entry(s) order TEST,71.2,1,72.4,-1.2,-1.66,0,0,0.00,-2.3,-3.18,-424.5,-0.04,1
1748,Entry long,2016-11-28,TEST,72.4,1,72.4,-1.2,-1.66,0,0,0.00,-2.3,-3.18,-424.5,-0.04,1
1749,Exit long,2016-12-01,Close entry(s) order TEST,81.8,1,71.8,10,13.93,0,13,18.11,0,0.00,-414.5,-0.04,1
1749,Entry long,2016-11-30,TEST,71.8,1,71.8,10,13.93,0,13,18.11,0,0.00,-414.5,-0.04,1
1750,Exit long,2016-12-05,Close entry(s) order TEST,81.1,1,82.5,-1.4,-1.70,0,0,0.00,-3.3,-4.00,-415.9,-0.04,1
1750,Entry long,2016-12-02,TEST,82.5,1,82.5,-1.4,-1.70,0,0,0.00,-3.3,-4.00,-415.9,-0.04,1
1751,Exit long,2016-12-07,Close entry(s) order TEST,78.5,1,76.8,1.7,2.21,0,3.1,4.04,0,0.00,-414.2,-0.04,1
1751,Entry long,2016-12-06,TEST,76.8,1,76.8,1.7,2.21,0,3.1,4.04,0,0.00,-414.2,-0.04,1
1752,Exit long,2016-12-09,Close entry(s) order TEST,78,1,78.4,-0.4,-0.51,0,0,0.00,-1.6,-2.04,-414.6,-0.04,1
1752,Entry long,2016-12-08,TEST,78.4,1,78.4,-0.4,-0.51,0,0,0.00,-1.6,-2.04,-414.6,-0.04,1
1753,Exit long,2016-12-13,Close entry(s) order TEST,77.7,1,78,-0.3,-0.38,0,0.6,0.77,-1.8,-2.31,-414.9,-0.04,1
1753,Entry long,2016-12-12,TEST,78,1,78,-0.3,-0.38,0,0.6,0.77,-1.8,-2.31,-414.9,-0.04,1
1754,Exit long,2016-12-15,Close entry(s) order TEST,75.2,1,75.9,-0.7,-0.92,0,5.7,7.51,-1.1,-1.45,-415.6,-0.04,1
1754,Entry long,2016-12-14,TEST,75.9,1,75.9,-0.7,-0.92,0,5.7,7.51,-1.1,-1.45,-415.6,-0.04,1
1755,Exit long,2016-12-19,Close entry(s) order TEST,78,1,77,1,1.30,0,1.9,2.47,-0.9,-1.17,-414.6,-0.04,1
1755,Entry long,2016-12-16,TEST,77,1,77,1,1.30,0,1.9,2.47,-0.9,-1.17,-414.6,-0.04,1
1756,Exit long,2016-12-21,Close entry(s) order TEST,77,1,76.7,0.3,0.39,0,0.6,0.78,-1.6,-2.09,-414.3,-0.04,1
1756,Entry long,2016-12-20,TEST,76.7,1,76.7,0.3,0.39,0,0.6,0.78,-1.6,-2.09,-414.3,-0.04,1
1757,Exit long,2016-12-23,Close entry(s) order TEST,81.4,1,80.8,0.6,0.74,0,1.5,1.86,-0.8,-0.99,-413.7,-0.04,1
1757,Entry long,2016-12-22,TEST,80.8,1,80.8,0.6,0.74,0,1.5,1.86,-0.8,-0.99,-413.7,-0.04,1
1758,Exit long,2016-12-27,Close entry(s) order TEST,73.2,1,79.1,-5.9,-7.46,0,0,0.00,-7.7,-9.73,-419.6,-0.04,1
1758,Entry long,2016-12-26,TEST,79.1,1,79.1,-5.9,-7.46,0,0,0.00,-7.7,-9.73,-419.6,-0.04,1
1759,Exit long,2016-12-29,Close entry(s) order TEST,74.5,1,75.1,-0.6,-0.80,0,1.3,1.73,-1.5,-2.00,-420.2,-0.04,1
1759,Entry long,2016-12-28,TEST,75.1,1,75.1,-0.6,-0.80,0,1.3,1.73,-1.5,-2.00,-420.2,-0.04,1
1760,Exit long,2017-01-02,Close entry(s) order TEST,75.6,1,75.3,0.3,0.40,0,1,1.33,-0.5,-0.66,-419.9,-0.04,1
1760,Entry long,2016-12-30,TEST,75.3,1,75.3,0.3,0.40,0,1,1.33,-0.5,-0.66,-419.9,-0.04,1
1761,Exit long,2017-01-04,Close entry(s) order TEST,76.6,1,76,0.6,0.79,0,1.7,2.24,-0.7,-0.92,-419.3,-0.04,1
1761,Entry long,2017-01-03,TEST,76,1,76,0.6,0.79,0,1.7,2.24,-0.7,-0.92,-419.3,-0.04,1
1762,Exit long,2017-01-06,Close entry(s) order TEST,78.8,1,77.9,0.9,1.16,0,2,2.57,-0.3,-0.39,-418.4,-0.04,1
1762,Entry long,2017-01-05,TEST,77.9,1,77.9,0.9,1.16,0,2,2.57,-0.3,-0.39,-418.4,-0.04,1
1763,Exit long,2017-01-10,Close entry(s) order TEST,80.1,1,79.3,0.8,1.01,0,2.1,2.65,-0.2,-0.25,-417.6,-0.04,1
1763,Entry long,2017-01-09,TEST,79.3,1,79.3,0.8,1.01,0,2.1,2.65,-0.2,-0.25,-417.6,-0.04,1
1764,Exit long,2017-01-12,Close entry(s) order TEST,82.8,1,81.7,1.1,1.35,0,3,3.67,-0.1,-0.12,-416.5,-0.04,1
1764,Entry long,2017-01-11,TEST,81.7,1,81.7,1.1,1.35,0,3,3.67,-0.1,-0.12,-416.5,-0.04,1
1765,Exit long,2017-01-16,Close entry(s) order TEST,83.3,1,83.1,0.2,0.24,0,2.2,2.65,-1.8,-2.17,-416.3,-0.04,1
1765,Entry long,2017-01-13,TEST,83.1,1,83.1,0.2,0.24,0,2.2,2.65,-1.8,-2.17,-416.3,-0.04,1
1766,Exit long,2017-01-18,Close entry(s) order TEST,81.4,1,81.6,-0.2,-0.25,0,1.3,1.59,-1.2,-1.47,-416.5,-0.04,1
1766,Entry long,2017-01-17,TEST,81.6,1,81.6,-0.2,-0.25,0,1.3,1.59,-1.2,-1.47,-416.5,-0.04,1
1767,Exit long,2017-01-20,Close entry(s) order TEST,81.2,1,80.6,0.6,0.74,0,1.9,2.36,0,0.00,-415.9,-0.04,1
1767,Entry long,2017-01-19,TEST,80.6,1,80.6,0.6,0.74,0,1.9,2.36,0,0.00,-415.9,-0.04,1
1768,Exit long,2017-01-24,Close entry(s) order TEST,80.2,1,82.2,-2,-2.43,0,0,0.00,-2.2,-2.68,-417.9,-0.04,1
1768,Entry long,2017-01-23,TEST,82.2,1,82.2,-2,-2.43,0,0,0.00,-2.2,-2.68,-417.9,-0.04,1
1769,Exit long,2017-01-27,Close entry(s) order TEST,85.5,1,79.2,6.3,7.95,0,7.6,9.60,0,0.00,-411.6,-0.04,1
1769,Entry long,2017-01-25,TEST,79.2,1,79.2,6.3,7.95,0,7.6,9.60,0,0.00,-411.6,-0.04,1
1770,Exit long,2017-01-31,Close entry(s) order TEST,85.5,1,87,-1.5,-1.72,0,0.4,0.46,-2.5,-2.87,-413.1,-0.04,1
1770,Entry long,2017-01-30,TEST,87,1,87,-1.5,-1.72,0,0.4,0.46,-2.5,-2.87,-413.1,-0.04,1
1771,Exit long,2017-02-02,Close entry(s) order TEST,84.4,1,83.4,1,1.20,0,1,1.20,-2.1,-2.52,-412.1,-0.04,1
1771,Entry long,2017-02-01,TEST,83.4,1,83.4,1,1.20,0,1,1.20,-2.1,-2.52,-412.1,-0.04,1
1772,Exit long,2017-02-06,Close entry(s) order TEST,83.8,1,83.1,0.7,0.84,0,2.5,3.01,0,0.00,-411.4,-0.04,1
1772,Entry long,2017-02-03,TEST,83.1,1,83.1,0.7,0.84,0,2.5,3.01,0,0.00,-411.4,-0.04,1
1773,Exit long,2017-02-08,Close entry(s) order TEST,83.1,1,83.2,-0.1,-0.12,0,1.5,1.80,-0.5,-0.60,-411.5,-0.04,1
1773,Entry long,2017-02-07,TEST,83.2,1,83.2,-0.1,-0.12,0,1.5,1.80,-0.5,-0.60,-411.5,-0.04,1
1774,Exit long,2017-02-10,Close entry(s) order TEST,88.8,1,83.2,5.6,6.73,0,6.2,7.45,0,0.00,-405.9,-0.04,1
1774,Entry long,2017-02-09,TEST,83.2,1,83.2,5.6,6.73,0,6.2,7.45,0,0.00,-405.9,-0.04,1
1775,Exit long,2017-02-14,Close entry(s) order TEST,82.9,1,82.7,0.2,0.24,0,2.2,2.66,-1.7,-2.06,-405.7,-0.04,1
1775,Entry long,2017-02-13,TEST,82.7,1,82.7,0.2,0.24,0,2.2,2.66,-1.7,-2.06,-405.7,-0.04,1
1776,Exit long,2017-02-16,Close entry(s) order TEST,81.5,1,80.3,1.2,1.49,0,1.4,1.74,-1.3,-1.62,-404.5,-0.04,1
1776,Entry long,2017-02-15,TEST,80.3,1,80.3,1.2,1.49,0,1.4,1.74,-1.3,-1.62,-404.5,-0.04,1
1777,Exit long,2017-02-20,Close entry(s) order TEST,82.4,1,82.8,-0.4,-0.48,0,1,1.21,-1.1,-1.33,-404.9,-0.04,1
1777,Entry long,2017-02-17,TEST,82.8,1,82.8,-0.4,-0.48,0,1,1.21,-1.1,-1.33,-404.9,-0.04,1
1778,Exit long,2017-02-22,Close entry(s) order TEST,85.9,1,86,-0.1,-0.12,0,1.5,1.74,-1.3,-1.51,-405,-0.04,1
1778,Entry long,2017-02-21,TEST,86,1,86,-0.1,-0.12,0,1.5,1.74,-1.3,-1.51,-405,-0.04,1
1779,Exit long,2017-02-27,Close entry(s) order TEST,83.1,1,84,-0.9,-1.07,0,1.2,1.43,-0.9,-1.07,-405.9,-0.04,1
1779,Entry long,2017-02-23,TEST,84,1,84,-0.9,-1.07,0,1.2,1.43,-0.9,-1.07,-405.9,-0.04,1
1780,Exit long,2017-03-01,Close entry(s) order TEST,84,1,83.8,0.2,0.24,0,1,1.19,-0.8,-0.95,-405.7,-0.04,1
1780,Entry long,2017-02-28,TEST,83.8,1,83.8,0.2,0.24,0,1,1.19,-0.8,-0.95,-405.7,-0.04,1
1781,Exit long,2017-03-03,Close entry(s) order TEST,84.5,1,85.6,-1.1,-1.29,0,1.9,2.22,-1.6,-1.87,-406.8,-0.04,1
1781,Entry long,2017-03-02,TEST,85.6,1,85.6,-1.1,-1.29,0,1.9,2.22,-1.6,-1.87,-406.8,-0.04,1
1782,Exit long,2017-03-07,Close entry(s) order TEST,87.7,1,86.3,1.4,1.62,0,2.6,3.01,0,0.00,-405.4,-0.04,1
1782,Entry long,2017-03-06,TEST,86.3,1,86.3,1.4,1.62,0,2.6,3.01,0,0.00,-405.4,-0.04,1
1783,Exit long,2017-03-09,Close entry(s) order TEST,85.5,1,87,-1.5,-1.72,0,0.7,0.80,-2,-2.30,-406.9,-0.04,1
1783,Entry long,2017-03-08,TEST,87,1,87,-1.5,-1.72,0,0.7,0.80,-2,-2.30,-406.9,-0.04,1
1784,Exit long,2017-03-14,Close entry(s) order TEST,86.7,1,84.3,2.4,2.85,0,2.4,2.85,-1.3,-1.54,-404.5,-0.04,1
1784,Entry long,2017-03-10,TEST,84.3,1,84.3,2.4,2.85,0,2.4,2.85,-1.3,-1.54,-404.5,-0.04,1
1785,Exit long,2017-03-16,Close entry(s) order TEST,84.3,1,84.2,0.1,0.12,0,0.7,0.83,-0.7,-0.83,-404.4,-0.04,1
1785,Entry long,2017-03-15,TEST,84.2,1,84.2,0.1,0.12,0,0.7,0.83,-0.7,-0.83,-404.4,-0.04,1
1786,Exit long,2017-03-20,Close entry(s) order TEST,84.1,1,85.8,-1.7,-1.98,0,0,0.00,-3.1,-3.61,-406.1,-0.04,1
1786,Entry long,2017-03-17,TEST,85.8,1,85.8,-1.7,-1.98,0,0,0.00,-3.1,-3.61,-406.1,-0.04,1
1787,Exit long,2017-03-22,Close entry(s) order TEST,83.5,1,84.8,-1.3,-1.53,0,0.1,0.12,-1.4,-1.65,-407.4,-0.04,1
1787,Entry long,2017-03-21,TEST,84.8,1,84.8,-1.3,-1.53,0,0.1,0.12,-1.4,-1.65,-407.4,-0.04,1
1788,Exit long,2017-03-24,Close entry(s) order TEST,84,1,84,0,0.00,0,0.4,0.48,-0.9,-1.07,-407.4,-0.04,1
1788,Entry long,2017-03-23,TEST,84,1,84,0,0.00,0,0.4,0.48,-0.9,-1.07,-407.4,-0.04,1
1789,Exit long,2017-03-28,Close entry(s) order TEST,82.9,1,86.6,-3.7,-4.27,0,5.8,6.70,-4.7,-5.43,-411.1,-0.04,1
1789,Entry long,2017-03-27,TEST,86.6,1,86.6,-3.7,-4.27,0,5.8,6.70,-4.7,-5.43,-411.1,-0.04,1
1790,Exit long,2017-03-30,Close entry(s) order TEST,82.2,1,83.2,-1,-1.20,0,0.1,0.12,-2.4,-2.88,-412.1,-0.04,1
1790,Entry long,2017-03-29,TEST,83.2,1,83.2,-1,-1.20,0,0.1,0.12,-2.4,-2.88,-412.1,-0.04,1
1791,Exit long,2017-04-03,Close entry(s) order TEST,82.3,1,82.7,-0.4,-0.48,0,1,1.21,-0.6,-0.73,-412.5,-0.04,1
1791,Entry long,2017-03-31,TEST,82.7,1,82.7,-0.4,-0.48,0,1,1.21,-0.6,-0.73,-412.5,-0.04,1
1792,Exit long,2017-04-06,Close entry(s) order TEST,84.5,1,83.4,1.1,1.32,0,1.9,2.28,0,0.00,-411.4,-0.04,1
1792,Entry long,2017-04-05,TEST,83.4,1,83.4,1.1,1.32,0,1.9,2.28,0,0.00,-411.4,-0.04,1
1793,Exit long,2017-04-10,Close entry(s) order TEST,85,1,83.6,1.4,1.67,0,1.4,1.67,-1,-1.20,-410,-0.04,1
1793,Entry long,2017-04-07,TEST,83.6,1,83.6,1.4,1.67,0,1.4,1.67,-1,-1.20,-410,-0.04,1
1794,Exit long,2017-04-12,Close entry(s) order TEST,83.1,1,84,-0.9,-1.07,0,0.8,0.95,-0.9,-1.07,-410.9,-0.04,1
1794,Entry long,2017-04-11,TEST,84,1,84,-0.9,-1.07,0,0.8,0.95,-0.9,-1.07,-410.9,-0.04,1
1795,Exit long,2017-04-17,Close entry(s) order TEST,82.5,1,83.6,-1.1,-1.32,0,0.3,0.36,-1.5,-1.79,-412,-0.04,1
1795,Entry long,2017-04-13,TEST,83.6,1,83.6,-1.1,-1.32,0,0.3,0.36,-1.5,-1.79,-412,-0.04,1
1796,Exit long,2017-04-19,Close entry(s) order TEST,82,1,83.3,-1.3,-1.56,0,1.1,1.32,-1.5,-1.80,-413.3,-0.04,1
1796,Entry long,2017-04-18,TEST,83.3,1,83.3,-1.3,-1.56,0,1.1,1.32,-1.5,-1.80,-413.3,-0.04,1
1797,Exit long,2017-04-21,Close entry(s) order TEST,81.9,1,82.7,-0.8,-0.97,0,0.6,0.73,-2,-2.42,-414.1,-0.04,1
1797,Entry long,2017-04-20,TEST,82.7,1,82.7,-0.8,-0.97,0,0.6,0.73,-2,-2.42,-414.1,-0.04,1
1798,Exit long,2017-04-25,Close entry(s) order TEST,82.7,1,82.3,0.4,0.49,0,0.7,0.85,-0.7,-0.85,-413.7,-0.04,1
1798,Entry long,2017-04-24,TEST,82.3,1,82.3,0.4,0.49,0,0.7,0.85,-0.7,-0.85,-413.7,-0.04,1
1799,Exit long,2017-04-27,Close entry(s) order TEST,84.4,1,84.8,-0.4,-0.47,0,2.1,2.48,-1.6,-1.89,-414.1,-0.04,1
1799,Entry long,2017-04-26,TEST,84.8,1,84.8,-0.4,-0.47,0,2.1,2.48,-1.6,-1.89,-414.1,-0.04,1
1800,Exit long,2017-05-02,Close entry(s) order TEST,83.3,1,83.9,-0.6,-0.72,0,0,0.00,-1.9,-2.26,-414.7,-0.04,1
1800,Entry long,2017-04-28,TEST,83.9,1,83.9,-0.6,-0.72,0,0,0.00,-1.9,-2.26,-414.7,-0.04,1
1801,Exit long,2017-05-04,Close entry(s) order TEST,81.9,1,82.9,-1,-1.21,0,0,0.00,-1.7,-2.05,-415.7,-0.04,1
1801,Entry long,2017-05-03,TEST,82.9,1,82.9,-1,-1.21,0,0,0.00,-1.7,-2.05,-415.7,-0.04,1
1802,Exit long,2017-05-08,Close entry(s) order TEST,81.9,1,81.9,0,0.00,0,0.2,0.24,-0.7,-0.85,-415.7,-0.04,1
1802,Entry long,2017-05-05,TEST,81.9,1,81.9,0,0.00,0,0.2,0.24,-0.7,-0.85,-415.7,-0.04,1
1803,Exit long,2017-05-10,Close entry(s) order TEST,88.2,1,89.7,-1.5,-1.67,0,1.1,1.23,-2.4,-2.68,-417.2,-0.04,1
1803,Entry long,2017-05-09,TEST,89.7,1,89.7,-1.5,-1.67,0,1.1,1.23,-2.4,-2.68,-417.2,-0.04,1
1804,Exit long,2017-05-12,Close entry(s) order TEST,84.8,1,87.8,-3,-3.42,0,0.2,0.23,-4.2,-4.78,-420.2,-0.04,1
1804,Entry long,2017-05-11,TEST,87.8,1,87.8,-3,-3.42,0,0.2,0.23,-4.2,-4.78,-420.2,-0.04,1
1805,Exit long,2017-05-16,Close entry(s) order TEST,90.6,1,88.9,1.7,1.91,0,1.9,2.14,-2,-2.25,-418.5,-0.04,1
1805,Entry long,2017-05-15,TEST,88.9,1,88.9,1.7,1.91,0,1.9,2.14,-2,-2.25,-418.5,-0.04,1
1806,Exit long,2017-05-18,Close entry(s) order TEST,92.1,1,89,3.1,3.48,0,7.8,8.76,-1,-1.12,-415.4,-0.04,1
1806,Entry long,2017-05-17,TEST,89,1,89,3.1,3.48,0,7.8,8.76,-1,-1.12,-415.4,-0.04,1
1807,Exit long,2017-05-22,Close entry(s) order TEST,92.4,1,90.3,2.1,2.33,0,4.2,4.65,-0.5,-0.55,-413.3,-0.04,1
1807,Entry long,2017-05-19,TEST,90.3,1,90.3,2.1,2.33,0,4.2,4.65,-0.5,-0.55,-413.3,-0.04,1
1808,Exit long,2017-05-24,Close entry(s) order TEST,87.5,1,89.3,-1.8,-2.02,0,0.4,0.45,-3.2,-3.58,-415.1,-0.04,1
1808,Entry long,2017-05-23,TEST,89.3,1,89.3,-1.8,-2.02,0,0.4,0.45,-3.2,-3.58,-415.1,-0.04,1
1809,Exit long,2017-05-26,Close entry(s) order TEST,89.9,1,84.3,5.6,6.64,0,5.6,6.64,0,0.00,-409.5,-0.04,1
1809,Entry long,2017-05-25,TEST,84.3,1,84.3,5.6,6.64,0,5.6,6.64,0,0.00,-409.5,-0.04,1
1810,Exit long,2017-05-30,Close entry(s) order TEST,87.3,1,89,-1.7,-1.91,0,1.4,1.57,-2.1,-2.36,-411.2,-0.04,1
1810,Entry long,2017-05-29,TEST,89,1,89,-1.7,-1.91,0,1.4,1.57,-2.1,-2.36,-411.2,-0.04,1
1811,Exit long,2017-06-01,Close entry(s) order TEST,86.6,1,87.1,-0.5,-0.57,0,0.7,0.80,-1,-1.15,-411.7,-0.04,1
1811,Entry long,2017-05-31,TEST,87.1,1,87.1,-0.5,-0.57,0,0.7,0.80,-1,-1.15,-411.7,-0.04,1
1812,Exit long,2017-06-05,Close entry(s) order TEST,94,1,88.8,5.2,5.86,0,5.2,5.86,0,0.00,-406.5,-0.04,1
1812,Entry long,2017-06-02,TEST,88.8,1,88.8,5.2,5.86,0,5.2,5.86,0,0.00,-406.5,-0.04,1
1813,Exit long,2017-06-07,Close entry(s) order TEST,96.5,1,96,0.5,0.52,0,2,2.08,-1.1,-1.15,-406,-0.04,1
1813,Entry long,2017-06-06,TEST,96,1,96,0.5,0.52,0,2,2.08,-1.1,-1.15,-406,-0.04,1
1814,Exit long,2017-06-09,Close entry(s) order TEST,97.9,1,95.3,2.6,2.73,0,3.5,3.67,-0.8,-0.84,-403.4,-0.04,1
1814,Entry long,2017-06-08,TEST,95.3,1,95.3,2.6,2.73,0,3.5,3.67,-0.8,-0.84,-403.4,-0.04,1
1815,Exit long,2017-06-13,Close entry(s) order TEST,100.5,1,95.2,5.3,5.57,0,6.8,7.14,0,0.00,-398.1,-0.04,1
1815,Entry long,2017-06-12,TEST,95.2,1,95.2,5.3,5.57,0,6.8,7.14,0,0.00,-398.1,-0.04,1
1816,Exit long,2017-06-15,Close entry(s) order TEST,99,1,97.7,1.3,1.33,0,3.3,3.38,-1.6,-1.64,-396.8,-0.04,1
1816,Entry long,2017-06-14,TEST,97.7,1,97.7,1.3,1.33,0,3.3,3.38,-1.6,-1.64,-396.8,-0.04,1
1817,Exit long,2017-06-19,Close entry(s) order TEST,97.5,1,98.5,-1,-1.02,0,1.3,1.32,-3.2,-3.25,-397.8,-0.04,1
1817,Entry long,2017-06-16,TEST,98.5,1,98.5,-1,-1.02,0,1.3,1.32,-3.2,-3.25,-397.8,-0.04,1
1818,Exit long,2017-06-21,Close entry(s) order TEST,96.8,1,96,0.8,0.83,0,2,2.08,-0.9,-0.94,-397,-0.04,1
1818,Entry long,2017-06-20,TEST,96,1,96,0.8,0.83,0,2,2.08,-0.9,-0.94,-397,-0.04,1
1819,Exit long,2017-06-23,Close entry(s) order TEST,97.1,1,99.2,-2.1,-2.12,0,0.6,0.60,-2.8,-2.82,-399.1,-0.04,1
1819,Entry long,2017-06-22,TEST,99.2,1,99.2,-2.1,-2.12,0,0.6,0.60,-2.8,-2.82,-399.1,-0.04,1
1820,Exit long,2017-06-28,Close entry(s) order TEST,101,1,101.5,-0.5,-0.49,0,1.1,1.08,-3.6,-3.55,-399.6,-0.04,1
1820,Entry long,2017-06-27,TEST,101.5,1,101.5,-0.5,-0.49,0,1.1,1.08,-3.6,-3.55,-399.6,-0.04,1
1821,Exit long,2017-06-30,Close entry(s) order TEST,105.9,1,107.8,-1.9,-1.76,0,1.2,1.11,-2.7,-2.50,-401.5,-0.04,1
1821,Entry long,2017-06-29,TEST,107.8,1,107.8,-1.9,-1.76,0,1.2,1.11,-2.7,-2.50,-401.5,-0.04,1
1822,Exit long,2017-07-04,Close entry(s) order TEST,107.3,1,105,2.3,2.19,0,2.4,2.29,-0.7,-0.67,-399.2,-0.04,1
1822,Entry long,2017-07-03,TEST,105,1,105,2.3,2.19,0,2.4,2.29,-0.7,-0.67,-399.2,-0.04,1
1823,Exit long,2017-07-06,Close entry(s) order TEST,109,1,106,3,2.83,0,5,4.72,-0.4,-0.38,-396.2,-0.04,1
1823,Entry long,2017-07-05,TEST,106,1,106,3,2.83,0,5,4.72,-0.4,-0.38,-396.2,-0.04,1
1824,Exit long,2017-07-10,Close entry(s) order TEST,107.1,1,106,1.1,1.04,0,3.7,3.49,-2.9,-2.74,-395.1,-0.04,1
1824,Entry long,2017-07-07,TEST,106,1,106,1.1,1.04,0,3.7,3.49,-2.9,-2.74,-395.1,-0.04,1
1825,Exit long,2017-07-12,Close entry(s) order TEST,108.7,1,107.8,0.9,0.83,0,1.6,1.48,-0.5,-0.46,-394.2,-0.04,1
1825,Entry long,2017-07-11,TEST,107.8,1,107.8,0.9,0.83,0,1.6,1.48,-0.5,-0.46,-394.2,-0.04,1
1826,Exit long,2017-07-14,Close entry(s) order TEST,107.5,1,108.1,-0.6,-0.56,0,0.7,0.65,-2.3,-2.13,-394.8,-0.04,1
1826,Entry long,2017-07-13,TEST,108.1,1,108.1,-0.6,-0.56,0,0.7,0.65,-2.3,-2.13,-394.8,-0.04,1
1827,Exit long,2017-07-18,Close entry(s) order TEST,106.4,1,106.3,0.1,0.09,0,3.2,3.01,0,0.00,-394.7,-0.04,1
1827,Entry long,2017-07-17,TEST,106.3,1,106.3,0.1,0.09,0,3.2,3.01,0,0.00,-394.7,-0.04,1
1828,Exit long,2017-07-20,Close entry(s) order TEST,113.5,1,109,4.5,4.13,0,4.5,4.13,-1.8,-1.65,-390.2,-0.04,1
1828,Entry long,2017-07-19,TEST,109,1,109,4.5,4.13,0,4.5,4.13,-1.8,-1.65,-390.2,-0.04,1
1829,Exit long,2017-07-24,Close entry(s) order TEST,126,1,115,11,9.57,0,11,9.57,-0.5,-0.43,-379.2,-0.04,1
1829,Entry long,2017-07-21,TEST,115,1,115,11,9.57,0,11,9.57,-0.5,-0.43,-379.2,-0.04,1
1830,Exit long,2017-07-26,Close entry(s) order TEST,131.5,1,134.4,-2.9,-2.16,0,0,0.00,-6.2,-4.61,-382.1,-0.04,1
1830,Entry long,2017-07-25,TEST,134.4,1,134.4,-2.9,-2.16,0,0,0.00,-6.2,-4.61,-382.1,-0.04,1
1831,Exit long,2017-07-28,Close entry(s) order TEST,126.5,1,130.5,-4,-3.07,0,0,0.00,-5.4,-4.14,-386.1,-0.04,1
1831,Entry long,2017-07-27,TEST,130.5,1,130.5,-4,-3.07,0,0,0.00,-5.4,-4.14,-386.1,-0.04,1
1832,Exit long,2017-08-01,Close entry(s) order TEST,129.9,1,128.9,1,0.78,0,3,2.33,-0.9,-0.70,-385.1,-0.04,1
1832,Entry long,2017-07-31,TEST,128.9,1,128.9,1,0.78,0,3,2.33,-0.9,-0.70,-385.1,-0.04,1
1833,Exit long,2017-08-03,Close entry(s) order TEST,129.5,1,127,2.5,1.97,0,7.4,5.83,0,0.00,-382.6,-0.04,1
1833,Entry long,2017-08-02,TEST,127,1,127,2.5,1.97,0,7.4,5.83,0,0.00,-382.6,-0.04,1
1834,Exit long,2017-08-07,Close entry(s) order TEST,130.7,1,126.7,4,3.16,0,10.7,8.45,-1.7,-1.34,-378.6,-0.04,1
1834,Entry long,2017-08-04,TEST,126.7,1,126.7,4,3.16,0,10.7,8.45,-1.7,-1.34,-378.6,-0.04,1
1835,Exit long,2017-08-09,Close entry(s) order TEST,126.8,1,131,-4.2,-3.21,0,0.9,0.69,-6.8,-5.19,-382.8,-0.04,1
1835,Entry long,2017-08-08,TEST,131,1,131,-4.2,-3.21,0,0.9,0.69,-6.8,-5.19,-382.8,-0.04,1
1836,Exit long,2017-08-11,Close entry(s) order TEST,110.8,1,125.2,-14.4,-11.50,0,0.8,0.64,-17.2,-13.74,-397.2,-0.04,1
1836,Entry long,2017-08-10,TEST,125.2,1,125.2,-14.4,-11.50,0,0.8,0.64,-17.2,-13.74,-397.2,-0.04,1
1837,Exit long,2017-08-16,Close entry(s) order TEST,121.3,1,119.3,2,1.68,0,4.9,4.11,-0.3,-0.25,-395.2,-0.04,1
1837,Entry long,2017-08-14,TEST,119.3,1,119.3,2,1.68,0,4.9,4.11,-0.3,-0.25,-395.2,-0.04,1
1838,Exit long,2017-08-18,Close entry(s) order TEST,120.8,1,123,-2.2,-1.79,0,1.9,1.54,-2.2,-1.79,-397.4,-0.04,1
1838,Entry long,2017-08-17,TEST,123,1,123,-2.2,-1.79,0,1.9,1.54,-2.2,-1.79,-397.4,-0.04,1
1839,Exit long,2017-08-22,Close entry(s) order TEST,128.4,1,124.7,3.7,2.97,0,3.7,2.97,-4.1,-3.29,-393.7,-0.04,1
1839,Entry long,2017-08-21,TEST,124.7,1,124.7,3.7,2.97,0,3.7,2.97,-4.1,-3.29,-393.7,-0.04,1
1840,Exit long,2017-08-24,Close entry(s) order TEST,132,1,128.2,3.8,2.96,0,4.4,3.43,-0.7,-0.55,-389.9,-0.04,1
1840,Entry long,2017-08-23,TEST,128.2,1,128.2,3.8,2.96,0,4.4,3.43,-0.7,-0.55,-389.9,-0.04,1
1841,Exit long,2017-08-29,Close entry(s) order TEST,134.1,1,134.1,0,0.00,0,2.8,2.09,-1,-0.75,-389.9,-0.04,1
1841,Entry long,2017-08-28,TEST,134.1,1,134.1,0,0.00,0,2.8,2.09,-1,-0.75,-389.9,-0.04,1
1842,Exit long,2017-08-31,Close entry(s) order TEST,137.7,1,134.6,3.1,2.30,0,5.2,3.86,0,0.00,-386.8,-0.04,1
1842,Entry long,2017-08-30,TEST,134.6,1,134.6,3.1,2.30,0,5.2,3.86,0,0.00,-386.8,-0.04,1
1843,Exit long,2017-09-04,Close entry(s) order TEST,138.9,1,141,-2.1,-1.49,0,0.9,0.64,-3.4,-2.41,-388.9,-0.04,1
1843,Entry long,2017-09-01,TEST,141,1,141,-2.1,-1.49,0,0.9,0.64,-3.4,-2.41,-388.9,-0.04,1
1844,Exit long,2017-09-06,Close entry(s) order TEST,138.5,1,140,-1.5,-1.07,0,5.8,4.14,-1.5,-1.07,-390.4,-0.04,1
1844,Entry long,2017-09-05,TEST,140,1,140,-1.5,-1.07,0,5.8,4.14,-1.5,-1.07,-390.4,-0.04,1
1845,Exit long,2017-09-08,Close entry(s) order TEST,144.2,1,141.1,3.1,2.20,0,4.9,3.47,-0.1,-0.07,-387.3,-0.04,1
1845,Entry long,2017-09-07,TEST,141.1,1,141.1,3.1,2.20,0,4.9,3.47,-0.1,-0.07,-387.3,-0.04,1
1846,Exit long,2017-09-12,Close entry(s) order TEST,139,1,141.4,-2.4,-1.70,0,2.2,1.56,-3.9,-2.76,-389.7,-0.04,1
1846,Entry long,2017-09-11,TEST,141.4,1,141.4,-2.4,-1.70,0,2.2,1.56,-3.9,-2.76,-389.7,-0.04,1
1847,Exit long,2017-09-14,Close entry(s) order TEST,137,1,140,-3,-2.14,0,2.3,1.64,-7,-5.00,-392.7,-0.04,1
1847,Entry long,2017-09-13,TEST,140,1,140,-3,-2.14,0,2.3,1.64,-7,-5.00,-392.7,-0.04,1
1848,Exit long,2017-09-18,Close entry(s) order TEST,139.5,1,139,0.5,0.36,0,0.5,0.36,-5.6,-4.03,-392.2,-0.04,1
1848,Entry long,2017-09-15,TEST,139,1,139,0.5,0.36,0,0.5,0.36,-5.6,-4.03,-392.2,-0.04,1
1849,Exit long,2017-09-20,Close entry(s) order TEST,142.4,1,138.6,3.8,2.74,0,3.8,2.74,-1.9,-1.37,-388.4,-0.04,1
1849,Entry long,2017-09-19,TEST,138.6,1,138.6,3.8,2.74,0,3.8,2.74,-1.9,-1.37,-388.4,-0.04,1
1850,Exit long,2017-09-22,Close entry(s) order TEST,135.1,1,139.1,-4,-2.88,0,1.8,1.29,-4.3,-3.09,-392.4,-0.04,1
1850,Entry long,2017-09-21,TEST,139.1,1,139.1,-4,-2.88,0,1.8,1.29,-4.3,-3.09,-392.4,-0.04,1
1851,Exit long,2017-09-26,Close entry(s) order TEST,126,1,130.1,-4.1,-3.15,0,0.8,0.61,-7.1,-5.46,-396.5,-0.04,1
1851,Entry long,2017-09-25,TEST,130.1,1,130.1,-4.1,-3.15,0,0.8,0.61,-7.1,-5.46,-396.5,-0.04,1
1852,Exit long,2017-09-28,Close entry(s) order TEST,123.5,1,127,-3.5,-2.76,0,2,1.57,-4.7,-3.70,-400,-0.04,1
1852,Entry long,2017-09-27,TEST,127,1,127,-3.5,-2.76,0,2,1.57,-4.7,-3.70,-400,-0.04,1
1853,Exit long,2017-10-03,Close entry(s) order TEST,133.5,1,128,5.5,4.30,0,6,4.69,-1.2,-0.94,-394.5,-0.04,1
1853,Entry long,2017-09-29,TEST,128,1,128,5.5,4.30,0,6,4.69,-1.2,-0.94,-394.5,-0.04,1
1854,Exit long,2017-10-05,Close entry(s) order TEST,134,1,132.6,1.4,1.06,0,2.4,1.81,-2.2,-1.66,-393.1,-0.04,1
1854,Entry long,2017-10-04,TEST,132.6,1,132.6,1.4,1.06,0,2.4,1.81,-2.2,-1.66,-393.1,-0.04,1
1855,Exit long,2017-10-09,Close entry(s) order TEST,138,1,137.1,0.9,0.66,0,3.3,2.41,-1.1,-0.80,-392.2,-0.04,1
1855,Entry long,2017-10-06,TEST,137.1,1,137.1,0.9,0.66,0,3.3,2.41,-1.1,-0.80,-392.2,-0.04,1
1856,Exit long,2017-10-11,Close entry(s) order TEST,139.6,1,138.5,1.1,0.79,0,3,2.17,0,0.00,-391.1,-0.04,1
1856,Entry long,2017-10-10,TEST,138.5,1,138.5,1.1,0.79,0,3,2.17,0,0.00,-391.1,-0.04,1
1857,Exit long,2017-10-13,Close entry(s) order TEST,140.3,1,137,3.3,2.41,0,3.5,2.55,-2.4,-1.75,-387.8,-0.04,1
1857,Entry long,2017-10-12,TEST,137,1,137,3.3,2.41,0,3.5,2.55,-2.4,-1.75,-387.8,-0.04,1
1858,Exit long,2017-10-17,Close entry(s) order TEST,135.3,1,138.6,-3.3,-2.38,0,1.8,1.30,-4.3,-3.10,-391.1,-0.04,1
1858,Entry long,2017-10-16,TEST,138.6,1,138.6,-3.3,-2.38,0,1.8,1.30,-4.3,-3.10,-391.1,-0.04,1
1859,Exit long,2017-10-19,Close entry(s) order TEST,134.5,1,135,-0.5,-0.37,0,0.7,0.52,-1.7,-1.26,-391.6,-0.04,1
1859,Entry long,2017-10-18,TEST,135,1,135,-0.5,-0.37,0,0.7,0.52,-1.7,-1.26,-391.6,-0.04,1
1860,Exit long,2017-10-24,Close entry(s) order TEST,133.6,1,136.9,-3.3,-2.41,0,0.6,0.44,-4.8,-3.51,-394.9,-0.04,1
1860,Entry long,2017-10-23,TEST,136.9,1,136.9,-3.3,-2.41,0,0.6,0.44,-4.8,-3.51,-394.9,-0.04,1
1861,Exit long,2017-10-26,Close entry(s) order TEST,134.6,1,136,-1.4,-1.03,0,2.8,2.06,-3.9,-2.87,-396.3,-0.04,1
1861,Entry long,2017-10-25,TEST,136,1,136,-1.4,-1.03,0,2.8,2.06,-3.9,-2.87,-396.3,-0.04,1
1862,Exit long,2017-10-30,Close entry(s) order TEST,147.7,1,147,0.7,0.48,0,2,1.36,-2,-1.36,-395.6,-0.04,1
1862,Entry long,2017-10-27,TEST,147,1,147,0.7,0.48,0,2,1.36,-2,-1.36,-395.6,-0.04,1
1863,Exit long,2017-11-01,Close entry(s) order TEST,148.7,1,145,3.7,2.55,0,3.7,2.55,-4.7,-3.24,-391.9,-0.04,1
1863,Entry long,2017-10-31,TEST,145,1,145,3.7,2.55,0,3.7,2.55,-4.7,-3.24,-391.9,-0.04,1
1864,Exit long,2017-11-03,Close entry(s) order TEST,160.1,1,150.3,9.8,6.52,0,9.8,6.52,-0.3,-0.20,-382.1,-0.04,1
1864,Entry long,2017-11-02,TEST,150.3,1,150.3,9.8,6.52,0,9.8,6.52,-0.3,-0.20,-382.1,-0.04,1
1865,Exit long,2017-11-07,Close entry(s) order TEST,154.1,1,158,-3.9,-2.47,0,7.5,4.75,-7,-4.43,-386,-0.04,1
1865,Entry long,2017-11-06,TEST,158,1,158,-3.9,-2.47,0,7.5,4.75,-7,-4.43,-386,-0.04,1
1866,Exit long,2017-11-09,Close entry(s) order TEST,144.9,1,145.3,-0.4,-0.28,0,4.5,3.10,-3,-2.06,-386.4,-0.04,1
1866,Entry long,2017-11-08,TEST,145.3,1,145.3,-0.4,-0.28,0,4.5,3.10,-3,-2.06,-386.4,-0.04,1
1867,Exit long,2017-11-13,Close entry(s) order TEST,142.9,1,140.3,2.6,1.85,0,4.7,3.35,0,0.00,-383.8,-0.04,1
1867,Entry long,2017-11-10,TEST,140.3,1,140.3,2.6,1.85,0,4.7,3.35,0,0.00,-383.8,-0.04,1
1868,Exit long,2017-11-15,Close entry(s) order TEST,136.4,1,139.9,-3.5,-2.50,0,1.8,1.29,-3.5,-2.50,-387.3,-0.04,1
1868,Entry long,2017-11-14,TEST,139.9,1,139.9,-3.5,-2.50,0,1.8,1.29,-3.5,-2.50,-387.3,-0.04,1
1869,Exit long,2017-11-17,Close entry(s) order TEST,132.9,1,140.4,-7.5,-5.34,0,0.1,0.07,-9.9,-7.05,-394.8,-0.04,1
1869,Entry long,2017-11-16,TEST,140.4,1,140.4,-7.5,-5.34,0,0.1,0.07,-9.9,-7.05,-394.8,-0.04,1
1870,Exit long,2017-11-21,Close entry(s) order TEST,128.9,1,130.7,-1.8,-1.38,0,2.2,1.68,-2.7,-2.07,-396.6,-0.04,1
1870,Entry long,2017-11-20,TEST,130.7,1,130.7,-1.8,-1.38,0,2.2,1.68,-2.7,-2.07,-396.6,-0.04,1
1871,Exit long,2017-11-23,Close entry(s) order TEST,135.6,1,133,2.6,1.95,0,4.3,3.23,-0.1,-0.08,-394,-0.04,1
1871,Entry long,2017-11-22,TEST,133,1,133,2.6,1.95,0,4.3,3.23,-0.1,-0.08,-394,-0.04,1
1872,Exit long,2017-11-27,Close entry(s) order TEST,134.7,1,139.5,-4.8,-3.44,0,1.6,1.15,-6.3,-4.52,-398.8,-0.04,1
1872,Entry long,2017-11-24,TEST,139.5,1,139.5,-4.8,-3.44,0,1.6,1.15,-6.3,-4.52,-398.8,-0.04,1
1873,Exit long,2017-11-29,Close entry(s) order TEST,132.6,1,134,-1.4,-1.04,0,2,1.49,-2.8,-2.09,-400.2,-0.04,1
1873,Entry long,2017-11-28,TEST,134,1,134,-1.4,-1.04,0,2,1.49,-2.8,-2.09,-400.2,-0.04,1
1874,Exit long,2017-12-01,Close entry(s) order TEST,128.6,1,129.9,-1.3,-1.00,0,0.4,0.31,-2.8,-2.16,-401.5,-0.04,1
1874,Entry long,2017-11-30,TEST,129.9,1,129.9,-1.3,-1.00,0,0.4,0.31,-2.8,-2.16,-401.5,-0.04,1
1875,Exit long,2017-12-05,Close entry(s) order TEST,126.5,1,128,-1.5,-1.17,0,0.9,0.70,-3.4,-2.66,-403,-0.04,1
1875,Entry long,2017-12-04,TEST,128,1,128,-1.5,-1.17,0,0.9,0.70,-3.4,-2.66,-403,-0.04,1
1876,Exit long,2017-12-07,Close entry(s) order TEST,131.8,1,127.9,3.9,3.05,0,3.9,3.05,-0.9,-0.70,-399.1,-0.04,1
1876,Entry long,2017-12-06,TEST,127.9,1,127.9,3.9,3.05,0,3.9,3.05,-0.9,-0.70,-399.1,-0.04,1
1877,Exit long,2017-12-11,Close entry(s) order TEST,129.6,1,130.3,-0.7,-0.54,0,0.6,0.46,-1.6,-1.23,-399.8,-0.04,1
1877,Entry long,2017-12-08,TEST,130.3,1,130.3,-0.7,-0.54,0,0.6,0.46,-1.6,-1.23,-399.8,-0.04,1
1878,Exit long,2017-12-13,Close entry(s) order TEST,130.5,1,131.7,-1.2,-0.91,0,0.7,0.53,-2.6,-1.97,-401,-0.04,1
1878,Entry long,2017-12-12,TEST,131.7,1,131.7,-1.2,-0.91,0,0.7,0.53,-2.6,-1.97,-401,-0.04,1
1879,Exit long,2017-12-15,Close entry(s) order TEST,133.9,1,130.8,3.1,2.37,0,3.1,2.37,-2.7,-2.06,-397.9,-0.04,1
1879,Entry long,2017-12-14,TEST,130.8,1,130.8,3.1,2.37,0,3.1,2.37,-2.7,-2.06,-397.9,-0.04,1
1880,Exit long,2017-12-19,Close entry(s) order TEST,132.8,1,131,1.8,1.37,0,4.4,3.36,-3.3,-2.52,-396.1,-0.04,1
1880,Entry long,2017-12-18,TEST,131,1,131,1.8,1.37,0,4.4,3.36,-3.3,-2.52,-396.1,-0.04,1
1881,Exit long,2017-12-21,Close entry(s) order TEST,134.9,1,134,0.9,0.67,0,1.5,1.12,-1,-0.75,-395.2,-0.04,1
1881,Entry long,2017-12-20,TEST,134,1,134,0.9,0.67,0,1.5,1.12,-1,-0.75,-395.2,-0.04,1
1882,Exit long,2017-12-26,Close entry(s) order TEST,151,1,138.7,12.3,8.87,0,12.3,8.87,-2.7,-1.95,-382.9,-0.04,1
1882,Entry long,2017-12-22,TEST,138.7,1,138.7,12.3,8.87,0,12.3,8.87,-2.7,-1.95,-382.9,-0.04,1
1883,Exit long,2017-12-28,Close entry(s) order TEST,139,1,142.9,-3.9,-2.73,0,0.6,0.42,-4.9,-3.43,-386.8,-0.04,1
1883,Entry long,2017-12-27,TEST,142.9,1,142.9,-3.9,-2.73,0,0.6,0.42,-4.9,-3.43,-386.8,-0.04,1
1884,Exit long,2018-01-01,Close entry(s) order TEST,136,1,137,-1,-0.73,0,1.6,1.17,-1.9,-1.39,-387.8,-0.04,1
1884,Entry long,2017-12-29,TEST,137,1,137,-1,-0.73,0,1.6,1.17,-1.9,-1.39,-387.8,-0.04,1
1885,Exit long,2018-01-03,Close entry(s) order TEST,137,1,139.6,-2.6,-1.86,0,0,0.00,-4.6,-3.30,-390.4,-0.04,1
1885,Entry long,2018-01-02,TEST,139.6,1,139.6,-2.6,-1.86,0,0,0.00,-4.6,-3.30,-390.4,-0.04,1
1886,Exit long,2018-01-05,Close entry(s) order TEST,145.9,1,143.8,2.1,1.46,0,2.2,1.53,-0.2,-0.14,-388.3,-0.04,1
1886,Entry long,2018-01-04,TEST,143.8,1,143.8,2.1,1.46,0,2.2,1.53,-0.2,-0.14,-388.3,-0.04,1
1887,Exit long,2018-01-09,Close entry(s) order TEST,155.1,1,153,2.1,1.37,0,5.4,3.53,-2.5,-1.63,-386.2,-0.04,1
1887,Entry long,2018-01-08,TEST,153,1,153,2.1,1.37,0,5.4,3.53,-2.5,-1.63,-386.2,-0.04,1
1888,Exit long,2018-01-11,Close entry(s) order TEST,154.1,1,152.2,1.9,1.25,0,6.7,4.40,0,0.00,-384.3,-0.04,1
1888,Entry long,2018-01-10,TEST,152.2,1,152.2,1.9,1.25,0,6.7,4.40,0,0.00,-384.3,-0.04,1
1889,Exit long,2018-01-15,Close entry(s) order TEST,173.9,1,158.9,15,9.44,0,15.1,9.50,-0.6,-0.38,-369.3,-0.04,1
1889,Entry long,2018-01-12,TEST,158.9,1,158.9,15,9.44,0,15.1,9.50,-0.6,-0.38,-369.3,-0.04,1
1890,Exit long,2018-01-17,Close entry(s) order TEST,172.9,1,189,-16.1,-8.52,0,0.3,0.16,-18.7,-9.89,-385.4,-0.04,1
1890,Entry long,2018-01-16,TEST,189,1,189,-16.1,-8.52,0,0.3,0.16,-18.7,-9.89,-385.4,-0.04,1
1891,Exit long,2018-01-19,Close entry(s) order TEST,178,1,187,-9,-4.81,0,7.9,4.22,-10.3,-5.51,-394.4,-0.04,1
1891,Entry long,2018-01-18,TEST,187,1,187,-9,-4.81,0,7.9,4.22,-10.3,-5.51,-394.4,-0.04,1
1892,Exit long,2018-01-23,Close entry(s) order TEST,192.1,1,191.6,0.5,0.26,0,5.5,2.87,-8.8,-4.59,-393.9,-0.04,1
1892,Entry long,2018-01-22,TEST,191.6,1,191.6,0.5,0.26,0,5.5,2.87,-8.8,-4.59,-393.9,-0.04,1
1893,Exit long,2018-01-25,Close entry(s) order TEST,182,1,191,-9,-4.71,0,0,0.00,-10,-5.24,-402.9,-0.04,1
1893,Entry long,2018-01-24,TEST,191,1,191,-9,-4.71,0,0,0.00,-10,-5.24,-402.9,-0.04,1
1894,Exit long,2018-01-30,Close entry(s) order TEST,172.9,1,178,-5.1,-2.87,0,3.5,1.97,-7.7,-4.33,-408,-0.04,1
1894,Entry long,2018-01-29,TEST,178,1,178,-5.1,-2.87,0,3.5,1.97,-7.7,-4.33,-408,-0.04,1
1895,Exit long,2018-02-01,Close entry(s) order TEST,160,1,167.9,-7.9,-4.71,0,3.6,2.14,-10.9,-6.49,-415.9,-0.04,1
1895,Entry long,2018-01-31,TEST,167.9,1,167.9,-7.9,-4.71,0,3.6,2.14,-10.9,-6.49,-415.9,-0.04,1
1896,Exit long,2018-02-05,Close entry(s) order TEST,151,1,165.8,-14.8,-8.93,0,0,0.00,-14.8,-8.93,-430.7,-0.04,1
1896,Entry long,2018-02-02,TEST,165.8,1,165.8,-14.8,-8.93,0,0,0.00,-14.8,-8.93,-430.7,-0.04,1
1897,Exit long,2018-02-07,Close entry(s) order TEST,154.5,1,141,13.5,9.57,0,16.4,11.63,0,0.00,-417.2,-0.04,1
1897,Entry long,2018-02-06,TEST,141,1,141,13.5,9.57,0,16.4,11.63,0,0.00,-417.2,-0.04,1
1898,Exit long,2018-02-09,Close entry(s) order TEST,160,1,158,2,1.27,0,14.7,9.30,-1.7,-1.08,-415.2,-0.04,1
1898,Entry long,2018-02-08,TEST,158,1,158,2,1.27,0,14.7,9.30,-1.7,-1.08,-415.2,-0.04,1
1899,Exit long,2018-02-14,Close entry(s) order TEST,165.9,1,166.4,-0.5,-0.30,0,3.7,2.22,-4.3,-2.58,-415.7,-0.04,1
1899,Entry long,2018-02-12,TEST,166.4,1,166.4,-0.5,-0.30,0,3.7,2.22,-4.3,-2.58,-415.7,-0.04,1
1900,Exit long,2018-02-16,Close entry(s) order TEST,170.5,1,175,-4.5,-2.57,0,1,0.57,-7.9,-4.51,-420.2,-0.04,1
1900,Entry long,2018-02-15,TEST,175,1,175,-4.5,-2.57,0,1,0.57,-7.9,-4.51,-420.2,-0.04,1
1901,Exit long,2018-02-20,Close entry(s) order TEST,154.8,1,161,-6.2,-3.85,0,2.8,1.74,-11.3,-7.02,-426.4,-0.04,1
1901,Entry long,2018-02-19,TEST,161,1,161,-6.2,-3.85,0,2.8,1.74,-11.3,-7.02,-426.4,-0.04,1
1902,Exit long,2018-02-22,Close entry(s) order TEST,157.5,1,155.6,1.9,1.22,0,4.7,3.02,0,0.00,-424.5,-0.04,1
1902,Entry long,2018-02-21,TEST,155.6,1,155.6,1.9,1.22,0,4.7,3.02,0,0.00,-424.5,-0.04,1
1903,Exit long,2018-02-26,Close entry(s) order TEST,169.4,1,162,7.4,4.57,0,7.4,4.57,-1,-0.62,-417.1,-0.04,1
1903,Entry long,2018-02-23,TEST,162,1,162,7.4,4.57,0,7.4,4.57,-1,-0.62,-417.1,-0.04,1
1904,Exit long,2018-02-28,Close entry(s) order TEST,171.5,1,170.4,1.1,0.65,0,7.4,4.34,-1.9,-1.12,-416,-0.04,1
1904,Entry long,2018-02-27,TEST,170.4,1,170.4,1.1,0.65,0,7.4,4.34,-1.9,-1.12,-416,-0.04,1
1905,Exit long,2018-03-05,Close entry(s) order TEST,175.1,1,173.6,1.5,0.86,0,6.3,3.63,0,0.00,-414.5,-0.04,1
1905,Entry long,2018-03-01,TEST,173.6,1,173.6,1.5,0.86,0,6.3,3.63,0,0.00,-414.5,-0.04,1
1906,Exit long,2018-03-07,Close entry(s) order TEST,170.2,1,172.1,-1.9,-1.10,0,5.4,3.14,-1.9,-1.10,-416.4,-0.04,1
1906,Entry long,2018-03-06,TEST,172.1,1,172.1,-1.9,-1.10,0,5.4,3.14,-1.9,-1.10,-416.4,-0.04,1
1907,Exit long,2018-03-09,Close entry(s) order TEST,167,1,168.1,-1.1,-0.65,0,1.6,0.95,-6.8,-4.05,-417.5,-0.04,1
1907,Entry long,2018-03-08,TEST,168.1,1,168.1,-1.1,-0.65,0,1.6,0.95,-6.8,-4.05,-417.5,-0.04,1
1908,Exit long,2018-03-13,Close entry(s) order TEST,160,1,167.4,-7.4,-4.42,0,0.9,0.54,-15.5,-9.26,-424.9,-0.04,1
1908,Entry long,2018-03-12,TEST,167.4,1,167.4,-7.4,-4.42,0,0.9,0.54,-15.5,-9.26,-424.9,-0.04,1
1909,Exit long,2018-03-15,Close entry(s) order TEST,155.9,1,159.7,-3.8,-2.38,0,0,0.00,-5.7,-3.57,-428.7,-0.04,1
1909,Entry long,2018-03-14,TEST,159.7,1,159.7,-3.8,-2.38,0,0,0.00,-5.7,-3.57,-428.7,-0.04,1
1910,Exit long,2018-03-19,Close entry(s) order TEST,152,1,157.6,-5.6,-3.55,0,1.8,1.14,-8.8,-5.58,-434.3,-0.04,1
1910,Entry long,2018-03-16,TEST,157.6,1,157.6,-5.6,-3.55,0,1.8,1.14,-8.8,-5.58,-434.3,-0.04,1
1911,Exit long,2018-03-21,Close entry(s) order TEST,147,1,146.3,0.7,0.48,0,5.7,3.90,-0.7,-0.48,-433.6,-0.04,1
1911,Entry long,2018-03-20,TEST,146.3,1,146.3,0.7,0.48,0,5.7,3.90,-0.7,-0.48,-433.6,-0.04,1
1912,Exit long,2018-03-23,Close entry(s) order TEST,127.9,1,140.4,-12.5,-8.90,0,2.5,1.78,-12.5,-8.90,-446.1,-0.04,1
1912,Entry long,2018-03-22,TEST,140.4,1,140.4,-12.5,-8.90,0,2.5,1.78,-12.5,-8.90,-446.1,-0.04,1
1913,Exit long,2018-03-27,Close entry(s) order TEST,131.9,1,131,0.9,0.69,0,3,2.29,-6.4,-4.89,-445.2,-0.04,1
1913,Entry long,2018-03-26,TEST,131,1,131,0.9,0.69,0,3,2.29,-6.4,-4.89,-445.2,-0.04,1
1914,Exit long,2018-04-02,Close entry(s) order TEST,136,1,133.9,2.1,1.57,0,3.6,2.69,-0.8,-0.60,-443.1,-0.04,1
1914,Entry long,2018-03-28,TEST,133.9,1,133.9,2.1,1.57,0,3.6,2.69,-0.8,-0.60,-443.1,-0.04,1
1915,Exit long,2018-04-04,Close entry(s) order TEST,141,1,134.8,6.2,4.60,0,6.2,4.60,-1.2,-0.89,-436.9,-0.04,1
1915,Entry long,2018-04-03,TEST,134.8,1,134.8,6.2,4.60,0,6.2,4.60,-1.2,-0.89,-436.9,-0.04,1
1916,Exit long,2018-04-06,Close entry(s) order TEST,140,1,138.6,1.4,1.01,0,3,2.16,-1,-0.72,-435.5,-0.04,1
1916,Entry long,2018-04-05,TEST,138.6,1,138.6,1.4,1.01,0,3,2.16,-1,-0.72,-435.5,-0.04,1
1917,Exit long,2018-04-10,Close entry(s) order TEST,142,1,138.9,3.1,2.23,0,4.8,3.46,-0.6,-0.43,-432.4,-0.04,1
1917,Entry long,2018-04-09,TEST,138.9,1,138.9,3.1,2.23,0,4.8,3.46,-0.6,-0.43,-432.4,-0.04,1
1918,Exit long,2018-04-12,Close entry(s) order TEST,146.4,1,146.7,-0.3,-0.20,0,1.1,0.75,-2.7,-1.84,-432.7,-0.04,1
1918,Entry long,2018-04-11,TEST,146.7,1,146.7,-0.3,-0.20,0,1.1,0.75,-2.7,-1.84,-432.7,-0.04,1
1919,Exit long,2018-04-16,Close entry(s) order TEST,151.6,1,148.5,3.1,2.09,0,5.5,3.70,-0.2,-0.13,-429.6,-0.04,1
1919,Entry long,2018-04-13,TEST,148.5,1,148.5,3.1,2.09,0,5.5,3.70,-0.2,-0.13,-429.6,-0.04,1
1920,Exit long,2018-04-18,Close entry(s) order TEST,146.9,1,152.7,-5.8,-3.80,0,0.2,0.13,-6.7,-4.39,-435.4,-0.04,1
1920,Entry long,2018-04-17,TEST,152.7,1,152.7,-5.8,-3.80,0,0.2,0.13,-6.7,-4.39,-435.4,-0.04,1
1921,Exit long,2018-04-20,Close entry(s) order TEST,151,1,144.6,6.4,4.43,0,9.4,6.50,-1.5,-1.04,-429,-0.04,1
1921,Entry long,2018-04-19,TEST,144.6,1,144.6,6.4,4.43,0,9.4,6.50,-1.5,-1.04,-429,-0.04,1
1922,Exit long,2018-04-24,Close entry(s) order TEST,148.9,1,148.7,0.2,0.13,0,2,1.34,-1.6,-1.08,-428.8,-0.04,1
1922,Entry long,2018-04-23,TEST,148.7,1,148.7,0.2,0.13,0,2,1.34,-1.6,-1.08,-428.8,-0.04,1
1923,Exit long,2018-04-26,Close entry(s) order TEST,137.9,1,144.9,-7,-4.83,0,0,0.00,-8.9,-6.14,-435.8,-0.04,1
1923,Entry long,2018-04-25,TEST,144.9,1,144.9,-7,-4.83,0,0,0.00,-8.9,-6.14,-435.8,-0.04,1
1924,Exit long,2018-04-30,Close entry(s) order TEST,135.9,1,137.4,-1.5,-1.09,0,2.5,1.82,-3,-2.18,-437.3,-0.04,1
1924,Entry long,2018-04-27,TEST,137.4,1,137.4,-1.5,-1.09,0,2.5,1.82,-3,-2.18,-437.3,-0.04,1
1925,Exit long,2018-05-03,Close entry(s) order TEST,139.5,1,142.4,-2.9,-2.04,0,2.6,1.83,-10.8,-7.58,-440.2,-0.04,1
1925,Entry long,2018-05-02,TEST,142.4,1,142.4,-2.9,-2.04,0,2.6,1.83,-10.8,-7.58,-440.2,-0.04,1
1926,Exit long,2018-05-07,Close entry(s) order TEST,137.1,1,142.2,-5.1,-3.59,0,0.4,0.28,-5.1,-3.59,-445.3,-0.04,1
1926,Entry long,2018-05-04,TEST,142.2,1,142.2,-5.1,-3.59,0,0.4,0.28,-5.1,-3.59,-445.3,-0.04,1
1927,Exit long,2018-05-09,Close entry(s) order TEST,146,1,150.8,-4.8,-3.18,0,0.1,0.07,-4.8,-3.18,-450.1,-0.05,1
1927,Entry long,2018-05-08,TEST,150.8,1,150.8,-4.8,-3.18,0,0.1,0.07,-4.8,-3.18,-450.1,-0.05,1
1928,Exit long,2018-05-11,Close entry(s) order TEST,142.5,1,144.8,-2.3,-1.59,0,1.7,1.17,-2.3,-1.59,-452.4,-0.05,1
1928,Entry long,2018-05-10,TEST,144.8,1,144.8,-2.3,-1.59,0,1.7,1.17,-2.3,-1.59,-452.4,-0.05,1
1929,Exit long,2018-05-15,Close entry(s) order TEST,134.1,1,144.9,-10.8,-7.45,0,0,0.00,-10.9,-7.52,-463.2,-0.05,1
1929,Entry long,2018-05-14,TEST,144.9,1,144.9,-10.8,-7.45,0,0,0.00,-10.9,-7.52,-463.2,-0.05,1
1930,Exit long,2018-05-17,Close entry(s) order TEST,138.4,1,136.7,1.7,1.24,0,1.7,1.24,-5,-3.66,-461.5,-0.05,1
1930,Entry long,2018-05-16,TEST,136.7,1,136.7,1.7,1.24,0,1.7,1.24,-5,-3.66,-461.5,-0.05,1
1931,Exit long,2018-05-21,Close entry(s) order TEST,132.1,1,137.6,-5.5,-4.00,0,0,0.00,-6.8,-4.94,-467,-0.05,1
1931,Entry long,2018-05-18,TEST,137.6,1,137.6,-5.5,-4.00,0,0,0.00,-6.8,-4.94,-467,-0.05,1
1932,Exit long,2018-05-23,Close entry(s) order TEST,131.6,1,129.3,2.3,1.78,0,4.3,3.33,-2.1,-1.62,-464.7,-0.05,1
1932,Entry long,2018-05-22,TEST,129.3,1,129.3,2.3,1.78,0,4.3,3.33,-2.1,-1.62,-464.7,-0.05,1
1933,Exit long,2018-05-25,Close entry(s) order TEST,133.8,1,129.6,4.2,3.24,0,4.2,3.24,-2.1,-1.62,-460.5,-0.05,1
1933,Entry long,2018-05-24,TEST,129.6,1,129.6,4.2,3.24,0,4.2,3.24,-2.1,-1.62,-460.5,-0.05,1
1934,Exit long,2018-05-29,Close entry(s) order TEST,138.1,1,138.4,-0.3,-0.22,0,1.6,1.16,-1.7,-1.23,-460.8,-0.05,1
1934,Entry long,2018-05-28,TEST,138.4,1,138.4,-0.3,-0.22,0,1.6,1.16,-1.7,-1.23,-460.8,-0.05,1
1935,Exit long,2018-05-31,Close entry(s) order TEST,137.1,1,137,0.1,0.07,0,2,1.46,-1.7,-1.24,-460.7,-0.05,1
1935,Entry long,2018-05-30,TEST,137,1,137,0.1,0.07,0,2,1.46,-1.7,-1.24,-460.7,-0.05,1
1936,Exit long,2018-06-04,Close entry(s) order TEST,134,1,132.3,1.7,1.28,0,3.2,2.42,-1.2,-0.91,-459,-0.05,1
1936,Entry long,2018-06-01,TEST,132.3,1,132.3,1.7,1.28,0,3.2,2.42,-1.2,-0.91,-459,-0.05,1
1937,Exit long,2018-06-06,Close entry(s) order TEST,119,1,129,-10,-7.75,0,1.3,1.01,-13,-10.08,-469,-0.05,1
1937,Entry long,2018-06-05,TEST,129,1,129,-10,-7.75,0,1.3,1.01,-13,-10.08,-469,-0.05,1
1938,Exit long,2018-06-08,Close entry(s) order TEST,134,1,131.6,2.4,1.82,0,4.4,3.34,0,0.00,-466.6,-0.05,1
1938,Entry long,2018-06-07,TEST,131.6,1,131.6,2.4,1.82,0,4.4,3.34,0,0.00,-466.6,-0.05,1
1939,Exit long,2018-06-12,Close entry(s) order TEST,139,1,134.6,4.4,3.27,0,4.4,3.27,-1.5,-1.11,-462.2,-0.05,1
1939,Entry long,2018-06-11,TEST,134.6,1,134.6,4.4,3.27,0,4.4,3.27,-1.5,-1.11,-462.2,-0.05,1
1940,Exit long,2018-06-14,Close entry(s) order TEST,133.6,1,137.5,-3.9,-2.84,0,0.1,0.07,-3.9,-2.84,-466.1,-0.05,1
1940,Entry long,2018-06-13,TEST,137.5,1,137.5,-3.9,-2.84,0,0.1,0.07,-3.9,-2.84,-466.1,-0.05,1
1941,Exit long,2018-06-18,Close entry(s) order TEST,134.5,1,133.3,1.2,0.90,0,3.2,2.40,-1.3,-0.98,-464.9,-0.05,1
1941,Entry long,2018-06-15,TEST,133.3,1,133.3,1.2,0.90,0,3.2,2.40,-1.3,-0.98,-464.9,-0.05,1
1942,Exit long,2018-06-20,Close entry(s) order TEST,124.2,1,128.9,-4.7,-3.65,0,0,0.00,-4.7,-3.65,-469.6,-0.05,1
1942,Entry long,2018-06-19,TEST,128.9,1,128.9,-4.7,-3.65,0,0,0.00,-4.7,-3.65,-469.6,-0.05,1
1943,Exit long,2018-06-22,Close entry(s) order TEST,123.8,1,122.9,0.9,0.73,0,7.1,5.78,-2.9,-2.36,-468.7,-0.05,1
1943,Entry long,2018-06-21,TEST,122.9,1,122.9,0.9,0.73,0,7.1,5.78,-2.9,-2.36,-468.7,-0.05,1
1944,Exit long,2018-06-26,Close entry(s) order TEST,121.9,1,123,-1.1,-0.89,0,2,1.63,-2.4,-1.95,-469.8,-0.05,1
1944,Entry long,2018-06-25,TEST,123,1,123,-1.1,-0.89,0,2,1.63,-2.4,-1.95,-469.8,-0.05,1
1945,Exit long,2018-06-28,Close entry(s) order TEST,115.5,1,117.6,-2.1,-1.79,0,2.6,2.21,-3.2,-2.72,-471.9,-0.05,1
1945,Entry long,2018-06-27,TEST,117.6,1,117.6,-2.1,-1.79,0,2.6,2.21,-3.2,-2.72,-471.9,-0.05,1
1946,Exit long,2018-07-02,Close entry(s) order TEST,119.5,1,115,4.5,3.91,0,5.2,4.52,-1,-0.87,-467.4,-0.05,1
1946,Entry long,2018-06-29,TEST,115,1,115,4.5,3.91,0,5.2,4.52,-1,-0.87,-467.4,-0.05,1
1947,Exit long,2018-07-04,Close entry(s) order TEST,116.3,1,113,3.3,2.92,0,3.8,3.36,-0.8,-0.71,-464.1,-0.05,1
1947,Entry long,2018-07-03,TEST,113,1,113,3.3,2.92,0,3.8,3.36,-0.8,-0.71,-464.1,-0.05,1
1948,Exit long,2018-07-06,Close entry(s) order TEST,122.6,1,120,2.6,2.17,0,3,2.50,-1.9,-1.58,-461.5,-0.05,1
1948,Entry long,2018-07-05,TEST,120,1,120,2.6,2.17,0,3,2.50,-1.9,-1.58,-461.5,-0.05,1
1949,Exit long,2018-07-10,Close entry(s) order TEST,122,1,121.6,0.4,0.33,0,0.9,0.74,-0.6,-0.49,-461.1,-0.05,1
1949,Entry long,2018-07-09,TEST,121.6,1,121.6,0.4,0.33,0,0.9,0.74,-0.6,-0.49,-461.1,-0.05,1
1950,Exit long,2018-07-12,Close entry(s) order TEST,122.4,1,122.1,0.3,0.25,0,1.3,1.06,-1.9,-1.56,-460.8,-0.05,1
1950,Entry long,2018-07-11,TEST,122.1,1,122.1,0.3,0.25,0,1.3,1.06,-1.9,-1.56,-460.8,-0.05,1
1951,Exit long,2018-07-16,Close entry(s) order TEST,117.9,1,121.8,-3.9,-3.20,0,1.7,1.40,-5.8,-4.76,-464.7,-0.05,1
1951,Entry long,2018-07-13,TEST,121.8,1,121.8,-3.9,-3.20,0,1.7,1.40,-5.8,-4.76,-464.7,-0.05,1
1952,Exit long,2018-07-18,Close entry(s) order TEST,108.5,1,108,0.5,0.46,0,1.3,1.20,-2.7,-2.50,-464.2,-0.05,1
1952,Entry long,2018-07-17,TEST,108,1,108,0.5,0.46,0,1.3,1.20,-2.7,-2.50,-464.2,-0.05,1
1953,Exit long,2018-07-20,Close entry(s) order TEST,105.7,1,106.2,-0.5,-0.47,0,4.8,4.52,-3.2,-3.01,-464.7,-0.05,1
1953,Entry long,2018-07-19,TEST,106.2,1,106.2,-0.5,-0.47,0,4.8,4.52,-3.2,-3.01,-464.7,-0.05,1
1954,Exit long,2018-07-24,Close entry(s) order TEST,108.9,1,109,-0.1,-0.09,0,5.7,5.23,-3.5,-3.21,-464.8,-0.05,1
1954,Entry long,2018-07-23,TEST,109,1,109,-0.1,-0.09,0,5.7,5.23,-3.5,-3.21,-464.8,-0.05,1
1955,Exit long,2018-07-26,Close entry(s) order TEST,112.7,1,116.3,-3.6,-3.10,0,0,0.00,-6.2,-5.33,-468.4,-0.05,1
1955,Entry long,2018-07-25,TEST,116.3,1,116.3,-3.6,-3.10,0,0,0.00,-6.2,-5.33,-468.4,-0.05,1
1956,Exit long,2018-07-30,Close entry(s) order TEST,124.3,1,129,-4.7,-3.64,0,0.9,0.70,-7.2,-5.58,-473.1,-0.05,1
1956,Entry long,2018-07-27,TEST,129,1,129,-4.7,-3.64,0,0.9,0.70,-7.2,-5.58,-473.1,-0.05,1
1957,Exit long,2018-08-01,Close entry(s) order TEST,126,1,122,4,3.28,0,7.6,6.23,-1.5,-1.23,-469.1,-0.05,1
1957,Entry long,2018-07-31,TEST,122,1,122,4,3.28,0,7.6,6.23,-1.5,-1.23,-469.1,-0.05,1
1958,Exit long,2018-08-03,Close entry(s) order TEST,125.7,1,125.3,0.4,0.32,0,3.2,2.55,-3.6,-2.87,-468.7,-0.05,1
1958,Entry long,2018-08-02,TEST,125.3,1,125.3,0.4,0.32,0,3.2,2.55,-3.6,-2.87,-468.7,-0.05,1
1959,Exit long,2018-08-07,Close entry(s) order TEST,126.8,1,126.5,0.3,0.24,0,3.5,2.77,-1.4,-1.11,-468.4,-0.05,1
1959,Entry long,2018-08-06,TEST,126.5,1,126.5,0.3,0.24,0,3.5,2.77,-1.4,-1.11,-468.4,-0.05,1
1960,Exit long,2018-08-09,Close entry(s) order TEST,128,1,124.1,3.9,3.14,0,7.4,5.96,0,0.00,-464.5,-0.05,1
1960,Entry long,2018-08-08,TEST,124.1,1,124.1,3.9,3.14,0,7.4,5.96,0,0.00,-464.5,-0.05,1
1961,Exit long,2018-08-13,Close entry(s) order TEST,129,1,127.6,1.4,1.10,0,2.3,1.80,-1.3,-1.02,-463.1,-0.05,1
1961,Entry long,2018-08-10,TEST,127.6,1,127.6,1.4,1.10,0,2.3,1.80,-1.3,-1.02,-463.1,-0.05,1
1962,Exit long,2018-08-16,Close entry(s) order TEST,126.8,1,127,-0.2,-0.16,0,1.9,1.50,-1.3,-1.02,-463.3,-0.05,1
1962,Entry long,2018-08-14,TEST,127,1,127,-0.2,-0.16,0,1.9,1.50,-1.3,-1.02,-463.3,-0.05,1
1963,Exit long,2018-08-20,Close entry(s) order TEST,127,1,126.8,0.2,0.16,0,0.5,0.39,-1.1,-0.87,-463.1,-0.05,1
1963,Entry long,2018-08-17,TEST,126.8,1,126.8,0.2,0.16,0,0.5,0.39,-1.1,-0.87,-463.1,-0.05,1
1964,Exit long,2018-08-23,Close entry(s) order TEST,150.5,1,141.3,9.2,6.51,0,10.7,7.57,0,0.00,-453.9,-0.05,1
1964,Entry long,2018-08-21,TEST,141.3,1,141.3,9.2,6.51,0,10.7,7.57,0,0.00,-453.9,-0.05,1
1965,Exit long,2018-08-27,Close entry(s) order TEST,164.3,1,156.5,7.8,4.98,0,7.8,4.98,-1.4,-0.89,-446.1,-0.04,1
1965,Entry long,2018-08-24,TEST,156.5,1,156.5,7.8,4.98,0,7.8,4.98,-1.4,-0.89,-446.1,-0.04,1
1966,Exit long,2018-08-29,Close entry(s) order TEST,166.1,1,163.6,2.5,1.53,0,6.1,3.73,-2.3,-1.41,-443.6,-0.04,1
1966,Entry long,2018-08-28,TEST,163.6,1,163.6,2.5,1.53,0,6.1,3.73,-2.3,-1.41,-443.6,-0.04,1
1967,Exit long,2018-08-31,Close entry(s) order TEST,160.9,1,160.7,0.2,0.12,0,3.2,1.99,-2.7,-1.68,-443.4,-0.04,1
1967,Entry long,2018-08-30,TEST,160.7,1,160.7,0.2,0.12,0,3.2,1.99,-2.7,-1.68,-443.4,-0.04,1
1968,Exit long,2018-09-04,Close entry(s) order TEST,176,1,167.6,8.4,5.01,0,9.6,5.73,-0.7,-0.42,-435,-0.04,1
1968,Entry long,2018-09-03,TEST,167.6,1,167.6,8.4,5.01,0,9.6,5.73,-0.7,-0.42,-435,-0.04,1
1969,Exit long,2018-09-06,Close entry(s) order TEST,179.6,1,174,5.6,3.22,0,5.9,3.39,-1.3,-0.75,-429.4,-0.04,1
1969,Entry long,2018-09-05,TEST,174,1,174,5.6,3.22,0,5.9,3.39,-1.3,-0.75,-429.4,-0.04,1
1970,Exit long,2018-09-10,Close entry(s) order TEST,177.4,1,178.7,-1.3,-0.73,0,6.3,3.53,-3.6,-2.01,-430.7,-0.04,1
1970,Entry long,2018-09-07,TEST,178.7,1,178.7,-1.3,-0.73,0,6.3,3.53,-3.6,-2.01,-430.7,-0.04,1
1971,Exit long,2018-09-12,Close entry(s) order TEST,168,1,176.6,-8.6,-4.87,0,0,0.00,-9.5,-5.38,-439.3,-0.04,1
1971,Entry long,2018-09-11,TEST,176.6,1,176.6,-8.6,-4.87,0,0,0.00,-9.5,-5.38,-439.3,-0.04,1
1972,Exit long,2018-09-17,Close entry(s) order TEST,169.3,1,175.5,-6.2,-3.53,0,1,0.57,-6.4,-3.65,-445.5,-0.04,1
1972,Entry long,2018-09-14,TEST,175.5,1,175.5,-6.2,-3.53,0,1,0.57,-6.4,-3.65,-445.5,-0.04,1
1973,Exit long,2018-09-19,Close entry(s) order TEST,170.3,1,171,-0.7,-0.41,0,3,1.75,-3,-1.75,-446.2,-0.04,1
1973,Entry long,2018-09-18,TEST,171,1,171,-0.7,-0.41,0,3,1.75,-3,-1.75,-446.2,-0.04,1
1974,Exit long,2018-09-24,Close entry(s) order TEST,162,1,167.3,-5.3,-3.17,0,2.1,1.26,-9.2,-5.50,-451.5,-0.05,1
1974,Entry long,2018-09-21,TEST,167.3,1,167.3,-5.3,-3.17,0,2.1,1.26,-9.2,-5.50,-451.5,-0.05,1
1975,Exit long,2018-09-26,Close entry(s) order TEST,150.1,1,155.9,-5.8,-3.72,0,0,0.00,-10,-6.41,-457.3,-0.05,1
1975,Entry long,2018-09-25,TEST,155.9,1,155.9,-5.8,-3.72,0,0,0.00,-10,-6.41,-457.3,-0.05,1
1976,Exit long,2018-09-28,Close entry(s) order TEST,143.1,1,150.9,-7.8,-5.17,0,0.7,0.46,-9.7,-6.43,-465.1,-0.05,1
1976,Entry long,2018-09-27,TEST,150.9,1,150.9,-7.8,-5.17,0,0.7,0.46,-9.7,-6.43,-465.1,-0.05,1
1977,Exit long,2018-10-03,Close entry(s) order TEST,131.9,1,125,6.9,5.52,0,9.1,7.28,-3.7,-2.96,-458.2,-0.05,1
1977,Entry long,2018-10-01,TEST,125,1,125,6.9,5.52,0,9.1,7.28,-3.7,-2.96,-458.2,-0.05,1
1978,Exit long,2018-10-05,Close entry(s) order TEST,131.8,1,137,-5.2,-3.80,0,5.7,4.16,-10.7,-7.81,-463.4,-0.05,1
1978,Entry long,2018-10-04,TEST,137,1,137,-5.2,-3.80,0,5.7,4.16,-10.7,-7.81,-463.4,-0.05,1
1979,Exit long,2018-10-09,Close entry(s) order TEST,132.5,1,125.3,7.2,5.75,0,9.7,7.74,-11,-8.78,-456.2,-0.05,1
1979,Entry long,2018-10-08,TEST,125.3,1,125.3,7.2,5.75,0,9.7,7.74,-11,-8.78,-456.2,-0.05,1
1980,Exit long,2018-10-11,Close entry(s) order TEST,136,1,134.9,1.1,0.82,0,9.5,7.04,0,0.00,-455.1,-0.05,1
1980,Entry long,2018-10-10,TEST,134.9,1,134.9,1.1,0.82,0,9.5,7.04,0,0.00,-455.1,-0.05,1
1981,Exit long,2018-10-15,Close entry(s) order TEST,149.1,1,137.9,11.2,8.12,0,12.7,9.21,0,0.00,-443.9,-0.04,1
1981,Entry long,2018-10-12,TEST,137.9,1,137.9,11.2,8.12,0,12.7,9.21,0,0.00,-443.9,-0.04,1
1982,Exit long,2018-10-17,Close entry(s) order TEST,151.9,1,149.6,2.3,1.54,0,2.9,1.94,-1,-0.67,-441.6,-0.04,1
1982,Entry long,2018-10-16,TEST,149.6,1,149.6,2.3,1.54,0,2.9,1.94,-1,-0.67,-441.6,-0.04,1
1983,Exit long,2018-10-22,Close entry(s) order TEST,131.9,1,137,-5.1,-3.72,0,3,2.19,-10,-7.30,-446.7,-0.04,1
1983,Entry long,2018-10-19,TEST,137,1,137,-5.1,-3.72,0,3,2.19,-10,-7.30,-446.7,-0.04,1
1984,Exit long,2018-10-24,Close entry(s) order TEST,125.2,1,128,-2.8,-2.19,0,2,1.56,-6.5,-5.08,-449.5,-0.04,1
1984,Entry long,2018-10-23,TEST,128,1,128,-2.8,-2.19,0,2,1.56,-6.5,-5.08,-449.5,-0.04,1
1985,Exit long,2018-10-26,Close entry(s) order TEST,120.1,1,123.2,-3.1,-2.52,0,3.2,2.60,-5.2,-4.22,-452.6,-0.05,1
1985,Entry long,2018-10-25,TEST,123.2,1,123.2,-3.1,-2.52,0,3.2,2.60,-5.2,-4.22,-452.6,-0.05,1
1986,Exit long,2018-10-30,Close entry(s) order TEST,129.6,1,120,9.6,8.00,0,11.7,9.75,-1.9,-1.58,-443,-0.04,1
1986,Entry long,2018-10-29,TEST,120,1,120,9.6,8.00,0,11.7,9.75,-1.9,-1.58,-443,-0.04,1
1987,Exit long,2018-11-01,Close entry(s) order TEST,137.8,1,134,3.8,2.84,0,3.9,2.91,-5.6,-4.18,-439.2,-0.04,1
1987,Entry long,2018-10-31,TEST,134,1,134,3.8,2.84,0,3.9,2.91,-5.6,-4.18,-439.2,-0.04,1
1988,Exit long,2018-11-05,Close entry(s) order TEST,141.7,1,142.1,-0.4,-0.28,0,4.5,3.17,-3.7,-2.60,-439.6,-0.04,1
1988,Entry long,2018-11-02,TEST,142.1,1,142.1,-0.4,-0.28,0,4.5,3.17,-3.7,-2.60,-439.6,-0.04,1
1989,Exit long,2018-11-07,Close entry(s) order TEST,148,1,142.5,5.5,3.86,0,6.2,4.35,-2.6,-1.82,-434.1,-0.04,1
1989,Entry long,2018-11-06,TEST,142.5,1,142.5,5.5,3.86,0,6.2,4.35,-2.6,-1.82,-434.1,-0.04,1
1990,Exit long,2018-11-12,Close entry(s) order TEST,152.6,1,152,0.6,0.39,0,5.5,3.62,-0.6,-0.39,-433.5,-0.04,1
1990,Entry long,2018-11-09,TEST,152,1,152,0.6,0.39,0,5.5,3.62,-0.6,-0.39,-433.5,-0.04,1
1991,Exit long,2018-11-14,Close entry(s) order TEST,149.3,1,147.6,1.7,1.15,0,4.6,3.12,0,0.00,-431.8,-0.04,1
1991,Entry long,2018-11-13,TEST,147.6,1,147.6,1.7,1.15,0,4.6,3.12,0,0.00,-431.8,-0.04,1
1992,Exit long,2018-11-16,Close entry(s) order TEST,148.6,1,142.2,6.4,4.50,0,6.6,4.64,-1.8,-1.27,-425.4,-0.04,1
1992,Entry long,2018-11-15,TEST,142.2,1,142.2,6.4,4.50,0,6.6,4.64,-1.8,-1.27,-425.4,-0.04,1
1993,Exit long,2018-11-20,Close entry(s) order TEST,155.9,1,154.6,1.3,0.84,0,4.3,2.78,-0.8,-0.52,-424.1,-0.04,1
1993,Entry long,2018-11-19,TEST,154.6,1,154.6,1.3,0.84,0,4.3,2.78,-0.8,-0.52,-424.1,-0.04,1
1994,Exit long,2018-11-22,Close entry(s) order TEST,157,1,162.6,-5.6,-3.44,0,1.3,0.80,-7.3,-4.49,-429.7,-0.04,1
1994,Entry long,2018-11-21,TEST,162.6,1,162.6,-5.6,-3.44,0,1.3,0.80,-7.3,-4.49,-429.7,-0.04,1
1995,Exit long,2018-11-27,Close entry(s) order TEST,157.1,1,159.4,-2.3,-1.44,0,0.2,0.13,-12,-7.53,-432,-0.04,1
1995,Entry long,2018-11-26,TEST,159.4,1,159.4,-2.3,-1.44,0,0.2,0.13,-12,-7.53,-432,-0.04,1
1996,Exit long,2018-11-29,Close entry(s) order TEST,161.9,1,161,0.9,0.56,0,1.6,0.99,-8.4,-5.22,-431.1,-0.04,1
1996,Entry long,2018-11-28,TEST,161,1,161,0.9,0.56,0,1.6,0.99,-8.4,-5.22,-431.1,-0.04,1
1997,Exit long,2018-12-03,Close entry(s) order TEST,154.9,1,157.5,-2.6,-1.65,0,0.9,0.57,-4.7,-2.98,-433.7,-0.04,1
1997,Entry long,2018-11-30,TEST,157.5,1,157.5,-2.6,-1.65,0,0.9,0.57,-4.7,-2.98,-433.7,-0.04,1
1998,Exit long,2018-12-05,Close entry(s) order TEST,154.3,1,154.8,-0.5,-0.32,0,3.6,2.33,-4.6,-2.97,-434.2,-0.04,1
1998,Entry long,2018-12-04,TEST,154.8,1,154.8,-0.5,-0.32,0,3.6,2.33,-4.6,-2.97,-434.2,-0.04,1
1999,Exit long,2018-12-07,Close entry(s) order TEST,149.9,1,147.8,2.1,1.42,0,6,4.06,-1.2,-0.81,-432.1,-0.04,1
1999,Entry long,2018-12-06,TEST,147.8,1,147.8,2.1,1.42,0,6,4.06,-1.2,-0.81,-432.1,-0.04,1
2000,Exit long,2018-12-11,Close entry(s) order TEST,143,1,145.1,-2.1,-1.45,0,3.3,2.27,-2.1,-1.45,-434.2,-0.04,1
2000,Entry long,2018-12-10,TEST,145.1,1,145.1,-2.1,-1.45,0,3.3,2.27,-2.1,-1.45,-434.2,-0.04,1
2001,Exit long,2018-12-13,Close entry(s) order TEST,159,1,151,8,5.30,0,8.2,5.43,-1.9,-1.26,-426.2,-0.04,1
2001,Entry long,2018-12-12,TEST,151,1,151,8,5.30,0,8.2,5.43,-1.9,-1.26,-426.2,-0.04,1
2002,Exit long,2018-12-17,Close entry(s) order TEST,155.6,1,154,1.6,1.04,0,3,1.95,-0.5,-0.32,-424.6,-0.04,1
2002,Entry long,2018-12-14,TEST,154,1,154,1.6,1.04,0,3,1.95,-0.5,-0.32,-424.6,-0.04,1
2003,Exit long,2018-12-19,Close entry(s) order TEST,151.4,1,155,-3.6,-2.32,0,0.9,0.58,-5.9,-3.81,-428.2,-0.04,1
2003,Entry long,2018-12-18,TEST,155,1,155,-3.6,-2.32,0,0.9,0.58,-5.9,-3.81,-428.2,-0.04,1
2004,Exit long,2018-12-21,Close entry(s) order TEST,151,1,147.5,3.5,2.37,0,4.9,3.32,-1.5,-1.02,-424.7,-0.04,1
2004,Entry long,2018-12-20,TEST,147.5,1,147.5,3.5,2.37,0,4.9,3.32,-1.5,-1.02,-424.7,-0.04,1
2005,Exit long,2018-12-26,Close entry(s) order TEST,144.8,1,148.4,-3.6,-2.43,0,0.7,0.47,-4.8,-3.23,-428.3,-0.04,1
2005,Entry long,2018-12-24,TEST,148.4,1,148.4,-3.6,-2.43,0,0.7,0.47,-4.8,-3.23,-428.3,-0.04,1
2006,Exit long,2018-12-28,Close entry(s) order TEST,138.1,1,143,-4.9,-3.43,0,1.3,0.91,-4.9,-3.43,-433.2,-0.04,1
2006,Entry long,2018-12-27,TEST,143,1,143,-4.9,-3.43,0,1.3,0.91,-4.9,-3.43,-433.2,-0.04,1
2007,Exit long,2019-01-01,Close entry(s) order TEST,138.6,1,141.6,-3,-2.12,0,0.5,0.35,-3,-2.12,-436.2,-0.04,1
2007,Entry long,2018-12-31,TEST,141.6,1,141.6,-3,-2.12,0,0.5,0.35,-3,-2.12,-436.2,-0.04,1
2008,Exit long,2019-01-03,Close entry(s) order TEST,136,1,139.1,-3.1,-2.23,0,1.3,0.93,-4.1,-2.95,-439.3,-0.04,1
2008,Entry long,2019-01-02,TEST,139.1,1,139.1,-3.1,-2.23,0,1.3,0.93,-4.1,-2.95,-439.3,-0.04,1
2009,Exit long,2019-01-07,Close entry(s) order TEST,134.4,1,133.1,1.3,0.98,0,1.7,1.28,-2.4,-1.80,-438,-0.04,1
2009,Entry long,2019-01-04,TEST,133.1,1,133.1,1.3,0.98,0,1.7,1.28,-2.4,-1.80,-438,-0.04,1
2010,Exit long,2019-01-09,Close entry(s) order TEST,135.3,1,138.8,-3.5,-2.52,0,0,0.00,-4.7,-3.39,-441.5,-0.04,1
2010,Entry long,2019-01-08,TEST,138.8,1,138.8,-3.5,-2.52,0,0,0.00,-4.7,-3.39,-441.5,-0.04,1
2011,Exit long,2019-01-11,Close entry(s) order TEST,135.9,1,134.6,1.3,0.97,0,1.3,0.97,-1.5,-1.11,-440.2,-0.04,1
2011,Entry long,2019-01-10,TEST,134.6,1,134.6,1.3,0.97,0,1.3,0.97,-1.5,-1.11,-440.2,-0.04,1
2012,Exit long,2019-01-15,Close entry(s) order TEST,135.4,1,138.6,-3.2,-2.31,0,0,0.00,-4.6,-3.32,-443.4,-0.04,1
2012,Entry long,2019-01-14,TEST,138.6,1,138.6,-3.2,-2.31,0,0,0.00,-4.6,-3.32,-443.4,-0.04,1
2013,Exit long,2019-01-17,Close entry(s) order TEST,129,1,132.1,-3.1,-2.35,0,1.5,1.14,-4.4,-3.33,-446.5,-0.04,1
2013,Entry long,2019-01-16,TEST,132.1,1,132.1,-3.1,-2.35,0,1.5,1.14,-4.4,-3.33,-446.5,-0.04,1
2014,Exit long,2019-01-21,Close entry(s) order TEST,120,1,125,-5,-4.00,0,1,0.80,-5.5,-4.40,-451.5,-0.05,1
2014,Entry long,2019-01-18,TEST,125,1,125,-5,-4.00,0,1,0.80,-5.5,-4.40,-451.5,-0.05,1
2015,Exit long,2019-01-23,Close entry(s) order TEST,116.2,1,117.2,-1,-0.85,0,4.1,3.50,-3.7,-3.16,-452.5,-0.05,1
2015,Entry long,2019-01-22,TEST,117.2,1,117.2,-1,-0.85,0,4.1,3.50,-3.7,-3.16,-452.5,-0.05,1
2016,Exit long,2019-01-25,Close entry(s) order TEST,112,1,115.3,-3.3,-2.86,0,1.7,1.47,-5.2,-4.51,-455.8,-0.05,1
2016,Entry long,2019-01-24,TEST,115.3,1,115.3,-3.3,-2.86,0,1.7,1.47,-5.2,-4.51,-455.8,-0.05,1
2017,Exit long,2019-01-29,Close entry(s) order TEST,107.7,1,106.3,1.4,1.32,0,3.1,2.92,-5,-4.70,-454.4,-0.05,1
2017,Entry long,2019-01-28,TEST,106.3,1,106.3,1.4,1.32,0,3.1,2.92,-5,-4.70,-454.4,-0.05,1
2018,Exit long,2019-01-31,Close entry(s) order TEST,105.1,1,109,-3.9,-3.58,0,1.8,1.65,-6,-5.50,-458.3,-0.05,1
2018,Entry long,2019-01-30,TEST,109,1,109,-3.9,-3.58,0,1.8,1.65,-6,-5.50,-458.3,-0.05,1
2019,Exit long,2019-02-04,Close entry(s) order TEST,105,1,105.2,-0.2,-0.19,0,2.3,2.19,-2.9,-2.76,-458.5,-0.05,1
2019,Entry long,2019-02-01,TEST,105.2,1,105.2,-0.2,-0.19,0,2.3,2.19,-2.9,-2.76,-458.5,-0.05,1
2020,Exit long,2019-02-06,Close entry(s) order TEST,103,1,102.7,0.3,0.29,0,1.6,1.56,-2.4,-2.34,-458.2,-0.05,1
2020,Entry long,2019-02-05,TEST,102.7,1,102.7,0.3,0.29,0,1.6,1.56,-2.4,-2.34,-458.2,-0.05,1
2021,Exit long,2019-02-08,Close entry(s) order TEST,102,1,102.9,-0.9,-0.87,0,12,11.66,-16.1,-15.65,-459.1,-0.05,1
2021,Entry long,2019-02-07,TEST,102.9,1,102.9,-0.9,-0.87,0,12,11.66,-16.1,-15.65,-459.1,-0.05,1
2022,Exit long,2019-02-12,Close entry(s) order TEST,95.1,1,100,-4.9,-4.90,0,1.9,1.90,-4.9,-4.90,-464,-0.05,1
2022,Entry long,2019-02-11,TEST,100,1,100,-4.9,-4.90,0,1.9,1.90,-4.9,-4.90,-464,-0.05,1
2023,Exit long,2019-02-14,Close entry(s) order TEST,98.2,1,97.6,0.6,0.61,0,4.4,4.51,-1.2,-1.23,-463.4,-0.05,1
2023,Entry long,2019-02-13,TEST,97.6,1,97.6,0.6,0.61,0,4.4,4.51,-1.2,-1.23,-463.4,-0.05,1
2024,Exit long,2019-02-18,Close entry(s) order TEST,92.5,1,95.2,-2.7,-2.84,0,0.1,0.11,-4.2,-4.41,-466.1,-0.05,1
2024,Entry long,2019-02-15,TEST,95.2,1,95.2,-2.7,-2.84,0,0.1,0.11,-4.2,-4.41,-466.1,-0.05,1
2025,Exit long,2019-02-20,Close entry(s) order TEST,99,1,90.8,8.2,9.03,0,9.8,10.79,-0.5,-0.55,-457.9,-0.05,1
2025,Entry long,2019-02-19,TEST,90.8,1,90.8,8.2,9.03,0,9.8,10.79,-0.5,-0.55,-457.9,-0.05,1
2026,Exit long,2019-02-22,Close entry(s) order TEST,107,1,101.5,5.5,5.42,0,7.2,7.09,-0.5,-0.49,-452.4,-0.05,1
2026,Entry long,2019-02-21,TEST,101.5,1,101.5,5.5,5.42,0,7.2,7.09,-0.5,-0.49,-452.4,-0.05,1
2027,Exit long,2019-02-26,Close entry(s) order TEST,108.1,1,113.3,-5.2,-4.59,0,3,2.65,-5.2,-4.59,-457.6,-0.05,1
2027,Entry long,2019-02-25,TEST,113.3,1,113.3,-5.2,-4.59,0,3,2.65,-5.2,-4.59,-457.6,-0.05,1
2028,Exit long,2019-02-28,Close entry(s) order TEST,107,1,111.3,-4.3,-3.86,0,2.2,1.98,-5.1,-4.58,-461.9,-0.05,1
2028,Entry long,2019-02-27,TEST,111.3,1,111.3,-4.3,-3.86,0,2.2,1.98,-5.1,-4.58,-461.9,-0.05,1
2029,Exit long,2019-03-05,Close entry(s) order TEST,116.4,1,109.3,7.1,6.50,0,7.1,6.50,-1.1,-1.01,-454.8,-0.05,1
2029,Entry long,2019-03-01,TEST,109.3,1,109.3,7.1,6.50,0,7.1,6.50,-1.1,-1.01,-454.8,-0.05,1
2030,Exit long,2019-03-07,Close entry(s) order TEST,118.5,1,121.9,-3.4,-2.79,0,2.9,2.38,-4.8,-3.94,-458.2,-0.05,1
2030,Entry long,2019-03-06,TEST,121.9,1,121.9,-3.4,-2.79,0,2.9,2.38,-4.8,-3.94,-458.2,-0.05,1
2031,Exit long,2019-03-11,Close entry(s) order TEST,116.3,1,120.2,-3.9,-3.24,0,1.3,1.08,-3.9,-3.24,-462.1,-0.05,1
2031,Entry long,2019-03-08,TEST,120.2,1,120.2,-3.9,-3.24,0,1.3,1.08,-3.9,-3.24,-462.1,-0.05,1
2032,Exit long,2019-03-13,Close entry(s) order TEST,124,1,127,-3,-2.36,0,1,0.79,-5,-3.94,-465.1,-0.05,1
2032,Entry long,2019-03-12,TEST,127,1,127,-3,-2.36,0,1,0.79,-5,-3.94,-465.1,-0.05,1
2033,Exit long,2019-03-15,Close entry(s) order TEST,121.8,1,119.5,2.3,1.92,0,5.5,4.60,0,0.00,-462.8,-0.05,1
2033,Entry long,2019-03-14,TEST,119.5,1,119.5,2.3,1.92,0,5.5,4.60,0,0.00,-462.8,-0.05,1
2034,Exit long,2019-03-19,Close entry(s) order TEST,117,1,120.9,-3.9,-3.23,0,0.6,0.50,-5,-4.14,-466.7,-0.05,1
2034,Entry long,2019-03-18,TEST,120.9,1,120.9,-3.9,-3.23,0,0.6,0.50,-5,-4.14,-466.7,-0.05,1
2035,Exit long,2019-03-22,Close entry(s) order TEST,118.3,1,120.8,-2.5,-2.07,0,1.7,1.41,-3.9,-3.23,-469.2,-0.05,1
2035,Entry long,2019-03-20,TEST,120.8,1,120.8,-2.5,-2.07,0,1.7,1.41,-3.9,-3.23,-469.2,-0.05,1
2036,Exit long,2019-03-26,Close entry(s) order TEST,119.8,1,117,2.8,2.39,0,3.6,3.08,-1.6,-1.37,-466.4,-0.05,1
2036,Entry long,2019-03-25,TEST,117,1,117,2.8,2.39,0,3.6,3.08,-1.6,-1.37,-466.4,-0.05,1
2037,Exit long,2019-03-28,Close entry(s) order TEST,134.6,1,125.6,9,7.17,0,9,7.17,0,0.00,-457.4,-0.05,1
2037,Entry long,2019-03-27,TEST,125.6,1,125.6,9,7.17,0,9,7.17,0,0.00,-457.4,-0.05,1
2038,Exit long,2019-04-01,Close entry(s) order TEST,143,1,132.9,10.1,7.60,0,10.1,7.60,0,0.00,-447.3,-0.04,1
2038,Entry long,2019-03-29,TEST,132.9,1,132.9,10.1,7.60,0,10.1,7.60,0,0.00,-447.3,-0.04,1
2039,Exit long,2019-04-03,Close entry(s) order TEST,143.6,1,146.3,-2.7,-1.85,0,0,0.00,-4.2,-2.87,-450,-0.04,1
2039,Entry long,2019-04-02,TEST,146.3,1,146.3,-2.7,-1.85,0,0,0.00,-4.2,-2.87,-450,-0.04,1
2040,Exit long,2019-04-05,Close entry(s) order TEST,148.2,1,145.8,2.4,1.65,0,3.8,2.61,-2,-1.37,-447.6,-0.04,1
2040,Entry long,2019-04-04,TEST,145.8,1,145.8,2.4,1.65,0,3.8,2.61,-2,-1.37,-447.6,-0.04,1
2041,Exit long,2019-04-09,Close entry(s) order TEST,144.1,1,146.6,-2.5,-1.71,0,1.4,0.95,-3.2,-2.18,-450.1,-0.05,1
2041,Entry long,2019-04-08,TEST,146.6,1,146.6,-2.5,-1.71,0,1.4,0.95,-3.2,-2.18,-450.1,-0.05,1
2042,Exit long,2019-04-11,Close entry(s) order TEST,144.1,1,138.1,6,4.34,0,6,4.34,-2,-1.45,-444.1,-0.04,1
2042,Entry long,2019-04-10,TEST,138.1,1,138.1,6,4.34,0,6,4.34,-2,-1.45,-444.1,-0.04,1
2043,Exit long,2019-04-15,Close entry(s) order TEST,137.1,1,136.3,0.8,0.59,0,2.7,1.98,-1.3,-0.95,-443.3,-0.04,1
2043,Entry long,2019-04-12,TEST,136.3,1,136.3,0.8,0.59,0,2.7,1.98,-1.3,-0.95,-443.3,-0.04,1
2044,Exit long,2019-04-18,Close entry(s) order TEST,141.1,1,140.9,0.2,0.14,0,2.6,1.85,-0.8,-0.57,-443.1,-0.04,1
2044,Entry long,2019-04-16,TEST,140.9,1,140.9,0.2,0.14,0,2.6,1.85,-0.8,-0.57,-443.1,-0.04,1
2045,Exit long,2019-04-23,Close entry(s) order TEST,135.2,1,135.8,-0.6,-0.44,0,0.2,0.15,-2.7,-1.99,-443.7,-0.04,1
2045,Entry long,2019-04-22,TEST,135.8,1,135.8,-0.6,-0.44,0,0.2,0.15,-2.7,-1.99,-443.7,-0.04,1
2046,Exit long,2019-04-25,Close entry(s) order TEST,137.9,1,133.7,4.2,3.14,0,4.6,3.44,-1.2,-0.90,-439.5,-0.04,1
2046,Entry long,2019-04-24,TEST,133.7,1,133.7,4.2,3.14,0,4.6,3.44,-1.2,-0.90,-439.5,-0.04,1
2047,Exit long,2019-04-30,Close entry(s) order TEST,132.9,1,133.3,-0.4,-0.30,0,2.3,1.73,-1.2,-0.90,-439.9,-0.04,1
2047,Entry long,2019-04-26,TEST,133.3,1,133.3,-0.4,-0.30,0,2.3,1.73,-1.2,-0.90,-439.9,-0.04,1
2048,Exit long,2019-05-03,Close entry(s) order TEST,132,1,133,-1,-0.75,0,2,1.50,-1.7,-1.28,-440.9,-0.04,1
2048,Entry long,2019-05-02,TEST,133,1,133,-1,-0.75,0,2,1.50,-1.7,-1.28,-440.9,-0.04,1
2049,Exit long,2019-05-07,Close entry(s) order TEST,133.9,1,130,3.9,3.00,0,3.9,3.00,-4.3,-3.31,-437,-0.04,1
2049,Entry long,2019-05-06,TEST,130,1,130,3.9,3.00,0,3.9,3.00,-4.3,-3.31,-437,-0.04,1
2050,Exit long,2019-05-09,Close entry(s) order TEST,132.1,1,129.7,2.4,1.85,0,2.7,2.08,-1,-0.77,-434.6,-0.04,1
2050,Entry long,2019-05-08,TEST,129.7,1,129.7,2.4,1.85,0,2.7,2.08,-1,-0.77,-434.6,-0.04,1
2051,Exit long,2019-05-13,Close entry(s) order TEST,144,1,143.2,0.8,0.56,0,1.8,1.26,-1.8,-1.26,-433.8,-0.04,1
2051,Entry long,2019-05-10,TEST,143.2,1,143.2,0.8,0.56,0,1.8,1.26,-1.8,-1.26,-433.8,-0.04,1
2052,Exit long,2019-05-15,Close entry(s) order TEST,130,1,139.8,-9.8,-7.01,0,0.2,0.14,-9.8,-7.01,-443.6,-0.04,1
2052,Entry long,2019-05-14,TEST,139.8,1,139.8,-9.8,-7.01,0,0.2,0.14,-9.8,-7.01,-443.6,-0.04,1
2053,Exit long,2019-05-17,Close entry(s) order TEST,129,1,133.2,-4.2,-3.15,0,1.1,0.83,-5.9,-4.43,-447.8,-0.04,1
2053,Entry long,2019-05-16,TEST,133.2,1,133.2,-4.2,-3.15,0,1.1,0.83,-5.9,-4.43,-447.8,-0.04,1
2054,Exit long,2019-05-21,Close entry(s) order TEST,138.6,1,134.3,4.3,3.20,0,5.9,4.39,-2.6,-1.94,-443.5,-0.04,1
2054,Entry long,2019-05-20,TEST,134.3,1,134.3,4.3,3.20,0,5.9,4.39,-2.6,-1.94,-443.5,-0.04,1
2055,Exit long,2019-05-23,Close entry(s) order TEST,138,1,134.5,3.5,2.60,0,4.5,3.35,-2.1,-1.56,-440,-0.04,1
2055,Entry long,2019-05-22,TEST,134.5,1,134.5,3.5,2.60,0,4.5,3.35,-2.1,-1.56,-440,-0.04,1
2056,Exit long,2019-05-27,Close entry(s) order TEST,144.5,1,137.6,6.9,5.01,0,9.5,6.90,-0.3,-0.22,-433.1,-0.04,1
2056,Entry long,2019-05-24,TEST,137.6,1,137.6,6.9,5.01,0,9.5,6.90,-0.3,-0.22,-433.1,-0.04,1
2057,Exit long,2019-05-29,Close entry(s) order TEST,149.5,1,142.9,6.6,4.62,0,9.1,6.37,0,0.00,-426.5,-0.04,1
2057,Entry long,2019-05-28,TEST,142.9,1,142.9,6.6,4.62,0,9.1,6.37,0,0.00,-426.5,-0.04,1
2058,Exit long,2019-05-31,Close entry(s) order TEST,142.2,1,146,-3.8,-2.60,0,0.2,0.14,-5.5,-3.77,-430.3,-0.04,1
2058,Entry long,2019-05-30,TEST,146,1,146,-3.8,-2.60,0,0.2,0.14,-5.5,-3.77,-430.3,-0.04,1
2059,Exit long,2019-06-04,Close entry(s) order TEST,144.6,1,141.1,3.5,2.48,0,4.1,2.91,-1.7,-1.20,-426.8,-0.04,1
2059,Entry long,2019-06-03,TEST,141.1,1,141.1,3.5,2.48,0,4.1,2.91,-1.7,-1.20,-426.8,-0.04,1
2060,Exit long,2019-06-07,Close entry(s) order TEST,138.4,1,142.4,-4,-2.81,0,0.5,0.35,-5.1,-3.58,-430.8,-0.04,1
2060,Entry long,2019-06-06,TEST,142.4,1,142.4,-4,-2.81,0,0.5,0.35,-5.1,-3.58,-430.8,-0.04,1
2061,Exit long,2019-06-11,Close entry(s) order TEST,140.4,1,139.9,0.5,0.36,0,2.4,1.72,-1,-0.71,-430.3,-0.04,1
2061,Entry long,2019-06-10,TEST,139.9,1,139.9,0.5,0.36,0,2.4,1.72,-1,-0.71,-430.3,-0.04,1
2062,Exit long,2019-06-13,Close entry(s) order TEST,139.5,1,139.9,-0.4,-0.29,0,3.7,2.64,-0.5,-0.36,-430.7,-0.04,1
2062,Entry long,2019-06-12,TEST,139.9,1,139.9,-0.4,-0.29,0,3.7,2.64,-0.5,-0.36,-430.7,-0.04,1
2063,Exit long,2019-06-17,Close entry(s) order TEST,142,1,142.5,-0.5,-0.35,0,0,0.00,-2.8,-1.96,-431.2,-0.04,1
2063,Entry long,2019-06-14,TEST,142.5,1,142.5,-0.5,-0.35,0,0,0.00,-2.8,-1.96,-431.2,-0.04,1
2064,Exit long,2019-06-19,Close entry(s) order TEST,139.4,1,138.6,0.8,0.58,0,3.8,2.74,-1.6,-1.15,-430.4,-0.04,1
2064,Entry long,2019-06-18,TEST,138.6,1,138.6,0.8,0.58,0,3.8,2.74,-1.6,-1.15,-430.4,-0.04,1
2065,Exit long,2019-06-21,Close entry(s) order TEST,138.4,1,137.6,0.8,0.58,0,1.4,1.02,-2.6,-1.89,-429.6,-0.04,1
2065,Entry long,2019-06-20,TEST,137.6,1,137.6,0.8,0.58,0,1.4,1.02,-2.6,-1.89,-429.6,-0.04,1
2066,Exit long,2019-06-25,Close entry(s) order TEST,135.1,1,141.9,-6.8,-4.79,0,0.2,0.14,-6.8,-4.79,-436.4,-0.04,1
2066,Entry long,2019-06-24,TEST,141.9,1,141.9,-6.8,-4.79,0,0.2,0.14,-6.8,-4.79,-436.4,-0.04,1
2067,Exit long,2019-06-27,Close entry(s) order TEST,140.6,1,138.5,2.1,1.52,0,4.5,3.25,-0.9,-0.65,-434.3,-0.04,1
2067,Entry long,2019-06-26,TEST,138.5,1,138.5,2.1,1.52,0,4.5,3.25,-0.9,-0.65,-434.3,-0.04,1
2068,Exit long,2019-07-01,Close entry(s) order TEST,140.3,1,140,0.3,0.21,0,1.4,1.00,-0.9,-0.64,-434,-0.04,1
2068,Entry long,2019-06-28,TEST,140,1,140,0.3,0.21,0,1.4,1.00,-0.9,-0.64,-434,-0.04,1
2069,Exit long,2019-07-03,Close entry(s) order TEST,145,1,148,-3,-2.03,0,0.9,0.61,-5.9,-3.99,-437,-0.04,1
2069,Entry long,2019-07-02,TEST,148,1,148,-3,-2.03,0,0.9,0.61,-5.9,-3.99,-437,-0.04,1
2070,Exit long,2019-07-05,Close entry(s) order TEST,147.4,1,143.4,4,2.79,0,5.6,3.91,-0.4,-0.28,-433,-0.04,1
2070,Entry long,2019-07-04,TEST,143.4,1,143.4,4,2.79,0,5.6,3.91,-0.4,-0.28,-433,-0.04,1
2071,Exit long,2019-07-09,Close entry(s) order TEST,141.8,1,140,1.8,1.29,0,2.7,1.93,-1.7,-1.21,-431.2,-0.04,1
2071,Entry long,2019-07-08,TEST,140,1,140,1.8,1.29,0,2.7,1.93,-1.7,-1.21,-431.2,-0.04,1
2072,Exit long,2019-07-11,Close entry(s) order TEST,138,1,138.6,-0.6,-0.43,0,1.8,1.30,-2.1,-1.52,-431.8,-0.04,1
2072,Entry long,2019-07-10,TEST,138.6,1,138.6,-0.6,-0.43,0,1.8,1.30,-2.1,-1.52,-431.8,-0.04,1
2073,Exit long,2019-07-15,Close entry(s) order TEST,138.4,1,137,1.4,1.02,0,2.2,1.61,-1.9,-1.39,-430.4,-0.04,1
2073,Entry long,2019-07-12,TEST,137,1,137,1.4,1.02,0,2.2,1.61,-1.9,-1.39,-430.4,-0.04,1
2074,Exit long,2019-07-17,Close entry(s) order TEST,136.4,1,136.4,0,0.00,0,1,0.73,-0.8,-0.59,-430.4,-0.04,1
2074,Entry long,2019-07-16,TEST,136.4,1,136.4,0,0.00,0,1,0.73,-0.8,-0.59,-430.4,-0.04,1
2075,Exit long,2019-07-19,Close entry(s) order TEST,135.2,1,135.9,-0.7,-0.52,0,0,0.00,-4.4,-3.24,-431.1,-0.04,1
2075,Entry long,2019-07-18,TEST,135.9,1,135.9,-0.7,-0.52,0,0,0.00,-4.4,-3.24,-431.1,-0.04,1
2076,Exit long,2019-07-23,Close entry(s) order TEST,126,1,129.8,-3.8,-2.93,0,0.9,0.69,-6.4,-4.93,-434.9,-0.04,1
2076,Entry long,2019-07-22,TEST,129.8,1,129.8,-3.8,-2.93,0,0.9,0.69,-6.4,-4.93,-434.9,-0.04,1
2077,Exit long,2019-07-25,Close entry(s) order TEST,122.8,1,126.3,-3.5,-2.77,0,2.4,1.90,-4.1,-3.25,-438.4,-0.04,1
2077,Entry long,2019-07-24,TEST,126.3,1,126.3,-3.5,-2.77,0,2.4,1.90,-4.1,-3.25,-438.4,-0.04,1
2078,Exit long,2019-07-29,Close entry(s) order TEST,119.8,1,122.4,-2.6,-2.12,0,1.6,1.31,-4.6,-3.76,-441,-0.04,1
2078,Entry long,2019-07-26,TEST,122.4,1,122.4,-2.6,-2.12,0,1.6,1.31,-4.6,-3.76,-441,-0.04,1
2079,Exit long,2019-07-31,Close entry(s) order TEST,107.7,1,112,-4.3,-3.84,0,1.9,1.70,-6.5,-5.80,-445.3,-0.04,1
2079,Entry long,2019-07-30,TEST,112,1,112,-4.3,-3.84,0,1.9,1.70,-6.5,-5.80,-445.3,-0.04,1
2080,Exit long,2019-08-02,Close entry(s) order TEST,113.7,1,112,1.7,1.52,0,6,5.36,-1.7,-1.52,-443.6,-0.04,1
2080,Entry long,2019-08-01,TEST,112,1,112,1.7,1.52,0,6,5.36,-1.7,-1.52,-443.6,-0.04,1
2081,Exit long,2019-08-06,Close entry(s) order TEST,114.7,1,120,-5.3,-4.42,0,0,0.00,-7.5,-6.25,-448.9,-0.04,1
2081,Entry long,2019-08-05,TEST,120,1,120,-5.3,-4.42,0,0,0.00,-7.5,-6.25,-448.9,-0.04,1
2082,Exit long,2019-08-08,Close entry(s) order TEST,118.1,1,115.2,2.9,2.52,0,8,6.94,0,0.00,-446,-0.04,1
2082,Entry long,2019-08-07,TEST,115.2,1,115.2,2.9,2.52,0,8,6.94,0,0.00,-446,-0.04,1
2083,Exit long,2019-08-13,Close entry(s) order TEST,116.8,1,118,-1.2,-1.02,0,1,0.85,-2.5,-2.12,-447.2,-0.04,1
2083,Entry long,2019-08-09,TEST,118,1,118,-1.2,-1.02,0,1,0.85,-2.5,-2.12,-447.2,-0.04,1
2084,Exit long,2019-08-16,Close entry(s) order TEST,118.9,1,114.9,4,3.48,0,4.1,3.57,-0.6,-0.52,-443.2,-0.04,1
2084,Entry long,2019-08-14,TEST,114.9,1,114.9,4,3.48,0,4.1,3.57,-0.6,-0.52,-443.2,-0.04,1
2085,Exit long,2019-08-20,Close entry(s) order TEST,116,1,115.8,0.2,0.17,0,1.2,1.04,-2.1,-1.81,-443,-0.04,1
2085,Entry long,2019-08-19,TEST,115.8,1,115.8,0.2,0.17,0,1.2,1.04,-2.1,-1.81,-443,-0.04,1
2086,Exit long,2019-08-22,Close entry(s) order TEST,112.6,1,114.5,-1.9,-1.66,0,1.9,1.66,-2.3,-2.01,-444.9,-0.04,1
2086,Entry long,2019-08-21,TEST,114.5,1,114.5,-1.9,-1.66,0,1.9,1.66,-2.3,-2.01,-444.9,-0.04,1
2087,Exit long,2019-08-26,Close entry(s) order TEST,114.7,1,107.8,6.9,6.40,0,6.9,6.40,-3.7,-3.43,-438,-0.04,1
2087,Entry long,2019-08-23,TEST,107.8,1,107.8,6.9,6.40,0,6.9,6.40,-3.7,-3.43,-438,-0.04,1
2088,Exit long,2019-08-28,Close entry(s) order TEST,115.7,1,115.2,0.5,0.43,0,4.2,3.65,-1.7,-1.48,-437.5,-0.04,1
2088,Entry long,2019-08-27,TEST,115.2,1,115.2,0.5,0.43,0,4.2,3.65,-1.7,-1.48,-437.5,-0.04,1
2089,Exit long,2019-08-30,Close entry(s) order TEST,119.8,1,117.2,2.6,2.22,0,3.2,2.73,-0.2,-0.17,-434.9,-0.04,1
2089,Entry long,2019-08-29,TEST,117.2,1,117.2,2.6,2.22,0,3.2,2.73,-0.2,-0.17,-434.9,-0.04,1
2090,Exit long,2019-09-04,Close entry(s) order TEST,119.7,1,120.8,-1.1,-0.91,0,1.1,0.91,-1.8,-1.49,-436,-0.04,1
2090,Entry long,2019-09-03,TEST,120.8,1,120.8,-1.1,-0.91,0,1.1,0.91,-1.8,-1.49,-436,-0.04,1
2091,Exit long,2019-09-06,Close entry(s) order TEST,125.5,1,121.2,4.3,3.55,0,5.4,4.46,-0.1,-0.08,-431.7,-0.04,1
2091,Entry long,2019-09-05,TEST,121.2,1,121.2,4.3,3.55,0,5.4,4.46,-0.1,-0.08,-431.7,-0.04,1
2092,Exit long,2019-09-11,Close entry(s) order TEST,127.3,1,129.7,-2.4,-1.85,0,1.8,1.39,-3.2,-2.47,-434.1,-0.04,1
2092,Entry long,2019-09-09,TEST,129.7,1,129.7,-2.4,-1.85,0,1.8,1.39,-3.2,-2.47,-434.1,-0.04,1
2093,Exit long,2019-09-13,Close entry(s) order TEST,135,1,133,2,1.50,0,2.8,2.11,0,0.00,-432.1,-0.04,1
2093,Entry long,2019-09-12,TEST,133,1,133,2,1.50,0,2.8,2.11,0,0.00,-432.1,-0.04,1
2094,Exit long,2019-09-17,Close entry(s) order TEST,134.6,1,129.9,4.7,3.62,0,5,3.85,-2.2,-1.69,-427.4,-0.04,1
2094,Entry long,2019-09-16,TEST,129.9,1,129.9,4.7,3.62,0,5,3.85,-2.2,-1.69,-427.4,-0.04,1
2095,Exit long,2019-09-19,Close entry(s) order TEST,132.2,1,130,2.2,1.69,0,3,2.31,-1.6,-1.23,-425.2,-0.04,1
2095,Entry long,2019-09-18,TEST,130,1,130,2.2,1.69,0,3,2.31,-1.6,-1.23,-425.2,-0.04,1
2096,Exit long,2019-09-23,Close entry(s) order TEST,134.9,1,127,7.9,6.22,0,10.5,8.27,0,0.00,-417.3,-0.04,1
2096,Entry long,2019-09-20,TEST,127,1,127,7.9,6.22,0,10.5,8.27,0,0.00,-417.3,-0.04,1
2097,Exit long,2019-09-25,Close entry(s) order TEST,138.9,1,137.8,1.1,0.80,0,5.7,4.14,-2.7,-1.96,-416.2,-0.04,1
2097,Entry long,2019-09-24,TEST,137.8,1,137.8,1.1,0.80,0,5.7,4.14,-2.7,-1.96,-416.2,-0.04,1
2098,Exit long,2019-09-27,Close entry(s) order TEST,138.9,1,136.8,2.1,1.54,0,3.7,2.70,-1.5,-1.10,-414.1,-0.04,1
2098,Entry long,2019-09-26,TEST,136.8,1,136.8,2.1,1.54,0,3.7,2.70,-1.5,-1.10,-414.1,-0.04,1
2099,Exit long,2019-10-01,Close entry(s) order TEST,134.4,1,139.3,-4.9,-3.52,0,0.2,0.14,-7.5,-5.38,-419,-0.04,1
2099,Entry long,2019-09-30,TEST,139.3,1,139.3,-4.9,-3.52,0,0.2,0.14,-7.5,-5.38,-419,-0.04,1
2100,Exit long,2019-10-04,Close entry(s) order TEST,125.8,1,125.3,0.5,0.40,0,3.7,2.95,-1,-0.80,-418.5,-0.04,1
2100,Entry long,2019-10-03,TEST,125.3,1,125.3,0.5,0.40,0,3.7,2.95,-1,-0.80,-418.5,-0.04,1
2101,Exit long,2019-10-09,Close entry(s) order TEST,123,1,125,-2,-1.60,0,1.4,1.12,-5.1,-4.08,-420.5,-0.04,1
2101,Entry long,2019-10-07,TEST,125,1,125,-2,-1.60,0,1.4,1.12,-5.1,-4.08,-420.5,-0.04,1
2102,Exit long,2019-10-11,Close entry(s) order TEST,131.6,1,125.7,5.9,4.69,0,5.9,4.69,-0.7,-0.56,-414.6,-0.04,1
2102,Entry long,2019-10-10,TEST,125.7,1,125.7,5.9,4.69,0,5.9,4.69,-0.7,-0.56,-414.6,-0.04,1
2103,Exit long,2019-10-15,Close entry(s) order TEST,129.1,1,129.8,-0.7,-0.54,0,1.7,1.31,-1.3,-1.00,-415.3,-0.04,1
2103,Entry long,2019-10-14,TEST,129.8,1,129.8,-0.7,-0.54,0,1.7,1.31,-1.3,-1.00,-415.3,-0.04,1
2104,Exit long,2019-10-17,Close entry(s) order TEST,134,1,133,1,0.75,0,1.4,1.05,-2.5,-1.88,-414.3,-0.04,1
2104,Entry long,2019-10-16,TEST,133,1,133,1,0.75,0,1.4,1.05,-2.5,-1.88,-414.3,-0.04,1
2105,Exit long,2019-10-22,Close entry(s) order TEST,130.2,1,130.7,-0.5,-0.38,0,3.2,2.45,-0.5,-0.38,-414.8,-0.04,1
2105,Entry long,2019-10-18,TEST,130.7,1,130.7,-0.5,-0.38,0,3.2,2.45,-0.5,-0.38,-414.8,-0.04,1
2106,Exit long,2019-10-24,Close entry(s) order TEST,144.9,1,140,4.9,3.50,0,8,5.71,-2.5,-1.79,-409.9,-0.04,1
2106,Entry long,2019-10-23,TEST,140,1,140,4.9,3.50,0,8,5.71,-2.5,-1.79,-409.9,-0.04,1
2107,Exit long,2019-10-29,Close entry(s) order TEST,146.8,1,144.4,2.4,1.66,0,3.1,2.15,-2.9,-2.01,-407.5,-0.04,1
2107,Entry long,2019-10-25,TEST,144.4,1,144.4,2.4,1.66,0,3.1,2.15,-2.9,-2.01,-407.5,-0.04,1
2108,Exit long,2019-10-31,Close entry(s) order TEST,148.9,1,150,-1.1,-0.73,0,1.5,1.00,-3.1,-2.07,-408.6,-0.04,1
2108,Entry long,2019-10-30,TEST,150,1,150,-1.1,-0.73,0,1.5,1.00,-3.1,-2.07,-408.6,-0.04,1
2109,Exit long,2019-11-04,Close entry(s) order TEST,147.4,1,148.4,-1,-0.67,0,1.6,1.08,-3.2,-2.16,-409.6,-0.04,1
2109,Entry long,2019-11-01,TEST,148.4,1,148.4,-1,-0.67,0,1.6,1.08,-3.2,-2.16,-409.6,-0.04,1
2110,Exit long,2019-11-06,Close entry(s) order TEST,137.9,1,141.8,-3.9,-2.75,0,0.7,0.49,-5.7,-4.02,-413.5,-0.04,1
2110,Entry long,2019-11-05,TEST,141.8,1,141.8,-3.9,-2.75,0,0.7,0.49,-5.7,-4.02,-413.5,-0.04,1
2111,Exit long,2019-11-08,Close entry(s) order TEST,141.5,1,142,-0.5,-0.35,0,1.6,1.13,-1.9,-1.34,-414,-0.04,1
2111,Entry long,2019-11-07,TEST,142,1,142,-0.5,-0.35,0,1.6,1.13,-1.9,-1.34,-414,-0.04,1
2112,Exit long,2019-11-13,Close entry(s) order TEST,140.4,1,138,2.4,1.74,0,2.9,2.10,-0.5,-0.36,-411.6,-0.04,1
2112,Entry long,2019-11-11,TEST,138,1,138,2.4,1.74,0,2.9,2.10,-0.5,-0.36,-411.6,-0.04,1
2113,Exit long,2019-11-15,Close entry(s) order TEST,137.6,1,139.6,-2,-1.43,0,0.3,0.21,-2.2,-1.58,-413.6,-0.04,1
2113,Entry long,2019-11-14,TEST,139.6,1,139.6,-2,-1.43,0,0.3,0.21,-2.2,-1.58,-413.6,-0.04,1
2114,Exit long,2019-11-19,Close entry(s) order TEST,135.4,1,136.3,-0.9,-0.66,0,1.4,1.03,-3.3,-2.42,-414.5,-0.04,1
2114,Entry long,2019-11-18,TEST,136.3,1,136.3,-0.9,-0.66,0,1.4,1.03,-3.3,-2.42,-414.5,-0.04,1
2115,Exit long,2019-11-21,Close entry(s) order TEST,137.2,1,138,-0.8,-0.58,0,0,0.00,-2.2,-1.59,-415.3,-0.04,1
2115,Entry long,2019-11-20,TEST,138,1,138,-0.8,-0.58,0,0,0.00,-2.2,-1.59,-415.3,-0.04,1
2116,Exit long,2019-11-25,Close entry(s) order TEST,136.3,1,137.1,-0.8,-0.58,0,0,0.00,-3.3,-2.41,-416.1,-0.04,1
2116,Entry long,2019-11-22,TEST,137.1,1,137.1,-0.8,-0.58,0,0,0.00,-3.3,-2.41,-416.1,-0.04,1
2117,Exit long,2019-11-27,Close entry(s) order TEST,136.8,1,136.9,-0.1,-0.07,0,1.4,1.02,-2,-1.46,-416.2,-0.04,1
2117,Entry long,2019-11-26,TEST,136.9,1,136.9,-0.1,-0.07,0,1.4,1.02,-2,-1.46,-416.2,-0.04,1
2118,Exit long,2019-11-29,Close entry(s) order TEST,135,1,134.3,0.7,0.52,0,1.6,1.19,-0.5,-0.37,-415.5,-0.04,1
2118,Entry long,2019-11-28,TEST,134.3,1,134.3,0.7,0.52,0,1.6,1.19,-0.5,-0.37,-415.5,-0.04,1
2119,Exit long,2019-12-03,Close entry(s) order TEST,140.4,1,138.5,1.9,1.37,0,2.4,1.73,-2.2,-1.59,-413.6,-0.04,1
2119,Entry long,2019-12-02,TEST,138.5,1,138.5,1.9,1.37,0,2.4,1.73,-2.2,-1.59,-413.6,-0.04,1
2120,Exit long,2019-12-05,Close entry(s) order TEST,137.8,1,138.4,-0.6,-0.43,0,0.4,0.29,-2.1,-1.52,-414.2,-0.04,1
2120,Entry long,2019-12-04,TEST,138.4,1,138.4,-0.6,-0.43,0,0.4,0.29,-2.1,-1.52,-414.2,-0.04,1
2121,Exit long,2019-12-09,Close entry(s) order TEST,135.3,1,135.6,-0.3,-0.22,0,0.5,0.37,-2.9,-2.14,-414.5,-0.04,1
2121,Entry long,2019-12-06,TEST,135.6,1,135.6,-0.3,-0.22,0,0.5,0.37,-2.9,-2.14,-414.5,-0.04,1
2122,Exit long,2019-12-11,Close entry(s) order TEST,133.1,1,134.7,-1.6,-1.19,0,0.8,0.59,-2.8,-2.08,-416.1,-0.04,1
2122,Entry long,2019-12-10,TEST,134.7,1,134.7,-1.6,-1.19,0,0.8,0.59,-2.8,-2.08,-416.1,-0.04,1
2123,Exit long,2019-12-13,Close entry(s) order TEST,136.8,1,136.6,0.2,0.15,0,1,0.73,-2,-1.46,-415.9,-0.04,1
2123,Entry long,2019-12-12,TEST,136.6,1,136.6,0.2,0.15,0,1,0.73,-2,-1.46,-415.9,-0.04,1
2124,Exit long,2019-12-17,Close entry(s) order TEST,139.5,1,139.5,0,0.00,0,2.4,1.72,-0.9,-0.65,-415.9,-0.04,1
2124,Entry long,2019-12-16,TEST,139.5,1,139.5,0,0.00,0,2.4,1.72,-0.9,-0.65,-415.9,-0.04,1
2125,Exit long,2019-12-19,Close entry(s) order TEST,133.4,1,137.3,-3.9,-2.84,0,1.6,1.17,-4.4,-3.20,-419.8,-0.04,1
2125,Entry long,2019-12-18,TEST,137.3,1,137.3,-3.9,-2.84,0,1.6,1.17,-4.4,-3.20,-419.8,-0.04,1
2126,Exit long,2019-12-23,Close entry(s) order TEST,133.5,1,133.4,0.1,0.07,0,2.9,2.17,-1.6,-1.20,-419.7,-0.04,1
2126,Entry long,2019-12-20,TEST,133.4,1,133.4,0.1,0.07,0,2.9,2.17,-1.6,-1.20,-419.7,-0.04,1
2127,Exit long,2019-12-26,Close entry(s) order TEST,132.3,1,132.7,-0.4,-0.30,0,0,0.00,-1.2,-0.90,-420.1,-0.04,1
2127,Entry long,2019-12-24,TEST,132.7,1,132.7,-0.4,-0.30,0,0,0.00,-1.2,-0.90,-420.1,-0.04,1
2128,Exit long,2019-12-30,Close entry(s) order TEST,132.1,1,132.4,-0.3,-0.23,0,2.5,1.89,-0.6,-0.45,-420.4,-0.04,1
2128,Entry long,2019-12-27,TEST,132.4,1,132.4,-0.3,-0.23,0,2.5,1.89,-0.6,-0.45,-420.4,-0.04,1
2129,Exit long,2020-01-01,Close entry(s) order TEST,143.6,1,143.4,0.2,0.14,0,4.3,3.00,-1.5,-1.05,-420.2,-0.04,1
2129,Entry long,2019-12-31,TEST,143.4,1,143.4,0.2,0.14,0,4.3,3.00,-1.5,-1.05,-420.2,-0.04,1
2130,Exit long,2020-01-03,Close entry(s) order TEST,145.5,1,147.9,-2.4,-1.62,0,0.7,0.47,-2.9,-1.96,-422.6,-0.04,1
2130,Entry long,2020-01-02,TEST,147.9,1,147.9,-2.4,-1.62,0,0.7,0.47,-2.9,-1.96,-422.6,-0.04,1
2131,Exit long,2020-01-07,Close entry(s) order TEST,146,1,149.7,-3.7,-2.47,0,4.2,2.81,-5.8,-3.87,-426.3,-0.04,1
2131,Entry long,2020-01-06,TEST,149.7,1,149.7,-3.7,-2.47,0,4.2,2.81,-5.8,-3.87,-426.3,-0.04,1
2132,Exit long,2020-01-09,Close entry(s) order TEST,152.9,1,147.1,5.8,3.94,0,6.3,4.28,-0.7,-0.48,-420.5,-0.04,1
2132,Entry long,2020-01-08,TEST,147.1,1,147.1,5.8,3.94,0,6.3,4.28,-0.7,-0.48,-420.5,-0.04,1
2133,Exit long,2020-01-13,Close entry(s) order TEST,168.4,1,160.5,7.9,4.92,0,10.3,6.42,-1.2,-0.75,-412.6,-0.04,1
2133,Entry long,2020-01-10,TEST,160.5,1,160.5,7.9,4.92,0,10.3,6.42,-1.2,-0.75,-412.6,-0.04,1
2134,Exit long,2020-01-15,Close entry(s) order TEST,171.1,1,172.1,-1,-0.58,0,2.7,1.57,-2,-1.16,-413.6,-0.04,1
2134,Entry long,2020-01-14,TEST,172.1,1,172.1,-1,-0.58,0,2.7,1.57,-2,-1.16,-413.6,-0.04,1
2135,Exit long,2020-01-17,Close entry(s) order TEST,182.8,1,176.9,5.9,3.34,0,6.9,3.90,-1.9,-1.07,-407.7,-0.04,1
2135,Entry long,2020-01-16,TEST,176.9,1,176.9,5.9,3.34,0,6.9,3.90,-1.9,-1.07,-407.7,-0.04,1
2136,Exit long,2020-01-21,Close entry(s) order TEST,170.7,1,181,-10.3,-5.69,0,0.9,0.50,-11,-6.08,-418,-0.04,1
2136,Entry long,2020-01-20,TEST,181,1,181,-10.3,-5.69,0,0.9,0.50,-11,-6.08,-418,-0.04,1
2137,Exit long,2020-01-23,Close entry(s) order TEST,167.1,1,169.6,-2.5,-1.47,0,4.5,2.65,-4.1,-2.42,-420.5,-0.04,1
2137,Entry long,2020-01-22,TEST,169.6,1,169.6,-2.5,-1.47,0,4.5,2.65,-4.1,-2.42,-420.5,-0.04,1
2138,Exit long,2020-01-27,Close entry(s) order TEST,170.5,1,170.4,0.1,0.06,0,3.4,2.00,-0.6,-0.35,-420.4,-0.04,1
2138,Entry long,2020-01-24,TEST,170.4,1,170.4,0.1,0.06,0,3.4,2.00,-0.6,-0.35,-420.4,-0.04,1
2139,Exit long,2020-01-29,Close entry(s) order TEST,176.9,1,179.9,-3,-1.67,0,4.3,2.39,-6.8,-3.78,-423.4,-0.04,1
2139,Entry long,2020-01-28,TEST,179.9,1,179.9,-3,-1.67,0,4.3,2.39,-6.8,-3.78,-423.4,-0.04,1
2140,Exit long,2020-01-31,Close entry(s) order TEST,171,1,178.4,-7.4,-4.15,0,0.4,0.22,-8.8,-4.93,-430.8,-0.04,1
2140,Entry long,2020-01-30,TEST,178.4,1,178.4,-7.4,-4.15,0,0.4,0.22,-8.8,-4.93,-430.8,-0.04,1
2141,Exit long,2020-02-03,Close entry(s) order TEST,164.2,1,170,-5.8,-3.41,0,5.3,3.12,-9.4,-5.53,-436.6,-0.04,1
2141,Entry long,2020-02-01,TEST,170,1,170,-5.8,-3.41,0,5.3,3.12,-9.4,-5.53,-436.6,-0.04,1
2142,Exit long,2020-02-05,Close entry(s) order TEST,189.5,1,178.6,10.9,6.10,0,11.3,6.33,-3,-1.68,-425.7,-0.04,1
2142,Entry long,2020-02-04,TEST,178.6,1,178.6,10.9,6.10,0,11.3,6.33,-3,-1.68,-425.7,-0.04,1
2143,Exit long,2020-02-07,Close entry(s) order TEST,199.4,1,192,7.4,3.85,0,7.4,3.85,-0.1,-0.05,-418.3,-0.04,1
2143,Entry long,2020-02-06,TEST,192,1,192,7.4,3.85,0,7.4,3.85,-0.1,-0.05,-418.3,-0.04,1
2144,Exit long,2020-02-11,Close entry(s) order TEST,221.5,1,222.9,-1.4,-0.63,0,6.1,2.74,-11.2,-5.02,-419.7,-0.04,1
2144,Entry long,2020-02-10,TEST,222.9,1,222.9,-1.4,-0.63,0,6.1,2.74,-11.2,-5.02,-419.7,-0.04,1
2145,Exit long,2020-02-13,Close entry(s) order TEST,213.4,1,213.8,-0.4,-0.19,0,3.6,1.68,-8.8,-4.12,-420.1,-0.04,1
2145,Entry long,2020-02-12,TEST,213.8,1,213.8,-0.4,-0.19,0,3.6,1.68,-8.8,-4.12,-420.1,-0.04,1
2146,Exit long,2020-02-17,Close entry(s) order TEST,208.6,1,209.4,-0.8,-0.38,0,4.6,2.20,-3.8,-1.81,-420.9,-0.04,1
2146,Entry long,2020-02-14,TEST,209.4,1,209.4,-0.8,-0.38,0,4.6,2.20,-3.8,-1.81,-420.9,-0.04,1
2147,Exit long,2020-02-19,Close entry(s) order TEST,209.3,1,202.9,6.4,3.15,0,6.7,3.30,-2.9,-1.43,-414.5,-0.04,1
2147,Entry long,2020-02-18,TEST,202.9,1,202.9,6.4,3.15,0,6.7,3.30,-2.9,-1.43,-414.5,-0.04,1
2148,Exit long,2020-02-24,Close entry(s) order TEST,202,1,209.5,-7.5,-3.58,0,0.5,0.24,-7.5,-3.58,-422,-0.04,1
2148,Entry long,2020-02-20,TEST,209.5,1,209.5,-7.5,-3.58,0,0.5,0.24,-7.5,-3.58,-422,-0.04,1
2149,Exit long,2020-02-26,Close entry(s) order TEST,190.3,1,204.1,-13.8,-6.76,0,2.3,1.13,-13.8,-6.76,-435.8,-0.04,1
2149,Entry long,2020-02-25,TEST,204.1,1,204.1,-13.8,-6.76,0,2.3,1.13,-13.8,-6.76,-435.8,-0.04,1
2150,Exit long,2020-02-28,Close entry(s) order TEST,194,1,195.7,-1.7,-0.87,0,9.1,4.65,-8.5,-4.34,-437.5,-0.04,1
2150,Entry long,2020-02-27,TEST,195.7,1,195.7,-1.7,-0.87,0,9.1,4.65,-8.5,-4.34,-437.5,-0.04,1
2151,Exit long,2020-03-03,Close entry(s) order TEST,172,1,190.2,-18.2,-9.57,0,7.6,4.00,-24.1,-12.67,-455.7,-0.05,1
2151,Entry long,2020-03-02,TEST,190.2,1,190.2,-18.2,-9.57,0,7.6,4.00,-24.1,-12.67,-455.7,-0.05,1
2152,Exit long,2020-03-05,Close entry(s) order TEST,169.7,1,173.9,-4.2,-2.42,0,0.8,0.46,-16.4,-9.43,-459.9,-0.05,1
2152,Entry long,2020-03-04,TEST,173.9,1,173.9,-4.2,-2.42,0,0.8,0.46,-16.4,-9.43,-459.9,-0.05,1
2153,Exit long,2020-03-09,Close entry(s) order TEST,146.5,1,156.9,-10.4,-6.63,0,4.6,2.93,-10.4,-6.63,-470.3,-0.05,1
2153,Entry long,2020-03-06,TEST,156.9,1,156.9,-10.4,-6.63,0,4.6,2.93,-10.4,-6.63,-470.3,-0.05,1
2154,Exit long,2020-03-12,Close entry(s) order TEST,109,1,120.3,-11.3,-9.39,0,5.6,4.66,-19.3,-16.04,-481.6,-0.05,1
2154,Entry long,2020-03-11,TEST,120.3,1,120.3,-11.3,-9.39,0,5.6,4.66,-19.3,-16.04,-481.6,-0.05,1
2155,Exit long,2020-03-16,Close entry(s) order TEST,90.3,1,96.7,-6.4,-6.62,0,8.3,8.58,-6.4,-6.62,-488,-0.05,1
2155,Entry long,2020-03-13,TEST,96.7,1,96.7,-6.4,-6.62,0,8.3,8.58,-6.4,-6.62,-488,-0.05,1
2156,Exit long,2020-03-18,Close entry(s) order TEST,86.4,1,88.8,-2.4,-2.70,0,5.9,6.64,-7.5,-8.45,-490.4,-0.05,1
2156,Entry long,2020-03-17,TEST,88.8,1,88.8,-2.4,-2.70,0,5.9,6.64,-7.5,-8.45,-490.4,-0.05,1
2157,Exit long,2020-03-20,Close entry(s) order TEST,74.5,1,74.9,-0.4,-0.53,0,0,0.00,-0.4,-0.53,-490.8,-0.05,1
2157,Entry long,2020-03-19,TEST,74.9,1,74.9,-0.4,-0.53,0,0,0.00,-0.4,-0.53,-490.8,-0.05,1
2158,Exit long,2020-03-24,Close entry(s) order TEST,65,1,68.4,-3.4,-4.97,0,0,0.00,-3.4,-4.97,-494.2,-0.05,1
2158,Entry long,2020-03-23,TEST,68.4,1,68.4,-3.4,-4.97,0,0,0.00,-3.4,-4.97,-494.2,-0.05,1
2159,Exit long,2020-03-26,Close entry(s) order TEST,64,1,61.8,2.2,3.56,0,5,8.09,0,0.00,-492,-0.05,1
2159,Entry long,2020-03-25,TEST,61.8,1,61.8,2.2,3.56,0,5,8.09,0,0.00,-492,-0.05,1
2160,Exit long,2020-03-30,Close entry(s) order TEST,62,1,69,-7,-10.14,0,0,0.00,-7,-10.14,-499,-0.05,1
2160,Entry long,2020-03-27,TEST,69,1,69,-7,-10.14,0,0,0.00,-7,-10.14,-499,-0.05,1
2161,Exit long,2020-04-01,Close entry(s) order TEST,63,1,63.3,-0.3,-0.47,0,0,0.00,-3.1,-4.90,-499.3,-0.05,1
2161,Entry long,2020-03-31,TEST,63.3,1,63.3,-0.3,-0.47,0,0,0.00,-3.1,-4.90,-499.3,-0.05,1
2162,Exit long,2020-04-07,Close entry(s) order TEST,67.5,1,63.9,3.6,5.63,0,3.6,5.63,-2.6,-4.07,-495.7,-0.05,1
2162,Entry long,2020-04-03,TEST,63.9,1,63.9,3.6,5.63,0,3.6,5.63,-2.6,-4.07,-495.7,-0.05,1
2163,Exit long,2020-04-09,Close entry(s) order TEST,66.5,1,65.2,1.3,1.99,0,3,4.60,-1.5,-2.30,-494.4,-0.05,1
2163,Entry long,2020-04-08,TEST,65.2,1,65.2,1.3,1.99,0,3,4.60,-1.5,-2.30,-494.4,-0.05,1
2164,Exit long,2020-04-15,Close entry(s) order TEST,70.4,1,70.9,-0.5,-0.71,0,0.7,0.99,-4.5,-6.35,-494.9,-0.05,1
2164,Entry long,2020-04-13,TEST,70.9,1,70.9,-0.5,-0.71,0,0.7,0.99,-4.5,-6.35,-494.9,-0.05,1
2165,Exit long,2020-04-17,Close entry(s) order TEST,69.4,1,67.7,1.7,2.51,0,1.7,2.51,-1.5,-2.22,-493.2,-0.05,1
2165,Entry long,2020-04-16,TEST,67.7,1,67.7,1.7,2.51,0,1.7,2.51,-1.5,-2.22,-493.2,-0.05,1
2166,Exit long,2020-04-21,Close entry(s) order TEST,68.9,1,69,-0.1,-0.14,0,2.1,3.04,-1,-1.45,-493.3,-0.05,1
2166,Entry long,2020-04-20,TEST,69,1,69,-0.1,-0.14,0,2.1,3.04,-1,-1.45,-493.3,-0.05,1
2167,Exit long,2020-04-23,Close entry(s) order TEST,66.4,1,64.2,2.2,3.43,0,2.3,3.58,-0.4,-0.62,-491.1,-0.05,1
2167,Entry long,2020-04-22,TEST,64.2,1,64.2,2.2,3.43,0,2.3,3.58,-0.4,-0.62,-491.1,-0.05,1
2168,Exit long,2020-04-27,Close entry(s) order TEST,65.4,1,68.3,-2.9,-4.25,0,0,0.00,-3.4,-4.98,-494,-0.05,1
2168,Entry long,2020-04-24,TEST,68.3,1,68.3,-2.9,-4.25,0,0,0.00,-3.4,-4.98,-494,-0.05,1
2169,Exit long,2020-04-29,Close entry(s) order TEST,65.5,1,66.7,-1.2,-1.80,0,0,0.00,-1.6,-2.40,-495.2,-0.05,1
2169,Entry long,2020-04-28,TEST,66.7,1,66.7,-1.2,-1.80,0,0,0.00,-1.6,-2.40,-495.2,-0.05,1
2170,Exit long,2020-05-04,Close entry(s) order TEST,63.5,1,66.5,-3,-4.51,0,0.4,0.60,-3,-4.51,-498.2,-0.05,1
2170,Entry long,2020-04-30,TEST,66.5,1,66.5,-3,-4.51,0,0.4,0.60,-3,-4.51,-498.2,-0.05,1
2171,Exit long,2020-05-06,Close entry(s) order TEST,62.2,1,61.1,1.1,1.80,0,2.4,3.93,-1,-1.64,-497.1,-0.05,1
2171,Entry long,2020-05-05,TEST,61.1,1,61.1,1.1,1.80,0,2.4,3.93,-1,-1.64,-497.1,-0.05,1
2172,Exit long,2020-05-08,Close entry(s) order TEST,61.4,1,59.8,1.6,2.68,0,1.7,2.84,-0.3,-0.50,-495.5,-0.05,1
2172,Entry long,2020-05-07,TEST,59.8,1,59.8,1.6,2.68,0,1.7,2.84,-0.3,-0.50,-495.5,-0.05,1
2173,Exit long,2020-05-12,Close entry(s) order TEST,60.7,1,63.5,-2.8,-4.41,0,1.6,2.52,-3.1,-4.88,-498.3,-0.05,1
2173,Entry long,2020-05-11,TEST,63.5,1,63.5,-2.8,-4.41,0,1.6,2.52,-3.1,-4.88,-498.3,-0.05,1
2174,Exit long,2020-05-14,Close entry(s) order TEST,61,1,63.8,-2.8,-4.39,0,0,0.00,-3.1,-4.86,-501.1,-0.05,1
2174,Entry long,2020-05-13,TEST,63.8,1,63.8,-2.8,-4.39,0,0,0.00,-3.1,-4.86,-501.1,-0.05,1
2175,Exit long,2020-05-18,Close entry(s) order TEST,60.3,1,61.8,-1.5,-2.43,0,0,0.00,-1.6,-2.59,-502.6,-0.05,1
2175,Entry long,2020-05-15,TEST,61.8,1,61.8,-1.5,-2.43,0,0,0.00,-1.6,-2.59,-502.6,-0.05,1
2176,Exit long,2020-05-20,Close entry(s) order TEST,56.5,1,57.5,-1,-1.74,0,1,1.74,-1.2,-2.09,-503.6,-0.05,1
2176,Entry long,2020-05-19,TEST,57.5,1,57.5,-1,-1.74,0,1,1.74,-1.2,-2.09,-503.6,-0.05,1
2177,Exit long,2020-05-22,Close entry(s) order TEST,57,1,57,0,0.00,0,1,1.75,-1.5,-2.63,-503.6,-0.05,1
2177,Entry long,2020-05-21,TEST,57,1,57,0,0.00,0,1,1.75,-1.5,-2.63,-503.6,-0.05,1
2178,Exit long,2020-05-27,Close entry(s) order TEST,55.4,1,56.5,-1.1,-1.95,0,0.5,0.88,-1.5,-2.65,-504.7,-0.05,1
2178,Entry long,2020-05-26,TEST,56.5,1,56.5,-1.1,-1.95,0,0.5,0.88,-1.5,-2.65,-504.7,-0.05,1
2179,Exit long,2020-05-29,Close entry(s) order TEST,58.5,1,56,2.5,4.46,0,2.5,4.46,-0.2,-0.36,-502.2,-0.05,1
2179,Entry long,2020-05-28,TEST,56,1,56,2.5,4.46,0,2.5,4.46,-0.2,-0.36,-502.2,-0.05,1
2180,Exit long,2020-06-02,Close entry(s) order TEST,66,1,62.9,3.1,4.93,0,3.1,4.93,-1.7,-2.70,-499.1,-0.05,1
2180,Entry long,2020-06-01,TEST,62.9,1,62.9,3.1,4.93,0,3.1,4.93,-1.7,-2.70,-499.1,-0.05,1
2181,Exit long,2020-06-04,Close entry(s) order TEST,71.7,1,69.3,2.4,3.46,0,2.4,3.46,-2.5,-3.61,-496.7,-0.05,1
2181,Entry long,2020-06-03,TEST,69.3,1,69.3,2.4,3.46,0,2.4,3.46,-2.5,-3.61,-496.7,-0.05,1
2182,Exit long,2020-06-08,Close entry(s) order TEST,78.3,1,71.9,6.4,8.90,0,6.4,8.90,-2.7,-3.76,-490.3,-0.05,1
2182,Entry long,2020-06-05,TEST,71.9,1,71.9,6.4,8.90,0,6.4,8.90,-2.7,-3.76,-490.3,-0.05,1
2183,Exit long,2020-06-10,Close entry(s) order TEST,84,1,82.3,1.7,2.07,0,1.7,2.07,-7.1,-8.63,-488.6,-0.05,1
2183,Entry long,2020-06-09,TEST,82.3,1,82.3,1.7,2.07,0,1.7,2.07,-7.1,-8.63,-488.6,-0.05,1
2184,Exit long,2020-06-12,Close entry(s) order TEST,71.6,1,78.5,-6.9,-8.79,0,3,3.82,-6.9,-8.79,-495.5,-0.05,1
2184,Entry long,2020-06-11,TEST,78.5,1,78.5,-6.9,-8.79,0,3,3.82,-6.9,-8.79,-495.5,-0.05,1
2185,Exit long,2020-06-16,Close entry(s) order TEST,80.8,1,75.6,5.2,6.88,0,5.2,6.88,0,0.00,-490.3,-0.05,1
2185,Entry long,2020-06-15,TEST,75.6,1,75.6,5.2,6.88,0,5.2,6.88,0,0.00,-490.3,-0.05,1
2186,Exit long,2020-06-18,Close entry(s) order TEST,84.3,1,84.3,0,0.00,0,0.5,0.59,-7,-8.30,-490.3,-0.05,1
2186,Entry long,2020-06-17,TEST,84.3,1,84.3,0,0.00,0,0.5,0.59,-7,-8.30,-490.3,-0.05,1
2187,Exit long,2020-06-22,Close entry(s) order TEST,81.9,1,83,-1.1,-1.33,0,0.5,0.60,-2.8,-3.37,-491.4,-0.05,1
2187,Entry long,2020-06-19,TEST,83,1,83,-1.1,-1.33,0,0.5,0.60,-2.8,-3.37,-491.4,-0.05,1
2188,Exit long,2020-06-24,Close entry(s) order TEST,89.4,1,81.3,8.1,9.96,0,8.1,9.96,-0.7,-0.86,-483.3,-0.05,1
2188,Entry long,2020-06-23,TEST,81.3,1,81.3,8.1,9.96,0,8.1,9.96,-0.7,-0.86,-483.3,-0.05,1
2189,Exit long,2020-06-26,Close entry(s) order TEST,85.4,1,82.8,2.6,3.14,0,3.4,4.11,-1.4,-1.69,-480.7,-0.05,1
2189,Entry long,2020-06-25,TEST,82.8,1,82.8,2.6,3.14,0,3.4,4.11,-1.4,-1.69,-480.7,-0.05,1
2190,Exit long,2020-06-30,Close entry(s) order TEST,81.3,1,83.9,-2.6,-3.10,0,0,0.00,-4.6,-5.48,-483.3,-0.05,1
2190,Entry long,2020-06-29,TEST,83.9,1,83.9,-2.6,-3.10,0,0,0.00,-4.6,-5.48,-483.3,-0.05,1
2191,Exit long,2020-07-02,Close entry(s) order TEST,81,1,80.1,0.9,1.12,0,2.1,2.62,-2.7,-3.37,-482.4,-0.05,1
2191,Entry long,2020-07-01,TEST,80.1,1,80.1,0.9,1.12,0,2.1,2.62,-2.7,-3.37,-482.4,-0.05,1
2192,Exit long,2020-07-06,Close entry(s) order TEST,80.2,1,81.3,-1.1,-1.35,0,0.2,0.25,-2.1,-2.58,-483.5,-0.05,1
2192,Entry long,2020-07-03,TEST,81.3,1,81.3,-1.1,-1.35,0,0.2,0.25,-2.1,-2.58,-483.5,-0.05,1
2193,Exit long,2020-07-08,Close entry(s) order TEST,82.6,1,83.7,-1.1,-1.31,0,0.3,0.36,-2.3,-2.75,-484.6,-0.05,1
2193,Entry long,2020-07-07,TEST,83.7,1,83.7,-1.1,-1.31,0,0.3,0.36,-2.3,-2.75,-484.6,-0.05,1
2194,Exit long,2020-07-10,Close entry(s) order TEST,88.4,1,86,2.4,2.79,0,3.6,4.19,-0.3,-0.35,-482.2,-0.05,1
2194,Entry long,2020-07-09,TEST,86,1,86,2.4,2.79,0,3.6,4.19,-0.3,-0.35,-482.2,-0.05,1
2195,Exit long,2020-07-14,Close entry(s) order TEST,85,1,87.8,-2.8,-3.19,0,1.5,1.71,-2.8,-3.19,-485,-0.05,1
2195,Entry long,2020-07-13,TEST,87.8,1,87.8,-2.8,-3.19,0,1.5,1.71,-2.8,-3.19,-485,-0.05,1
2196,Exit long,2020-07-16,Close entry(s) order TEST,80.1,1,82.9,-2.8,-3.38,0,0.9,1.09,-4.4,-5.31,-487.8,-0.05,1
2196,Entry long,2020-07-15,TEST,82.9,1,82.9,-2.8,-3.38,0,0.9,1.09,-4.4,-5.31,-487.8,-0.05,1
2197,Exit long,2020-07-20,Close entry(s) order TEST,82.8,1,82.9,-0.1,-0.12,0,1.6,1.93,-0.7,-0.84,-487.9,-0.05,1
2197,Entry long,2020-07-17,TEST,82.9,1,82.9,-0.1,-0.12,0,1.6,1.93,-0.7,-0.84,-487.9,-0.05,1
2198,Exit long,2020-07-22,Close entry(s) order TEST,82.6,1,82.8,-0.2,-0.24,0,1.1,1.33,-2,-2.42,-488.1,-0.05,1
2198,Entry long,2020-07-21,TEST,82.8,1,82.8,-0.2,-0.24,0,1.1,1.33,-2,-2.42,-488.1,-0.05,1
2199,Exit long,2020-07-24,Close entry(s) order TEST,81.5,1,81.9,-0.4,-0.49,0,2,2.44,-0.8,-0.98,-488.5,-0.05,1
2199,Entry long,2020-07-23,TEST,81.9,1,81.9,-0.4,-0.49,0,2,2.44,-0.8,-0.98,-488.5,-0.05,1
2200,Exit long,2020-07-28,Close entry(s) order TEST,80.3,1,81.1,-0.8,-0.99,0,0.5,0.62,-1.3,-1.60,-489.3,-0.05,1
2200,Entry long,2020-07-27,TEST,81.1,1,81.1,-0.8,-0.99,0,0.5,0.62,-1.3,-1.60,-489.3,-0.05,1
2201,Exit long,2020-07-30,Close entry(s) order TEST,83.3,1,84.7,-1.4,-1.65,0,0,0.00,-2,-2.36,-490.7,-0.05,1
2201,Entry long,2020-07-29,TEST,84.7,1,84.7,-1.4,-1.65,0,0,0.00,-2,-2.36,-490.7,-0.05,1
2202,Exit long,2020-08-03,Close entry(s) order TEST,87.9,1,84.2,3.7,4.39,0,4.1,4.87,-1.2,-1.43,-487,-0.05,1
2202,Entry long,2020-07-31,TEST,84.2,1,84.2,3.7,4.39,0,4.1,4.87,-1.2,-1.43,-487,-0.05,1
2203,Exit long,2020-08-05,Close entry(s) order TEST,101.5,1,96.8,4.7,4.86,0,4.7,4.86,-1.2,-1.24,-482.3,-0.05,1
2203,Entry long,2020-08-04,TEST,96.8,1,96.8,4.7,4.86,0,4.7,4.86,-1.2,-1.24,-482.3,-0.05,1
2204,Exit long,2020-08-07,Close entry(s) order TEST,101.8,1,99.7,2.1,2.11,0,2.1,2.11,-2.3,-2.31,-480.2,-0.05,1
2204,Entry long,2020-08-06,TEST,99.7,1,99.7,2.1,2.11,0,2.1,2.11,-2.3,-2.31,-480.2,-0.05,1
2205,Exit long,2020-08-11,Close entry(s) order TEST,103.7,1,103.7,0,0.00,0,2.3,2.22,-1,-0.96,-480.2,-0.05,1
2205,Entry long,2020-08-10,TEST,103.7,1,103.7,0,0.00,0,2.3,2.22,-1,-0.96,-480.2,-0.05,1
2206,Exit long,2020-08-13,Close entry(s) order TEST,113.5,1,109.9,3.6,3.28,0,4.3,3.91,-3.2,-2.91,-476.6,-0.05,1
2206,Entry long,2020-08-12,TEST,109.9,1,109.9,3.6,3.28,0,4.3,3.91,-3.2,-2.91,-476.6,-0.05,1
2207,Exit long,2020-08-17,Close entry(s) order TEST,108,1,112,-4,-3.57,0,1.8,1.61,-6.4,-5.71,-480.6,-0.05,1
2207,Entry long,2020-08-14,TEST,112,1,112,-4,-3.57,0,1.8,1.61,-6.4,-5.71,-480.6,-0.05,1
2208,Exit long,2020-08-19,Close entry(s) order TEST,115.8,1,110.4,5.4,4.89,0,5.4,4.89,-1.4,-1.27,-475.2,-0.05,1
2208,Entry long,2020-08-18,TEST,110.4,1,110.4,5.4,4.89,0,5.4,4.89,-1.4,-1.27,-475.2,-0.05,1
2209,Exit long,2020-08-21,Close entry(s) order TEST,117.8,1,114,3.8,3.33,0,3.8,3.33,-0.9,-0.79,-471.4,-0.05,1
2209,Entry long,2020-08-20,TEST,114,1,114,3.8,3.33,0,3.8,3.33,-0.9,-0.79,-471.4,-0.05,1
2210,Exit long,2020-08-25,Close entry(s) order TEST,118.8,1,116.2,2.6,2.24,0,2.6,2.24,-0.4,-0.34,-468.8,-0.05,1
2210,Entry long,2020-08-24,TEST,116.2,1,116.2,2.6,2.24,0,2.6,2.24,-0.4,-0.34,-468.8,-0.05,1
2211,Exit long,2020-08-27,Close entry(s) order TEST,115.8,1,115.5,0.3,0.26,0,2.5,2.16,-1.3,-1.13,-468.5,-0.05,1
2211,Entry long,2020-08-26,TEST,115.5,1,115.5,0.3,0.26,0,2.5,2.16,-1.3,-1.13,-468.5,-0.05,1
2212,Exit long,2020-08-31,Close entry(s) order TEST,114.1,1,116.1,-2,-1.72,0,0.8,0.69,-3.1,-2.67,-470.5,-0.05,1
2212,Entry long,2020-08-28,TEST,116.1,1,116.1,-2,-1.72,0,0.8,0.69,-3.1,-2.67,-470.5,-0.05,1
2213,Exit long,2020-09-02,Close entry(s) order TEST,108.1,1,104.1,4,3.84,0,6.2,5.96,-1.1,-1.06,-466.5,-0.05,1
2213,Entry long,2020-09-01,TEST,104.1,1,104.1,4,3.84,0,6.2,5.96,-1.1,-1.06,-466.5,-0.05,1
2214,Exit long,2020-09-04,Close entry(s) order TEST,105.5,1,109.6,-4.1,-3.74,0,2.5,2.28,-4.1,-3.74,-470.6,-0.05,1
2214,Entry long,2020-09-03,TEST,109.6,1,109.6,-4.1,-3.74,0,2.5,2.28,-4.1,-3.74,-470.6,-0.05,1
2215,Exit long,2020-09-08,Close entry(s) order TEST,106,1,106.8,-0.8,-0.75,0,3.2,3.00,-0.8,-0.75,-471.4,-0.05,1
2215,Entry long,2020-09-07,TEST,106.8,1,106.8,-0.8,-0.75,0,3.2,3.00,-0.8,-0.75,-471.4,-0.05,1
2216,Exit long,2020-09-10,Close entry(s) order TEST,96.9,1,98.6,-1.7,-1.72,0,1,1.01,-2.4,-2.43,-473.1,-0.05,1
2216,Entry long,2020-09-09,TEST,98.6,1,98.6,-1.7,-1.72,0,1,1.01,-2.4,-2.43,-473.1,-0.05,1
2217,Exit long,2020-09-14,Close entry(s) order TEST,100.1,1,99.4,0.7,0.70,0,0.7,0.70,-1.9,-1.91,-472.4,-0.05,1
2217,Entry long,2020-09-11,TEST,99.4,1,99.4,0.7,0.70,0,0.7,0.70,-1.9,-1.91,-472.4,-0.05,1
2218,Exit long,2020-09-16,Close entry(s) order TEST,109,1,108.1,0.9,0.83,0,0.9,0.83,-4.4,-4.07,-471.5,-0.05,1
2218,Entry long,2020-09-15,TEST,108.1,1,108.1,0.9,0.83,0,0.9,0.83,-4.4,-4.07,-471.5,-0.05,1
2219,Exit long,2020-09-18,Close entry(s) order TEST,112.8,1,109.6,3.2,2.92,0,3.2,2.92,-2.6,-2.37,-468.3,-0.05,1
2219,Entry long,2020-09-17,TEST,109.6,1,109.6,3.2,2.92,0,3.2,2.92,-2.6,-2.37,-468.3,-0.05,1
2220,Exit long,2020-09-22,Close entry(s) order TEST,107.2,1,115.4,-8.2,-7.11,0,0,0.00,-8.2,-7.11,-476.5,-0.05,1
2220,Entry long,2020-09-21,TEST,115.4,1,115.4,-8.2,-7.11,0,0,0.00,-8.2,-7.11,-476.5,-0.05,1
2221,Exit long,2020-09-24,Close entry(s) order TEST,97.7,1,105,-7.3,-6.95,0,1.8,1.71,-7.3,-6.95,-483.8,-0.05,1
2221,Entry long,2020-09-23,TEST,105,1,105,-7.3,-6.95,0,1.8,1.71,-7.3,-6.95,-483.8,-0.05,1
2222,Exit long,2020-09-28,Close entry(s) order TEST,105,1,100,5,5.00,0,5,5.00,-1.5,-1.50,-478.8,-0.05,1
2222,Entry long,2020-09-25,TEST,100,1,100,5,5.00,0,5,5.00,-1.5,-1.50,-478.8,-0.05,1
2223,Exit long,2020-09-30,Close entry(s) order TEST,113.7,1,110,3.7,3.36,0,3.7,3.36,-2.7,-2.45,-475.1,-0.05,1
2223,Entry long,2020-09-29,TEST,110,1,110,3.7,3.36,0,3.7,3.36,-2.7,-2.45,-475.1,-0.05,1
2224,Exit long,2020-10-05,Close entry(s) order TEST,113,1,115,-2,-1.74,0,1.3,1.13,-3.8,-3.30,-477.1,-0.05,1
2224,Entry long,2020-10-01,TEST,115,1,115,-2,-1.74,0,1.3,1.13,-3.8,-3.30,-477.1,-0.05,1
2225,Exit long,2020-10-07,Close entry(s) order TEST,119.7,1,119,0.7,0.59,0,4.2,3.53,-1.7,-1.43,-476.4,-0.05,1
2225,Entry long,2020-10-06,TEST,119,1,119,0.7,0.59,0,4.2,3.53,-1.7,-1.43,-476.4,-0.05,1
2226,Exit long,2020-10-09,Close entry(s) order TEST,114.7,1,118,-3.3,-2.80,0,0.7,0.59,-4.7,-3.98,-479.7,-0.05,1
2226,Entry long,2020-10-08,TEST,118,1,118,-3.3,-2.80,0,0.7,0.59,-4.7,-3.98,-479.7,-0.05,1
2227,Exit long,2020-10-13,Close entry(s) order TEST,106.9,1,115,-8.1,-7.04,0,0.7,0.61,-9,-7.83,-487.8,-0.05,1
2227,Entry long,2020-10-12,TEST,115,1,115,-8.1,-7.04,0,0.7,0.61,-9,-7.83,-487.8,-0.05,1
2228,Exit long,2020-10-15,Close entry(s) order TEST,113,1,107,6,5.61,0,7.4,6.92,-1.7,-1.59,-481.8,-0.05,1
2228,Entry long,2020-10-14,TEST,107,1,107,6,5.61,0,7.4,6.92,-1.7,-1.59,-481.8,-0.05,1
2229,Exit long,2020-10-19,Close entry(s) order TEST,115.8,1,109,6.8,6.24,0,7.5,6.88,0,0.00,-475,-0.05,1
2229,Entry long,2020-10-16,TEST,109,1,109,6.8,6.24,0,7.5,6.88,0,0.00,-475,-0.05,1
2230,Exit long,2020-10-21,Close entry(s) order TEST,113.9,1,114.8,-0.9,-0.78,0,0.7,0.61,-3.3,-2.87,-475.9,-0.05,1
2230,Entry long,2020-10-20,TEST,114.8,1,114.8,-0.9,-0.78,0,0.7,0.61,-3.3,-2.87,-475.9,-0.05,1
2231,Exit long,2020-10-23,Close entry(s) order TEST,117.6,1,109.1,8.5,7.79,0,8.7,7.97,0,0.00,-467.4,-0.05,1
2231,Entry long,2020-10-22,TEST,109.1,1,109.1,8.5,7.79,0,8.7,7.97,0,0.00,-467.4,-0.05,1
2232,Exit long,2020-10-27,Close entry(s) order TEST,114,1,118.3,-4.3,-3.63,0,0,0.00,-4.6,-3.89,-471.7,-0.05,1
2232,Entry long,2020-10-26,TEST,118.3,1,118.3,-4.3,-3.63,0,0,0.00,-4.6,-3.89,-471.7,-0.05,1
2233,Exit long,2020-10-29,Close entry(s) order TEST,112.6,1,114.8,-2.2,-1.92,0,1.7,1.48,-2.2,-1.92,-473.9,-0.05,1
2233,Entry long,2020-10-28,TEST,114.8,1,114.8,-2.2,-1.92,0,1.7,1.48,-2.2,-1.92,-473.9,-0.05,1
2234,Exit long,2020-11-02,Close entry(s) order TEST,108,1,114.2,-6.2,-5.43,0,0.1,0.09,-9,-7.88,-480.1,-0.05,1
2234,Entry long,2020-10-30,TEST,114.2,1,114.2,-6.2,-5.43,0,0.1,0.09,-9,-7.88,-480.1,-0.05,1
2235,Exit long,2020-11-04,Close entry(s) order TEST,102,1,102.7,-0.7,-0.68,0,1.6,1.56,-2.6,-2.53,-480.8,-0.05,1
2235,Entry long,2020-11-03,TEST,102.7,1,102.7,-0.7,-0.68,0,1.6,1.56,-2.6,-2.53,-480.8,-0.05,1
2236,Exit long,2020-11-06,Close entry(s) order TEST,101.8,1,102.4,-0.6,-0.59,0,1.2,1.17,-2.4,-2.34,-481.4,-0.05,1
2236,Entry long,2020-11-05,TEST,102.4,1,102.4,-0.6,-0.59,0,1.2,1.17,-2.4,-2.34,-481.4,-0.05,1
2237,Exit long,2020-11-10,Close entry(s) order TEST,104.5,1,101.5,3,2.96,0,3,2.96,-0.5,-0.49,-478.4,-0.05,1
2237,Entry long,2020-11-09,TEST,101.5,1,101.5,3,2.96,0,3,2.96,-0.5,-0.49,-478.4,-0.05,1
2238,Exit long,2020-11-12,Close entry(s) order TEST,101.9,1,102.6,-0.7,-0.68,0,0.4,0.39,-2.1,-2.05,-479.1,-0.05,1
2238,Entry long,2020-11-11,TEST,102.6,1,102.6,-0.7,-0.68,0,0.4,0.39,-2.1,-2.05,-479.1,-0.05,1
2239,Exit long,2020-11-14,Close entry(s) order TEST,102,1,102,0,0.00,0,1.9,1.86,-2,-1.96,-479.1,-0.05,1
2239,Entry long,2020-11-13,TEST,102,1,102,0,0.00,0,1.9,1.86,-2,-1.96,-479.1,-0.05,1
2240,Exit long,2020-11-18,Close entry(s) order TEST,107,1,102.2,4.8,4.70,0,8.6,8.41,-0.7,-0.68,-474.3,-0.05,1
2240,Entry long,2020-11-17,TEST,102.2,1,102.2,4.8,4.70,0,8.6,8.41,-0.7,-0.68,-474.3,-0.05,1
2241,Exit long,2020-11-20,Close entry(s) order TEST,108.8,1,109,-0.2,-0.18,0,3,2.75,-3.3,-3.03,-474.5,-0.05,1
2241,Entry long,2020-11-19,TEST,109,1,109,-0.2,-0.18,0,3,2.75,-3.3,-3.03,-474.5,-0.05,1
2242,Exit long,2020-11-24,Close entry(s) order TEST,112,1,113.8,-1.8,-1.58,0,0,0.00,-2.7,-2.37,-476.3,-0.05,1
2242,Entry long,2020-11-23,TEST,113.8,1,113.8,-1.8,-1.58,0,0,0.00,-2.7,-2.37,-476.3,-0.05,1
2243,Exit long,2020-11-26,Close entry(s) order TEST,116.1,1,112.3,3.8,3.38,0,3.8,3.38,-1,-0.89,-472.5,-0.05,1
2243,Entry long,2020-11-25,TEST,112.3,1,112.3,3.8,3.38,0,3.8,3.38,-1,-0.89,-472.5,-0.05,1
2244,Exit long,2020-12-01,Close entry(s) order TEST,118.2,1,116,2.2,1.90,0,4,3.45,-1,-0.86,-470.3,-0.05,1
2244,Entry long,2020-11-27,TEST,116,1,116,2.2,1.90,0,4,3.45,-1,-0.86,-470.3,-0.05,1
2245,Exit long,2020-12-03,Close entry(s) order TEST,127.3,1,126.6,0.7,0.55,0,1.4,1.11,-3.8,-3.00,-469.6,-0.05,1
2245,Entry long,2020-12-02,TEST,126.6,1,126.6,0.7,0.55,0,1.4,1.11,-3.8,-3.00,-469.6,-0.05,1
2246,Exit long,2020-12-07,Close entry(s) order TEST,126.7,1,129.1,-2.4,-1.86,0,0.7,0.54,-5.1,-3.95,-472,-0.05,1
2246,Entry long,2020-12-04,TEST,129.1,1,129.1,-2.4,-1.86,0,0.7,0.54,-5.1,-3.95,-472,-0.05,1
2247,Exit long,2020-12-09,Close entry(s) order TEST,126.3,1,130,-3.7,-2.85,0,0.1,0.08,-7.3,-5.62,-475.7,-0.05,1
2247,Entry long,2020-12-08,TEST,130,1,130,-3.7,-2.85,0,0.1,0.08,-7.3,-5.62,-475.7,-0.05,1
2248,Exit long,2020-12-11,Close entry(s) order TEST,132.9,1,125.6,7.3,5.81,0,7.3,5.81,-2.4,-1.91,-468.4,-0.05,1
2248,Entry long,2020-12-10,TEST,125.6,1,125.6,7.3,5.81,0,7.3,5.81,-2.4,-1.91,-468.4,-0.05,1
2249,Exit long,2020-12-15,Close entry(s) order TEST,130,1,134.8,-4.8,-3.56,0,1.2,0.89,-5.3,-3.93,-473.2,-0.05,1
2249,Entry long,2020-12-14,TEST,134.8,1,134.8,-4.8,-3.56,0,1.2,0.89,-5.3,-3.93,-473.2,-0.05,1
2250,Exit long,2020-12-17,Close entry(s) order TEST,137.6,1,140,-2.4,-1.71,0,1.3,0.93,-3.6,-2.57,-475.6,-0.05,1
2250,Entry long,2020-12-16,TEST,140,1,140,-2.4,-1.71,0,1.3,0.93,-3.6,-2.57,-475.6,-0.05,1
2251,Exit long,2020-12-21,Close entry(s) order TEST,131.5,1,135.8,-4.3,-3.17,0,0.3,0.22,-6,-4.42,-479.9,-0.05,1
2251,Entry long,2020-12-18,TEST,135.8,1,135.8,-4.3,-3.17,0,0.3,0.22,-6,-4.42,-479.9,-0.05,1
2252,Exit long,2020-12-23,Close entry(s) order TEST,126.4,1,119,7.4,6.22,0,7.5,6.30,-8,-6.72,-472.5,-0.05,1
2252,Entry long,2020-12-22,TEST,119,1,119,7.4,6.22,0,7.5,6.30,-8,-6.72,-472.5,-0.05,1
2253,Exit long,2020-12-28,Close entry(s) order TEST,130,1,127.5,2.5,1.96,0,2.5,1.96,-3.7,-2.90,-470,-0.05,1
2253,Entry long,2020-12-24,TEST,127.5,1,127.5,2.5,1.96,0,2.5,1.96,-3.7,-2.90,-470,-0.05,1
2254,Exit long,2020-12-30,Close entry(s) order TEST,131.2,1,134.9,-3.7,-2.74,0,0,0.00,-4.9,-3.63,-473.7,-0.05,1
2254,Entry long,2020-12-29,TEST,134.9,1,134.9,-3.7,-2.74,0,0,0.00,-4.9,-3.63,-473.7,-0.05,1
2255,Exit long,2021-01-01,Close entry(s) order TEST,132.5,1,136.4,-3.9,-2.86,0,0.5,0.37,-3.9,-2.86,-477.6,-0.05,1
2255,Entry long,2020-12-31,TEST,136.4,1,136.4,-3.9,-2.86,0,0.5,0.37,-3.9,-2.86,-477.6,-0.05,1
2256,Exit long,2021-01-05,Close entry(s) order TEST,132.3,1,132.6,-0.3,-0.23,0,3.3,2.49,-1,-0.75,-477.9,-0.05,1
2256,Entry long,2021-01-04,TEST,132.6,1,132.6,-0.3,-0.23,0,3.3,2.49,-1,-0.75,-477.9,-0.05,1
2257,Exit long,2021-01-07,Close entry(s) order TEST,133.2,1,134,-0.8,-0.60,0,1,0.75,-3.9,-2.91,-478.7,-0.05,1
2257,Entry long,2021-01-06,TEST,134,1,134,-0.8,-0.60,0,1,0.75,-3.9,-2.91,-478.7,-0.05,1
2258,Exit long,2021-01-11,Close entry(s) order TEST,143.8,1,143.4,0.4,0.28,0,2.1,1.46,-3.4,-2.37,-478.3,-0.05,1
2258,Entry long,2021-01-08,TEST,143.4,1,143.4,0.4,0.28,0,2.1,1.46,-3.4,-2.37,-478.3,-0.05,1
2259,Exit long,2021-01-13,Close entry(s) order TEST,140,1,139.5,0.5,0.36,0,3,2.15,-2.6,-1.86,-477.8,-0.05,1
2259,Entry long,2021-01-12,TEST,139.5,1,139.5,0.5,0.36,0,3,2.15,-2.6,-1.86,-477.8,-0.05,1
2260,Exit long,2021-01-15,Close entry(s) order TEST,137.3,1,141,-3.7,-2.62,0,0.9,0.64,-3.7,-2.62,-481.5,-0.05,1
2260,Entry long,2021-01-14,TEST,141,1,141,-3.7,-2.62,0,0.9,0.64,-3.7,-2.62,-481.5,-0.05,1
2261,Exit long,2021-01-19,Close entry(s) order TEST,129.7,1,135,-5.3,-3.93,0,1.5,1.11,-7.1,-5.26,-486.8,-0.05,1
2261,Entry long,2021-01-18,TEST,135,1,135,-5.3,-3.93,0,1.5,1.11,-7.1,-5.26,-486.8,-0.05,1
2262,Exit long,2021-01-21,Close entry(s) order TEST,134.5,1,133.7,0.8,0.60,0,0.8,0.60,-2.9,-2.17,-486,-0.05,1
2262,Entry long,2021-01-20,TEST,133.7,1,133.7,0.8,0.60,0,0.8,0.60,-2.9,-2.17,-486,-0.05,1
2263,Exit long,2021-01-25,Close entry(s) order TEST,129.9,1,133.8,-3.9,-2.91,0,0,0.00,-7.2,-5.38,-489.9,-0.05,1
2263,Entry long,2021-01-22,TEST,133.8,1,133.8,-3.9,-2.91,0,0,0.00,-7.2,-5.38,-489.9,-0.05,1
2264,Exit long,2021-01-28,Close entry(s) order TEST,126.2,1,124,2.2,1.77,0,4.6,3.71,-3,-2.42,-487.7,-0.05,1
2264,Entry long,2021-01-27,TEST,124,1,124,2.2,1.77,0,4.6,3.71,-3,-2.42,-487.7,-0.05,1
2265,Exit long,2021-02-01,Close entry(s) order TEST,120.1,1,124.4,-4.3,-3.46,0,0.8,0.64,-4.9,-3.94,-492,-0.05,1
2265,Entry long,2021-01-29,TEST,124.4,1,124.4,-4.3,-3.46,0,0.8,0.64,-4.9,-3.94,-492,-0.05,1
2266,Exit long,2021-02-03,Close entry(s) order TEST,124.5,1,125,-0.5,-0.40,0,0.6,0.48,-2.7,-2.16,-492.5,-0.05,1
2266,Entry long,2021-02-02,TEST,125,1,125,-0.5,-0.40,0,0.6,0.48,-2.7,-2.16,-492.5,-0.05,1
2267,Exit long,2021-02-05,Close entry(s) order TEST,129,1,126.5,2.5,1.98,0,2.5,1.98,-2.2,-1.74,-490,-0.05,1
2267,Entry long,2021-02-04,TEST,126.5,1,126.5,2.5,1.98,0,2.5,1.98,-2.2,-1.74,-490,-0.05,1
2268,Exit long,2021-02-09,Close entry(s) order TEST,126.5,1,127.2,-0.7,-0.55,0,0.4,0.31,-1.8,-1.42,-490.7,-0.05,1
2268,Entry long,2021-02-08,TEST,127.2,1,127.2,-0.7,-0.55,0,0.4,0.31,-1.8,-1.42,-490.7,-0.05,1
2269,Exit long,2021-02-11,Close entry(s) order TEST,123,1,123.1,-0.1,-0.08,0,1.6,1.30,-0.9,-0.73,-490.8,-0.05,1
2269,Entry long,2021-02-10,TEST,123.1,1,123.1,-0.1,-0.08,0,1.6,1.30,-0.9,-0.73,-490.8,-0.05,1
2270,Exit long,2021-02-15,Close entry(s) order TEST,123,1,125,-2,-1.60,0,0.7,0.56,-3.4,-2.72,-492.8,-0.05,1
2270,Entry long,2021-02-12,TEST,125,1,125,-2,-1.60,0,0.7,0.56,-3.4,-2.72,-492.8,-0.05,1
2271,Exit long,2021-02-17,Close entry(s) order TEST,126,1,124.9,1.1,0.88,0,1.4,1.12,-0.9,-0.72,-491.7,-0.05,1
2271,Entry long,2021-02-16,TEST,124.9,1,124.9,1.1,0.88,0,1.4,1.12,-0.9,-0.72,-491.7,-0.05,1
2272,Exit long,2021-02-19,Close entry(s) order TEST,126.7,1,125.4,1.3,1.04,0,2.7,2.15,-1.4,-1.12,-490.4,-0.05,1
2272,Entry long,2021-02-18,TEST,125.4,1,125.4,1.3,1.04,0,2.7,2.15,-1.4,-1.12,-490.4,-0.05,1
2273,Exit long,2021-02-23,Close entry(s) order TEST,123.1,1,125.8,-2.7,-2.15,0,0.5,0.40,-4.7,-3.74,-493.1,-0.05,1
2273,Entry long,2021-02-22,TEST,125.8,1,125.8,-2.7,-2.15,0,0.5,0.40,-4.7,-3.74,-493.1,-0.05,1
2274,Exit long,2021-02-25,Close entry(s) order TEST,126.4,1,122.5,3.9,3.18,0,3.9,3.18,-0.3,-0.24,-489.2,-0.05,1
2274,Entry long,2021-02-24,TEST,122.5,1,122.5,3.9,3.18,0,3.9,3.18,-0.3,-0.24,-489.2,-0.05,1
2275,Exit long,2021-03-01,Close entry(s) order TEST,131.6,1,129,2.6,2.02,0,5,3.88,-3.5,-2.71,-486.6,-0.05,1
2275,Entry long,2021-02-26,TEST,129,1,129,2.6,2.02,0,5,3.88,-3.5,-2.71,-486.6,-0.05,1
2276,Exit long,2021-03-03,Close entry(s) order TEST,134.4,1,133.1,1.3,0.98,0,2.7,2.03,-1.7,-1.28,-485.3,-0.05,1
2276,Entry long,2021-03-02,TEST,133.1,1,133.1,1.3,0.98,0,2.7,2.03,-1.7,-1.28,-485.3,-0.05,1
2277,Exit long,2021-03-05,Close entry(s) order TEST,138,1,131,7,5.34,0,12,9.16,-0.4,-0.31,-478.3,-0.05,1
2277,Entry long,2021-03-04,TEST,131,1,131,7,5.34,0,12,9.16,-0.4,-0.31,-478.3,-0.05,1
2278,Exit long,2021-03-09,Close entry(s) order TEST,137.6,1,134.2,3.4,2.53,0,5.7,4.25,-0.2,-0.15,-474.9,-0.05,1
2278,Entry long,2021-03-08,TEST,134.2,1,134.2,3.4,2.53,0,5.7,4.25,-0.2,-0.15,-474.9,-0.05,1
2279,Exit long,2021-03-12,Close entry(s) order TEST,137.5,1,133.8,3.7,2.77,0,3.7,2.77,-3.3,-2.47,-471.2,-0.05,1
2279,Entry long,2021-03-10,TEST,133.8,1,133.8,3.7,2.77,0,3.7,2.77,-3.3,-2.47,-471.2,-0.05,1
2280,Exit long,2021-03-16,Close entry(s) order TEST,131.4,1,133.1,-1.7,-1.28,0,0.2,0.15,-5.4,-4.06,-472.9,-0.05,1
2280,Entry long,2021-03-15,TEST,133.1,1,133.1,-1.7,-1.28,0,0.2,0.15,-5.4,-4.06,-472.9,-0.05,1
2281,Exit long,2021-03-18,Close entry(s) order TEST,129.5,1,130.6,-1.1,-0.84,0,1.7,1.30,-2.6,-1.99,-474,-0.05,1
2281,Entry long,2021-03-17,TEST,130.6,1,130.6,-1.1,-0.84,0,1.7,1.30,-2.6,-1.99,-474,-0.05,1
2282,Exit long,2021-03-22,Close entry(s) order TEST,134.9,1,134,0.9,0.67,0,3.3,2.46,-5,-3.73,-473.1,-0.05,1
2282,Entry long,2021-03-19,TEST,134,1,134,0.9,0.67,0,3.3,2.46,-5,-3.73,-473.1,-0.05,1
2283,Exit long,2021-03-24,Close entry(s) order TEST,134.1,1,136,-1.9,-1.40,0,1.5,1.10,-1.9,-1.40,-475,-0.05,1
2283,Entry long,2021-03-23,TEST,136,1,136,-1.9,-1.40,0,1.5,1.10,-1.9,-1.40,-475,-0.05,1
2284,Exit long,2021-03-26,Close entry(s) order TEST,134.9,1,131.7,3.2,2.43,0,3.3,2.51,-2.9,-2.20,-471.8,-0.05,1
2284,Entry long,2021-03-25,TEST,131.7,1,131.7,3.2,2.43,0,3.3,2.51,-2.9,-2.20,-471.8,-0.05,1
2285,Exit long,2021-03-31,Close entry(s) order TEST,134.5,1,135.6,-1.1,-0.81,0,0.7,0.52,-4.2,-3.10,-472.9,-0.05,1
2285,Entry long,2021-03-30,TEST,135.6,1,135.6,-1.1,-0.81,0,0.7,0.52,-4.2,-3.10,-472.9,-0.05,1
2286,Exit long,2021-04-05,Close entry(s) order TEST,148.5,1,140.7,7.8,5.54,0,8.1,5.76,-0.1,-0.07,-465.1,-0.05,1
2286,Entry long,2021-04-01,TEST,140.7,1,140.7,7.8,5.54,0,8.1,5.76,-0.1,-0.07,-465.1,-0.05,1
2287,Exit long,2021-04-07,Close entry(s) order TEST,142.3,1,139,3.3,2.37,0,5.4,3.88,-1.9,-1.37,-461.8,-0.05,1
2287,Entry long,2021-04-06,TEST,139,1,139,3.3,2.37,0,5.4,3.88,-1.9,-1.37,-461.8,-0.05,1
2288,Exit long,2021-04-09,Close entry(s) order TEST,154,1,150.9,3.1,2.05,0,14,9.28,-0.9,-0.60,-458.7,-0.05,1
2288,Entry long,2021-04-08,TEST,150.9,1,150.9,3.1,2.05,0,14,9.28,-0.9,-0.60,-458.7,-0.05,1
2289,Exit long,2021-04-13,Close entry(s) order TEST,150.1,1,155,-4.9,-3.16,0,0.3,0.19,-8.2,-5.29,-463.6,-0.05,1
2289,Entry long,2021-04-12,TEST,155,1,155,-4.9,-3.16,0,0.3,0.19,-8.2,-5.29,-463.6,-0.05,1
2290,Exit long,2021-04-16,Close entry(s) order TEST,145.9,1,148.6,-2.7,-1.82,0,3.3,2.22,-5.9,-3.97,-466.3,-0.05,1
2290,Entry long,2021-04-15,TEST,148.6,1,148.6,-2.7,-1.82,0,3.3,2.22,-5.9,-3.97,-466.3,-0.05,1
2291,Exit long,2021-04-20,Close entry(s) order TEST,139,1,139.6,-0.6,-0.43,0,0.2,0.14,-6.1,-4.37,-466.9,-0.05,1
2291,Entry long,2021-04-19,TEST,139.6,1,139.6,-0.6,-0.43,0,0.2,0.14,-6.1,-4.37,-466.9,-0.05,1
2292,Exit long,2021-04-23,Close entry(s) order TEST,136.3,1,136.9,-0.6,-0.44,0,3.1,2.26,-1.8,-1.31,-467.5,-0.05,1
2292,Entry long,2021-04-22,TEST,136.9,1,136.9,-0.6,-0.44,0,3.1,2.26,-1.8,-1.31,-467.5,-0.05,1
2293,Exit long,2021-04-27,Close entry(s) order TEST,145.8,1,140,5.8,4.14,0,5.8,4.14,-1.5,-1.07,-461.7,-0.05,1
2293,Entry long,2021-04-26,TEST,140,1,140,5.8,4.14,0,5.8,4.14,-1.5,-1.07,-461.7,-0.05,1
2294,Exit long,2021-04-29,Close entry(s) order TEST,149.5,1,154,-4.5,-2.92,0,3.9,2.53,-6.4,-4.16,-466.2,-0.05,1
2294,Entry long,2021-04-28,TEST,154,1,154,-4.5,-2.92,0,3.9,2.53,-6.4,-4.16,-466.2,-0.05,1
2295,Exit long,2021-05-03,Close entry(s) order TEST,143.4,1,144.6,-1.2,-0.83,0,3.4,2.35,-2.6,-1.80,-467.4,-0.05,1
2295,Entry long,2021-04-30,TEST,144.6,1,144.6,-1.2,-0.83,0,3.4,2.35,-2.6,-1.80,-467.4,-0.05,1
2296,Exit long,2021-05-05,Close entry(s) order TEST,140.4,1,146.9,-6.5,-4.42,0,0,0.00,-8.6,-5.85,-473.9,-0.05,1
2296,Entry long,2021-05-04,TEST,146.9,1,146.9,-6.5,-4.42,0,0,0.00,-8.6,-5.85,-473.9,-0.05,1
2297,Exit long,2021-05-07,Close entry(s) order TEST,145,1,141.9,3.1,2.18,0,3.5,2.47,-0.9,-0.63,-470.8,-0.05,1
2297,Entry long,2021-05-06,TEST,141.9,1,141.9,3.1,2.18,0,3.5,2.47,-0.9,-0.63,-470.8,-0.05,1
2298,Exit long,2021-05-11,Close entry(s) order TEST,146.7,1,146.9,-0.2,-0.14,0,3.9,2.65,-0.4,-0.27,-471,-0.05,1
2298,Entry long,2021-05-10,TEST,146.9,1,146.9,-0.2,-0.14,0,3.9,2.65,-0.4,-0.27,-471,-0.05,1
2299,Exit long,2021-05-14,Close entry(s) order TEST,145.7,1,145.3,0.4,0.28,0,2.2,1.51,-1.7,-1.17,-470.6,-0.05,1
2299,Entry long,2021-05-12,TEST,145.3,1,145.3,0.4,0.28,0,2.2,1.51,-1.7,-1.17,-470.6,-0.05,1
2300,Exit long,2021-05-18,Close entry(s) order TEST,143,1,144,-1,-0.69,0,0.9,0.63,-1.9,-1.32,-471.6,-0.05,1
2300,Entry long,2021-05-17,TEST,144,1,144,-1,-0.69,0,0.9,0.63,-1.9,-1.32,-471.6,-0.05,1
2301,Exit long,2021-05-20,Close entry(s) order TEST,144.8,1,142,2.8,1.97,0,4,2.82,0,0.00,-468.8,-0.05,1
2301,Entry long,2021-05-19,TEST,142,1,142,2.8,1.97,0,4,2.82,0,0.00,-468.8,-0.05,1
2302,Exit long,2021-05-24,Close entry(s) order TEST,149,1,142.6,6.4,4.49,0,6.6,4.63,0,0.00,-462.4,-0.05,1
2302,Entry long,2021-05-21,TEST,142.6,1,142.6,6.4,4.49,0,6.6,4.63,0,0.00,-462.4,-0.05,1
2303,Exit long,2021-05-26,Close entry(s) order TEST,144.2,1,150,-5.8,-3.87,0,0.6,0.40,-5.8,-3.87,-468.2,-0.05,1
2303,Entry long,2021-05-25,TEST,150,1,150,-5.8,-3.87,0,0.6,0.40,-5.8,-3.87,-468.2,-0.05,1
2304,Exit long,2021-05-28,Close entry(s) order TEST,149.9,1,144.8,5.1,3.52,0,6,4.14,-1.3,-0.90,-463.1,-0.05,1
2304,Entry long,2021-05-27,TEST,144.8,1,144.8,5.1,3.52,0,6,4.14,-1.3,-0.90,-463.1,-0.05,1
2305,Exit long,2021-06-01,Close entry(s) order TEST,153,1,150.2,2.8,1.86,0,3.4,2.26,-2.2,-1.46,-460.3,-0.05,1
2305,Entry long,2021-05-31,TEST,150.2,1,150.2,2.8,1.86,0,3.4,2.26,-2.2,-1.46,-460.3,-0.05,1
2306,Exit long,2021-06-03,Close entry(s) order TEST,150.6,1,145.9,4.7,3.22,0,5.7,3.91,-0.8,-0.55,-455.6,-0.05,1
2306,Entry long,2021-06-02,TEST,145.9,1,145.9,4.7,3.22,0,5.7,3.91,-0.8,-0.55,-455.6,-0.05,1
2307,Exit long,2021-06-07,Close entry(s) order TEST,153.7,1,150.3,3.4,2.26,0,3.4,2.26,-2.9,-1.93,-452.2,-0.05,1
2307,Entry long,2021-06-04,TEST,150.3,1,150.3,3.4,2.26,0,3.4,2.26,-2.9,-1.93,-452.2,-0.05,1
2308,Exit long,2021-06-09,Close entry(s) order TEST,165,1,156.1,8.9,5.70,0,8.9,5.70,-3.4,-2.18,-443.3,-0.04,1
2308,Entry long,2021-06-08,TEST,156.1,1,156.1,8.9,5.70,0,8.9,5.70,-3.4,-2.18,-443.3,-0.04,1
2309,Exit long,2021-06-11,Close entry(s) order TEST,156.4,1,158.3,-1.9,-1.20,0,2.6,1.64,-4.2,-2.65,-445.2,-0.04,1
2309,Entry long,2021-06-10,TEST,158.3,1,158.3,-1.9,-1.20,0,2.6,1.64,-4.2,-2.65,-445.2,-0.04,1
2310,Exit long,2021-06-15,Close entry(s) order TEST,150.4,1,153.5,-3.1,-2.02,0,0,0.00,-5.4,-3.52,-448.3,-0.04,1
2310,Entry long,2021-06-14,TEST,153.5,1,153.5,-3.1,-2.02,0,0,0.00,-5.4,-3.52,-448.3,-0.04,1
2311,Exit long,2021-06-17,Close entry(s) order TEST,150.9,1,155,-4.1,-2.65,0,1.8,1.16,-4.1,-2.65,-452.4,-0.05,1
2311,Entry long,2021-06-16,TEST,155,1,155,-4.1,-2.65,0,1.8,1.16,-4.1,-2.65,-452.4,-0.05,1
2312,Exit long,2021-06-21,Close entry(s) order TEST,141.9,1,147.1,-5.2,-3.54,0,2.2,1.50,-5.2,-3.54,-457.6,-0.05,1
2312,Entry long,2021-06-18,TEST,147.1,1,147.1,-5.2,-3.54,0,2.2,1.50,-5.2,-3.54,-457.6,-0.05,1
2313,Exit long,2021-06-23,Close entry(s) order TEST,151.6,1,146,5.6,3.84,0,5.8,3.97,-0.2,-0.14,-452,-0.05,1
2313,Entry long,2021-06-22,TEST,146,1,146,5.6,3.84,0,5.8,3.97,-0.2,-0.14,-452,-0.05,1
2314,Exit long,2021-06-25,Close entry(s) order TEST,148.5,1,149.4,-0.9,-0.60,0,1.6,1.07,-3.1,-2.07,-452.9,-0.05,1
2314,Entry long,2021-06-24,TEST,149.4,1,149.4,-0.9,-0.60,0,1.6,1.07,-3.1,-2.07,-452.9,-0.05,1
2315,Exit long,2021-06-29,Close entry(s) order TEST,145,1,147.3,-2.3,-1.56,0,0.7,0.48,-8.1,-5.50,-455.2,-0.05,1
2315,Entry long,2021-06-28,TEST,147.3,1,147.3,-2.3,-1.56,0,0.7,0.48,-8.1,-5.50,-455.2,-0.05,1
2316,Exit long,2021-07-01,Close entry(s) order TEST,143.5,1,145.9,-2.4,-1.64,0,2,1.37,-4.3,-2.95,-457.6,-0.05,1
2316,Entry long,2021-06-30,TEST,145.9,1,145.9,-2.4,-1.64,0,2,1.37,-4.3,-2.95,-457.6,-0.05,1
2317,Exit long,2021-07-05,Close entry(s) order TEST,141,1,143.9,-2.9,-2.02,0,0.5,0.35,-4.2,-2.92,-460.5,-0.05,1
2317,Entry long,2021-07-02,TEST,143.9,1,143.9,-2.9,-2.02,0,0.5,0.35,-4.2,-2.92,-460.5,-0.05,1
2318,Exit long,2021-07-07,Close entry(s) order TEST,139.8,1,140,-0.2,-0.14,0,1.8,1.29,-1.2,-0.86,-460.7,-0.05,1
2318,Entry long,2021-07-06,TEST,140,1,140,-0.2,-0.14,0,1.8,1.29,-1.2,-0.86,-460.7,-0.05,1
2319,Exit long,2021-07-09,Close entry(s) order TEST,138.9,1,137.5,1.4,1.02,0,3.3,2.40,-0.1,-0.07,-459.3,-0.05,1
2319,Entry long,2021-07-08,TEST,137.5,1,137.5,1.4,1.02,0,3.3,2.40,-0.1,-0.07,-459.3,-0.05,1
2320,Exit long,2021-07-13,Close entry(s) order TEST,149.9,1,141,8.9,6.31,0,10.4,7.38,-1.1,-0.78,-450.4,-0.05,1
2320,Entry long,2021-07-12,TEST,141,1,141,8.9,6.31,0,10.4,7.38,-1.1,-0.78,-450.4,-0.05,1
2321,Exit long,2021-07-15,Close entry(s) order TEST,158.6,1,157.5,1.1,0.70,0,3.2,2.03,-3.4,-2.16,-449.3,-0.04,1
2321,Entry long,2021-07-14,TEST,157.5,1,157.5,1.1,0.70,0,3.2,2.03,-3.4,-2.16,-449.3,-0.04,1
2322,Exit long,2021-07-19,Close entry(s) order TEST,150.8,1,154,-3.2,-2.08,0,1.3,0.84,-3.5,-2.27,-452.5,-0.05,1
2322,Entry long,2021-07-16,TEST,154,1,154,-3.2,-2.08,0,1.3,0.84,-3.5,-2.27,-452.5,-0.05,1
2323,Exit long,2021-07-22,Close entry(s) order TEST,144.1,1,147,-2.9,-1.97,0,1.3,0.88,-7,-4.76,-455.4,-0.05,1
2323,Entry long,2021-07-20,TEST,147,1,147,-2.9,-1.97,0,1.3,0.88,-7,-4.76,-455.4,-0.05,1
2324,Exit long,2021-07-26,Close entry(s) order TEST,147,1,145.2,1.8,1.24,0,4.2,2.89,-2.4,-1.65,-453.6,-0.05,1
2324,Entry long,2021-07-23,TEST,145.2,1,145.2,1.8,1.24,0,4.2,2.89,-2.4,-1.65,-453.6,-0.05,1
2325,Exit long,2021-07-28,Close entry(s) order TEST,150.4,1,146.3,4.1,2.80,0,5.2,3.55,0,0.00,-449.5,-0.04,1
2325,Entry long,2021-07-27,TEST,146.3,1,146.3,4.1,2.80,0,5.2,3.55,0,0.00,-449.5,-0.04,1
2326,Exit long,2021-07-30,Close entry(s) order TEST,143,1,149.5,-6.5,-4.35,0,2.4,1.61,-7.5,-5.02,-456,-0.05,1
2326,Entry long,2021-07-29,TEST,149.5,1,149.5,-6.5,-4.35,0,2.4,1.61,-7.5,-5.02,-456,-0.05,1
2327,Exit long,2021-08-03,Close entry(s) order TEST,138.1,1,140,-1.9,-1.36,0,1.2,0.86,-2.5,-1.79,-457.9,-0.05,1
2327,Entry long,2021-08-02,TEST,140,1,140,-1.9,-1.36,0,1.2,0.86,-2.5,-1.79,-457.9,-0.05,1
2328,Exit long,2021-08-05,Close entry(s) order TEST,137.7,1,140.4,-2.7,-1.92,0,1.1,0.78,-3.6,-2.56,-460.6,-0.05,1
2328,Entry long,2021-08-04,TEST,140.4,1,140.4,-2.7,-1.92,0,1.1,0.78,-3.6,-2.56,-460.6,-0.05,1
2329,Exit long,2021-08-09,Close entry(s) order TEST,132.8,1,133.7,-0.9,-0.67,0,3.6,2.69,-0.9,-0.67,-461.5,-0.05,1
2329,Entry long,2021-08-06,TEST,133.7,1,133.7,-0.9,-0.67,0,3.6,2.69,-0.9,-0.67,-461.5,-0.05,1
2330,Exit long,2021-08-11,Close entry(s) order TEST,124.8,1,129.8,-5,-3.85,0,1.5,1.16,-7.5,-5.78,-466.5,-0.05,1
2330,Entry long,2021-08-10,TEST,129.8,1,129.8,-5,-3.85,0,1.5,1.16,-7.5,-5.78,-466.5,-0.05,1
2331,Exit long,2021-08-13,Close entry(s) order TEST,130.1,1,127.6,2.5,1.96,0,3.3,2.59,0,0.00,-464,-0.05,1
2331,Entry long,2021-08-12,TEST,127.6,1,127.6,2.5,1.96,0,3.3,2.59,0,0.00,-464,-0.05,1
2332,Exit long,2021-08-17,Close entry(s) order TEST,124.9,1,125.3,-0.4,-0.32,0,1.4,1.12,-1.8,-1.44,-464.4,-0.05,1
2332,Entry long,2021-08-16,TEST,125.3,1,125.3,-0.4,-0.32,0,1.4,1.12,-1.8,-1.44,-464.4,-0.05,1
2333,Exit long,2021-08-20,Close entry(s) order TEST,114,1,119,-5,-4.20,0,2.1,1.76,-5,-4.20,-469.4,-0.05,1
2333,Entry long,2021-08-18,TEST,119,1,119,-5,-4.20,0,2.1,1.76,-5,-4.20,-469.4,-0.05,1
2334,Exit long,2021-08-24,Close entry(s) order TEST,110.8,1,112.2,-1.4,-1.25,0,1.1,0.98,-6.4,-5.70,-470.8,-0.05,1
2334,Entry long,2021-08-23,TEST,112.2,1,112.2,-1.4,-1.25,0,1.1,0.98,-6.4,-5.70,-470.8,-0.05,1
2335,Exit long,2021-08-26,Close entry(s) order TEST,120.4,1,116,4.4,3.79,0,5.3,4.57,-0.9,-0.78,-466.4,-0.05,1
2335,Entry long,2021-08-25,TEST,116,1,116,4.4,3.79,0,5.3,4.57,-0.9,-0.78,-466.4,-0.05,1
2336,Exit long,2021-08-30,Close entry(s) order TEST,119.3,1,117.4,1.9,1.62,0,2.1,1.79,-1.8,-1.53,-464.5,-0.05,1
2336,Entry long,2021-08-27,TEST,117.4,1,117.4,1.9,1.62,0,2.1,1.79,-1.8,-1.53,-464.5,-0.05,1
2337,Exit long,2021-09-01,Close entry(s) order TEST,118.3,1,119.9,-1.6,-1.33,0,0.4,0.33,-1.6,-1.33,-466.1,-0.05,1
2337,Entry long,2021-08-31,TEST,119.9,1,119.9,-1.6,-1.33,0,0.4,0.33,-1.6,-1.33,-466.1,-0.05,1
2338,Exit long,2021-09-03,Close entry(s) order TEST,118.1,1,116.3,1.8,1.55,0,2.4,2.06,-0.3,-0.26,-464.3,-0.05,1
2338,Entry long,2021-09-02,TEST,116.3,1,116.3,1.8,1.55,0,2.4,2.06,-0.3,-0.26,-464.3,-0.05,1
2339,Exit long,2021-09-07,Close entry(s) order TEST,118.2,1,118.5,-0.3,-0.25,0,0,0.00,-1.9,-1.60,-464.6,-0.05,1
2339,Entry long,2021-09-06,TEST,118.5,1,118.5,-0.3,-0.25,0,0,0.00,-1.9,-1.60,-464.6,-0.05,1
2340,Exit long,2021-09-09,Close entry(s) order TEST,118.7,1,118.2,0.5,0.42,0,1,0.85,-0.8,-0.68,-464.1,-0.05,1
2340,Entry long,2021-09-08,TEST,118.2,1,118.2,0.5,0.42,0,1,0.85,-0.8,-0.68,-464.1,-0.05,1
2341,Exit long,2021-09-14,Close entry(s) order TEST,123.5,1,125.5,-2,-1.59,0,0.4,0.32,-4,-3.19,-466.1,-0.05,1
2341,Entry long,2021-09-13,TEST,125.5,1,125.5,-2,-1.59,0,0.4,0.32,-4,-3.19,-466.1,-0.05,1
2342,Exit long,2021-09-16,Close entry(s) order TEST,124.9,1,124.8,0.1,0.08,0,1,0.80,-1.1,-0.88,-466,-0.05,1
2342,Entry long,2021-09-15,TEST,124.8,1,124.8,0.1,0.08,0,1,0.80,-1.1,-0.88,-466,-0.05,1
2343,Exit long,2021-09-20,Close entry(s) order TEST,122,1,124.8,-2.8,-2.24,0,0,0.00,-5.8,-4.65,-468.8,-0.05,1
2343,Entry long,2021-09-17,TEST,124.8,1,124.8,-2.8,-2.24,0,0,0.00,-5.8,-4.65,-468.8,-0.05,1
2344,Exit long,2021-09-22,Close entry(s) order TEST,126.9,1,125,1.9,1.52,0,2,1.60,-2.4,-1.92,-466.9,-0.05,1
2344,Entry long,2021-09-21,TEST,125,1,125,1.9,1.52,0,2,1.60,-2.4,-1.92,-466.9,-0.05,1
2345,Exit long,2021-09-24,Close entry(s) order TEST,128,1,126,2,1.59,0,2.7,2.14,-0.6,-0.48,-464.9,-0.05,1
2345,Entry long,2021-09-23,TEST,126,1,126,2,1.59,0,2.7,2.14,-0.6,-0.48,-464.9,-0.05,1
2346,Exit long,2021-09-28,Close entry(s) order TEST,126.3,1,129,-2.7,-2.09,0,0,0.00,-4,-3.10,-467.6,-0.05,1
2346,Entry long,2021-09-27,TEST,129,1,129,-2.7,-2.09,0,0,0.00,-4,-3.10,-467.6,-0.05,1
2347,Exit long,2021-09-30,Close entry(s) order TEST,129,1,126.7,2.3,1.82,0,2.3,1.82,-1,-0.79,-465.3,-0.05,1
2347,Entry long,2021-09-29,TEST,126.7,1,126.7,2.3,1.82,0,2.3,1.82,-1,-0.79,-465.3,-0.05,1
2348,Exit long,2021-10-04,Close entry(s) order TEST,144.3,1,144,0.3,0.21,0,5,3.47,-4,-2.78,-465,-0.05,1
2348,Entry long,2021-10-01,TEST,144,1,144,0.3,0.21,0,5,3.47,-4,-2.78,-465,-0.05,1
2349,Exit long,2021-10-06,Close entry(s) order TEST,149,1,142,7,4.93,0,10,7.04,-0.6,-0.42,-458,-0.05,1
2349,Entry long,2021-10-05,TEST,142,1,142,7,4.93,0,10,7.04,-0.6,-0.42,-458,-0.05,1
2350,Exit long,2021-10-08,Close entry(s) order TEST,146.1,1,146.1,0,0.00,0,1.3,0.89,-1,-0.68,-458,-0.05,1
2350,Entry long,2021-10-07,TEST,146.1,1,146.1,0,0.00,0,1.3,0.89,-1,-0.68,-458,-0.05,1
2351,Exit long,2021-10-12,Close entry(s) order TEST,147.9,1,146.9,1,0.68,0,2.5,1.70,-1.8,-1.23,-457,-0.05,1
2351,Entry long,2021-10-11,TEST,146.9,1,146.9,1,0.68,0,2.5,1.70,-1.8,-1.23,-457,-0.05,1
2352,Exit long,2021-10-14,Close entry(s) order TEST,148.4,1,144.8,3.6,2.49,0,4.1,2.83,-1.5,-1.04,-453.4,-0.05,1
2352,Entry long,2021-10-13,TEST,144.8,1,144.8,3.6,2.49,0,4.1,2.83,-1.5,-1.04,-453.4,-0.05,1
2353,Exit long,2021-10-19,Close entry(s) order TEST,149.9,1,149.5,0.4,0.27,0,4.1,2.74,-1.3,-0.87,-453,-0.05,1
2353,Entry long,2021-10-18,TEST,149.5,1,149.5,0.4,0.27,0,4.1,2.74,-1.3,-0.87,-453,-0.05,1
2354,Exit long,2021-10-21,Close entry(s) order TEST,136.2,1,140,-3.8,-2.71,0,1,0.71,-7.3,-5.21,-456.8,-0.05,1
2354,Entry long,2021-10-20,TEST,140,1,140,-3.8,-2.71,0,1,0.71,-7.3,-5.21,-456.8,-0.05,1
2355,Exit long,2021-10-25,Close entry(s) order TEST,138.3,1,128,10.3,8.05,0,10.6,8.28,0,0.00,-446.5,-0.04,1
2355,Entry long,2021-10-22,TEST,128,1,128,10.3,8.05,0,10.6,8.28,0,0.00,-446.5,-0.04,1
2356,Exit long,2021-10-27,Close entry(s) order TEST,133.4,1,133.4,0,0.00,0,1.5,1.12,-2.4,-1.80,-446.5,-0.04,1
2356,Entry long,2021-10-26,TEST,133.4,1,133.4,0,0.00,0,1.5,1.12,-2.4,-1.80,-446.5,-0.04,1
2357,Exit long,2021-10-29,Close entry(s) order TEST,123.1,1,130.9,-7.8,-5.96,0,2.3,1.76,-7.8,-5.96,-454.3,-0.05,1
2357,Entry long,2021-10-28,TEST,130.9,1,130.9,-7.8,-5.96,0,2.3,1.76,-7.8,-5.96,-454.3,-0.05,1
2358,Exit long,2021-11-02,Close entry(s) order TEST,132.2,1,135,-2.8,-2.07,0,0.1,0.07,-4,-2.96,-457.1,-0.05,1
2358,Entry long,2021-11-01,TEST,135,1,135,-2.8,-2.07,0,0.1,0.07,-4,-2.96,-457.1,-0.05,1
2359,Exit long,2021-11-04,Close entry(s) order TEST,129.5,1,129.3,0.2,0.15,0,0.7,0.54,-2.2,-1.70,-456.9,-0.05,1
2359,Entry long,2021-11-03,TEST,129.3,1,129.3,0.2,0.15,0,0.7,0.54,-2.2,-1.70,-456.9,-0.05,1
2360,Exit long,2021-11-09,Close entry(s) order TEST,128.8,1,132.4,-3.6,-2.72,0,0,0.00,-4.4,-3.32,-460.5,-0.05,1
2360,Entry long,2021-11-08,TEST,132.4,1,132.4,-3.6,-2.72,0,0,0.00,-4.4,-3.32,-460.5,-0.05,1
2361,Exit long,2021-11-11,Close entry(s) order TEST,133.9,1,132.1,1.8,1.36,0,5.7,4.31,-0.8,-0.61,-458.7,-0.05,1
2361,Entry long,2021-11-10,TEST,132.1,1,132.1,1.8,1.36,0,5.7,4.31,-0.8,-0.61,-458.7,-0.05,1
2362,Exit long,2021-11-15,Close entry(s) order TEST,146.5,1,141.7,4.8,3.39,0,8.2,5.79,-0.7,-0.49,-453.9,-0.05,1
2362,Entry long,2021-11-12,TEST,141.7,1,141.7,4.8,3.39,0,8.2,5.79,-0.7,-0.49,-453.9,-0.05,1
2363,Exit long,2021-11-17,Close entry(s) order TEST,143.7,1,141.3,2.4,1.70,0,7.5,5.31,-1.2,-0.85,-451.5,-0.05,1
2363,Entry long,2021-11-16,TEST,141.3,1,141.3,2.4,1.70,0,7.5,5.31,-1.2,-0.85,-451.5,-0.05,1
2364,Exit long,2021-11-22,Close entry(s) order TEST,154.5,1,160.3,-5.8,-3.62,0,2.1,1.31,-6.3,-3.93,-457.3,-0.05,1
2364,Entry long,2021-11-18,TEST,160.3,1,160.3,-5.8,-3.62,0,2.1,1.31,-6.3,-3.93,-457.3,-0.05,1
2365,Exit long,2021-11-24,Close entry(s) order TEST,150.1,1,146.1,4,2.74,0,7.6,5.20,-1.5,-1.03,-453.3,-0.05,1
2365,Entry long,2021-11-23,TEST,146.1,1,146.1,4,2.74,0,7.6,5.20,-1.5,-1.03,-453.3,-0.05,1
2366,Exit long,2021-11-26,Close entry(s) order TEST,163.1,1,155,8.1,5.23,0,14.8,9.55,-1,-0.65,-445.2,-0.04,1
2366,Entry long,2021-11-25,TEST,155,1,155,8.1,5.23,0,14.8,9.55,-1,-0.65,-445.2,-0.04,1
2367,Exit long,2021-11-30,Close entry(s) order TEST,171.6,1,171.4,0.2,0.12,0,4,2.33,-7.1,-4.14,-445,-0.04,1
2367,Entry long,2021-11-29,TEST,171.4,1,171.4,0.2,0.12,0,4,2.33,-7.1,-4.14,-445,-0.04,1
2368,Exit long,2021-12-02,Close entry(s) order TEST,166.2,1,166,0.2,0.12,0,2.9,1.75,-8.6,-5.18,-444.8,-0.04,1
2368,Entry long,2021-12-01,TEST,166,1,166,0.2,0.12,0,2.9,1.75,-8.6,-5.18,-444.8,-0.04,1
2369,Exit long,2021-12-06,Close entry(s) order TEST,165,1,171.5,-6.5,-3.79,0,1.1,0.64,-8.1,-4.72,-451.3,-0.05,1
2369,Entry long,2021-12-03,TEST,171.5,1,171.5,-6.5,-3.79,0,1.1,0.64,-8.1,-4.72,-451.3,-0.05,1
2370,Exit long,2021-12-08,Close entry(s) order TEST,164.9,1,166,-1.1,-0.66,0,1.6,0.96,-2.7,-1.63,-452.4,-0.05,1
2370,Entry long,2021-12-07,TEST,166,1,166,-1.1,-0.66,0,1.6,0.96,-2.7,-1.63,-452.4,-0.05,1
2371,Exit long,2021-12-10,Close entry(s) order TEST,176.8,1,177.6,-0.8,-0.45,0,1.7,0.96,-3.3,-1.86,-453.2,-0.05,1
2371,Entry long,2021-12-09,TEST,177.6,1,177.6,-0.8,-0.45,0,1.7,0.96,-3.3,-1.86,-453.2,-0.05,1
2372,Exit long,2021-12-14,Close entry(s) order TEST,186,1,185,1,0.54,0,9,4.86,-4.5,-2.43,-452.2,-0.05,1
2372,Entry long,2021-12-13,TEST,185,1,185,1,0.54,0,9,4.86,-4.5,-2.43,-452.2,-0.05,1
2373,Exit long,2021-12-16,Close entry(s) order TEST,181.6,1,189.7,-8.1,-4.27,0,0.9,0.47,-10.1,-5.32,-460.3,-0.05,1
2373,Entry long,2021-12-15,TEST,189.7,1,189.7,-8.1,-4.27,0,0.9,0.47,-10.1,-5.32,-460.3,-0.05,1
2374,Exit long,2021-12-20,Close entry(s) order TEST,164.8,1,171.8,-7,-4.07,0,1.5,0.87,-7,-4.07,-467.3,-0.05,1
2374,Entry long,2021-12-17,TEST,171.8,1,171.8,-7,-4.07,0,1.5,0.87,-7,-4.07,-467.3,-0.05,1
2375,Exit long,2021-12-22,Close entry(s) order TEST,162.1,1,155.9,6.2,3.98,0,7.8,5.00,-0.3,-0.19,-461.1,-0.05,1
2375,Entry long,2021-12-21,TEST,155.9,1,155.9,6.2,3.98,0,7.8,5.00,-0.3,-0.19,-461.1,-0.05,1
2376,Exit long,2021-12-24,Close entry(s) order TEST,175.9,1,169,6.9,4.08,0,7.9,4.67,-0.9,-0.53,-454.2,-0.05,1
2376,Entry long,2021-12-23,TEST,169,1,169,6.9,4.08,0,7.9,4.67,-0.9,-0.53,-454.2,-0.05,1
2377,Exit long,2021-12-28,Close entry(s) order TEST,176.4,1,169.4,7,4.13,0,7,4.13,-2.8,-1.65,-447.2,-0.04,1
2377,Entry long,2021-12-27,TEST,169.4,1,169.4,7,4.13,0,7,4.13,-2.8,-1.65,-447.2,-0.04,1
2378,Exit long,2021-12-30,Close entry(s) order TEST,179.9,1,178.4,1.5,0.84,0,2.7,1.51,-3.4,-1.91,-445.7,-0.04,1
2378,Entry long,2021-12-29,TEST,178.4,1,178.4,1.5,0.84,0,2.7,1.51,-3.4,-1.91,-445.7,-0.04,1
2379,Exit long,2022-01-03,Close entry(s) order TEST,177,1,176,1,0.57,0,6.5,3.69,-0.2,-0.11,-444.7,-0.04,1
2379,Entry long,2021-12-31,TEST,176,1,176,1,0.57,0,6.5,3.69,-0.2,-0.11,-444.7,-0.04,1
2380,Exit long,2022-01-05,Close entry(s) order TEST,185,1,178.5,6.5,3.64,0,8,4.48,-0.5,-0.28,-438.2,-0.04,1
2380,Entry long,2022-01-04,TEST,178.5,1,178.5,6.5,3.64,0,8,4.48,-0.5,-0.28,-438.2,-0.04,1
2381,Exit long,2022-01-07,Close entry(s) order TEST,180,1,178.5,1.5,0.84,0,3.5,1.96,-0.3,-0.17,-436.7,-0.04,1
2381,Entry long,2022-01-06,TEST,178.5,1,178.5,1.5,0.84,0,3.5,1.96,-0.3,-0.17,-436.7,-0.04,1
2382,Exit long,2022-01-11,Close entry(s) order TEST,180.6,1,179.9,0.7,0.39,0,2.1,1.17,-1.2,-0.67,-436,-0.04,1
2382,Entry long,2022-01-10,TEST,179.9,1,179.9,0.7,0.39,0,2.1,1.17,-1.2,-0.67,-436,-0.04,1
2383,Exit long,2022-01-13,Close entry(s) order TEST,184.6,1,180.1,4.5,2.50,0,5.9,3.28,-0.8,-0.44,-431.5,-0.04,1
2383,Entry long,2022-01-12,TEST,180.1,1,180.1,4.5,2.50,0,5.9,3.28,-0.8,-0.44,-431.5,-0.04,1
2384,Exit long,2022-01-17,Close entry(s) order TEST,191.9,1,185.5,6.4,3.45,0,9.4,5.07,0,0.00,-425.1,-0.04,1
2384,Entry long,2022-01-14,TEST,185.5,1,185.5,6.4,3.45,0,9.4,5.07,0,0.00,-425.1,-0.04,1
2385,Exit long,2022-01-19,Close entry(s) order TEST,185,1,196.5,-11.5,-5.85,0,0.8,0.41,-13.4,-6.82,-436.6,-0.04,1
2385,Entry long,2022-01-18,TEST,196.5,1,196.5,-11.5,-5.85,0,0.8,0.41,-13.4,-6.82,-436.6,-0.04,1
2386,Exit long,2022-01-21,Close entry(s) order TEST,184.8,1,182.6,2.2,1.20,0,7.6,4.16,-1,-0.55,-434.4,-0.04,1
2386,Entry long,2022-01-20,TEST,182.6,1,182.6,2.2,1.20,0,7.6,4.16,-1,-0.55,-434.4,-0.04,1
2387,Exit long,2022-01-25,Close entry(s) order TEST,170.8,1,179.3,-8.5,-4.74,0,0.6,0.33,-12.2,-6.80,-442.9,-0.04,1
2387,Entry long,2022-01-24,TEST,179.3,1,179.3,-8.5,-4.74,0,0.6,0.33,-12.2,-6.80,-442.9,-0.04,1
2388,Exit long,2022-01-28,Close entry(s) order TEST,179.6,1,175.9,3.7,2.10,0,5.4,3.07,-2.9,-1.65,-439.2,-0.04,1
2388,Entry long,2022-01-27,TEST,175.9,1,175.9,3.7,2.10,0,5.4,3.07,-2.9,-1.65,-439.2,-0.04,1
2389,Exit long,2022-02-01,Close entry(s) order TEST,187,1,183.9,3.1,1.69,0,3.1,1.69,-3.1,-1.69,-436.1,-0.04,1
2389,Entry long,2022-01-31,TEST,183.9,1,183.9,3.1,1.69,0,3.1,1.69,-3.1,-1.69,-436.1,-0.04,1
2390,Exit long,2022-02-03,Close entry(s) order TEST,187.1,1,189.2,-2.1,-1.11,0,2.7,1.43,-3.2,-1.69,-438.2,-0.04,1
2390,Entry long,2022-02-02,TEST,189.2,1,189.2,-2.1,-1.11,0,2.7,1.43,-3.2,-1.69,-438.2,-0.04,1
2391,Exit long,2022-02-07,Close entry(s) order TEST,191,1,190,1,0.53,0,3.9,2.05,-2.6,-1.37,-437.2,-0.04,1
2391,Entry long,2022-02-04,TEST,190,1,190,1,0.53,0,3.9,2.05,-2.6,-1.37,-437.2,-0.04,1
2392,Exit long,2022-02-09,Close entry(s) order TEST,179.9,1,181.8,-1.9,-1.05,0,1.6,0.88,-5.2,-2.86,-439.1,-0.04,1
2392,Entry long,2022-02-08,TEST,181.8,1,181.8,-1.9,-1.05,0,1.6,0.88,-5.2,-2.86,-439.1,-0.04,1
2393,Exit long,2022-02-11,Close entry(s) order TEST,176,1,182,-6,-3.30,0,4,2.20,-6,-3.30,-445.1,-0.04,1
2393,Entry long,2022-02-10,TEST,182,1,182,-6,-3.30,0,4,2.20,-6,-3.30,-445.1,-0.04,1
2394,Exit long,2022-02-15,Close entry(s) order TEST,158.7,1,169,-10.3,-6.09,0,0.3,0.18,-16,-9.47,-455.4,-0.05,1
2394,Entry long,2022-02-14,TEST,169,1,169,-10.3,-6.09,0,0.3,0.18,-16,-9.47,-455.4,-0.05,1
2395,Exit long,2022-02-17,Close entry(s) order TEST,164.9,1,162,2.9,1.79,0,2.9,1.79,-1.2,-0.74,-452.5,-0.05,1
2395,Entry long,2022-02-16,TEST,162,1,162,2.9,1.79,0,2.9,1.79,-1.2,-0.74,-452.5,-0.05,1
2396,Exit long,2022-02-21,Close entry(s) order TEST,151.1,1,153.6,-2.5,-1.63,0,4.6,2.99,-2.5,-1.63,-455,-0.05,1
2396,Entry long,2022-02-18,TEST,153.6,1,153.6,-2.5,-1.63,0,4.6,2.99,-2.5,-1.63,-455,-0.05,1
2397,Exit long,2022-02-23,Close entry(s) order TEST,147,1,142.5,4.5,3.16,0,5.1,3.58,-0.5,-0.35,-450.5,-0.05,1
2397,Entry long,2022-02-22,TEST,142.5,1,142.5,4.5,3.16,0,5.1,3.58,-0.5,-0.35,-450.5,-0.05,1
2398,Exit long,2022-02-25,Close entry(s) order TEST,142.5,1,142,0.5,0.35,0,1.9,1.34,-5.9,-4.15,-450,-0.04,1
2398,Entry long,2022-02-24,TEST,142,1,142,0.5,0.35,0,1.9,1.34,-5.9,-4.15,-450,-0.04,1
2399,Exit long,2022-03-02,Close entry(s) order TEST,142.2,1,141.9,0.3,0.21,0,2.7,1.90,-1.8,-1.27,-449.7,-0.04,1
2399,Entry long,2022-02-28,TEST,141.9,1,141.9,0.3,0.21,0,2.7,1.90,-1.8,-1.27,-449.7,-0.04,1
2400,Exit long,2022-03-04,Close entry(s) order TEST,147.7,1,149,-1.3,-0.87,0,2.8,1.88,-3.7,-2.48,-451,-0.05,1
2400,Entry long,2022-03-03,TEST,149,1,149,-1.3,-0.87,0,2.8,1.88,-3.7,-2.48,-451,-0.05,1
2401,Exit long,2022-03-08,Close entry(s) order TEST,139.9,1,140.2,-0.3,-0.21,0,0.9,0.64,-4.7,-3.35,-451.3,-0.05,1
2401,Entry long,2022-03-07,TEST,140.2,1,140.2,-0.3,-0.21,0,0.9,0.64,-4.7,-3.35,-451.3,-0.05,1
2402,Exit long,2022-03-10,Close entry(s) order TEST,151,1,141.9,9.1,6.41,0,9.1,6.41,-0.4,-0.28,-442.2,-0.04,1
2402,Entry long,2022-03-09,TEST,141.9,1,141.9,9.1,6.41,0,9.1,6.41,-0.4,-0.28,-442.2,-0.04,1
2403,Exit long,2022-03-14,Close entry(s) order TEST,149.9,1,148.8,1.1,0.74,0,2.6,1.75,-1.7,-1.14,-441.1,-0.04,1
2403,Entry long,2022-03-11,TEST,148.8,1,148.8,1.1,0.74,0,2.6,1.75,-1.7,-1.14,-441.1,-0.04,1
2404,Exit long,2022-03-16,Close entry(s) order TEST,144.9,1,147.1,-2.2,-1.50,0,1.3,0.88,-6.2,-4.21,-443.3,-0.04,1
2404,Entry long,2022-03-15,TEST,147.1,1,147.1,-2.2,-1.50,0,1.3,0.88,-6.2,-4.21,-443.3,-0.04,1
2405,Exit long,2022-03-21,Close entry(s) order TEST,145.8,1,144.9,0.9,0.62,0,2.9,2.00,-1.9,-1.31,-442.4,-0.04,1
2405,Entry long,2022-03-17,TEST,144.9,1,144.9,0.9,0.62,0,2.9,2.00,-1.9,-1.31,-442.4,-0.04,1
2406,Exit long,2022-03-23,Close entry(s) order TEST,145.9,1,151.4,-5.5,-3.63,0,1.2,0.79,-7.3,-4.82,-447.9,-0.04,1
2406,Entry long,2022-03-22,TEST,151.4,1,151.4,-5.5,-3.63,0,1.2,0.79,-7.3,-4.82,-447.9,-0.04,1
2407,Exit long,2022-03-25,Close entry(s) order TEST,155.4,1,147.5,7.9,5.36,0,9,6.10,-0.5,-0.34,-440,-0.04,1
2407,Entry long,2022-03-24,TEST,147.5,1,147.5,7.9,5.36,0,9,6.10,-0.5,-0.34,-440,-0.04,1
2408,Exit long,2022-03-29,Close entry(s) order TEST,153,1,153.6,-0.6,-0.39,0,2.2,1.43,-5.8,-3.78,-440.6,-0.04,1
2408,Entry long,2022-03-28,TEST,153.6,1,153.6,-0.6,-0.39,0,2.2,1.43,-5.8,-3.78,-440.6,-0.04,1
2409,Exit long,2022-03-31,Close entry(s) order TEST,162.4,1,166.1,-3.7,-2.23,0,1.5,0.90,-4.9,-2.95,-444.3,-0.04,1
2409,Entry long,2022-03-30,TEST,166.1,1,166.1,-3.7,-2.23,0,1.5,0.90,-4.9,-2.95,-444.3,-0.04,1
2410,Exit long,2022-04-04,Close entry(s) order TEST,182.4,1,168.4,14,8.31,0,19.1,11.34,-0.4,-0.24,-430.3,-0.04,1
2410,Entry long,2022-04-01,TEST,168.4,1,168.4,14,8.31,0,19.1,11.34,-0.4,-0.24,-430.3,-0.04,1
2411,Exit long,2022-04-06,Close entry(s) order TEST,185.9,1,186,-0.1,-0.05,0,4.8,2.58,-3,-1.61,-430.4,-0.04,1
2411,Entry long,2022-04-05,TEST,186,1,186,-0.1,-0.05,0,4.8,2.58,-3,-1.61,-430.4,-0.04,1
2412,Exit long,2022-04-08,Close entry(s) order TEST,202.8,1,198.9,3.9,1.96,0,8.4,4.22,-1,-0.50,-426.5,-0.04,1
2412,Entry long,2022-04-07,TEST,198.9,1,198.9,3.9,1.96,0,8.4,4.22,-1,-0.50,-426.5,-0.04,1
2413,Exit long,2022-04-12,Close entry(s) order TEST,193.7,1,194.6,-0.9,-0.46,0,2.8,1.44,-2.5,-1.28,-427.4,-0.04,1
2413,Entry long,2022-04-11,TEST,194.6,1,194.6,-0.9,-0.46,0,2.8,1.44,-2.5,-1.28,-427.4,-0.04,1
2414,Exit long,2022-04-18,Close entry(s) order TEST,213,1,199.6,13.4,6.71,0,14.8,7.41,-0.2,-0.10,-414,-0.04,1
2414,Entry long,2022-04-13,TEST,199.6,1,199.6,13.4,6.71,0,14.8,7.41,-0.2,-0.10,-414,-0.04,1
2415,Exit long,2022-04-20,Close entry(s) order TEST,203.6,1,213,-9.4,-4.41,0,1.7,0.80,-17.9,-8.40,-423.4,-0.04,1
2415,Entry long,2022-04-19,TEST,213,1,213,-9.4,-4.41,0,1.7,0.80,-17.9,-8.40,-423.4,-0.04,1
2416,Exit long,2022-04-22,Close entry(s) order TEST,218.5,1,204.9,13.6,6.64,0,15.1,7.37,-1.8,-0.88,-409.8,-0.04,1
2416,Entry long,2022-04-21,TEST,204.9,1,204.9,13.6,6.64,0,15.1,7.37,-1.8,-0.88,-409.8,-0.04,1
2417,Exit long,2022-04-26,Close entry(s) order TEST,211.9,1,208.2,3.7,1.78,0,5.7,2.74,-3.3,-1.59,-406.1,-0.04,1
2417,Entry long,2022-04-25,TEST,208.2,1,208.2,3.7,1.78,0,5.7,2.74,-3.3,-1.59,-406.1,-0.04,1
2418,Exit long,2022-04-28,Close entry(s) order TEST,207.5,1,210,-2.5,-1.19,0,3.4,1.62,-7.9,-3.76,-408.6,-0.04,1
2418,Entry long,2022-04-27,TEST,210,1,210,-2.5,-1.19,0,3.4,1.62,-7.9,-3.76,-408.6,-0.04,1
2419,Exit long,2022-05-02,Close entry(s) order TEST,202.1,1,209.7,-7.6,-3.62,0,2.2,1.05,-7.6,-3.62,-416.2,-0.04,1
2419,Entry long,2022-04-29,TEST,209.7,1,209.7,-7.6,-3.62,0,2.2,1.05,-7.6,-3.62,-416.2,-0.04,1
2420,Exit long,2022-05-05,Close entry(s) order TEST,203.2,1,201.4,1.8,0.89,0,6.3,3.13,-4.3,-2.14,-414.4,-0.04,1
2420,Entry long,2022-05-04,TEST,201.4,1,201.4,1.8,0.89,0,6.3,3.13,-4.3,-2.14,-414.4,-0.04,1
2421,Exit long,2022-05-09,Close entry(s) order TEST,197.7,1,193.8,3.9,2.01,0,6.8,3.51,-7.6,-3.92,-410.5,-0.04,1
2421,Entry long,2022-05-06,TEST,193.8,1,193.8,3.9,2.01,0,6.8,3.51,-7.6,-3.92,-410.5,-0.04,1
2422,Exit long,2022-05-11,Close entry(s) order TEST,170,1,188.9,-18.9,-10.01,0,2.7,1.43,-18.9,-10.01,-429.4,-0.04,1
2422,Entry long,2022-05-10,TEST,188.9,1,188.9,-18.9,-10.01,0,2.7,1.43,-18.9,-10.01,-429.4,-0.04,1
2423,Exit long,2022-05-13,Close entry(s) order TEST,172,1,166.6,5.4,3.24,0,6.7,4.02,-6.8,-4.08,-424,-0.04,1
2423,Entry long,2022-05-12,TEST,166.6,1,166.6,5.4,3.24,0,6.7,4.02,-6.8,-4.08,-424,-0.04,1
2424,Exit long,2022-05-17,Close entry(s) order TEST,187,1,183.9,3.1,1.69,0,3.8,2.07,-4.8,-2.61,-420.9,-0.04,1
2424,Entry long,2022-05-16,TEST,183.9,1,183.9,3.1,1.69,0,3.8,2.07,-4.8,-2.61,-420.9,-0.04,1
2425,Exit long,2022-05-19,Close entry(s) order TEST,197,1,192.1,4.9,2.55,0,13.6,7.08,-2.7,-1.41,-416,-0.04,1
2425,Entry long,2022-05-18,TEST,192.1,1,192.1,4.9,2.55,0,13.6,7.08,-2.7,-1.41,-416,-0.04,1
2426,Exit long,2022-05-23,Close entry(s) order TEST,246.9,1,211,35.9,17.01,0,39.6,18.77,-0.1,-0.05,-380.1,-0.04,1
2426,Entry long,2022-05-20,TEST,211,1,211,35.9,17.01,0,39.6,18.77,-0.1,-0.05,-380.1,-0.04,1
2427,Exit long,2022-05-25,Close entry(s) order TEST,215,1,224.7,-9.7,-4.32,0,4,1.78,-13.6,-6.05,-389.8,-0.04,1
2427,Entry long,2022-05-24,TEST,224.7,1,224.7,-9.7,-4.32,0,4,1.78,-13.6,-6.05,-389.8,-0.04,1
2428,Exit long,2022-05-27,Close entry(s) order TEST,206,1,197.9,8.1,4.09,0,8.1,4.09,-11.4,-5.76,-381.7,-0.04,1
2428,Entry long,2022-05-26,TEST,197.9,1,197.9,8.1,4.09,0,8.1,4.09,-11.4,-5.76,-381.7,-0.04,1
2429,Exit long,2022-05-31,Close entry(s) order TEST,219.8,1,208.9,10.9,5.22,0,13.3,6.37,-3.9,-1.87,-370.8,-0.04,1
2429,Entry long,2022-05-30,TEST,208.9,1,208.9,10.9,5.22,0,13.3,6.37,-3.9,-1.87,-370.8,-0.04,1
2430,Exit long,2022-06-02,Close entry(s) order TEST,232.2,1,226,6.2,2.74,0,8.7,3.85,-0.6,-0.27,-364.6,-0.04,1
2430,Entry long,2022-06-01,TEST,226,1,226,6.2,2.74,0,8.7,3.85,-0.6,-0.27,-364.6,-0.04,1
2431,Exit long,2022-06-06,Close entry(s) order TEST,225,1,233.3,-8.3,-3.56,0,2.3,0.99,-9.9,-4.24,-372.9,-0.04,1
2431,Entry long,2022-06-03,TEST,233.3,1,233.3,-8.3,-3.56,0,2.3,0.99,-9.9,-4.24,-372.9,-0.04,1
2432,Exit long,2022-06-08,Close entry(s) order TEST,235.4,1,232.9,2.5,1.07,0,7,3.01,-2.8,-1.20,-370.4,-0.04,1
2432,Entry long,2022-06-07,TEST,232.9,1,232.9,2.5,1.07,0,7,3.01,-2.8,-1.20,-370.4,-0.04,1
2433,Exit long,2022-06-10,Close entry(s) order TEST,233,1,231.9,1.1,0.47,0,5,2.16,-1.8,-0.78,-369.3,-0.04,1
2433,Entry long,2022-06-09,TEST,231.9,1,231.9,1.1,0.47,0,5,2.16,-1.8,-0.78,-369.3,-0.04,1
2434,Exit long,2022-06-14,Close entry(s) order TEST,216,1,230,-14,-6.09,0,7,3.04,-14,-6.09,-383.3,-0.04,1
2434,Entry long,2022-06-13,TEST,230,1,230,-14,-6.09,0,7,3.04,-14,-6.09,-383.3,-0.04,1
2435,Exit long,2022-06-16,Close entry(s) order TEST,217.4,1,220.6,-3.2,-1.45,0,2.7,1.22,-8.5,-3.85,-386.5,-0.04,1
2435,Entry long,2022-06-15,TEST,220.6,1,220.6,-3.2,-1.45,0,2.7,1.22,-8.5,-3.85,-386.5,-0.04,1
2436,Exit long,2022-06-20,Close entry(s) order TEST,206,1,200.1,5.9,2.95,0,12.4,6.20,-3.5,-1.75,-380.6,-0.04,1
2436,Entry long,2022-06-17,TEST,200.1,1,200.1,5.9,2.95,0,12.4,6.20,-3.5,-1.75,-380.6,-0.04,1
2437,Exit long,2022-06-22,Close entry(s) order TEST,196.6,1,189.9,6.7,3.53,0,14.7,7.74,-0.1,-0.05,-373.9,-0.04,1
2437,Entry long,2022-06-21,TEST,189.9,1,189.9,6.7,3.53,0,14.7,7.74,-0.1,-0.05,-373.9,-0.04,1
2438,Exit long,2022-06-24,Close entry(s) order TEST,201.9,1,200.4,1.5,0.75,0,5.6,2.79,-3.8,-1.90,-372.4,-0.04,1
2438,Entry long,2022-06-23,TEST,200.4,1,200.4,1.5,0.75,0,5.6,2.79,-3.8,-1.90,-372.4,-0.04,1
2439,Exit long,2022-06-28,Close entry(s) order TEST,217.5,1,220,-2.5,-1.14,0,4.7,2.14,-3.7,-1.68,-374.9,-0.04,1
2439,Entry long,2022-06-27,TEST,220,1,220,-2.5,-1.14,0,4.7,2.14,-3.7,-1.68,-374.9,-0.04,1
2440,Exit long,2022-06-30,Close entry(s) order TEST,223,1,223,0,0.00,0,5.9,2.65,-1.9,-0.85,-374.9,-0.04,1
2440,Entry long,2022-06-29,TEST,223,1,223,0,0.00,0,5.9,2.65,-1.9,-0.85,-374.9,-0.04,1
2441,Exit long,2022-07-04,Close entry(s) order TEST,214.6,1,217,-2.4,-1.11,0,4.6,2.12,-3.9,-1.80,-377.3,-0.04,1
2441,Entry long,2022-07-01,TEST,217,1,217,-2.4,-1.11,0,4.6,2.12,-3.9,-1.80,-377.3,-0.04,1
2442,Exit long,2022-07-06,Close entry(s) order TEST,209.8,1,213.5,-3.7,-1.73,0,4.1,1.92,-8.1,-3.79,-381,-0.04,1
2442,Entry long,2022-07-05,TEST,213.5,1,213.5,-3.7,-1.73,0,4.1,1.92,-8.1,-3.79,-381,-0.04,1
2443,Exit long,2022-07-08,Close entry(s) order TEST,227.1,1,222.9,4.2,1.88,0,4.2,1.88,-5.8,-2.60,-376.8,-0.04,1
2443,Entry long,2022-07-07,TEST,222.9,1,222.9,4.2,1.88,0,4.2,1.88,-5.8,-2.60,-376.8,-0.04,1
2444,Exit long,2022-07-12,Close entry(s) order TEST,222.4,1,218.9,3.5,1.60,0,5.1,2.33,-2.8,-1.28,-373.3,-0.04,1
2444,Entry long,2022-07-11,TEST,218.9,1,218.9,3.5,1.60,0,5.1,2.33,-2.8,-1.28,-373.3,-0.04,1
2445,Exit long,2022-07-14,Close entry(s) order TEST,211.4,1,215.1,-3.7,-1.72,0,1.2,0.56,-5.3,-2.46,-377,-0.04,1
2445,Entry long,2022-07-13,TEST,215.1,1,215.1,-3.7,-1.72,0,1.2,0.56,-5.3,-2.46,-377,-0.04,1
2446,Exit long,2022-07-18,Close entry(s) order TEST,211.6,1,210.5,1.1,0.52,0,1.4,0.67,-2.9,-1.38,-375.9,-0.04,1
2446,Entry long,2022-07-15,TEST,210.5,1,210.5,1.1,0.52,0,1.4,0.67,-2.9,-1.38,-375.9,-0.04,1
2447,Exit long,2022-07-20,Close entry(s) order TEST,219,1,213.6,5.4,2.53,0,5.4,2.53,-0.5,-0.23,-370.5,-0.04,1
2447,Entry long,2022-07-19,TEST,213.6,1,213.6,5.4,2.53,0,5.4,2.53,-0.5,-0.23,-370.5,-0.04,1
2448,Exit long,2022-07-22,Close entry(s) order TEST,212.3,1,212.9,-0.6,-0.28,0,1.1,0.52,-3.3,-1.55,-371.1,-0.04,1
2448,Entry long,2022-07-21,TEST,212.9,1,212.9,-0.6,-0.28,0,1.1,0.52,-3.3,-1.55,-371.1,-0.04,1
2449,Exit long,2022-07-26,Close entry(s) order TEST,208.5,1,209,-0.5,-0.24,0,2.9,1.39,-2.9,-1.39,-371.6,-0.04,1
2449,Entry long,2022-07-25,TEST,209,1,209,-0.5,-0.24,0,2.9,1.39,-2.9,-1.39,-371.6,-0.04,1
2450,Exit long,2022-07-28,Close entry(s) order TEST,211.9,1,211.4,0.5,0.24,0,0.8,0.38,-2.8,-1.32,-371.1,-0.04,1
2450,Entry long,2022-07-27,TEST,211.4,1,211.4,0.5,0.24,0,0.8,0.38,-2.8,-1.32,-371.1,-0.04,1
2451,Exit long,2022-08-01,Close entry(s) order TEST,227.6,1,214,13.6,6.36,0,13.6,6.36,-0.5,-0.23,-357.5,-0.04,1
2451,Entry long,2022-07-29,TEST,214,1,214,13.6,6.36,0,13.6,6.36,-0.5,-0.23,-357.5,-0.04,1
2452,Exit long,2022-08-03,Close entry(s) order TEST,227,1,232.8,-5.8,-2.49,0,1.6,0.69,-7.6,-3.26,-363.3,-0.04,1
2452,Entry long,2022-08-02,TEST,232.8,1,232.8,-5.8,-2.49,0,1.6,0.69,-7.6,-3.26,-363.3,-0.04,1
2453,Exit long,2022-08-05,Close entry(s) order TEST,209.1,1,225,-15.9,-7.07,0,5.8,2.58,-15.9,-7.07,-379.2,-0.04,1
2453,Entry long,2022-08-04,TEST,225,1,225,-15.9,-7.07,0,5.8,2.58,-15.9,-7.07,-379.2,-0.04,1
2454,Exit long,2022-08-10,Close entry(s) order TEST,210.9,1,206,4.9,2.38,0,8,3.88,-3.6,-1.75,-374.3,-0.04,1
2454,Entry long,2022-08-08,TEST,206,1,206,4.9,2.38,0,8,3.88,-3.6,-1.75,-374.3,-0.04,1
2455,Exit long,2022-08-12,Close entry(s) order TEST,207.9,1,207.6,0.3,0.14,0,1.4,0.67,-2.1,-1.01,-374,-0.04,1
2455,Entry long,2022-08-11,TEST,207.6,1,207.6,0.3,0.14,0,1.4,0.67,-2.1,-1.01,-374,-0.04,1
2456,Exit long,2022-08-17,Close entry(s) order TEST,227.7,1,211.1,16.6,7.86,0,17.3,8.20,-0.1,-0.05,-357.4,-0.04,1
2456,Entry long,2022-08-16,TEST,211.1,1,211.1,16.6,7.86,0,17.3,8.20,-0.1,-0.05,-357.4,-0.04,1
2457,Exit long,2022-08-19,Close entry(s) order TEST,227.3,1,226.1,1.2,0.53,0,8.1,3.58,-1.1,-0.49,-356.2,-0.04,1
2457,Entry long,2022-08-18,TEST,226.1,1,226.1,1.2,0.53,0,8.1,3.58,-1.1,-0.49,-356.2,-0.04,1
2458,Exit long,2022-08-23,Close entry(s) order TEST,216.7,1,221.6,-4.9,-2.21,0,0.5,0.23,-4.9,-2.21,-361.1,-0.04,1
2458,Entry long,2022-08-22,TEST,221.6,1,221.6,-4.9,-2.21,0,0.5,0.23,-4.9,-2.21,-361.1,-0.04,1
2459,Exit long,2022-08-25,Close entry(s) order TEST,234.8,1,235,-0.2,-0.09,0,7,2.98,-3.8,-1.62,-361.3,-0.04,1
2459,Entry long,2022-08-24,TEST,235,1,235,-0.2,-0.09,0,7,2.98,-3.8,-1.62,-361.3,-0.04,1
2460,Exit long,2022-08-29,Close entry(s) order TEST,222.6,1,230.2,-7.6,-3.30,0,3.7,1.61,-7.6,-3.30,-368.9,-0.04,1
2460,Entry long,2022-08-26,TEST,230.2,1,230.2,-7.6,-3.30,0,3.7,1.61,-7.6,-3.30,-368.9,-0.04,1
2461,Exit long,2022-09-01,Close entry(s) order TEST,226.8,1,226,0.8,0.35,0,4.1,1.81,0,0.00,-368.1,-0.04,1
2461,Entry long,2022-08-30,TEST,226,1,226,0.8,0.35,0,4.1,1.81,0,0.00,-368.1,-0.04,1
2462,Exit long,2022-09-05,Close entry(s) order TEST,242.6,1,228.9,13.7,5.99,0,14.5,6.33,0,0.00,-354.4,-0.04,1
2462,Entry long,2022-09-02,TEST,228.9,1,228.9,13.7,5.99,0,14.5,6.33,0,0.00,-354.4,-0.04,1
2463,Exit long,2022-09-07,Close entry(s) order TEST,251.7,1,256.6,-4.9,-1.91,0,2.1,0.82,-10.7,-4.17,-359.3,-0.04,1
2463,Entry long,2022-09-06,TEST,256.6,1,256.6,-4.9,-1.91,0,2.1,0.82,-10.7,-4.17,-359.3,-0.04,1
2464,Exit long,2022-09-09,Close entry(s) order TEST,257.6,1,248.5,9.1,3.66,0,12.1,4.87,-5.5,-2.21,-350.2,-0.04,1
2464,Entry long,2022-09-08,TEST,248.5,1,248.5,9.1,3.66,0,12.1,4.87,-5.5,-2.21,-350.2,-0.04,1
2465,Exit long,2022-09-13,Close entry(s) order TEST,251.3,1,248.3,3,1.21,0,6.4,2.58,-0.8,-0.32,-347.2,-0.03,1
2465,Entry long,2022-09-12,TEST,248.3,1,248.3,3,1.21,0,6.4,2.58,-0.8,-0.32,-347.2,-0.03,1
2466,Exit long,2022-09-15,Close entry(s) order TEST,244.9,1,242.2,2.7,1.11,0,5.4,2.23,-2,-0.83,-344.5,-0.03,1
2466,Entry long,2022-09-14,TEST,242.2,1,242.2,2.7,1.11,0,5.4,2.23,-2,-0.83,-344.5,-0.03,1
2467,Exit long,2022-09-19,Close entry(s) order TEST,254,1,263,-9,-3.42,0,2.6,0.99,-18,-6.84,-353.5,-0.04,1
2467,Entry long,2022-09-16,TEST,263,1,263,-9,-3.42,0,2.6,0.99,-18,-6.84,-353.5,-0.04,1
2468,Exit long,2022-09-21,Close entry(s) order TEST,273.3,1,268.9,4.4,1.64,0,12.4,4.61,-0.5,-0.19,-349.1,-0.03,1
2468,Entry long,2022-09-20,TEST,268.9,1,268.9,4.4,1.64,0,12.4,4.61,-0.5,-0.19,-349.1,-0.03,1
2469,Exit long,2022-09-23,Close entry(s) order TEST,295,1,284.5,10.5,3.69,0,14,4.92,-3.2,-1.12,-338.6,-0.03,1
2469,Entry long,2022-09-22,TEST,284.5,1,284.5,10.5,3.69,0,14,4.92,-3.2,-1.12,-338.6,-0.03,1
2470,Exit long,2022-09-27,Close entry(s) order TEST,267.6,1,277.9,-10.3,-3.71,0,1.6,0.58,-15.8,-5.69,-348.9,-0.03,1
2470,Entry long,2022-09-26,TEST,277.9,1,277.9,-10.3,-3.71,0,1.6,0.58,-15.8,-5.69,-348.9,-0.03,1
2471,Exit long,2022-09-29,Close entry(s) order TEST,270,1,272.2,-2.2,-0.81,0,5.5,2.02,-7.8,-2.87,-351.1,-0.04,1
2471,Entry long,2022-09-28,TEST,272.2,1,272.2,-2.2,-0.81,0,5.5,2.02,-7.8,-2.87,-351.1,-0.04,1
2472,Exit long,2022-10-03,Close entry(s) order TEST,264.5,1,268,-3.5,-1.31,0,4,1.49,-4.7,-1.75,-354.6,-0.04,1
2472,Entry long,2022-09-30,TEST,268,1,268,-3.5,-1.31,0,4,1.49,-4.7,-1.75,-354.6,-0.04,1
2473,Exit long,2022-10-06,Close entry(s) order TEST,262,1,258.1,3.9,1.51,0,3.9,1.51,-2.8,-1.08,-350.7,-0.04,1
2473,Entry long,2022-10-04,TEST,258.1,1,258.1,3.9,1.51,0,3.9,1.51,-2.8,-1.08,-350.7,-0.04,1
2474,Exit long,2022-10-10,Close entry(s) order TEST,270.5,1,276.9,-6.4,-2.31,0,0.4,0.14,-6.4,-2.31,-357.1,-0.04,1
2474,Entry long,2022-10-07,TEST,276.9,1,276.9,-6.4,-2.31,0,0.4,0.14,-6.4,-2.31,-357.1,-0.04,1
2475,Exit long,2022-10-12,Close entry(s) order TEST,253.1,1,270.2,-17.1,-6.33,0,0.2,0.07,-19.8,-7.33,-374.2,-0.04,1
2475,Entry long,2022-10-11,TEST,270.2,1,270.2,-17.1,-6.33,0,0.2,0.07,-19.8,-7.33,-374.2,-0.04,1
2476,Exit long,2022-10-14,Close entry(s) order TEST,247.9,1,244,3.9,1.60,0,6.1,2.50,-7.4,-3.03,-370.3,-0.04,1
2476,Entry long,2022-10-13,TEST,244,1,244,3.9,1.60,0,6.1,2.50,-7.4,-3.03,-370.3,-0.04,1
2477,Exit long,2022-10-18,Close entry(s) order TEST,236.3,1,238,-1.7,-0.71,0,1.9,0.80,-9.2,-3.87,-372,-0.04,1
2477,Entry long,2022-10-17,TEST,238,1,238,-1.7,-0.71,0,1.9,0.80,-9.2,-3.87,-372,-0.04,1
2478,Exit long,2022-10-20,Close entry(s) order TEST,226.1,1,227.5,-1.4,-0.62,0,4.9,2.15,-1.4,-0.62,-373.4,-0.04,1
2478,Entry long,2022-10-19,TEST,227.5,1,227.5,-1.4,-0.62,0,4.9,2.15,-1.4,-0.62,-373.4,-0.04,1
2479,Exit long,2022-10-24,Close entry(s) order TEST,226.5,1,230.4,-3.9,-1.69,0,1.7,0.74,-5.3,-2.30,-377.3,-0.04,1
2479,Entry long,2022-10-21,TEST,230.4,1,230.4,-3.9,-1.69,0,1.7,0.74,-5.3,-2.30,-377.3,-0.04,1
2480,Exit long,2022-10-27,Close entry(s) order TEST,224.1,1,225.3,-1.2,-0.53,0,1.6,0.71,-4.3,-1.91,-378.5,-0.04,1
2480,Entry long,2022-10-25,TEST,225.3,1,225.3,-1.2,-0.53,0,1.6,0.71,-4.3,-1.91,-378.5,-0.04,1
2481,Exit long,2022-10-31,Close entry(s) order TEST,220.1,1,224.9,-4.8,-2.13,0,2.5,1.11,-10.8,-4.80,-383.3,-0.04,1
2481,Entry long,2022-10-28,TEST,224.9,1,224.9,-4.8,-2.13,0,2.5,1.11,-10.8,-4.80,-383.3,-0.04,1
2482,Exit long,2022-11-02,Close entry(s) order TEST,220.5,1,221.5,-1,-0.45,0,3.4,1.53,-4.3,-1.94,-384.3,-0.04,1
2482,Entry long,2022-11-01,TEST,221.5,1,221.5,-1,-0.45,0,3.4,1.53,-4.3,-1.94,-384.3,-0.04,1
2483,Exit long,2022-11-04,Close entry(s) order TEST,218,1,218.3,-0.3,-0.14,0,5.6,2.57,-0.7,-0.32,-384.6,-0.04,1
2483,Entry long,2022-11-03,TEST,218.3,1,218.3,-0.3,-0.14,0,5.6,2.57,-0.7,-0.32,-384.6,-0.04,1
2484,Exit long,2022-11-09,Close entry(s) order TEST,229.7,1,228.5,1.2,0.53,0,2.6,1.14,-4.3,-1.88,-383.4,-0.04,1
2484,Entry long,2022-11-07,TEST,228.5,1,228.5,1.2,0.53,0,2.6,1.14,-4.3,-1.88,-383.4,-0.04,1
2485,Exit long,2022-11-11,Close entry(s) order TEST,235.5,1,230,5.5,2.39,0,5.5,2.39,-0.4,-0.17,-377.9,-0.04,1
2485,Entry long,2022-11-10,TEST,230,1,230,5.5,2.39,0,5.5,2.39,-0.4,-0.17,-377.9,-0.04,1
2486,Exit long,2022-11-15,Close entry(s) order TEST,231.9,1,229,2.9,1.27,0,5.3,2.31,-6.8,-2.97,-375,-0.04,1
2486,Entry long,2022-11-14,TEST,229,1,229,2.9,1.27,0,5.3,2.31,-6.8,-2.97,-375,-0.04,1
2487,Exit long,2022-11-17,Close entry(s) order TEST,230.4,1,230,0.4,0.17,0,6.7,2.91,-3,-1.30,-374.6,-0.04,1
2487,Entry long,2022-11-16,TEST,230,1,230,0.4,0.17,0,6.7,2.91,-3,-1.30,-374.6,-0.04,1
2488,Exit long,2022-11-21,Close entry(s) order TEST,237.9,1,238.4,-0.5,-0.21,0,5.2,2.18,-2.8,-1.17,-375.1,-0.04,1
2488,Entry long,2022-11-18,TEST,238.4,1,238.4,-0.5,-0.21,0,5.2,2.18,-2.8,-1.17,-375.1,-0.04,1
2489,Exit long,2022-11-23,Close entry(s) order TEST,236.6,1,230.3,6.3,2.74,0,6.4,2.78,-0.2,-0.09,-368.8,-0.04,1
2489,Entry long,2022-11-22,TEST,230.3,1,230.3,6.3,2.74,0,6.4,2.78,-0.2,-0.09,-368.8,-0.04,1
2490,Exit long,2022-11-25,Close entry(s) order TEST,231.9,1,234.6,-2.7,-1.15,0,2.9,1.24,-4,-1.71,-371.5,-0.04,1
2490,Entry long,2022-11-24,TEST,234.6,1,234.6,-2.7,-1.15,0,2.9,1.24,-4,-1.71,-371.5,-0.04,1
2491,Exit long,2022-11-29,Close entry(s) order TEST,248.4,1,239.6,8.8,3.67,0,9,3.76,-1.6,-0.67,-362.7,-0.04,1
2491,Entry long,2022-11-28,TEST,239.6,1,239.6,8.8,3.67,0,9,3.76,-1.6,-0.67,-362.7,-0.04,1
2492,Exit long,2022-12-01,Close entry(s) order TEST,250.5,1,246.6,3.9,1.58,0,5.3,2.15,-1.9,-0.77,-358.8,-0.04,1
2492,Entry long,2022-11-30,TEST,246.6,1,246.6,3.9,1.58,0,5.3,2.15,-1.9,-0.77,-358.8,-0.04,1
2493,Exit long,2022-12-05,Close entry(s) order TEST,250.3,1,245.4,4.9,2.00,0,5.6,2.28,-2.6,-1.06,-353.9,-0.04,1
2493,Entry long,2022-12-02,TEST,245.4,1,245.4,4.9,2.00,0,5.6,2.28,-2.6,-1.06,-353.9,-0.04,1
2494,Exit long,2022-12-07,Close entry(s) order TEST,247.4,1,254.1,-6.7,-2.64,0,0.3,0.12,-7.5,-2.95,-360.6,-0.04,1
2494,Entry long,2022-12-06,TEST,254.1,1,254.1,-6.7,-2.64,0,0.3,0.12,-7.5,-2.95,-360.6,-0.04,1
2495,Exit long,2022-12-09,Close entry(s) order TEST,247,1,245.1,1.9,0.78,0,4.3,1.75,-1.7,-0.69,-358.7,-0.04,1
2495,Entry long,2022-12-08,TEST,245.1,1,245.1,1.9,0.78,0,4.3,1.75,-1.7,-0.69,-358.7,-0.04,1
2496,Exit long,2022-12-13,Close entry(s) order TEST,247.6,1,244.5,3.1,1.27,0,7.6,3.11,-1.2,-0.49,-355.6,-0.04,1
2496,Entry long,2022-12-12,TEST,244.5,1,244.5,3.1,1.27,0,7.6,3.11,-1.2,-0.49,-355.6,-0.04,1
2497,Exit long,2022-12-15,Close entry(s) order TEST,244.1,1,243.1,1,0.41,0,3.7,1.52,-1.1,-0.45,-354.6,-0.04,1
2497,Entry long,2022-12-14,TEST,243.1,1,243.1,1,0.41,0,3.7,1.52,-1.1,-0.45,-354.6,-0.04,1
2498,Exit long,2022-12-19,Close entry(s) order TEST,232.9,1,233,-0.1,-0.04,0,3.2,1.37,-7.9,-3.39,-354.7,-0.04,1
2498,Entry long,2022-12-16,TEST,233,1,233,-0.1,-0.04,0,3.2,1.37,-7.9,-3.39,-354.7,-0.04,1
2499,Exit long,2022-12-21,Close entry(s) order TEST,226.3,1,230.6,-4.3,-1.86,0,2.2,0.95,-6,-2.60,-359,-0.04,1
2499,Entry long,2022-12-20,TEST,230.6,1,230.6,-4.3,-1.86,0,2.2,0.95,-6,-2.60,-359,-0.04,1
2500,Exit long,2022-12-23,Close entry(s) order TEST,216.4,1,220.9,-4.5,-2.04,0,5,2.26,-8.6,-3.89,-363.5,-0.04,1
2500,Entry long,2022-12-22,TEST,220.9,1,220.9,-4.5,-2.04,0,5,2.26,-8.6,-3.89,-363.5,-0.04,1
2501,Exit long,2022-12-27,Close entry(s) order TEST,218,1,203.9,14.1,6.92,0,14.5,7.11,-2.3,-1.13,-349.4,-0.03,1
2501,Entry long,2022-12-26,TEST,203.9,1,203.9,14.1,6.92,0,14.5,7.11,-2.3,-1.13,-349.4,-0.03,1
2502,Exit long,2022-12-29,Close entry(s) order TEST,227.6,1,226.4,1.2,0.53,0,2.9,1.28,-1.4,-0.62,-348.2,-0.03,1
2502,Entry long,2022-12-28,TEST,226.4,1,226.4,1.2,0.53,0,2.9,1.28,-1.4,-0.62,-348.2,-0.03,1
2503,Exit long,2023-01-02,Close entry(s) order TEST,232.6,1,227.4,5.2,2.29,0,11.6,5.10,0,0.00,-343,-0.03,1
2503,Entry long,2022-12-30,TEST,227.4,1,227.4,5.2,2.29,0,11.6,5.10,0,0.00,-343,-0.03,1
2504,Exit long,2023-01-04,Close entry(s) order TEST,234,1,238.1,-4.1,-1.72,0,0.5,0.21,-5,-2.10,-347.1,-0.03,1
2504,Entry long,2023-01-03,TEST,238.1,1,238.1,-4.1,-1.72,0,0.5,0.21,-5,-2.10,-347.1,-0.03,1
2505,Exit long,2023-01-06,Close entry(s) order TEST,226.6,1,229.1,-2.5,-1.09,0,1.2,0.52,-4,-1.75,-349.6,-0.03,1
2505,Entry long,2023-01-05,TEST,229.1,1,229.1,-2.5,-1.09,0,1.2,0.52,-4,-1.75,-349.6,-0.03,1
2506,Exit long,2023-01-10,Close entry(s) order TEST,221,1,220.7,0.3,0.14,0,3.5,1.59,-0.9,-0.41,-349.3,-0.03,1
2506,Entry long,2023-01-09,TEST,220.7,1,220.7,0.3,0.14,0,3.5,1.59,-0.9,-0.41,-349.3,-0.03,1
2507,Exit long,2023-01-12,Close entry(s) order TEST,217.8,1,218.4,-0.6,-0.27,0,3.7,1.69,-6.2,-2.84,-349.9,-0.03,1
2507,Entry long,2023-01-11,TEST,218.4,1,218.4,-0.6,-0.27,0,3.7,1.69,-6.2,-2.84,-349.9,-0.03,1
2508,Exit long,2023-01-16,Close entry(s) order TEST,217,1,216.4,0.6,0.28,0,1.4,0.65,-2.3,-1.06,-349.3,-0.03,1
2508,Entry long,2023-01-13,TEST,216.4,1,216.4,0.6,0.28,0,1.4,0.65,-2.3,-1.06,-349.3,-0.03,1
2509,Exit long,2023-01-18,Close entry(s) order TEST,216.3,1,216.6,-0.3,-0.14,0,1,0.46,-3.1,-1.43,-349.6,-0.03,1
2509,Entry long,2023-01-17,TEST,216.6,1,216.6,-0.3,-0.14,0,1,0.46,-3.1,-1.43,-349.6,-0.03,1
2510,Exit long,2023-01-20,Close entry(s) order TEST,226.1,1,224.1,2,0.89,0,4.7,2.10,-1.7,-0.76,-347.6,-0.03,1
2510,Entry long,2023-01-19,TEST,224.1,1,224.1,2,0.89,0,4.7,2.10,-1.7,-0.76,-347.6,-0.03,1
2511,Exit long,2023-01-24,Close entry(s) order TEST,228.4,1,227,1.4,0.62,0,1.4,0.62,-2.1,-0.93,-346.2,-0.03,1
2511,Entry long,2023-01-23,TEST,227,1,227,1.4,0.62,0,1.4,0.62,-2.1,-0.93,-346.2,-0.03,1
2512,Exit long,2023-01-27,Close entry(s) order TEST,220.5,1,225.4,-4.9,-2.17,0,0.6,0.27,-5.6,-2.48,-351.1,-0.04,1
2512,Entry long,2023-01-25,TEST,225.4,1,225.4,-4.9,-2.17,0,0.6,0.27,-5.6,-2.48,-351.1,-0.04,1
2513,Exit long,2023-01-31,Close entry(s) order TEST,204.9,1,205.9,-1,-0.49,0,6.1,2.96,-4.8,-2.33,-352.1,-0.04,1
2513,Entry long,2023-01-30,TEST,205.9,1,205.9,-1,-0.49,0,6.1,2.96,-4.8,-2.33,-352.1,-0.04,1
2514,Exit long,2023-02-02,Close entry(s) order TEST,203.3,1,211.8,-8.5,-4.01,0,5,2.36,-10.1,-4.77,-360.6,-0.04,1
2514,Entry long,2023-02-01,TEST,211.8,1,211.8,-8.5,-4.01,0,5,2.36,-10.1,-4.77,-360.6,-0.04,1
2515,Exit long,2023-02-06,Close entry(s) order TEST,193.3,1,215,-21.7,-10.09,0,0.1,0.05,-32.1,-14.93,-382.3,-0.04,1
2515,Entry long,2023-02-03,TEST,215,1,215,-21.7,-10.09,0,0.1,0.05,-32.1,-14.93,-382.3,-0.04,1
2516,Exit long,2023-02-08,Close entry(s) order TEST,203,1,196.4,6.6,3.36,0,8,4.07,-5.3,-2.70,-375.7,-0.04,1
2516,Entry long,2023-02-07,TEST,196.4,1,196.4,6.6,3.36,0,8,4.07,-5.3,-2.70,-375.7,-0.04,1
2517,Exit long,2023-02-10,Close entry(s) order TEST,199,1,202.5,-3.5,-1.73,0,1.3,0.64,-4.1,-2.02,-379.2,-0.04,1
2517,Entry long,2023-02-09,TEST,202.5,1,202.5,-3.5,-1.73,0,1.3,0.64,-4.1,-2.02,-379.2,-0.04,1
2518,Exit long,2023-02-14,Close entry(s) order TEST,202.5,1,207.1,-4.6,-2.22,0,1.2,0.58,-6.5,-3.14,-383.8,-0.04,1
2518,Entry long,2023-02-13,TEST,207.1,1,207.1,-4.6,-2.22,0,1.2,0.58,-6.5,-3.14,-383.8,-0.04,1
2519,Exit long,2023-02-16,Close entry(s) order TEST,198.6,1,194.6,4,2.06,0,4.4,2.26,-1.5,-0.77,-379.8,-0.04,1
2519,Entry long,2023-02-15,TEST,194.6,1,194.6,4,2.06,0,4.4,2.26,-1.5,-0.77,-379.8,-0.04,1
2520,Exit long,2023-02-20,Close entry(s) order TEST,195.8,1,194.7,1.1,0.56,0,4.2,2.16,-0.6,-0.31,-378.7,-0.04,1
2520,Entry long,2023-02-17,TEST,194.7,1,194.7,1.1,0.56,0,4.2,2.16,-0.6,-0.31,-378.7,-0.04,1
2521,Exit long,2023-02-22,Close entry(s) order TEST,192.1,1,195,-2.9,-1.49,0,1.6,0.82,-2.9,-1.49,-381.6,-0.04,1
2521,Entry long,2023-02-21,TEST,195,1,195,-2.9,-1.49,0,1.6,0.82,-2.9,-1.49,-381.6,-0.04,1
2522,Exit long,2023-02-24,Close entry(s) order TEST,187,1,188.4,-1.4,-0.74,0,1,0.53,-3.5,-1.86,-383,-0.04,1
2522,Entry long,2023-02-23,TEST,188.4,1,188.4,-1.4,-0.74,0,1,0.53,-3.5,-1.86,-383,-0.04,1
2523,Exit long,2023-02-28,Close entry(s) order TEST,181,1,185.4,-4.4,-2.37,0,1.5,0.81,-7.8,-4.21,-387.4,-0.04,1
2523,Entry long,2023-02-27,TEST,185.4,1,185.4,-4.4,-2.37,0,1.5,0.81,-7.8,-4.21,-387.4,-0.04,1
2524,Exit long,2023-03-02,Close entry(s) order TEST,192.1,1,184.1,8,4.35,0,11.5,6.25,-0.2,-0.11,-379.4,-0.04,1
2524,Entry long,2023-03-01,TEST,184.1,1,184.1,8,4.35,0,11.5,6.25,-0.2,-0.11,-379.4,-0.04,1
2525,Exit long,2023-03-06,Close entry(s) order TEST,200,1,194.3,5.7,2.93,0,6.2,3.19,-0.2,-0.10,-373.7,-0.04,1
2525,Entry long,2023-03-03,TEST,194.3,1,194.3,5.7,2.93,0,6.2,3.19,-0.2,-0.10,-373.7,-0.04,1
2526,Exit long,2023-03-09,Close entry(s) order TEST,204.7,1,204.5,0.2,0.10,0,4.7,2.30,-1.3,-0.64,-373.5,-0.04,1
2526,Entry long,2023-03-08,TEST,204.5,1,204.5,0.2,0.10,0,4.7,2.30,-1.3,-0.64,-373.5,-0.04,1
2527,Exit long,2023-03-13,Close entry(s) order TEST,212.9,1,207,5.9,2.85,0,8,3.86,0,0.00,-367.6,-0.04,1
2527,Entry long,2023-03-10,TEST,207,1,207,5.9,2.85,0,8,3.86,0,0.00,-367.6,-0.04,1
2528,Exit long,2023-03-15,Close entry(s) order TEST,202,1,201.4,0.6,0.30,0,5,2.48,-5.3,-2.63,-367,-0.04,1
2528,Entry long,2023-03-14,TEST,201.4,1,201.4,0.6,0.30,0,5,2.48,-5.3,-2.63,-367,-0.04,1
2529,Exit long,2023-03-17,Close entry(s) order TEST,199.1,1,200.2,-1.1,-0.55,0,0.2,0.10,-9.3,-4.65,-368.1,-0.04,1
2529,Entry long,2023-03-16,TEST,200.2,1,200.2,-1.1,-0.55,0,0.2,0.10,-9.3,-4.65,-368.1,-0.04,1
2530,Exit long,2023-03-21,Close entry(s) order TEST,196.2,1,198.8,-2.6,-1.31,0,2.1,1.06,-6.6,-3.32,-370.7,-0.04,1
2530,Entry long,2023-03-20,TEST,198.8,1,198.8,-2.6,-1.31,0,2.1,1.06,-6.6,-3.32,-370.7,-0.04,1
2531,Exit long,2023-03-23,Close entry(s) order TEST,198.6,1,195.3,3.3,1.69,0,6.6,3.38,0,0.00,-367.4,-0.04,1
2531,Entry long,2023-03-22,TEST,195.3,1,195.3,3.3,1.69,0,6.6,3.38,0,0.00,-367.4,-0.04,1
2532,Exit long,2023-03-27,Close entry(s) order TEST,198.1,1,199,-0.9,-0.45,0,7.5,3.77,-2,-1.01,-368.3,-0.04,1
2532,Entry long,2023-03-24,TEST,199,1,199,-0.9,-0.45,0,7.5,3.77,-2,-1.01,-368.3,-0.04,1
2533,Exit long,2023-03-29,Close entry(s) order TEST,187,1,191.6,-4.6,-2.40,0,2,1.04,-5.5,-2.87,-372.9,-0.04,1
2533,Entry long,2023-03-28,TEST,191.6,1,191.6,-4.6,-2.40,0,2,1.04,-5.5,-2.87,-372.9,-0.04,1
2534,Exit long,2023-04-03,Close entry(s) order TEST,201,1,200,1,0.50,0,3.3,1.65,-0.9,-0.45,-371.9,-0.04,1
2534,Entry long,2023-03-31,TEST,200,1,200,1,0.50,0,3.3,1.65,-0.9,-0.45,-371.9,-0.04,1
2535,Exit long,2023-04-06,Close entry(s) order TEST,214.4,1,209.5,4.9,2.34,0,5.1,2.43,-1.4,-0.67,-367,-0.04,1
2535,Entry long,2023-04-05,TEST,209.5,1,209.5,4.9,2.34,0,5.1,2.43,-1.4,-0.67,-367,-0.04,1
2536,Exit long,2023-04-11,Close entry(s) order TEST,212.6,1,219.4,-6.8,-3.10,0,0,0.00,-7.4,-3.37,-373.8,-0.04,1
2536,Entry long,2023-04-10,TEST,219.4,1,219.4,-6.8,-3.10,0,0,0.00,-7.4,-3.37,-373.8,-0.04,1
2537,Exit long,2023-04-13,Close entry(s) order TEST,215.9,1,214.6,1.3,0.61,0,2.3,1.07,-1.1,-0.51,-372.5,-0.04,1
2537,Entry long,2023-04-12,TEST,214.6,1,214.6,1.3,0.61,0,2.3,1.07,-1.1,-0.51,-372.5,-0.04,1
2538,Exit long,2023-04-18,Close entry(s) order TEST,219.9,1,222.3,-2.4,-1.08,0,1.7,0.76,-4,-1.80,-374.9,-0.04,1
2538,Entry long,2023-04-17,TEST,222.3,1,222.3,-2.4,-1.08,0,1.7,0.76,-4,-1.80,-374.9,-0.04,1
2539,Exit long,2023-04-20,Close entry(s) order TEST,222,1,215.9,6.1,2.83,0,6.4,2.96,-1.9,-0.88,-368.8,-0.04,1
2539,Entry long,2023-04-19,TEST,215.9,1,215.9,6.1,2.83,0,6.4,2.96,-1.9,-0.88,-368.8,-0.04,1
2540,Exit long,2023-04-24,Close entry(s) order TEST,215.2,1,217.5,-2.3,-1.06,0,1.8,0.83,-2.5,-1.15,-371.1,-0.04,1
2540,Entry long,2023-04-21,TEST,217.5,1,217.5,-2.3,-1.06,0,1.8,0.83,-2.5,-1.15,-371.1,-0.04,1
2541,Exit long,2023-04-26,Close entry(s) order TEST,218.1,1,219.9,-1.8,-0.82,0,1.5,0.68,-2.3,-1.05,-372.9,-0.04,1
2541,Entry long,2023-04-25,TEST,219.9,1,219.9,-1.8,-0.82,0,1.5,0.68,-2.3,-1.05,-372.9,-0.04,1
2542,Exit long,2023-04-28,Close entry(s) order TEST,221,1,221.3,-0.3,-0.14,0,1,0.45,-2.1,-0.95,-373.2,-0.04,1
2542,Entry long,2023-04-27,TEST,221.3,1,221.3,-0.3,-0.14,0,1,0.45,-2.1,-0.95,-373.2,-0.04,1
2543,Exit long,2023-05-03,Close entry(s) order TEST,229,1,226.3,2.7,1.19,0,3.7,1.63,-0.6,-0.27,-370.5,-0.04,1
2543,Entry long,2023-05-02,TEST,226.3,1,226.3,2.7,1.19,0,3.7,1.63,-0.6,-0.27,-370.5,-0.04,1
2544,Exit long,2023-05-05,Close entry(s) order TEST,235.5,1,233.4,2.1,0.90,0,4.3,1.84,-0.8,-0.34,-368.4,-0.04,1
2544,Entry long,2023-05-04,TEST,233.4,1,233.4,2.1,0.90,0,4.3,1.84,-0.8,-0.34,-368.4,-0.04,1
2545,Exit long,2023-05-09,Close entry(s) order TEST,232.7,1,230.9,1.8,0.78,0,5.1,2.21,-1.5,-0.65,-366.6,-0.04,1
2545,Entry long,2023-05-08,TEST,230.9,1,230.9,1.8,0.78,0,5.1,2.21,-1.5,-0.65,-366.6,-0.04,1
2546,Exit long,2023-05-11,Close entry(s) order TEST,225.1,1,227.4,-2.3,-1.01,0,0.5,0.22,-3.1,-1.36,-368.9,-0.04,1
2546,Entry long,2023-05-10,TEST,227.4,1,227.4,-2.3,-1.01,0,0.5,0.22,-3.1,-1.36,-368.9,-0.04,1
2547,Exit long,2023-05-15,Close entry(s) order TEST,225,1,227.1,-2.1,-0.92,0,2.1,0.92,-2.1,-0.92,-371,-0.04,1
2547,Entry long,2023-05-12,TEST,227.1,1,227.1,-2.1,-0.92,0,2.1,0.92,-2.1,-0.92,-371,-0.04,1
2548,Exit long,2023-05-17,Close entry(s) order TEST,230.4,1,231.6,-1.2,-0.52,0,2.7,1.17,-1.6,-0.69,-372.2,-0.04,1
2548,Entry long,2023-05-16,TEST,231.6,1,231.6,-1.2,-0.52,0,2.7,1.17,-1.6,-0.69,-372.2,-0.04,1
2549,Exit long,2023-05-19,Close entry(s) order TEST,234.7,1,236.8,-2.1,-0.89,0,3.1,1.31,-3.2,-1.35,-374.3,-0.04,1
2549,Entry long,2023-05-18,TEST,236.8,1,236.8,-2.1,-0.89,0,3.1,1.31,-3.2,-1.35,-374.3,-0.04,1
2550,Exit long,2023-05-23,Close entry(s) order TEST,242,1,238.3,3.7,1.55,0,7.1,2.98,-1.9,-0.80,-370.6,-0.04,1
2550,Entry long,2023-05-22,TEST,238.3,1,238.3,3.7,1.55,0,7.1,2.98,-1.9,-0.80,-370.6,-0.04,1
2551,Exit long,2023-05-25,Close entry(s) order TEST,240.9,1,239.9,1,0.42,0,4.5,1.88,-2.9,-1.21,-369.6,-0.04,1
2551,Entry long,2023-05-24,TEST,239.9,1,239.9,1,0.42,0,4.5,1.88,-2.9,-1.21,-369.6,-0.04,1
2552,Exit long,2023-05-29,Close entry(s) order TEST,243.9,1,238.9,5,2.09,0,7.1,2.97,-0.3,-0.13,-364.6,-0.04,1
2552,Entry long,2023-05-26,TEST,238.9,1,238.9,5,2.09,0,7.1,2.97,-0.3,-0.13,-364.6,-0.04,1
2553,Exit long,2023-05-31,Close entry(s) order TEST,250,1,246.4,3.6,1.46,0,3.6,1.46,-6.3,-2.56,-361,-0.04,1
2553,Entry long,2023-05-30,TEST,246.4,1,246.4,3.6,1.46,0,3.6,1.46,-6.3,-2.56,-361,-0.04,1
2554,Exit long,2023-06-02,Close entry(s) order TEST,263,1,253.6,9.4,3.71,0,10.5,4.14,-0.5,-0.20,-351.6,-0.04,1
2554,Entry long,2023-06-01,TEST,253.6,1,253.6,9.4,3.71,0,10.5,4.14,-0.5,-0.20,-351.6,-0.04,1
2555,Exit long,2023-06-06,Close entry(s) order TEST,264.3,1,270,-5.7,-2.11,0,5,1.85,-7,-2.59,-357.3,-0.04,1
2555,Entry long,2023-06-05,TEST,270,1,270,-5.7,-2.11,0,5,1.85,-7,-2.59,-357.3,-0.04,1
2556,Exit long,2023-06-08,Close entry(s) order TEST,282,1,271,11,4.06,0,13,4.80,-2.8,-1.03,-346.3,-0.03,1
2556,Entry long,2023-06-07,TEST,271,1,271,11,4.06,0,13,4.80,-2.8,-1.03,-346.3,-0.03,1
2557,Exit long,2023-06-12,Close entry(s) order TEST,273.8,1,272.3,1.5,0.55,0,3.5,1.29,-2.6,-0.95,-344.8,-0.03,1
2557,Entry long,2023-06-09,TEST,272.3,1,272.3,1.5,0.55,0,3.5,1.29,-2.6,-0.95,-344.8,-0.03,1
2558,Exit long,2023-06-14,Close entry(s) order TEST,269.5,1,273,-3.5,-1.28,0,2.6,0.95,-4.8,-1.76,-348.3,-0.03,1
2558,Entry long,2023-06-13,TEST,273,1,273,-3.5,-1.28,0,2.6,0.95,-4.8,-1.76,-348.3,-0.03,1
2559,Exit long,2023-06-16,Close entry(s) order TEST,266.8,1,270.9,-4.1,-1.51,0,4,1.48,-6.1,-2.25,-352.4,-0.04,1
2559,Entry long,2023-06-15,TEST,270.9,1,270.9,-4.1,-1.51,0,4,1.48,-6.1,-2.25,-352.4,-0.04,1
2560,Exit long,2023-06-20,Close entry(s) order TEST,265.6,1,269.3,-3.7,-1.37,0,2.7,1.00,-4.3,-1.60,-356.1,-0.04,1
2560,Entry long,2023-06-19,TEST,269.3,1,269.3,-3.7,-1.37,0,2.7,1.00,-4.3,-1.60,-356.1,-0.04,1
2561,Exit long,2023-06-22,Close entry(s) order TEST,268.3,1,266.3,2,0.75,0,6.2,2.33,-0.3,-0.11,-354.1,-0.04,1
2561,Entry long,2023-06-21,TEST,266.3,1,266.3,2,0.75,0,6.2,2.33,-0.3,-0.11,-354.1,-0.04,1
2562,Exit long,2023-06-26,Close entry(s) order TEST,262.3,1,268.1,-5.8,-2.16,0,2.5,0.93,-6.7,-2.50,-359.9,-0.04,1
2562,Entry long,2023-06-23,TEST,268.1,1,268.1,-5.8,-2.16,0,2.5,0.93,-6.7,-2.50,-359.9,-0.04,1
2563,Exit long,2023-06-28,Close entry(s) order TEST,263,1,263,0,0.00,0,5,1.90,-1.5,-0.57,-359.9,-0.04,1
2563,Entry long,2023-06-27,TEST,263,1,263,0,0.00,0,5,1.90,-1.5,-0.57,-359.9,-0.04,1
2564,Exit long,2023-07-03,Close entry(s) order TEST,262,1,263.3,-1.3,-0.49,0,2.3,0.87,-2.9,-1.10,-361.2,-0.04,1
2564,Entry long,2023-06-30,TEST,263.3,1,263.3,-1.3,-0.49,0,2.3,0.87,-2.9,-1.10,-361.2,-0.04,1
2565,Exit long,2023-07-05,Close entry(s) order TEST,267.5,1,270.4,-2.9,-1.07,0,1.5,0.55,-5.6,-2.07,-364.1,-0.04,1
2565,Entry long,2023-07-04,TEST,270.4,1,270.4,-2.9,-1.07,0,1.5,0.55,-5.6,-2.07,-364.1,-0.04,1
2566,Exit long,2023-07-07,Close entry(s) order TEST,286.9,1,285.3,1.6,0.56,0,9.7,3.40,-1.8,-0.63,-362.5,-0.04,1
2566,Entry long,2023-07-06,TEST,285.3,1,285.3,1.6,0.56,0,9.7,3.40,-1.8,-0.63,-362.5,-0.04,1
2567,Exit long,2023-07-11,Close entry(s) order TEST,309.8,1,295.3,14.5,4.91,0,17.2,5.82,0,0.00,-348,-0.03,1
2567,Entry long,2023-07-10,TEST,295.3,1,295.3,14.5,4.91,0,17.2,5.82,0,0.00,-348,-0.03,1
2568,Exit long,2023-07-13,Close entry(s) order TEST,303,1,304.3,-1.3,-0.43,0,3.1,1.02,-4.2,-1.38,-349.3,-0.03,1
2568,Entry long,2023-07-12,TEST,304.3,1,304.3,-1.3,-0.43,0,3.1,1.02,-4.2,-1.38,-349.3,-0.03,1
2569,Exit long,2023-07-17,Close entry(s) order TEST,304.5,1,301.2,3.3,1.10,0,7.6,2.52,-1.2,-0.40,-346,-0.03,1
2569,Entry long,2023-07-14,TEST,301.2,1,301.2,3.3,1.10,0,7.6,2.52,-1.2,-0.40,-346,-0.03,1
2570,Exit long,2023-07-19,Close entry(s) order TEST,305.3,1,311,-5.7,-1.83,0,3.4,1.09,-6,-1.93,-351.7,-0.04,1
2570,Entry long,2023-07-18,TEST,311,1,311,-5.7,-1.83,0,3.4,1.09,-6,-1.93,-351.7,-0.04,1
2571,Exit long,2023-07-21,Close entry(s) order TEST,321,1,322.5,-1.5,-0.47,0,5.5,1.71,-4.5,-1.40,-353.2,-0.04,1
2571,Entry long,2023-07-20,TEST,322.5,1,322.5,-1.5,-0.47,0,5.5,1.71,-4.5,-1.40,-353.2,-0.04,1
2572,Exit long,2023-07-25,Close entry(s) order TEST,321,1,321,0,0.00,0,4.1,1.28,-5,-1.56,-353.2,-0.04,1
2572,Entry long,2023-07-24,TEST,321,1,321,0,0.00,0,4.1,1.28,-5,-1.56,-353.2,-0.04,1
2573,Exit long,2023-07-27,Close entry(s) order TEST,312.5,1,315.4,-2.9,-0.92,0,1.6,0.51,-5.4,-1.71,-356.1,-0.04,1
2573,Entry long,2023-07-26,TEST,315.4,1,315.4,-2.9,-0.92,0,1.6,0.51,-5.4,-1.71,-356.1,-0.04,1
2574,Exit long,2023-07-31,Close entry(s) order TEST,317.8,1,319,-1.2,-0.38,0,5,1.57,-6,-1.88,-357.3,-0.04,1
2574,Entry long,2023-07-28,TEST,319,1,319,-1.2,-0.38,0,5,1.57,-6,-1.88,-357.3,-0.04,1
2575,Exit long,2023-08-02,Close entry(s) order TEST,326.6,1,323.5,3.1,0.96,0,10.2,3.15,-2,-0.62,-354.2,-0.04,1
2575,Entry long,2023-08-01,TEST,323.5,1,323.5,3.1,0.96,0,10.2,3.15,-2,-0.62,-354.2,-0.04,1
2576,Exit long,2023-08-04,Close entry(s) order TEST,333,1,326.1,6.9,2.12,0,11.7,3.59,-2.6,-0.80,-347.3,-0.03,1
2576,Entry long,2023-08-03,TEST,326.1,1,326.1,6.9,2.12,0,11.7,3.59,-2.6,-0.80,-347.3,-0.03,1
2577,Exit long,2023-08-08,Close entry(s) order TEST,325.6,1,325,0.6,0.18,0,6.5,2.00,-4,-1.23,-346.7,-0.03,1
2577,Entry long,2023-08-07,TEST,325,1,325,0.6,0.18,0,6.5,2.00,-4,-1.23,-346.7,-0.03,1
2578,Exit long,2023-08-10,Close entry(s) order TEST,334,1,335.5,-1.5,-0.45,0,0.2,0.06,-6,-1.79,-348.2,-0.03,1
2578,Entry long,2023-08-09,TEST,335.5,1,335.5,-1.5,-0.45,0,0.2,0.06,-6,-1.79,-348.2,-0.03,1
2579,Exit long,2023-08-14,Close entry(s) order TEST,327.5,1,336.6,-9.1,-2.70,0,1.5,0.45,-12.5,-3.71,-357.3,-0.04,1
2579,Entry long,2023-08-11,TEST,336.6,1,336.6,-9.1,-2.70,0,1.5,0.45,-12.5,-3.71,-357.3,-0.04,1
2580,Exit long,2023-08-17,Close entry(s) order TEST,319.3,1,325,-5.7,-1.75,0,3.9,1.20,-8,-2.46,-363,-0.04,1
2580,Entry long,2023-08-16,TEST,325,1,325,-5.7,-1.75,0,3.9,1.20,-8,-2.46,-363,-0.04,1
2581,Exit long,2023-08-21,Close entry(s) order TEST,313.4,1,316.6,-3.2,-1.01,0,4.3,1.36,-6.6,-2.08,-366.2,-0.04,1
2581,Entry long,2023-08-18,TEST,316.6,1,316.6,-3.2,-1.01,0,4.3,1.36,-6.6,-2.08,-366.2,-0.04,1
2582,Exit long,2023-08-23,Close entry(s) order TEST,324.1,1,318,6.1,1.92,0,9,2.83,-2,-0.63,-360.1,-0.04,1
2582,Entry long,2023-08-22,TEST,318,1,318,6.1,1.92,0,9,2.83,-2,-0.63,-360.1,-0.04,1
2583,Exit long,2023-08-25,Close entry(s) order TEST,323.4,1,322.5,0.9,0.28,0,6.5,2.02,-2.5,-0.78,-359.2,-0.04,1
2583,Entry long,2023-08-24,TEST,322.5,1,322.5,0.9,0.28,0,6.5,2.02,-2.5,-0.78,-359.2,-0.04,1
2584,Exit long,2023-08-29,Close entry(s) order TEST,319.4,1,318,1.4,0.44,0,3.9,1.23,-3.1,-0.97,-357.8,-0.04,1
2584,Entry long,2023-08-28,TEST,318,1,318,1.4,0.44,0,3.9,1.23,-3.1,-0.97,-357.8,-0.04,1
2585,Exit long,2023-08-31,Close entry(s) order TEST,336.8,1,319.9,16.9,5.28,0,18.4,5.75,-1.1,-0.34,-340.9,-0.03,1
2585,Entry long,2023-08-30,TEST,319.9,1,319.9,16.9,5.28,0,18.4,5.75,-1.1,-0.34,-340.9,-0.03,1
2586,Exit long,2023-09-04,Close entry(s) order TEST,340.4,1,328.6,11.8,3.59,0,13.4,4.08,-0.6,-0.18,-329.1,-0.03,1
2586,Entry long,2023-09-01,TEST,328.6,1,328.6,11.8,3.59,0,13.4,4.08,-0.6,-0.18,-329.1,-0.03,1
2587,Exit long,2023-09-06,Close entry(s) order TEST,334.8,1,337.4,-2.6,-0.77,0,2.1,0.62,-7.3,-2.16,-331.7,-0.03,1
2587,Entry long,2023-09-05,TEST,337.4,1,337.4,-2.6,-0.77,0,2.1,0.62,-7.3,-2.16,-331.7,-0.03,1
2588,Exit long,2023-09-08,Close entry(s) order TEST,356,1,344.2,11.8,3.43,0,11.8,3.43,-3.7,-1.07,-319.9,-0.03,1
2588,Entry long,2023-09-07,TEST,344.2,1,344.2,11.8,3.43,0,11.8,3.43,-3.7,-1.07,-319.9,-0.03,1
2589,Exit long,2023-09-12,Close entry(s) order TEST,386.1,1,383.8,2.3,0.60,0,8.2,2.14,-13.8,-3.60,-317.6,-0.03,1
2589,Entry long,2023-09-11,TEST,383.8,1,383.8,2.3,0.60,0,8.2,2.14,-13.8,-3.60,-317.6,-0.03,1
2590,Exit long,2023-09-14,Close entry(s) order TEST,362,1,358.2,3.8,1.06,0,8.4,2.35,-6.2,-1.73,-313.8,-0.03,1
2590,Entry long,2023-09-13,TEST,358.2,1,358.2,3.8,1.06,0,8.4,2.35,-6.2,-1.73,-313.8,-0.03,1
2591,Exit long,2023-09-18,Close entry(s) order TEST,395,1,386,9,2.33,0,16,4.15,-2.5,-0.65,-304.8,-0.03,1
2591,Entry long,2023-09-15,TEST,386,1,386,9,2.33,0,16,4.15,-2.5,-0.65,-304.8,-0.03,1
2592,Exit long,2023-09-21,Close entry(s) order TEST,397.4,1,395,2.4,0.61,0,9,2.28,-5.1,-1.29,-302.4,-0.03,1
2592,Entry long,2023-09-20,TEST,395,1,395,2.4,0.61,0,9,2.28,-5.1,-1.29,-302.4,-0.03,1
2593,Exit long,2023-09-25,Close entry(s) order TEST,389.8,1,395.4,-5.6,-1.42,0,0.5,0.13,-12.9,-3.26,-308,-0.03,1
2593,Entry long,2023-09-22,TEST,395.4,1,395.4,-5.6,-1.42,0,0.5,0.13,-12.9,-3.26,-308,-0.03,1
2594,Exit long,2023-09-27,Close entry(s) order TEST,396.5,1,400,-3.5,-0.88,0,1,0.25,-7,-1.75,-311.5,-0.03,1
2594,Entry long,2023-09-26,TEST,400,1,400,-3.5,-0.88,0,1,0.25,-7,-1.75,-311.5,-0.03,1
2595,Exit long,2023-09-29,Close entry(s) order TEST,393,1,398,-5,-1.26,0,2,0.50,-8,-2.01,-316.5,-0.03,1
2595,Entry long,2023-09-28,TEST,398,1,398,-5,-1.26,0,2,0.50,-8,-2.01,-316.5,-0.03,1
2596,Exit long,2023-10-04,Close entry(s) order TEST,387.5,1,394.4,-6.9,-1.75,0,3,0.76,-8.9,-2.26,-323.4,-0.03,1
2596,Entry long,2023-10-03,TEST,394.4,1,394.4,-6.9,-1.75,0,3,0.76,-8.9,-2.26,-323.4,-0.03,1
2597,Exit long,2023-10-06,Close entry(s) order TEST,388.7,1,381.5,7.2,1.89,0,8.5,2.23,0,0.00,-316.2,-0.03,1
2597,Entry long,2023-10-05,TEST,381.5,1,381.5,7.2,1.89,0,8.5,2.23,0,0.00,-316.2,-0.03,1
2598,Exit long,2023-10-10,Close entry(s) order TEST,384.1,1,380,4.1,1.08,0,4.1,1.08,-3.9,-1.03,-312.1,-0.03,1
2598,Entry long,2023-10-09,TEST,380,1,380,4.1,1.08,0,4.1,1.08,-3.9,-1.03,-312.1,-0.03,1
2599,Exit long,2023-10-12,Close entry(s) order TEST,410.4,1,392,18.4,4.69,0,27,6.89,0,0.00,-293.7,-0.03,1
2599,Entry long,2023-10-11,TEST,392,1,392,18.4,4.69,0,27,6.89,0,0.00,-293.7,-0.03,1
2600,Exit long,2023-10-16,Close entry(s) order TEST,440.5,1,420,20.5,4.88,0,23,5.48,-3.5,-0.83,-273.2,-0.03,1
2600,Entry long,2023-10-13,TEST,420,1,420,20.5,4.88,0,23,5.48,-3.5,-0.83,-273.2,-0.03,1
2601,Exit long,2023-10-18,Close entry(s) order TEST,452.5,1,448,4.5,1.00,0,9.3,2.08,-2.7,-0.60,-268.7,-0.03,1
2601,Entry long,2023-10-17,TEST,448,1,448,4.5,1.00,0,9.3,2.08,-2.7,-0.60,-268.7,-0.03,1
2602,Exit long,2023-10-20,Close entry(s) order TEST,440.7,1,451,-10.3,-2.28,0,2,0.44,-14,-3.10,-279,-0.03,1
2602,Entry long,2023-10-19,TEST,451,1,451,-10.3,-2.28,0,2,0.44,-14,-3.10,-279,-0.03,1
2603,Exit long,2023-10-25,Close entry(s) order TEST,415,1,439.5,-24.5,-5.57,0,4.9,1.11,-32.5,-7.39,-303.5,-0.03,1
2603,Entry long,2023-10-23,TEST,439.5,1,439.5,-24.5,-5.57,0,4.9,1.11,-32.5,-7.39,-303.5,-0.03,1
2604,Exit long,2023-10-27,Close entry(s) order TEST,402.9,1,400.1,2.8,0.70,0,2.9,0.72,-14.3,-3.57,-300.7,-0.03,1
2604,Entry long,2023-10-26,TEST,400.1,1,400.1,2.8,0.70,0,2.9,0.72,-14.3,-3.57,-300.7,-0.03,1
2605,Exit long,2023-10-31,Close entry(s) order TEST,416.4,1,407,9.4,2.31,0,17,4.18,-1,-0.25,-291.3,-0.03,1
2605,Entry long,2023-10-30,TEST,407,1,407,9.4,2.31,0,17,4.18,-1,-0.25,-291.3,-0.03,1
2606,Exit long,2023-11-02,Close entry(s) order TEST,436,1,427,9,2.11,0,16.5,3.86,-3.4,-0.80,-282.3,-0.03,1
2606,Entry long,2023-11-01,TEST,427,1,427,9,2.11,0,16.5,3.86,-3.4,-0.80,-282.3,-0.03,1
2607,Exit long,2023-11-06,Close entry(s) order TEST,459.9,1,438,21.9,5.00,0,21.9,5.00,-0.1,-0.02,-260.4,-0.03,1
2607,Entry long,2023-11-03,TEST,438,1,438,21.9,5.00,0,21.9,5.00,-0.1,-0.02,-260.4,-0.03,1
2608,Exit long,2023-11-08,Close entry(s) order TEST,454.8,1,447.6,7.2,1.61,0,13.3,2.97,0,0.00,-253.2,-0.03,1
2608,Entry long,2023-11-07,TEST,447.6,1,447.6,7.2,1.61,0,13.3,2.97,0,0.00,-253.2,-0.03,1
2609,Exit long,2023-11-10,Close entry(s) order TEST,481.7,1,480,1.7,0.35,0,16.5,3.44,-6.7,-1.40,-251.5,-0.03,1
2609,Entry long,2023-11-09,TEST,480,1,480,1.7,0.35,0,16.5,3.44,-6.7,-1.40,-251.5,-0.03,1
2610,Exit long,2023-11-13,Close entry(s) order TEST,531,1,493.7,37.3,7.56,0,41.3,8.37,-3.6,-0.73,-214.2,-0.02,1
2610,Entry long,2023-11-12,TEST,493.7,1,493.7,37.3,7.56,0,41.3,8.37,-3.6,-0.73,-214.2,-0.02,1
2611,Exit long,2023-11-16,Close entry(s) order TEST,524.1,1,530.2,-6.1,-1.15,0,7.3,1.38,-14.2,-2.68,-220.3,-0.02,1
2611,Entry long,2023-11-15,TEST,530.2,1,530.2,-6.1,-1.15,0,7.3,1.38,-14.2,-2.68,-220.3,-0.02,1
2612,Exit long,2023-11-20,Close entry(s) order TEST,548.8,1,548.7,0.1,0.02,0,8.8,1.60,-6.6,-1.20,-220.2,-0.02,1
2612,Entry long,2023-11-17,TEST,548.7,1,548.7,0.1,0.02,0,8.8,1.60,-6.6,-1.20,-220.2,-0.02,1
2613,Exit long,2023-11-22,Close entry(s) order TEST,552.8,1,539,13.8,2.56,0,24,4.45,-0.5,-0.09,-206.4,-0.02,1
2613,Entry long,2023-11-21,TEST,539,1,539,13.8,2.56,0,24,4.45,-0.5,-0.09,-206.4,-0.02,1
2614,Exit long,2023-11-24,Close entry(s) order TEST,526.3,1,542.4,-16.1,-2.97,0,5.6,1.03,-21.2,-3.91,-222.5,-0.02,1
2614,Entry long,2023-11-23,TEST,542.4,1,542.4,-16.1,-2.97,0,5.6,1.03,-21.2,-3.91,-222.5,-0.02,1
2615,Exit long,2023-11-29,Close entry(s) order TEST,522,1,525.8,-3.8,-0.72,0,6.3,1.20,-9.8,-1.86,-226.3,-0.02,1
2615,Entry long,2023-11-28,TEST,525.8,1,525.8,-3.8,-0.72,0,6.3,1.20,-9.8,-1.86,-226.3,-0.02,1
2616,Exit long,2023-12-01,Close entry(s) order TEST,530.8,1,528,2.8,0.53,0,5.8,1.10,-1.2,-0.23,-223.5,-0.02,1
2616,Entry long,2023-11-30,TEST,528,1,528,2.8,0.53,0,5.8,1.10,-1.2,-0.23,-223.5,-0.02,1
2617,Exit long,2023-12-05,Close entry(s) order TEST,534.7,1,537.4,-2.7,-0.50,0,5.4,1.00,-7.4,-1.38,-226.2,-0.02,1
2617,Entry long,2023-12-04,TEST,537.4,1,537.4,-2.7,-0.50,0,5.4,1.00,-7.4,-1.38,-226.2,-0.02,1
2618,Exit long,2023-12-07,Close entry(s) order TEST,554.9,1,565,-10.1,-1.79,0,4.4,0.78,-12,-2.12,-236.3,-0.02,1
2618,Entry long,2023-12-06,TEST,565,1,565,-10.1,-1.79,0,4.4,0.78,-12,-2.12,-236.3,-0.02,1
2619,Exit long,2023-12-11,Close entry(s) order TEST,541.1,1,535.8,5.3,0.99,0,11.7,2.18,-3.7,-0.69,-231,-0.02,1
2619,Entry long,2023-12-08,TEST,535.8,1,535.8,5.3,0.99,0,11.7,2.18,-3.7,-0.69,-231,-0.02,1
2620,Exit long,2023-12-13,Close entry(s) order TEST,548.1,1,531,17.1,3.22,0,18.5,3.48,-2.7,-0.51,-213.9,-0.02,1
2620,Entry long,2023-12-12,TEST,531,1,531,17.1,3.22,0,18.5,3.48,-2.7,-0.51,-213.9,-0.02,1
2621,Exit long,2023-12-15,Close entry(s) order TEST,535.8,1,540,-4.2,-0.78,0,1.3,0.24,-8.2,-1.52,-218.1,-0.02,1
2621,Entry long,2023-12-14,TEST,540,1,540,-4.2,-0.78,0,1.3,0.24,-8.2,-1.52,-218.1,-0.02,1
2622,Exit long,2023-12-19,Close entry(s) order TEST,534,1,534,0,0.00,0,2.2,0.41,-10.8,-2.02,-218.1,-0.02,1
2622,Entry long,2023-12-18,TEST,534,1,534,0,0.00,0,2.2,0.41,-10.8,-2.02,-218.1,-0.02,1
2623,Exit long,2023-12-21,Close entry(s) order TEST,510,1,542.3,-32.3,-5.96,0,0,0.00,-42.3,-7.80,-250.4,-0.03,1
2623,Entry long,2023-12-20,TEST,542.3,1,542.3,-32.3,-5.96,0,0,0.00,-42.3,-7.80,-250.4,-0.03,1
2624,Exit long,2023-12-26,Close entry(s) order TEST,530.5,1,519,11.5,2.22,0,13.5,2.60,-5.5,-1.06,-238.9,-0.02,1
2624,Entry long,2023-12-22,TEST,519,1,519,11.5,2.22,0,13.5,2.60,-5.5,-1.06,-238.9,-0.02,1
2625,Exit long,2023-12-28,Close entry(s) order TEST,552,1,545.8,6.2,1.14,0,8.2,1.50,-9.4,-1.72,-232.7,-0.02,1
2625,Entry long,2023-12-27,TEST,545.8,1,545.8,6.2,1.14,0,8.2,1.50,-9.4,-1.72,-232.7,-0.02,1
2626,Exit long,2024-01-01,Close entry(s) order TEST,548,1,542,6,1.11,0,11.2,2.07,-10.2,-1.88,-226.7,-0.02,1
2626,Entry long,2023-12-29,TEST,542,1,542,6,1.11,0,11.2,2.07,-10.2,-1.88,-226.7,-0.02,1
2627,Exit long,2024-01-03,Close entry(s) order TEST,566.5,1,574.9,-8.4,-1.46,0,1,0.17,-20.4,-3.55,-235.1,-0.02,1
2627,Entry long,2024-01-02,TEST,574.9,1,574.9,-8.4,-1.46,0,1,0.17,-20.4,-3.55,-235.1,-0.02,1
2628,Exit long,2024-01-05,Close entry(s) order TEST,558.5,1,559.3,-0.8,-0.14,0,11.7,2.09,-5,-0.89,-235.9,-0.02,1
2628,Entry long,2024-01-04,TEST,559.3,1,559.3,-0.8,-0.14,0,11.7,2.09,-5,-0.89,-235.9,-0.02,1
2629,Exit long,2024-01-09,Close entry(s) order TEST,563.5,1,560.2,3.3,0.59,0,3.7,0.66,-5.2,-0.93,-232.6,-0.02,1
2629,Entry long,2024-01-08,TEST,560.2,1,560.2,3.3,0.59,0,3.7,0.66,-5.2,-0.93,-232.6,-0.02,1
2630,Exit long,2024-01-11,Close entry(s) order TEST,551.7,1,537.3,14.4,2.68,0,15.8,2.94,-0.3,-0.06,-218.2,-0.02,1
2630,Entry long,2024-01-10,TEST,537.3,1,537.3,14.4,2.68,0,15.8,2.94,-0.3,-0.06,-218.2,-0.02,1
2631,Exit long,2024-01-15,Close entry(s) order TEST,535,1,543.2,-8.2,-1.51,0,0,0.00,-15.7,-2.89,-226.4,-0.02,1
2631,Entry long,2024-01-12,TEST,543.2,1,543.2,-8.2,-1.51,0,0,0.00,-15.7,-2.89,-226.4,-0.02,1
2632,Exit long,2024-01-17,Close entry(s) order TEST,539,1,531,8,1.51,0,13.9,2.62,-1.5,-0.28,-218.4,-0.02,1
2632,Entry long,2024-01-16,TEST,531,1,531,8,1.51,0,13.9,2.62,-1.5,-0.28,-218.4,-0.02,1
2633,Exit long,2024-01-19,Close entry(s) order TEST,605.2,1,585,20.2,3.45,0,23,3.93,-20,-3.42,-198.2,-0.02,1
2633,Entry long,2024-01-18,TEST,585,1,585,20.2,3.45,0,23,3.93,-20,-3.42,-198.2,-0.02,1
2634,Exit long,2024-01-23,Close entry(s) order TEST,593,1,602.1,-9.1,-1.51,0,2.5,0.42,-18.6,-3.09,-207.3,-0.02,1
2634,Entry long,2024-01-20,TEST,602.1,1,602.1,-9.1,-1.51,0,2.5,0.42,-18.6,-3.09,-207.3,-0.02,1
2635,Exit long,2024-01-25,Close entry(s) order TEST,591,1,589.9,1.1,0.19,0,8.8,1.49,-4.8,-0.81,-206.2,-0.02,1
2635,Entry long,2024-01-24,TEST,589.9,1,589.9,1.1,0.19,0,8.8,1.49,-4.8,-0.81,-206.2,-0.02,1
2636,Exit long,2024-01-30,Close entry(s) order TEST,583.8,1,585,-1.2,-0.21,0,5,0.85,-7.8,-1.33,-207.4,-0.02,1
2636,Entry long,2024-01-29,TEST,585,1,585,-1.2,-0.21,0,5,0.85,-7.8,-1.33,-207.4,-0.02,1
2637,Exit long,2024-02-01,Close entry(s) order TEST,590,1,585.2,4.8,0.82,0,12.1,2.07,-12.6,-2.15,-202.6,-0.02,1
2637,Entry long,2024-01-31,TEST,585.2,1,585.2,4.8,0.82,0,12.1,2.07,-12.6,-2.15,-202.6,-0.02,1
2638,Exit long,2024-02-05,Close entry(s) order TEST,590,1,597,-7,-1.17,0,9,1.51,-11,-1.84,-209.6,-0.02,1
2638,Entry long,2024-02-02,TEST,597,1,597,-7,-1.17,0,9,1.51,-11,-1.84,-209.6,-0.02,1
2639,Exit long,2024-02-07,Close entry(s) order TEST,605.2,1,599,6.2,1.04,0,24.9,4.16,-19,-3.17,-203.4,-0.02,1
2639,Entry long,2024-02-06,TEST,599,1,599,6.2,1.04,0,24.9,4.16,-19,-3.17,-203.4,-0.02,1
2640,Exit long,2024-02-09,Close entry(s) order TEST,579,1,590.7,-11.7,-1.98,0,2.8,0.47,-15.9,-2.69,-215.1,-0.02,1
2640,Entry long,2024-02-08,TEST,590.7,1,590.7,-11.7,-1.98,0,2.8,0.47,-15.9,-2.69,-215.1,-0.02,1
2641,Exit long,2024-02-13,Close entry(s) order TEST,540.1,1,560.1,-20,-3.57,0,10.8,1.93,-22.1,-3.95,-235.1,-0.02,1
2641,Entry long,2024-02-12,TEST,560.1,1,560.1,-20,-3.57,0,10.8,1.93,-22.1,-3.95,-235.1,-0.02,1
2642,Exit long,2024-02-15,Close entry(s) order TEST,564.4,1,540,24.4,4.52,0,24.4,4.52,0,0.00,-210.7,-0.02,1
2642,Entry long,2024-02-14,TEST,540,1,540,24.4,4.52,0,24.4,4.52,0,0.00,-210.7,-0.02,1
2643,Exit long,2024-02-19,Close entry(s) order TEST,548.4,1,568.4,-20,-3.52,0,6.6,1.16,-31.4,-5.52,-230.7,-0.02,1
2643,Entry long,2024-02-16,TEST,568.4,1,568.4,-20,-3.52,0,6.6,1.16,-31.4,-5.52,-230.7,-0.02,1
2644,Exit long,2024-02-21,Close entry(s) order TEST,542.2,1,550,-7.8,-1.42,0,4.3,0.78,-11,-2.00,-238.5,-0.02,1
2644,Entry long,2024-02-20,TEST,550,1,550,-7.8,-1.42,0,4.3,0.78,-11,-2.00,-238.5,-0.02,1
2645,Exit long,2024-02-23,Close entry(s) order TEST,544.8,1,530.1,14.7,2.77,0,15.9,3.00,-17.6,-3.32,-223.8,-0.02,1
2645,Entry long,2024-02-22,TEST,530.1,1,530.1,14.7,2.77,0,15.9,3.00,-17.6,-3.32,-223.8,-0.02,1
2646,Exit long,2024-02-27,Close entry(s) order TEST,562,1,562,0,0.00,0,9.8,1.74,-4.5,-0.80,-223.8,-0.02,1
2646,Entry long,2024-02-26,TEST,562,1,562,0,0.00,0,9.8,1.74,-4.5,-0.80,-223.8,-0.02,1
2647,Exit long,2024-02-29,Close entry(s) order TEST,525,1,555,-30,-5.41,0,4.7,0.85,-31.7,-5.71,-253.8,-0.03,1
2647,Entry long,2024-02-28,TEST,555,1,555,-30,-5.41,0,4.7,0.85,-31.7,-5.71,-253.8,-0.03,1
2648,Exit long,2024-03-02,Close entry(s) order TEST,534.8,1,521.5,13.3,2.55,0,22.2,4.26,-1.8,-0.35,-240.5,-0.02,1
2648,Entry long,2024-03-01,TEST,521.5,1,521.5,13.3,2.55,0,22.2,4.26,-1.8,-0.35,-240.5,-0.02,1
2649,Exit long,2024-03-05,Close entry(s) order TEST,540.1,1,543,-2.9,-0.53,0,8,1.47,-8.5,-1.57,-243.4,-0.02,1
2649,Entry long,2024-03-04,TEST,543,1,543,-2.9,-0.53,0,8,1.47,-8.5,-1.57,-243.4,-0.02,1
2650,Exit long,2024-03-07,Close entry(s) order TEST,542.7,1,537.3,5.4,1.01,0,16.7,3.11,-10.1,-1.88,-238,-0.02,1
2650,Entry long,2024-03-06,TEST,537.3,1,537.3,5.4,1.01,0,16.7,3.11,-10.1,-1.88,-238,-0.02,1
2651,Exit long,2024-03-12,Close entry(s) order TEST,542,1,547.8,-5.8,-1.06,0,0,0.00,-19.6,-3.58,-243.8,-0.02,1
2651,Entry long,2024-03-11,TEST,547.8,1,547.8,-5.8,-1.06,0,0,0.00,-19.6,-3.58,-243.8,-0.02,1
2652,Exit long,2024-03-14,Close entry(s) order TEST,480.1,1,528.5,-48.4,-9.16,0,1.7,0.32,-48.4,-9.16,-292.2,-0.03,1
2652,Entry long,2024-03-13,TEST,528.5,1,528.5,-48.4,-9.16,0,1.7,0.32,-48.4,-9.16,-292.2,-0.03,1
2653,Exit long,2024-03-18,Close entry(s) order TEST,512.1,1,510.8,1.3,0.25,0,3.2,0.63,-23.4,-4.58,-290.9,-0.03,1
2653,Entry long,2024-03-15,TEST,510.8,1,510.8,1.3,0.25,0,3.2,0.63,-23.4,-4.58,-290.9,-0.03,1
2654,Exit long,2024-03-20,Close entry(s) order TEST,501,1,518.8,-17.8,-3.43,0,0.2,0.04,-22.2,-4.28,-308.7,-0.03,1
2654,Entry long,2024-03-19,TEST,518.8,1,518.8,-17.8,-3.43,0,0.2,0.04,-22.2,-4.28,-308.7,-0.03,1
2655,Exit long,2024-03-22,Close entry(s) order TEST,526.4,1,514.2,12.2,2.37,0,16.8,3.27,-4.2,-0.82,-296.5,-0.03,1
2655,Entry long,2024-03-21,TEST,514.2,1,514.2,12.2,2.37,0,16.8,3.27,-4.2,-0.82,-296.5,-0.03,1
2656,Exit long,2024-03-27,Close entry(s) order TEST,527,1,532.1,-5.1,-0.96,0,4.6,0.86,-17.1,-3.21,-301.6,-0.03,1
2656,Entry long,2024-03-26,TEST,532.1,1,532.1,-5.1,-0.96,0,4.6,0.86,-17.1,-3.21,-301.6,-0.03,1
2657,Exit long,2024-04-01,Close entry(s) order TEST,528,1,515.5,12.5,2.42,0,12.5,2.42,-2,-0.39,-289.1,-0.03,1
2657,Entry long,2024-03-28,TEST,515.5,1,515.5,12.5,2.42,0,12.5,2.42,-2,-0.39,-289.1,-0.03,1
2658,Exit long,2024-04-03,Close entry(s) order TEST,555.5,1,558,-2.5,-0.45,0,4.8,0.86,-5.2,-0.93,-291.6,-0.03,1
2658,Entry long,2024-04-02,TEST,558,1,558,-2.5,-0.45,0,4.8,0.86,-5.2,-0.93,-291.6,-0.03,1
2659,Exit long,2024-04-05,Close entry(s) order TEST,583.5,1,562.3,21.2,3.77,0,23.7,4.21,-8.3,-1.48,-270.4,-0.03,1
2659,Entry long,2024-04-04,TEST,562.3,1,562.3,21.2,3.77,0,23.7,4.21,-8.3,-1.48,-270.4,-0.03,1
2660,Exit long,2024-04-09,Close entry(s) order TEST,582.7,1,581,1.7,0.29,0,11.7,2.01,-5.7,-0.98,-268.7,-0.03,1
2660,Entry long,2024-04-08,TEST,581,1,581,1.7,0.29,0,11.7,2.01,-5.7,-0.98,-268.7,-0.03,1
2661,Exit long,2024-04-12,Close entry(s) order TEST,567,1,574,-7,-1.22,0,0.5,0.09,-15,-2.61,-275.7,-0.03,1
2661,Entry long,2024-04-10,TEST,574,1,574,-7,-1.22,0,0.5,0.09,-15,-2.61,-275.7,-0.03,1
2662,Exit long,2024-04-16,Close entry(s) order TEST,554,1,540,14,2.59,0,24,4.44,-10,-1.85,-261.7,-0.03,1
2662,Entry long,2024-04-15,TEST,540,1,540,14,2.59,0,24,4.44,-10,-1.85,-261.7,-0.03,1
2663,Exit long,2024-04-19,Close entry(s) order TEST,532,1,557,-25,-4.49,0,0.9,0.16,-25,-4.49,-286.7,-0.03,1
2663,Entry long,2024-04-18,TEST,557,1,557,-25,-4.49,0,0.9,0.16,-25,-4.49,-286.7,-0.03,1
2664,Exit long,2024-04-23,Close entry(s) order TEST,558.8,1,539.5,19.3,3.58,0,21.5,3.99,-5.7,-1.06,-267.4,-0.03,1
2664,Entry long,2024-04-22,TEST,539.5,1,539.5,19.3,3.58,0,21.5,3.99,-5.7,-1.06,-267.4,-0.03,1
2665,Exit long,2024-04-25,Close entry(s) order TEST,575,1,575,0,0.00,0,11.5,2.00,-7.3,-1.27,-267.4,-0.03,1
2665,Entry long,2024-04-24,TEST,575,1,575,0,0.00,0,11.5,2.00,-7.3,-1.27,-267.4,-0.03,1
2666,Exit long,2024-04-29,Close entry(s) order TEST,579,1,579.8,-0.8,-0.14,0,1.2,0.21,-13.5,-2.33,-268.2,-0.03,1
2666,Entry long,2024-04-26,TEST,579.8,1,579.8,-0.8,-0.14,0,1.2,0.21,-13.5,-2.33,-268.2,-0.03,1
2667,Exit long,2024-05-02,Close entry(s) order TEST,565,1,571,-6,-1.05,0,2,0.35,-8,-1.40,-274.2,-0.03,1
2667,Entry long,2024-04-30,TEST,571,1,571,-6,-1.05,0,2,0.35,-8,-1.40,-274.2,-0.03,1
2668,Exit long,2024-05-06,Close entry(s) order TEST,604.9,1,610,-5.1,-0.84,0,4.4,0.72,-29.6,-4.85,-279.3,-0.03,1
2668,Entry long,2024-05-03,TEST,610,1,610,-5.1,-0.84,0,4.4,0.72,-29.6,-4.85,-279.3,-0.03,1
2669,Exit long,2024-05-08,Close entry(s) order TEST,581,1,582,-1,-0.17,0,5.7,0.98,-14.7,-2.53,-280.3,-0.03,1
2669,Entry long,2024-05-07,TEST,582,1,582,-1,-0.17,0,5.7,0.98,-14.7,-2.53,-280.3,-0.03,1
2670,Exit long,2024-05-10,Close entry(s) order TEST,562.3,1,596.4,-34.1,-5.72,0,3.5,0.59,-34.1,-5.72,-314.4,-0.03,1
2670,Entry long,2024-05-09,TEST,596.4,1,596.4,-34.1,-5.72,0,3.5,0.59,-34.1,-5.72,-314.4,-0.03,1
2671,Exit long,2024-05-14,Close entry(s) order TEST,585,1,571,14,2.45,0,16.7,2.92,-9.2,-1.61,-300.4,-0.03,1
2671,Entry long,2024-05-13,TEST,571,1,571,14,2.45,0,16.7,2.92,-9.2,-1.61,-300.4,-0.03,1
2672,Exit long,2024-05-16,Close entry(s) order TEST,604.5,1,598,6.5,1.09,0,11,1.84,-5.9,-0.99,-293.9,-0.03,1
2672,Entry long,2024-05-15,TEST,598,1,598,6.5,1.09,0,11,1.84,-5.9,-0.99,-293.9,-0.03,1
2673,Exit long,2024-05-18,Close entry(s) order TEST,614.2,1,605,9.2,1.52,0,13.5,2.23,-6.8,-1.12,-284.7,-0.03,1
2673,Entry long,2024-05-17,TEST,605,1,605,9.2,1.52,0,13.5,2.23,-6.8,-1.12,-284.7,-0.03,1
2674,Exit long,2024-05-22,Close entry(s) order TEST,615,1,631,-16,-2.54,0,0,0.00,-25,-3.96,-300.7,-0.03,1
2674,Entry long,2024-05-21,TEST,631,1,631,-16,-2.54,0,0,0.00,-25,-3.96,-300.7,-0.03,1
2675,Exit long,2024-05-24,Close entry(s) order TEST,605,1,605,0,0.00,0,4.5,0.74,-9,-1.49,-300.7,-0.03,1
2675,Entry long,2024-05-23,TEST,605,1,605,0,0.00,0,4.5,0.74,-9,-1.49,-300.7,-0.03,1
2676,Exit long,2024-05-28,Close entry(s) order TEST,610.9,1,612,-1.1,-0.18,0,12.7,2.08,-8,-1.31,-301.8,-0.03,1
2676,Entry long,2024-05-27,TEST,612,1,612,-1.1,-0.18,0,12.7,2.08,-8,-1.31,-301.8,-0.03,1
2677,Exit long,2024-05-30,Close entry(s) order TEST,599.9,1,592,7.9,1.33,0,13,2.20,-3.3,-0.56,-293.9,-0.03,1
2677,Entry long,2024-05-29,TEST,592,1,592,7.9,1.33,0,13,2.20,-3.3,-0.56,-293.9,-0.03,1
2678,Exit long,2024-06-03,Close entry(s) order TEST,575.9,1,575.1,0.8,0.14,0,9.9,1.72,-30.1,-5.23,-293.1,-0.03,1
2678,Entry long,2024-05-31,TEST,575.1,1,575.1,0.8,0.14,0,9.9,1.72,-30.1,-5.23,-293.1,-0.03,1
2679,Exit long,2024-06-05,Close entry(s) order TEST,489.3,1,555,-65.7,-11.84,0,0,0.00,-114.9,-20.70,-358.8,-0.04,1
2679,Entry long,2024-06-04,TEST,555,1,555,-65.7,-11.84,0,0,0.00,-114.9,-20.70,-358.8,-0.04,1
2680,Exit long,2024-06-07,Close entry(s) order TEST,517.2,1,497,20.2,4.06,0,23.7,4.77,-1.1,-0.22,-338.6,-0.03,1
2680,Entry long,2024-06-06,TEST,497,1,497,20.2,4.06,0,23.7,4.77,-1.1,-0.22,-338.6,-0.03,1
2681,Exit long,2024-06-11,Close entry(s) order TEST,530,1,535,-5,-0.93,0,0.7,0.13,-19.7,-3.68,-343.6,-0.03,1
2681,Entry long,2024-06-10,TEST,535,1,535,-5,-0.93,0,0.7,0.13,-19.7,-3.68,-343.6,-0.03,1
2682,Exit long,2024-06-13,Close entry(s) order TEST,545,1,527,18,3.42,0,18,3.42,-3.5,-0.66,-325.6,-0.03,1
2682,Entry long,2024-06-12,TEST,527,1,527,18,3.42,0,18,3.42,-3.5,-0.66,-325.6,-0.03,1
2683,Exit long,2024-06-18,Close entry(s) order TEST,543,1,543.8,-0.8,-0.15,0,3.2,0.59,-8.6,-1.58,-326.4,-0.03,1
2683,Entry long,2024-06-14,TEST,543.8,1,543.8,-0.8,-0.15,0,3.2,0.59,-8.6,-1.58,-326.4,-0.03,1
2684,Exit long,2024-06-20,Close entry(s) order TEST,528,1,542.7,-14.7,-2.71,0,3.8,0.70,-15.7,-2.89,-341.1,-0.03,1
2684,Entry long,2024-06-19,TEST,542.7,1,542.7,-14.7,-2.71,0,3.8,0.70,-15.7,-2.89,-341.1,-0.03,1
2685,Exit long,2024-06-24,Close entry(s) order TEST,520,1,527,-7,-1.33,0,1.4,0.27,-11.9,-2.26,-348.1,-0.03,1
2685,Entry long,2024-06-21,TEST,527,1,527,-7,-1.33,0,1.4,0.27,-11.9,-2.26,-348.1,-0.03,1
2686,Exit long,2024-06-26,Close entry(s) order TEST,541.8,1,518,23.8,4.59,0,29,5.60,-6.2,-1.20,-324.3,-0.03,1
2686,Entry long,2024-06-25,TEST,518,1,518,23.8,4.59,0,29,5.60,-6.2,-1.20,-324.3,-0.03,1
2687,Exit long,2024-06-28,Close entry(s) order TEST,549.9,1,564.9,-15,-2.66,0,2.5,0.44,-17.9,-3.17,-339.3,-0.03,1
2687,Entry long,2024-06-27,TEST,564.9,1,564.9,-15,-2.66,0,2.5,0.44,-17.9,-3.17,-339.3,-0.03,1
2688,Exit long,2024-07-02,Close entry(s) order TEST,563,1,549,14,2.55,0,14,2.55,-4.2,-0.77,-325.3,-0.03,1
2688,Entry long,2024-07-01,TEST,549,1,549,14,2.55,0,14,2.55,-4.2,-0.77,-325.3,-0.03,1
2689,Exit long,2024-07-04,Close entry(s) order TEST,596.5,1,575,21.5,3.74,0,27,4.70,-5,-0.87,-303.8,-0.03,1
2689,Entry long,2024-07-03,TEST,575,1,575,21.5,3.74,0,27,4.70,-5,-0.87,-303.8,-0.03,1
2690,Exit long,2024-07-08,Close entry(s) order TEST,618.5,1,605.1,13.4,2.21,0,15.2,2.51,-0.5,-0.08,-290.4,-0.03,1
2690,Entry long,2024-07-05,TEST,605.1,1,605.1,13.4,2.21,0,15.2,2.51,-0.5,-0.08,-290.4,-0.03,1
2691,Exit long,2024-07-10,Close entry(s) order TEST,650.5,1,617.6,32.9,5.33,0,36.9,5.97,-2.3,-0.37,-257.5,-0.03,1
2691,Entry long,2024-07-09,TEST,617.6,1,617.6,32.9,5.33,0,36.9,5.97,-2.3,-0.37,-257.5,-0.03,1
2692,Exit long,2024-07-12,Close entry(s) order TEST,670,1,653,17,2.60,0,18,2.76,-5,-0.77,-240.5,-0.02,1
2692,Entry long,2024-07-11,TEST,653,1,653,17,2.60,0,18,2.76,-5,-0.77,-240.5,-0.02,1
2693,Exit long,2024-07-16,Close entry(s) order TEST,637,1,657.3,-20.3,-3.09,0,0,0.00,-26.7,-4.06,-260.8,-0.03,1
2693,Entry long,2024-07-15,TEST,657.3,1,657.3,-20.3,-3.09,0,0,0.00,-26.7,-4.06,-260.8,-0.03,1
2694,Exit long,2024-07-19,Close entry(s) order TEST,658.2,1,645,13.2,2.05,0,17,2.64,-10.3,-1.60,-247.6,-0.02,1
2694,Entry long,2024-07-18,TEST,645,1,645,13.2,2.05,0,17,2.64,-10.3,-1.60,-247.6,-0.02,1
2695,Exit long,2024-07-23,Close entry(s) order TEST,660,1,634,26,4.10,0,27,4.26,-13,-2.05,-221.6,-0.02,1
2695,Entry long,2024-07-22,TEST,634,1,634,26,4.10,0,27,4.26,-13,-2.05,-221.6,-0.02,1
2696,Exit long,2024-07-25,Close entry(s) order TEST,662,1,646.8,15.2,2.35,0,31.7,4.90,-4.2,-0.65,-206.4,-0.02,1
2696,Entry long,2024-07-24,TEST,646.8,1,646.8,15.2,2.35,0,31.7,4.90,-4.2,-0.65,-206.4,-0.02,1
2697,Exit long,2024-07-29,Close entry(s) order TEST,654,1,642,12,1.87,0,12.8,1.99,-3.4,-0.53,-194.4,-0.02,1
2697,Entry long,2024-07-26,TEST,642,1,642,12,1.87,0,12.8,1.99,-3.4,-0.53,-194.4,-0.02,1
2698,Exit long,2024-07-31,Close entry(s) order TEST,647.9,1,648,-0.1,-0.02,0,4,0.62,-6.3,-0.97,-194.5,-0.02,1
2698,Entry long,2024-07-30,TEST,648,1,648,-0.1,-0.02,0,4,0.62,-6.3,-0.97,-194.5,-0.02,1
2699,Exit long,2024-08-02,Close entry(s) order TEST,635,1,644,-9,-1.40,0,10.2,1.58,-9,-1.40,-203.5,-0.02,1
2699,Entry long,2024-08-01,TEST,644,1,644,-9,-1.40,0,10.2,1.58,-9,-1.40,-203.5,-0.02,1
2700,Exit long,2024-08-06,Close entry(s) order TEST,636,1,636.5,-0.5,-0.08,0,0,0.00,-35.9,-5.64,-204,-0.02,1
2700,Entry long,2024-08-05,TEST,636.5,1,636.5,-0.5,-0.08,0,0,0.00,-35.9,-5.64,-204,-0.02,1
2701,Exit long,2024-08-08,Close entry(s) order TEST,636,1,648,-12,-1.85,0,8.5,1.31,-12,-1.85,-216,-0.02,1
2701,Entry long,2024-08-07,TEST,648,1,648,-12,-1.85,0,8.5,1.31,-12,-1.85,-216,-0.02,1
2702,Exit long,2024-08-12,Close entry(s) order TEST,645,1,655,-10,-1.53,0,10,1.53,-12.3,-1.88,-226,-0.02,1
2702,Entry long,2024-08-09,TEST,655,1,655,-10,-1.53,0,10,1.53,-12.3,-1.88,-226,-0.02,1
2703,Exit long,2024-08-14,Close entry(s) order TEST,675,1,697,-22,-3.16,0,7.6,1.09,-27,-3.87,-248,-0.02,1
2703,Entry long,2024-08-13,TEST,697,1,697,-22,-3.16,0,7.6,1.09,-27,-3.87,-248,-0.02,1
2704,Exit long,2024-08-19,Close entry(s) order TEST,712,1,665,47,7.07,0,47,7.07,0,0.00,-201,-0.02,1
2704,Entry long,2024-08-16,TEST,665,1,665,47,7.07,0,47,7.07,0,0.00,-201,-0.02,1
2705,Exit long,2024-08-21,Close entry(s) order TEST,710,1,719,-9,-1.25,0,16,2.23,-19,-2.64,-210,-0.02,1
2705,Entry long,2024-08-20,TEST,719,1,719,-9,-1.25,0,16,2.23,-19,-2.64,-210,-0.02,1
2706,Exit long,2024-08-23,Close entry(s) order TEST,721,1,720,1,0.14,0,11,1.53,-3.8,-0.53,-209,-0.02,1
2706,Entry long,2024-08-22,TEST,720,1,720,1,0.14,0,11,1.53,-3.8,-0.53,-209,-0.02,1
2707,Exit long,2024-08-27,Close entry(s) order TEST,735,1,729.9,5.1,0.70,0,5.1,0.70,-7.3,-1.00,-203.9,-0.02,1
2707,Entry long,2024-08-26,TEST,729.9,1,729.9,5.1,0.70,0,5.1,0.70,-7.3,-1.00,-203.9,-0.02,1
2708,Exit long,2024-08-29,Close entry(s) order TEST,706,1,717.5,-11.5,-1.60,0,7.5,1.05,-12.5,-1.74,-215.4,-0.02,1
2708,Entry long,2024-08-28,TEST,717.5,1,717.5,-11.5,-1.60,0,7.5,1.05,-12.5,-1.74,-215.4,-0.02,1
2709,Exit long,2024-09-02,Close entry(s) order TEST,713.4,1,709.3,4.1,0.58,0,7,0.99,-6.5,-0.92,-211.3,-0.02,1
2709,Entry long,2024-08-30,TEST,709.3,1,709.3,4.1,0.58,0,7,0.99,-6.5,-0.92,-211.3,-0.02,1
2710,Exit long,2024-09-04,Close entry(s) order TEST,695.6,1,700.3,-4.7,-0.67,0,5.7,0.81,-5.5,-0.79,-216,-0.02,1
2710,Entry long,2024-09-03,TEST,700.3,1,700.3,-4.7,-0.67,0,5.7,0.81,-5.5,-0.79,-216,-0.02,1
2711,Exit long,2024-09-06,Close entry(s) order TEST,704,1,700,4,0.57,0,6.8,0.97,-6.5,-0.93,-212,-0.02,1
2711,Entry long,2024-09-05,TEST,700,1,700,4,0.57,0,6.8,0.97,-6.5,-0.93,-212,-0.02,1
2712,Exit long,2024-09-10,Close entry(s) order TEST,689.2,1,681,8.2,1.20,0,8.7,1.28,-18,-2.64,-203.8,-0.02,1
2712,Entry long,2024-09-09,TEST,681,1,681,8.2,1.20,0,8.7,1.28,-18,-2.64,-203.8,-0.02,1
2713,Exit long,2024-09-12,Close entry(s) order TEST,686,1,690.6,-4.6,-0.67,0,5.4,0.78,-11.1,-1.61,-208.4,-0.02,1
2713,Entry long,2024-09-11,TEST,690.6,1,690.6,-4.6,-0.67,0,5.4,0.78,-11.1,-1.61,-208.4,-0.02,1
2714,Exit long,2024-09-16,Close entry(s) order TEST,688.9,1,687,1.9,0.28,0,4.7,0.68,-4,-0.58,-206.5,-0.02,1
2714,Entry long,2024-09-13,TEST,687,1,687,1.9,0.28,0,4.7,0.68,-4,-0.58,-206.5,-0.02,1
2715,Exit long,2024-09-18,Close entry(s) order TEST,688.1,1,680,8.1,1.19,0,8.1,1.19,-7.7,-1.13,-198.4,-0.02,1
2715,Entry long,2024-09-17,TEST,680,1,680,8.1,1.19,0,8.1,1.19,-7.7,-1.13,-198.4,-0.02,1
2716,Exit long,2024-09-20,Close entry(s) order TEST,660,1,683.1,-23.1,-3.38,0,1,0.15,-26.1,-3.82,-221.5,-0.02,1
2716,Entry long,2024-09-19,TEST,683.1,1,683.1,-23.1,-3.38,0,1,0.15,-26.1,-3.82,-221.5,-0.02,1
2717,Exit long,2024-09-24,Close entry(s) order TEST,685,1,700,-15,-2.14,0,0,0.00,-41.1,-5.87,-236.5,-0.02,1
2717,Entry long,2024-09-23,TEST,700,1,700,-15,-2.14,0,0,0.00,-41.1,-5.87,-236.5,-0.02,1
2718,Exit long,2024-09-26,Close entry(s) order TEST,715.8,1,719.6,-3.8,-0.53,0,12.8,1.78,-18.1,-2.52,-240.3,-0.02,1
2718,Entry long,2024-09-25,TEST,719.6,1,719.6,-3.8,-0.53,0,12.8,1.78,-18.1,-2.52,-240.3,-0.02,1
2719,Exit long,2024-09-30,Close entry(s) order TEST,743.4,1,727,16.4,2.26,0,25.9,3.56,-1.5,-0.21,-223.9,-0.02,1
2719,Entry long,2024-09-27,TEST,727,1,727,16.4,2.26,0,25.9,3.56,-1.5,-0.21,-223.9,-0.02,1
2720,Exit long,2024-10-03,Close entry(s) order TEST,742.5,1,767,-24.5,-3.19,0,27.8,3.62,-36.9,-4.81,-248.4,-0.02,1
2720,Entry long,2024-10-01,TEST,767,1,767,-24.5,-3.19,0,27.8,3.62,-36.9,-4.81,-248.4,-0.02,1
2721,Exit long,2024-10-07,Close entry(s) order TEST,720.2,1,736,-15.8,-2.15,0,1.9,0.26,-24.4,-3.32,-264.2,-0.03,1
2721,Entry long,2024-10-04,TEST,736,1,736,-15.8,-2.15,0,1.9,0.26,-24.4,-3.32,-264.2,-0.03,1
2722,Exit long,2024-10-09,Close entry(s) order TEST,690,1,674,16,2.37,0,24,3.56,-12,-1.78,-248.2,-0.02,1
2722,Entry long,2024-10-08,TEST,674,1,674,16,2.37,0,24,3.56,-12,-1.78,-248.2,-0.02,1
2723,Exit long,2024-10-11,Close entry(s) order TEST,693,1,701,-8,-1.14,0,13.9,1.98,-8,-1.14,-256.2,-0.03,1
2723,Entry long,2024-10-10,TEST,701,1,701,-8,-1.14,0,13.9,1.98,-8,-1.14,-256.2,-0.03,1
2724,Exit long,2024-10-15,Close entry(s) order TEST,715,1,701.5,13.5,1.92,0,13.5,1.92,-7.5,-1.07,-242.7,-0.02,1
2724,Entry long,2024-10-14,TEST,701.5,1,701.5,13.5,1.92,0,13.5,1.92,-7.5,-1.07,-242.7,-0.02,1
2725,Exit long,2024-10-17,Close entry(s) order TEST,721.6,1,710.2,11.4,1.61,0,15.3,2.15,-2.2,-0.31,-231.3,-0.02,1
2725,Entry long,2024-10-16,TEST,710.2,1,710.2,11.4,1.61,0,15.3,2.15,-2.2,-0.31,-231.3,-0.02,1
2726,Exit long,2024-10-21,Close entry(s) order TEST,715.6,1,720.1,-4.5,-0.62,0,3.6,0.50,-14.6,-2.03,-235.8,-0.02,1
2726,Entry long,2024-10-18,TEST,720.1,1,720.1,-4.5,-0.62,0,3.6,0.50,-14.6,-2.03,-235.8,-0.02,1
2727,Exit long,2024-10-23,Close entry(s) order TEST,668,1,715.5,-47.5,-6.64,0,2,0.28,-47.5,-6.64,-283.3,-0.03,1
2727,Entry long,2024-10-22,TEST,715.5,1,715.5,-47.5,-6.64,0,2,0.28,-47.5,-6.64,-283.3,-0.03,1
2728,Exit long,2024-10-25,Close entry(s) order TEST,717.6,1,711,6.6,0.93,0,28,3.94,0,0.00,-276.7,-0.03,1
2728,Entry long,2024-10-24,TEST,711,1,711,6.6,0.93,0,28,3.94,0,0.00,-276.7,-0.03,1
2729,Exit long,2024-10-29,Close entry(s) order TEST,720,1,690,30,4.35,0,33,4.78,0,0.00,-246.7,-0.02,1
2729,Entry long,2024-10-28,TEST,690,1,690,30,4.35,0,33,4.78,0,0.00,-246.7,-0.02,1
2730,Exit long,2024-10-31,Close entry(s) order TEST,721.5,1,725.4,-3.9,-0.54,0,2.8,0.39,-16.1,-2.22,-250.6,-0.03,1
2730,Entry long,2024-10-30,TEST,725.4,1,725.4,-3.9,-0.54,0,2.8,0.39,-16.1,-2.22,-250.6,-0.03,1
2731,Exit long,2024-11-04,Close entry(s) order TEST,745,1,732,13,1.78,0,13,1.78,-3.9,-0.53,-237.6,-0.02,1
2731,Entry long,2024-11-01,TEST,732,1,732,13,1.78,0,13,1.78,-3.9,-0.53,-237.6,-0.02,1
2732,Exit long,2024-11-06,Close entry(s) order TEST,755.9,1,731.7,24.2,3.31,0,24.2,3.31,-11.7,-1.60,-213.4,-0.02,1
2732,Entry long,2024-11-05,TEST,731.7,1,731.7,24.2,3.31,0,24.2,3.31,-11.7,-1.60,-213.4,-0.02,1
2733,Exit long,2024-11-08,Close entry(s) order TEST,799,1,784.9,14.1,1.80,0,21.1,2.69,-13.1,-1.67,-199.3,-0.02,1
2733,Entry long,2024-11-07,TEST,784.9,1,784.9,14.1,1.80,0,21.1,2.69,-13.1,-1.67,-199.3,-0.02,1
2734,Exit long,2024-11-12,Close entry(s) order TEST,746,1,727.7,18.3,2.51,0,45.3,6.23,0,0.00,-181,-0.02,1
2734,Entry long,2024-11-11,TEST,727.7,1,727.7,18.3,2.51,0,45.3,6.23,0,0.00,-181,-0.02,1
2735,Exit long,2024-11-14,Close entry(s) order TEST,689,1,728,-39,-5.36,0,7,0.96,-42,-5.77,-220,-0.02,1
2735,Entry long,2024-11-13,TEST,728,1,728,-39,-5.36,0,7,0.96,-42,-5.77,-220,-0.02,1
2736,Exit long,2024-11-19,Close entry(s) order TEST,680,1,680,0,0.00,0,19,2.79,-8.7,-1.28,-220,-0.02,1
2736,Entry long,2024-11-18,TEST,680,1,680,0,0.00,0,19,2.79,-8.7,-1.28,-220,-0.02,1
2737,Exit long,2024-11-22,Close entry(s) order TEST,698.4,1,682.7,15.7,2.30,0,15.7,2.30,-32.6,-4.78,-204.3,-0.02,1
2737,Entry long,2024-11-21,TEST,682.7,1,682.7,15.7,2.30,0,15.7,2.30,-32.6,-4.78,-204.3,-0.02,1
2738,Exit long,2024-11-26,Close entry(s) order TEST,743,1,725,18,2.48,0,25,3.45,-8,-1.10,-186.3,-0.02,1
2738,Entry long,2024-11-25,TEST,725,1,725,18,2.48,0,25,3.45,-8,-1.10,-186.3,-0.02,1
2739,Exit long,2024-11-28,Close entry(s) order TEST,759.1,1,750.5,8.6,1.15,0,10.9,1.45,-4.7,-0.63,-177.7,-0.02,1
2739,Entry long,2024-11-27,TEST,750.5,1,750.5,8.6,1.15,0,10.9,1.45,-4.7,-0.63,-177.7,-0.02,1
2740,Exit long,2024-12-02,Close entry(s) order TEST,780,1,779,1,0.13,0,9,1.16,-8.4,-1.08,-176.7,-0.02,1
2740,Entry long,2024-11-29,TEST,779,1,779,1,0.13,0,9,1.16,-8.4,-1.08,-176.7,-0.02,1
2741,Exit long,2024-12-04,Close entry(s) order TEST,788.5,1,789,-0.5,-0.06,0,5.9,0.75,-14,-1.77,-177.2,-0.02,1
2741,Entry long,2024-12-03,TEST,789,1,789,-0.5,-0.06,0,5.9,0.75,-14,-1.77,-177.2,-0.02,1
2742,Exit long,2024-12-06,Close entry(s) order TEST,788,1,791.5,-3.5,-0.44,0,8.5,1.07,-11.5,-1.45,-180.7,-0.02,1
2742,Entry long,2024-12-05,TEST,791.5,1,791.5,-3.5,-0.44,0,8.5,1.07,-11.5,-1.45,-180.7,-0.02,1
2743,Exit long,2024-12-10,Close entry(s) order TEST,802,1,812.9,-10.9,-1.34,0,11.6,1.43,-14.9,-1.83,-191.6,-0.02,1
2743,Entry long,2024-12-09,TEST,812.9,1,812.9,-10.9,-1.34,0,11.6,1.43,-14.9,-1.83,-191.6,-0.02,1
2744,Exit long,2024-12-12,Close entry(s) order TEST,804,1,797.5,6.5,0.82,0,10.5,1.32,-3.4,-0.43,-185.1,-0.02,1
2744,Entry long,2024-12-11,TEST,797.5,1,797.5,6.5,0.82,0,10.5,1.32,-3.4,-0.43,-185.1,-0.02,1
2745,Exit long,2024-12-16,Close entry(s) order TEST,782.1,1,797.4,-15.3,-1.92,0,0,0.00,-22.4,-2.81,-200.4,-0.02,1
2745,Entry long,2024-12-13,TEST,797.4,1,797.4,-15.3,-1.92,0,0,0.00,-22.4,-2.81,-200.4,-0.02,1
2746,Exit long,2024-12-18,Close entry(s) order TEST,791,1,802,-11,-1.37,0,8,1.00,-16,-2.00,-211.4,-0.02,1
2746,Entry long,2024-12-17,TEST,802,1,802,-11,-1.37,0,8,1.00,-16,-2.00,-211.4,-0.02,1
2747,Exit long,2024-12-20,Close entry(s) order TEST,777.9,1,800,-22.1,-2.76,0,0,0.00,-36,-4.50,-233.5,-0.02,1
2747,Entry long,2024-12-19,TEST,800,1,800,-22.1,-2.76,0,0,0.00,-36,-4.50,-233.5,-0.02,1
2748,Exit long,2024-12-24,Close entry(s) order TEST,769,1,771.6,-2.6,-0.34,0,16,2.07,-6.4,-0.83,-236.1,-0.02,1
2748,Entry long,2024-12-23,TEST,771.6,1,771.6,-2.6,-0.34,0,16,2.07,-6.4,-0.83,-236.1,-0.02,1
2749,Exit long,2024-12-27,Close entry(s) order TEST,793.5,1,799,-5.5,-0.69,0,6,0.75,-9,-1.13,-241.6,-0.02,1
2749,Entry long,2024-12-26,TEST,799,1,799,-5.5,-0.69,0,6,0.75,-9,-1.13,-241.6,-0.02,1
2750,Exit long,2024-12-31,Close entry(s) order TEST,802.7,1,810.2,-7.5,-0.93,0,0.4,0.05,-17.3,-2.14,-249.1,-0.02,1
2750,Entry long,2024-12-30,TEST,810.2,1,810.2,-7.5,-0.93,0,0.4,0.05,-17.3,-2.14,-249.1,-0.02,1
2751,Exit long,2025-01-02,Close entry(s) order TEST,811,1,813,-2,-0.25,0,2,0.25,-5.9,-0.73,-251.1,-0.03,1
2751,Entry long,2025-01-01,TEST,813,1,813,-2,-0.25,0,2,0.25,-5.9,-0.73,-251.1,-0.03,1
2752,Exit long,2025-01-06,Close entry(s) order TEST,817,1,820,-3,-0.37,0,15,1.83,-15,-1.83,-254.1,-0.03,1
2752,Entry long,2025-01-03,TEST,820,1,820,-3,-0.37,0,15,1.83,-15,-1.83,-254.1,-0.03,1
2753,Exit long,2025-01-08,Close entry(s) order TEST,795,1,778.8,16.2,2.08,0,21.2,2.72,-0.8,-0.10,-237.9,-0.02,1
2753,Entry long,2025-01-07,TEST,778.8,1,778.8,16.2,2.08,0,21.2,2.72,-0.8,-0.10,-237.9,-0.02,1
2754,Exit long,2025-01-10,Close entry(s) order TEST,771.6,1,789.8,-18.2,-2.30,0,0.3,0.04,-19.8,-2.51,-256.1,-0.03,1
2754,Entry long,2025-01-09,TEST,789.8,1,789.8,-18.2,-2.30,0,0.3,0.04,-19.8,-2.51,-256.1,-0.03,1
2755,Exit long,2025-01-14,Close entry(s) order TEST,720,1,751,-31,-4.13,0,0,0.00,-38,-5.06,-287.1,-0.03,1
2755,Entry long,2025-01-13,TEST,751,1,751,-31,-4.13,0,0,0.00,-38,-5.06,-287.1,-0.03,1
2756,Exit long,2025-01-16,Close entry(s) order TEST,761.8,1,745,16.8,2.26,0,32.7,4.39,-5,-0.67,-270.3,-0.03,1
2756,Entry long,2025-01-15,TEST,745,1,745,16.8,2.26,0,32.7,4.39,-5,-0.67,-270.3,-0.03,1
2757,Exit long,2025-01-20,Close entry(s) order TEST,791.5,1,768,23.5,3.06,0,23.5,3.06,-10,-1.30,-246.8,-0.02,1
2757,Entry long,2025-01-17,TEST,768,1,768,23.5,3.06,0,23.5,3.06,-10,-1.30,-246.8,-0.02,1
2758,Exit long,2025-01-22,Close entry(s) order TEST,792,1,798.5,-6.5,-0.81,0,24.5,3.07,-8.5,-1.06,-253.3,-0.03,1
2758,Entry long,2025-01-21,TEST,798.5,1,798.5,-6.5,-0.81,0,24.5,3.07,-8.5,-1.06,-253.3,-0.03,1
2759,Exit long,2025-01-24,Close entry(s) order TEST,800.6,1,773.6,27,3.49,0,32.4,4.19,-1.4,-0.18,-226.3,-0.02,1
2759,Entry long,2025-01-23,TEST,773.6,1,773.6,27,3.49,0,32.4,4.19,-1.4,-0.18,-226.3,-0.02,1
2760,Exit long,2025-01-28,Close entry(s) order TEST,735,1,771,-36,-4.67,0,1.6,0.21,-52,-6.74,-262.3,-0.03,1
2760,Entry long,2025-01-27,TEST,771,1,771,-36,-4.67,0,1.6,0.21,-52,-6.74,-262.3,-0.03,1
2761,Exit long,2025-01-30,Close entry(s) order TEST,743,1,717.7,25.3,3.53,0,31.8,4.43,-1.2,-0.17,-237,-0.02,1
2761,Entry long,2025-01-29,TEST,717.7,1,717.7,25.3,3.53,0,31.8,4.43,-1.2,-0.17,-237,-0.02,1
2762,Exit long,2025-02-01,Close entry(s) order TEST,742,1,730.1,11.9,1.63,0,14.2,1.94,-6,-0.82,-225.1,-0.02,1
2762,Entry long,2025-01-31,TEST,730.1,1,730.1,11.9,1.63,0,14.2,1.94,-6,-0.82,-225.1,-0.02,1
2763,Exit long,2025-02-04,Close entry(s) order TEST,734,1,730.3,3.7,0.51,0,3.7,0.51,-20.3,-2.78,-221.4,-0.02,1
2763,Entry long,2025-02-03,TEST,730.3,1,730.3,3.7,0.51,0,3.7,0.51,-20.3,-2.78,-221.4,-0.02,1
2764,Exit long,2025-02-06,Close entry(s) order TEST,740,1,724,16,2.21,0,16,2.21,-2.5,-0.35,-205.4,-0.02,1
2764,Entry long,2025-02-05,TEST,724,1,724,16,2.21,0,16,2.21,-2.5,-0.35,-205.4,-0.02,1
2765,Exit long,2025-02-10,Close entry(s) order TEST,787,1,743,44,5.92,0,66,8.88,-3,-0.40,-161.4,-0.02,1
2765,Entry long,2025-02-07,TEST,743,1,743,44,5.92,0,66,8.88,-3,-0.40,-161.4,-0.02,1
2766,Exit long,2025-02-12,Close entry(s) order TEST,778.4,1,766.4,12,1.57,0,29.8,3.89,-4.4,-0.57,-149.4,-0.01,1
2766,Entry long,2025-02-11,TEST,766.4,1,766.4,12,1.57,0,29.8,3.89,-4.4,-0.57,-149.4,-0.01,1
2767,Exit long,2025-02-14,Close entry(s) order TEST,800,1,779,21,2.70,0,26,3.34,-2,-0.26,-128.4,-0.01,1
2767,Entry long,2025-02-13,TEST,779,1,779,21,2.70,0,26,3.34,-2,-0.26,-128.4,-0.01,1
2768,Exit long,2025-02-18,Close entry(s) order TEST,736.5,1,737.5,-1,-0.14,0,22.5,3.05,-20.7,-2.81,-129.4,-0.01,1
2768,Entry long,2025-02-17,TEST,737.5,1,737.5,-1,-0.14,0,22.5,3.05,-20.7,-2.81,-129.4,-0.01,1
2769,Exit long,2025-02-20,Close entry(s) order TEST,726,1,710.6,15.4,2.17,0,21.4,3.01,-8.5,-1.20,-114,-0.01,1
2769,Entry long,2025-02-19,TEST,710.6,1,710.6,15.4,2.17,0,21.4,3.01,-8.5,-1.20,-114,-0.01,1
2770,Exit long,2025-02-24,Close entry(s) order TEST,767.3,1,768.6,-1.3,-0.17,0,24.4,3.17,-3.1,-0.40,-115.3,-0.01,1
2770,Entry long,2025-02-21,TEST,768.6,1,768.6,-1.3,-0.17,0,24.4,3.17,-3.1,-0.40,-115.3,-0.01,1
2771,Exit long,2025-02-27,Close entry(s) order TEST,762,1,760,2,0.26,0,13.3,1.75,-8.3,-1.09,-113.3,-0.01,1
2771,Entry long,2025-02-25,TEST,760,1,760,2,0.26,0,13.3,1.75,-8.3,-1.09,-113.3,-0.01,1
2772,Exit long,2025-03-03,Close entry(s) order TEST,738,1,747.2,-9.2,-1.23,0,4.1,0.55,-19.4,-2.60,-122.5,-0.01,1
2772,Entry long,2025-02-28,TEST,747.2,1,747.2,-9.2,-1.23,0,4.1,0.55,-19.4,-2.60,-122.5,-0.01,1
2773,Exit long,2025-03-05,Close entry(s) order TEST,735,1,685,50,7.30,0,50,7.30,-9,-1.31,-72.5,-0.01,1
2773,Entry long,2025-03-04,TEST,685,1,685,50,7.30,0,50,7.30,-9,-1.31,-72.5,-0.01,1
2774,Exit long,2025-03-07,Close entry(s) order TEST,785,1,758.5,26.5,3.49,0,33.5,4.42,0,0.00,-46,0.00,1
2774,Entry long,2025-03-06,TEST,758.5,1,758.5,26.5,3.49,0,33.5,4.42,0,0.00,-46,0.00,1
2775,Exit long,2025-03-11,Close entry(s) order TEST,790,1,796,-6,-0.75,0,13,1.63,-13.1,-1.65,-52,-0.01,1
2775,Entry long,2025-03-10,TEST,796,1,796,-6,-0.75,0,13,1.63,-13.1,-1.65,-52,-0.01,1
2776,Exit long,2025-03-13,Close entry(s) order TEST,822,1,822,0,0.00,0,21,2.55,-9.2,-1.12,-52,-0.01,1
2776,Entry long,2025-03-12,TEST,822,1,822,0,0.00,0,21,2.55,-9.2,-1.12,-52,-0.01,1
2777,Exit long,2025-03-18,Close entry(s) order TEST,813.5,1,825.6,-12.1,-1.47,0,6.4,0.78,-30.3,-3.67,-64.1,-0.01,1
2777,Entry long,2025-03-17,TEST,825.6,1,825.6,-12.1,-1.47,0,6.4,0.78,-30.3,-3.67,-64.1,-0.01,1
2778,Exit long,2025-03-20,Close entry(s) order TEST,814.4,1,816.3,-1.9,-0.23,0,20.9,2.56,-8.6,-1.05,-66,-0.01,1
2778,Entry long,2025-03-19,TEST,816.3,1,816.3,-1.9,-0.23,0,20.9,2.56,-8.6,-1.05,-66,-0.01,1
2779,Exit long,2025-03-24,Close entry(s) order TEST,885,1,875.5,9.5,1.09,0,17.4,1.99,-1.7,-0.19,-56.5,-0.01,1
2779,Entry long,2025-03-21,TEST,875.5,1,875.5,9.5,1.09,0,17.4,1.99,-1.7,-0.19,-56.5,-0.01,1
2780,Exit long,2025-03-26,Close entry(s) order TEST,828.1,1,872.9,-44.8,-5.13,0,0.5,0.06,-47.4,-5.43,-101.3,-0.01,1
2780,Entry long,2025-03-25,TEST,872.9,1,872.9,-44.8,-5.13,0,0.5,0.06,-47.4,-5.43,-101.3,-0.01,1
2781,Exit long,2025-03-28,Close entry(s) order TEST,875.3,1,826.9,48.4,5.85,0,48.4,5.85,-4.9,-0.59,-52.9,-0.01,1
2781,Entry long,2025-03-27,TEST,826.9,1,826.9,48.4,5.85,0,48.4,5.85,-4.9,-0.59,-52.9,-0.01,1
2782,Exit long,2025-04-02,Close entry(s) order TEST,850.2,1,861,-10.8,-1.25,0,3.4,0.39,-19.5,-2.26,-63.7,-0.01,1
2782,Entry long,2025-04-01,TEST,861,1,861,-10.8,-1.25,0,3.4,0.39,-19.5,-2.26,-63.7,-0.01,1
2783,Exit long,2025-04-04,Close entry(s) order TEST,855,1,844.5,10.5,1.24,0,20.5,2.43,-9.5,-1.12,-53.2,-0.01,1
2783,Entry long,2025-04-03,TEST,844.5,1,844.5,10.5,1.24,0,20.5,2.43,-9.5,-1.12,-53.2,-0.01,1
2784,Exit long,2025-04-08,Close entry(s) order TEST,796.3,1,664.3,132,19.87,0,137.7,20.73,0,0.00,78.8,0.01,1
2784,Entry long,2025-04-07,TEST,664.3,1,664.3,132,19.87,0,137.7,20.73,0,0.00,78.8,0.01,1
2785,Exit long,2025-04-11,Close entry(s) order TEST,770,1,768.8,1.2,0.16,0,1.2,0.16,-38.3,-4.98,80,0.01,1
2785,Entry long,2025-04-09,TEST,768.8,1,768.8,1.2,0.16,0,1.2,0.16,-38.3,-4.98,80,0.01,1
2786,Exit long,2025-04-16,Close entry(s) order TEST,778.8,1,764.9,13.9,1.82,0,24,3.14,-16.9,-2.21,93.9,0.01,1
2786,Entry long,2025-04-15,TEST,764.9,1,764.9,13.9,1.82,0,24,3.14,-16.9,-2.21,93.9,0.01,1
2787,Exit long,2025-04-21,Close entry(s) order TEST,779.9,1,792.9,-13,-1.64,0,7,0.88,-19.7,-2.48,80.9,0.01,1
2787,Entry long,2025-04-17,TEST,792.9,1,792.9,-13,-1.64,0,7,0.88,-19.7,-2.48,80.9,0.01,1
2788,Exit long,2025-04-23,Close entry(s) order TEST,780,1,787,-7,-0.89,0,10.5,1.33,-12.5,-1.59,73.9,0.01,1
2788,Entry long,2025-04-22,TEST,787,1,787,-7,-0.89,0,10.5,1.33,-12.5,-1.59,73.9,0.01,1
2789,Exit long,2025-04-25,Close entry(s) order TEST,789.5,1,774.1,15.4,1.99,0,22.9,2.96,-2.9,-0.37,89.3,0.01,1
2789,Entry long,2025-04-24,TEST,774.1,1,774.1,15.4,1.99,0,22.9,2.96,-2.9,-0.37,89.3,0.01,1
2790,Exit long,2025-04-29,Close entry(s) order TEST,778,1,756.8,21.2,2.80,0,31.4,4.15,0,0.00,110.5,0.01,1
2790,Entry long,2025-04-28,TEST,756.8,1,756.8,21.2,2.80,0,31.4,4.15,0,0.00,110.5,0.01,1
2791,Exit long,2025-05-02,Close entry(s) order TEST,774.9,1,770,4.9,0.64,0,14.2,1.84,-9.6,-1.25,115.4,0.01,1
2791,Entry long,2025-04-30,TEST,770,1,770,4.9,0.64,0,14.2,1.84,-9.6,-1.25,115.4,0.01,1
2792,Exit long,2025-05-06,Close entry(s) order TEST,767.6,1,760.8,6.8,0.89,0,14.2,1.87,-0.8,-0.11,122.2,0.01,1
2792,Entry long,2025-05-05,TEST,760.8,1,760.8,6.8,0.89,0,14.2,1.87,-0.8,-0.11,122.2,0.01,1
2793,Exit long,2025-05-08,Close entry(s) order TEST,766,1,755.1,10.9,1.44,0,12.4,1.64,-7.8,-1.03,133.1,0.01,1
2793,Entry long,2025-05-07,TEST,755.1,1,755.1,10.9,1.44,0,12.4,1.64,-7.8,-1.03,133.1,0.01,1
2794,Exit long,2025-05-12,Close entry(s) order TEST,751,1,725,26,3.59,0,26,3.59,-9.6,-1.32,159.1,0.02,1
2794,Entry long,2025-05-09,TEST,725,1,725,26,3.59,0,26,3.59,-9.6,-1.32,159.1,0.02,1
2795,Exit long,2025-05-14,Close entry(s) order TEST,767,1,760.3,6.7,0.88,0,12.7,1.67,-9,-1.18,165.8,0.02,1
2795,Entry long,2025-05-13,TEST,760.3,1,760.3,6.7,0.88,0,12.7,1.67,-9,-1.18,165.8,0.02,1
2796,Exit long,2025-05-16,Close entry(s) order TEST,789,1,775,14,1.81,0,22.1,2.85,-6.4,-0.83,179.8,0.02,1
2796,Entry long,2025-05-15,TEST,775,1,775,14,1.81,0,22.1,2.85,-6.4,-0.83,179.8,0.02,1
2797,Exit long,2025-05-20,Close entry(s) order TEST,792.5,1,777,15.5,1.99,0,18,2.32,-0.8,-0.10,195.3,0.02,1
2797,Entry long,2025-05-19,TEST,777,1,777,15.5,1.99,0,18,2.32,-0.8,-0.10,195.3,0.02,1
2798,Exit long,2025-05-22,Close entry(s) order TEST,771,1,779,-8,-1.03,0,2.5,0.32,-16.3,-2.09,187.3,0.02,1
2798,Entry long,2025-05-21,TEST,779,1,779,-8,-1.03,0,2.5,0.32,-16.3,-2.09,187.3,0.02,1
2799,Exit long,2025-05-26,Close entry(s) order TEST,762.1,1,761.1,1,0.13,0,14.9,1.96,-3.1,-0.41,188.3,0.02,1
2799,Entry long,2025-05-23,TEST,761.1,1,761.1,1,0.13,0,14.9,1.96,-3.1,-0.41,188.3,0.02,1
2800,Exit long,2025-05-28,Close entry(s) order TEST,790.5,1,776.5,14,1.80,0,14,1.80,-5.5,-0.71,202.3,0.02,1
2800,Entry long,2025-05-27,TEST,776.5,1,776.5,14,1.80,0,14,1.80,-5.5,-0.71,202.3,0.02,1
2801,Exit long,2025-05-30,Close entry(s) order TEST,896,1,833,63,7.56,0,70.9,8.51,-10.8,-1.30,265.3,0.03,1
2801,Entry long,2025-05-29,TEST,833,1,833,63,7.56,0,70.9,8.51,-10.8,-1.30,265.3,0.03,1
2802,Exit long,2025-06-03,Close entry(s) order TEST,935,1,930,5,0.54,0,16.8,1.81,-17.3,-1.86,270.3,0.03,1
2802,Entry long,2025-06-02,TEST,930,1,930,5,0.54,0,16.8,1.81,-17.3,-1.86,270.3,0.03,1
2803,Exit long,2025-06-05,Close entry(s) order TEST,922,1,920,2,0.22,0,12.9,1.40,-12.9,-1.40,272.3,0.03,1
2803,Entry long,2025-06-04,TEST,920,1,920,2,0.22,0,12.9,1.40,-12.9,-1.40,272.3,0.03,1
2804,Exit long,2025-06-09,Close entry(s) order TEST,967,1,965,2,0.21,0,25,2.59,-19,-1.97,274.3,0.03,1
2804,Entry long,2025-06-06,TEST,965,1,965,2,0.21,0,25,2.59,-19,-1.97,274.3,0.03,1
2805,Exit long,2025-06-11,Close entry(s) order TEST,965,1,959.1,5.9,0.62,0,34.9,3.64,0,0.00,280.2,0.03,1
2805,Entry long,2025-06-10,TEST,959.1,1,959.1,5.9,0.62,0,34.9,3.64,0,0.00,280.2,0.03,1
2806,Exit long,2025-06-13,Close entry(s) order TEST,906.4,1,957.8,-51.4,-5.37,0,6.2,0.65,-51.4,-5.37,228.8,0.02,1
2806,Entry long,2025-06-12,TEST,957.8,1,957.8,-51.4,-5.37,0,6.2,0.65,-51.4,-5.37,228.8,0.02,1
2807,Exit long,2025-06-17,Close entry(s) order TEST,918,1,909.8,8.2,0.90,0,25.7,2.82,-6.4,-0.70,237,0.02,1
2807,Entry long,2025-06-16,TEST,909.8,1,909.8,8.2,0.90,0,25.7,2.82,-6.4,-0.70,237,0.02,1
2808,Exit long,2025-06-19,Close entry(s) order TEST,919,1,914,5,0.55,0,23.3,2.55,-10.5,-1.15,242,0.02,1
2808,Entry long,2025-06-18,TEST,914,1,914,5,0.55,0,23.3,2.55,-10.5,-1.15,242,0.02,1
2809,Exit long,2025-06-23,Close entry(s) order TEST,907,1,887,20,2.25,0,32.4,3.65,-12,-1.35,262,0.03,1
2809,Entry long,2025-06-20,TEST,887,1,887,20,2.25,0,32.4,3.65,-12,-1.35,262,0.03,1
2810,Exit long,2025-06-25,Close entry(s) order TEST,922,1,895.9,26.1,2.91,0,26.1,2.91,-4,-0.45,288.1,0.03,1
2810,Entry long,2025-06-24,TEST,895.9,1,895.9,26.1,2.91,0,26.1,2.91,-4,-0.45,288.1,0.03,1
2811,Exit long,2025-06-27,Close entry(s) order TEST,942.5,1,940,2.5,0.27,0,2.5,0.27,-14.1,-1.50,290.6,0.03,1
2811,Entry long,2025-06-26,TEST,940,1,940,2.5,0.27,0,2.5,0.27,-14.1,-1.50,290.6,0.03,1
2812,Exit long,2025-07-01,Close entry(s) order TEST,932,1,943.3,-11.3,-1.20,0,4.5,0.48,-32.7,-3.47,279.3,0.03,1
2812,Entry long,2025-06-30,TEST,943.3,1,943.3,-11.3,-1.20,0,4.5,0.48,-32.7,-3.47,279.3,0.03,1
2813,Exit long,2025-07-03,Close entry(s) order TEST,942,1,919,23,2.50,0,36,3.92,-0.4,-0.04,302.3,0.03,1
2813,Entry long,2025-07-02,TEST,919,1,919,23,2.50,0,36,3.92,-0.4,-0.04,302.3,0.03,1
2814,Exit long,2025-07-07,Close entry(s) order TEST,930,1,925,5,0.54,0,9.9,1.07,-10,-1.08,307.3,0.03,1
2814,Entry long,2025-07-04,TEST,925,1,925,5,0.54,0,9.9,1.07,-10,-1.08,307.3,0.03,1
2815,Exit long,2025-07-09,Close entry(s) order TEST,919.9,1,926,-6.1,-0.66,0,10,1.08,-19,-2.05,301.2,0.03,1
2815,Entry long,2025-07-08,TEST,926,1,926,-6.1,-0.66,0,10,1.08,-19,-2.05,301.2,0.03,1
2816,Exit long,2025-07-11,Close entry(s) order TEST,934,1,943.5,-9.5,-1.01,0,4.4,0.47,-16,-1.70,291.7,0.03,1
2816,Entry long,2025-07-10,TEST,943.5,1,943.5,-9.5,-1.01,0,4.4,0.47,-16,-1.70,291.7,0.03,1
2817,Exit long,2025-07-15,Close entry(s) order TEST,920,1,912,8,0.88,0,16.8,1.84,-24.5,-2.69,299.7,0.03,1
2817,Entry long,2025-07-14,TEST,912,1,912,8,0.88,0,16.8,1.84,-24.5,-2.69,299.7,0.03,1
2818,Exit long,2025-07-17,Close entry(s) order TEST,909.4,1,908,1.4,0.15,0,7,0.77,-8,-0.88,301.1,0.03,1
2818,Entry long,2025-07-16,TEST,908,1,908,1.4,0.15,0,7,0.77,-8,-0.88,301.1,0.03,1
2819,Exit long,2025-07-21,Close entry(s) order TEST,918.9,1,935,-16.1,-1.72,0,1.5,0.16,-18.5,-1.98,285,0.03,1
2819,Entry long,2025-07-18,TEST,935,1,935,-16.1,-1.72,0,1.5,0.16,-18.5,-1.98,285,0.03,1
2820,Exit long,2025-07-23,Close entry(s) order TEST,920,1,934.9,-14.9,-1.59,0,11.9,1.27,-21.7,-2.32,270.1,0.03,1
2820,Entry long,2025-07-22,TEST,934.9,1,934.9,-14.9,-1.59,0,11.9,1.27,-21.7,-2.32,270.1,0.03,1
2821,Exit long,2025-07-25,Close entry(s) order TEST,904.5,1,923,-18.5,-2.00,0,1,0.11,-28.5,-3.09,251.6,0.03,1
2821,Entry long,2025-07-24,TEST,923,1,923,-18.5,-2.00,0,1,0.11,-28.5,-3.09,251.6,0.03,1
2822,Exit long,2025-07-29,Close entry(s) order TEST,863,1,887.7,-24.7,-2.78,0,7.1,0.80,-30.3,-3.41,226.9,0.02,1
2822,Entry long,2025-07-28,TEST,887.7,1,887.7,-24.7,-2.78,0,7.1,0.80,-30.3,-3.41,226.9,0.02,1
2823,Exit long,2025-07-31,Close entry(s) order TEST,922.8,1,925,-2.2,-0.24,0,19.5,2.11,-13,-1.41,224.7,0.02,1
2823,Entry long,2025-07-30,TEST,925,1,925,-2.2,-0.24,0,19.5,2.11,-13,-1.41,224.7,0.02,1
2824,Exit long,2025-08-04,Close entry(s) order TEST,900.7,1,929.7,-29,-3.12,0,3,0.32,-39.7,-4.27,195.7,0.02,1
2824,Entry long,2025-08-01,TEST,929.7,1,929.7,-29,-3.12,0,3,0.32,-39.7,-4.27,195.7,0.02,1
2825,Exit long,2025-08-06,Close entry(s) order TEST,880.2,1,893,-12.8,-1.43,0,5.4,0.60,-29.7,-3.33,182.9,0.02,1
2825,Entry long,2025-08-05,TEST,893,1,893,-12.8,-1.43,0,5.4,0.60,-29.7,-3.33,182.9,0.02,1
2826,Exit long,2025-08-08,Close entry(s) order TEST,876,1,870,6,0.69,0,6,0.69,-17.8,-2.05,188.9,0.02,1
2826,Entry long,2025-08-07,TEST,870,1,870,6,0.69,0,6,0.69,-17.8,-2.05,188.9,0.02,1
2827,Exit long,2025-08-12,Close entry(s) order TEST,870,1,866.6,3.4,0.39,0,4.9,0.57,-9.8,-1.13,192.3,0.02,1
2827,Entry long,2025-08-11,TEST,866.6,1,866.6,3.4,0.39,0,4.9,0.57,-9.8,-1.13,192.3,0.02,1
2828,Exit long,2025-08-14,Close entry(s) order TEST,888.2,1,885,3.2,0.36,0,6,0.68,-8,-0.90,195.5,0.02,1
2828,Entry long,2025-08-13,TEST,885,1,885,3.2,0.36,0,6,0.68,-8,-0.90,195.5,0.02,1
2829,Exit long,2025-08-19,Close entry(s) order TEST,884,1,884,0,0.00,0,8,0.90,-12,-1.36,195.5,0.02,1
2829,Entry long,2025-08-18,TEST,884,1,884,0,0.00,0,8,0.90,-12,-1.36,195.5,0.02,1
2830,Exit long,2025-08-21,Close entry(s) order TEST,876,1,886,-10,-1.13,0,0,0.00,-15.8,-1.78,185.5,0.02,1
2830,Entry long,2025-08-20,TEST,886,1,886,-10,-1.13,0,0,0.00,-15.8,-1.78,185.5,0.02,1
2831,Exit long,2025-08-25,Close entry(s) order TEST,900,1,895,5,0.56,0,5,0.56,-10,-1.12,190.5,0.02,1
2831,Entry long,2025-08-22,TEST,895,1,895,5,0.56,0,5,0.56,-10,-1.12,190.5,0.02,1
2832,Exit long,2025-08-28,Close entry(s) order TEST,865.2,1,880,-14.8,-1.68,0,4.7,0.53,-14.8,-1.68,175.7,0.02,1
2832,Entry long,2025-08-26,TEST,880,1,880,-14.8,-1.68,0,4.7,0.53,-14.8,-1.68,175.7,0.02,1
2833,Exit long,2025-09-01,Close entry(s) order TEST,837,1,873.5,-36.5,-4.18,0,1.3,0.15,-39.3,-4.50,139.2,0.01,1
2833,Entry long,2025-08-29,TEST,873.5,1,873.5,-36.5,-4.18,0,1.3,0.15,-39.3,-4.50,139.2,0.01,1
2834,Exit long,2025-09-03,Close entry(s) order TEST,822.6,1,847,-24.4,-2.88,0,11,1.30,-25.5,-3.01,114.8,0.01,1
2834,Entry long,2025-09-02,TEST,847,1,847,-24.4,-2.88,0,11,1.30,-25.5,-3.01,114.8,0.01,1
2835,Exit long,2025-09-05,Close entry(s) order TEST,842.1,1,860,-17.9,-2.08,0,6.7,0.78,-19.1,-2.22,96.9,0.01,1
2835,Entry long,2025-09-04,TEST,860,1,860,-17.9,-2.08,0,6.7,0.78,-19.1,-2.22,96.9,0.01,1
2836,Exit long,2025-09-09,Close entry(s) order TEST,859.5,1,853.4,6.1,0.71,0,9,1.05,-10.2,-1.20,103,0.01,1
2836,Entry long,2025-09-08,TEST,853.4,1,853.4,6.1,0.71,0,9,1.05,-10.2,-1.20,103,0.01,1
2837,Exit long,2025-09-11,Close entry(s) order TEST,884,1,890,-6,-0.67,0,7,0.79,-9.1,-1.02,97,0.01,1
2837,Entry long,2025-09-10,TEST,890,1,890,-6,-0.67,0,7,0.79,-9.1,-1.02,97,0.01,1
2838,Exit long,2025-09-15,Close entry(s) order TEST,879.8,1,873.9,5.9,0.68,0,11,1.26,-9.6,-1.10,102.9,0.01,1
2838,Entry long,2025-09-12,TEST,873.9,1,873.9,5.9,0.68,0,11,1.26,-9.6,-1.10,102.9,0.01,1
2839,Exit long,2025-09-17,Close entry(s) order TEST,908,1,925,-17,-1.84,0,0,0.00,-21.9,-2.37,85.9,0.01,1
2839,Entry long,2025-09-16,TEST,925,1,925,-17,-1.84,0,0,0.00,-21.9,-2.37,85.9,0.01,1
2840,Exit long,2025-09-19,Close entry(s) order TEST,898,1,897.5,0.5,0.06,0,11.9,1.33,-9.5,-1.06,86.4,0.01,1
2840,Entry long,2025-09-18,TEST,897.5,1,897.5,0.5,0.06,0,11.9,1.33,-9.5,-1.06,86.4,0.01,1
2841,Exit long,2025-09-23,Close entry(s) order TEST,889.3,1,905.9,-16.6,-1.83,0,0,0.00,-22.9,-2.53,69.8,0.01,1
2841,Entry long,2025-09-22,TEST,905.9,1,905.9,-16.6,-1.83,0,0,0.00,-22.9,-2.53,69.8,0.01,1
2842,Exit long,2025-09-25,Close entry(s) order TEST,879.7,1,880,-0.3,-0.03,0,8,0.91,-5,-0.57,69.5,0.01,1
2842,Entry long,2025-09-24,TEST,880,1,880,-0.3,-0.03,0,8,0.91,-5,-0.57,69.5,0.01,1
2843,Exit long,2025-09-29,Close entry(s) order TEST,860.9,1,865.2,-4.3,-0.50,0,17.2,1.99,-9.5,-1.10,65.2,0.01,1
2843,Entry long,2025-09-26,TEST,865.2,1,865.2,-4.3,-0.50,0,17.2,1.99,-9.5,-1.10,65.2,0.01,1
2844,Exit long,2025-10-01,Close entry(s) order TEST,851.4,1,847,4.4,0.52,0,16,1.89,-9.1,-1.07,69.6,0.01,1
2844,Entry long,2025-09-30,TEST,847,1,847,4.4,0.52,0,16,1.89,-9.1,-1.07,69.6,0.01,1
2845,Exit long,2025-10-06,Close entry(s) order TEST,863.6,1,852.7,10.9,1.28,0,18.8,2.20,0,0.00,80.5,0.01,1
2845,Entry long,2025-10-03,TEST,852.7,1,852.7,10.9,1.28,0,18.8,2.20,0,0.00,80.5,0.01,1
2846,Exit long,2025-10-08,Close entry(s) order TEST,870,1,852,18,2.11,0,32,3.76,-0.3,-0.04,98.5,0.01,1
2846,Entry long,2025-10-07,TEST,852,1,852,18,2.11,0,32,3.76,-0.3,-0.04,98.5,0.01,1
2847,Exit long,2025-10-10,Close entry(s) order TEST,858.5,1,861.3,-2.8,-0.33,0,0,0.00,-15.3,-1.78,95.7,0.01,1
2847,Entry long,2025-10-09,TEST,861.3,1,861.3,-2.8,-0.33,0,0,0.00,-15.3,-1.78,95.7,0.01,1
2848,Exit long,2025-10-14,Close entry(s) order TEST,853.1,1,836,17.1,2.05,0,17.1,2.05,-8.6,-1.03,112.8,0.01,1
2848,Entry long,2025-10-13,TEST,836,1,836,17.1,2.05,0,17.1,2.05,-8.6,-1.03,112.8,0.01,1
2849,Exit long,2025-10-16,Close entry(s) order TEST,830,1,825,5,0.61,0,10,1.21,-8,-0.97,117.8,0.01,1
2849,Entry long,2025-10-15,TEST,825,1,825,5,0.61,0,10,1.21,-8,-0.97,117.8,0.01,1
2850,Exit long,2025-10-20,Close entry(s) order TEST,835,1,840,-5,-0.60,0,5,0.60,-15.8,-1.88,112.8,0.01,1
2850,Entry long,2025-10-17,TEST,840,1,840,-5,-0.60,0,5,0.60,-15.8,-1.88,112.8,0.01,1
2851,Exit long,2025-10-23,Close entry(s) order TEST,860,1,840,20,2.38,0,20,2.38,-2.5,-0.30,132.8,0.01,1
2851,Entry long,2025-10-21,TEST,840,1,840,20,2.38,0,20,2.38,-2.5,-0.30,132.8,0.01,1
2852,Exit long,2025-10-27,Close entry(s) order TEST,841.2,1,845,-3.8,-0.45,0,0.8,0.09,-17,-2.01,129,0.01,1
2852,Entry long,2025-10-24,TEST,845,1,845,-3.8,-0.45,0,0.8,0.09,-17,-2.01,129,0.01,1
2853,Exit long,2025-10-29,Close entry(s) order TEST,891,1,875,16,1.83,0,34.9,3.99,-3.4,-0.39,145,0.01,1
2853,Entry long,2025-10-28,TEST,875,1,875,16,1.83,0,34.9,3.99,-3.4,-0.39,145,0.01,1
2854,Exit long,2025-10-31,Close entry(s) order TEST,945,1,915,30,3.28,0,30,3.28,-15.5,-1.69,175,0.02,1
2854,Entry long,2025-10-30,TEST,915,1,915,30,3.28,0,30,3.28,-15.5,-1.69,175,0.02,1
2855,Exit long,2025-11-04,Close entry(s) order TEST,940.4,1,970,-29.6,-3.05,0,22.8,2.35,-29.6,-3.05,145.4,0.01,1
2855,Entry long,2025-11-03,TEST,970,1,970,-29.6,-3.05,0,22.8,2.35,-29.6,-3.05,145.4,0.01,1
2856,Exit long,2025-11-07,Close entry(s) order TEST,898.2,1,910,-11.8,-1.30,0,13.6,1.49,-19.6,-2.15,133.6,0.01,1
2856,Entry long,2025-11-06,TEST,910,1,910,-11.8,-1.30,0,13.6,1.49,-19.6,-2.15,133.6,0.01,1
2857,Exit long,2025-11-11,Close entry(s) order TEST,912,1,912,0,0.00,0,11.6,1.27,-19,-2.08,133.6,0.01,1
2857,Entry long,2025-11-10,TEST,912,1,912,0,0.00,0,11.6,1.27,-19,-2.08,133.6,0.01,1
2858,Exit long,2025-11-13,Close entry(s) order TEST,925,1,920,5,0.54,0,5,0.54,-11.5,-1.25,138.6,0.01,1
2858,Entry long,2025-11-12,TEST,920,1,920,5,0.54,0,5,0.54,-11.5,-1.25,138.6,0.01,1
2859,Exit long,2025-11-17,Close entry(s) order TEST,927.7,1,925,2.7,0.29,0,9.4,1.02,-11.7,-1.26,141.3,0.01,1
2859,Entry long,2025-11-14,TEST,925,1,925,2.7,0.29,0,9.4,1.02,-11.7,-1.26,141.3,0.01,1
2860,Exit long,2025-11-19,Close entry(s) order TEST,908.5,1,911.9,-3.4,-0.37,0,3.6,0.39,-15.4,-1.69,137.9,0.01,1
2860,Entry long,2025-11-18,TEST,911.9,1,911.9,-3.4,-0.37,0,3.6,0.39,-15.4,-1.69,137.9,0.01,1
2861,Exit long,2025-11-21,Close entry(s) order TEST,880,1,890.5,-10.5,-1.18,0,7.8,0.88,-14.5,-1.63,127.4,0.01,1
2861,Entry long,2025-11-20,TEST,890.5,1,890.5,-10.5,-1.18,0,7.8,0.88,-14.5,-1.63,127.4,0.01,1
2862,Exit long,2025-11-25,Close entry(s) order TEST,849,1,868.7,-19.7,-2.27,0,3.2,0.37,-24.6,-2.83,107.7,0.01,1
2862,Entry long,2025-11-24,TEST,868.7,1,868.7,-19.7,-2.27,0,3.2,0.37,-24.6,-2.83,107.7,0.01,1
2863,Exit long,2025-11-27,Close entry(s) order TEST,879.7,1,866,13.7,1.58,0,13.7,1.58,-10.3,-1.19,121.4,0.01,1
2863,Entry long,2025-11-26,TEST,866,1,866,13.7,1.58,0,13.7,1.58,-10.3,-1.19,121.4,0.01,1
2864,Exit long,2025-12-01,Close entry(s) order TEST,857,1,875,-18,-2.06,0,0.7,0.08,-20.8,-2.38,103.4,0.01,1
2864,Entry long,2025-11-28,TEST,875,1,875,-18,-2.06,0,0.7,0.08,-20.8,-2.38,103.4,0.01,1
2865,Exit long,2025-12-03,Close entry(s) order TEST,845.5,1,862,-16.5,-1.91,0,2.7,0.31,-20.6,-2.39,86.9,0.01,1
2865,Entry long,2025-12-02,TEST,862,1,862,-16.5,-1.91,0,2.7,0.31,-20.6,-2.39,86.9,0.01,1
2866,Exit long,2025-12-05,Close entry(s) order TEST,830,1,833.2,-3.2,-0.38,0,4.8,0.58,-6.7,-0.80,83.7,0.01,1
2866,Entry long,2025-12-04,TEST,833.2,1,833.2,-3.2,-0.38,0,4.8,0.58,-6.7,-0.80,83.7,0.01,1
2867,Exit long,2025-12-09,Close entry(s) order TEST,805,1,829,-24,-2.90,0,0,0.00,-37,-4.46,59.7,0.01,1
2867,Entry long,2025-12-08,TEST,829,1,829,-24,-2.90,0,0,0.00,-37,-4.46,59.7,0.01,1
2868,Exit long,2025-12-11,Close entry(s) order TEST,800.1,1,811,-10.9,-1.34,0,3.8,0.47,-15.7,-1.94,48.8,0.00,1
2868,Entry long,2025-12-10,TEST,811,1,811,-10.9,-1.34,0,3.8,0.47,-15.7,-1.94,48.8,0.00,1
2869,Exit long,2025-12-15,Close entry(s) order TEST,795.4,1,795.9,-0.5,-0.06,0,9.6,1.21,-5.8,-0.73,48.3,0.00,1
2869,Entry long,2025-12-12,TEST,795.9,1,795.9,-0.5,-0.06,0,9.6,1.21,-5.8,-0.73,48.3,0.00,1
2870,Exit long,2025-12-17,Close entry(s) order TEST,806,1,793,13,1.64,0,15.5,1.95,-3.3,-0.42,61.3,0.01,1
2870,Entry long,2025-12-16,TEST,793,1,793,13,1.64,0,15.5,1.95,-3.3,-0.42,61.3,0.01,1
2871,Exit long,2025-12-19,Close entry(s) order TEST,783,1,789.5,-6.5,-0.82,0,9.5,1.20,-13.5,-1.71,54.8,0.01,1
2871,Entry long,2025-12-18,TEST,789.5,1,789.5,-6.5,-0.82,0,9.5,1.20,-13.5,-1.71,54.8,0.01,1
2872,Exit long,2025-12-23,Close entry(s) order TEST,806,1,796.4,9.6,1.21,0,16.6,2.08,-13.1,-1.64,64.4,0.01,1
2872,Entry long,2025-12-22,TEST,796.4,1,796.4,9.6,1.21,0,16.6,2.08,-13.1,-1.64,64.4,0.01,1
2873,Exit long,2025-12-26,Close entry(s) order TEST,812.5,1,818.9,-6.4,-0.78,0,0,0.00,-11.8,-1.44,58,0.01,1
2873,Entry long,2025-12-24,TEST,818.9,1,818.9,-6.4,-0.78,0,0,0.00,-11.8,-1.44,58,0.01,1
2874,Exit long,2025-12-30,Close entry(s) order TEST,826.9,1,807,19.9,2.47,0,22.9,2.84,-3.7,-0.46,77.9,0.01,1
2874,Entry long,2025-12-29,TEST,807,1,807,19.9,2.47,0,22.9,2.84,-3.7,-0.46,77.9,0.01,1
2875,Exit long,2026-01-01,Close entry(s) order TEST,812,1,792,20,2.53,0,26,3.28,-0.5,-0.06,97.9,0.01,1
2875,Entry long,2025-12-31,TEST,792,1,792,20,2.53,0,26,3.28,-0.5,-0.06,97.9,0.01,1
2876,Exit long,2026-01-05,Close entry(s) order TEST,817.8,1,800,17.8,2.23,0,17.8,2.23,0,0.00,115.7,0.01,1
2876,Entry long,2026-01-02,TEST,800,1,800,17.8,2.23,0,17.8,2.23,0,0.00,115.7,0.01,1
2877,Exit long,2026-01-07,Close entry(s) order TEST,796,1,805,-9,-1.12,0,6,0.75,-19.3,-2.40,106.7,0.01,1
2877,Entry long,2026-01-06,TEST,805,1,805,-9,-1.12,0,6,0.75,-19.3,-2.40,106.7,0.01,1
2878,Exit long,2026-01-09,Close entry(s) order TEST,765.9,1,794.5,-28.6,-3.60,0,0,0.00,-33.5,-4.22,78.1,0.01,1
2878,Entry long,2026-01-08,TEST,794.5,1,794.5,-28.6,-3.60,0,0,0.00,-33.5,-4.22,78.1,0.01,1
2879,Exit long,2026-01-13,Close entry(s) order TEST,742.2,1,757.1,-14.9,-1.97,0,1.9,0.25,-26.6,-3.51,63.2,0.01,1
2879,Entry long,2026-01-12,TEST,757.1,1,757.1,-14.9,-1.97,0,1.9,0.25,-26.6,-3.51,63.2,0.01,1
2880,Exit long,2026-01-16,Close entry(s) order TEST,738.6,1,740.7,-2.1,-0.28,0,4.3,0.58,-5.7,-0.77,61.1,0.01,1
2880,Entry long,2026-01-14,TEST,740.7,1,740.7,-2.1,-0.28,0,4.3,0.58,-5.7,-0.77,61.1,0.01,1
2881,Exit long,2026-01-20,Close entry(s) order TEST,790.8,1,736.9,53.9,7.31,0,58.1,7.88,-4.1,-0.56,115,0.01,1
2881,Entry long,2026-01-19,TEST,736.9,1,736.9,53.9,7.31,0,58.1,7.88,-4.1,-0.56,115,0.01,1
2882,Exit long,2026-01-22,Close entry(s) order TEST,756.1,1,755.1,1,0.13,0,7.4,0.98,-22,-2.91,116,0.01,1
2882,Entry long,2026-01-21,TEST,755.1,1,755.1,1,0.13,0,7.4,0.98,-22,-2.91,116,0.01,1
2883,Exit long,2026-01-27,Close entry(s) order TEST,740.1,1,759.8,-19.7,-2.59,0,4,0.53,-31.2,-4.11,96.3,0.01,1
2883,Entry long,2026-01-23,TEST,759.8,1,759.8,-19.7,-2.59,0,4,0.53,-31.2,-4.11,96.3,0.01,1
2884,Exit long,2026-01-29,Close entry(s) order TEST,754,1,728.8,25.2,3.46,0,25.2,3.46,-8.6,-1.18,121.5,0.01,1
2884,Entry long,2026-01-28,TEST,728.8,1,728.8,25.2,3.46,0,25.2,3.46,-8.6,-1.18,121.5,0.01,1
2885,Exit long,2026-02-01,Close entry(s) order TEST,725,1,738,-13,-1.76,0,22.1,2.99,-19,-2.57,108.5,0.01,1
2885,Entry long,2026-01-30,TEST,738,1,738,-13,-1.76,0,22.1,2.99,-19,-2.57,108.5,0.01,1
2886,Exit long,2026-02-03,Close entry(s) order TEST,800,1,733.9,66.1,9.01,0,66.1,9.01,-23.9,-3.26,174.6,0.02,1
2886,Entry long,2026-02-02,TEST,733.9,1,733.9,66.1,9.01,0,66.1,9.01,-23.9,-3.26,174.6,0.02,1
2887,Exit long,2026-02-05,Close entry(s) order TEST,815.7,1,808,7.7,0.95,0,10.7,1.32,-12.7,-1.57,182.3,0.02,1
2887,Entry long,2026-02-04,TEST,808,1,808,7.7,0.95,0,10.7,1.32,-12.7,-1.57,182.3,0.02,1
2888,Exit long,2026-02-09,Close entry(s) order TEST,837.5,1,838.7,-1.2,-0.14,0,0,0.00,-20.2,-2.41,181.1,0.02,1
2888,Entry long,2026-02-06,TEST,838.7,1,838.7,-1.2,-0.14,0,0,0.00,-20.2,-2.41,181.1,0.02,1
2889,Exit long,2026-02-11,Close entry(s) order TEST,834.2,1,832.4,1.8,0.22,0,12.6,1.51,-4.4,-0.53,182.9,0.02,1
2889,Entry long,2026-02-10,TEST,832.4,1,832.4,1.8,0.22,0,12.6,1.51,-4.4,-0.53,182.9,0.02,1
2890,Exit long,2026-02-13,Close entry(s) order TEST,830,1,834.2,-4.2,-0.50,0,8.8,1.05,-9.2,-1.10,178.7,0.02,1
2890,Entry long,2026-02-12,TEST,834.2,1,834.2,-4.2,-0.50,0,8.8,1.05,-9.2,-1.10,178.7,0.02,1
2891,Exit long,2026-02-17,Close entry(s) order TEST,808,1,802.6,5.4,0.67,0,15.3,1.91,-12.6,-1.57,184.1,0.02,1
2891,Entry long,2026-02-16,TEST,802.6,1,802.6,5.4,0.67,0,15.3,1.91,-12.6,-1.57,184.1,0.02,1
2892,Exit long,2026-02-19,Close entry(s) order TEST,809.2,1,807.3,1.9,0.24,0,3.7,0.46,-9.8,-1.21,186,0.02,1
2892,Entry long,2026-02-18,TEST,807.3,1,807.3,1.9,0.24,0,3.7,0.46,-9.8,-1.21,186,0.02,1
2893,Exit long,2026-02-23,Close entry(s) order TEST,795,1,785.2,9.8,1.25,0,9.8,1.25,-7.9,-1.01,195.8,0.02,1
2893,Entry long,2026-02-20,TEST,785.2,1,785.2,9.8,1.25,0,9.8,1.25,-7.9,-1.01,195.8,0.02,1
2894,Exit long,2026-02-25,Close entry(s) order TEST,776.4,1,783.5,-7.1,-0.91,0,4.3,0.55,-13.5,-1.72,188.7,0.02,1
2894,Entry long,2026-02-24,TEST,783.5,1,783.5,-7.1,-0.91,0,4.3,0.55,-13.5,-1.72,188.7,0.02,1
2895,Exit long,2026-02-27,Close entry(s) order TEST,828,1,801.6,26.4,3.29,0,29.4,3.67,0,0.00,215.1,0.02,1
2895,Entry long,2026-02-26,TEST,801.6,1,801.6,26.4,3.29,0,29.4,3.67,0,0.00,215.1,0.02,1
2896,Exit long,2026-03-04,Close entry(s) order TEST,800,1,780,20,2.56,0,43,5.51,-13,-1.67,235.1,0.02,1
2896,Entry long,2026-03-02,TEST,780,1,780,20,2.56,0,43,5.51,-13,-1.67,235.1,0.02,1
2897,Exit long,2026-03-06,Close entry(s) order TEST,816,1,807.4,8.6,1.07,0,20.6,2.55,-8.8,-1.09,243.7,0.02,1
2897,Entry long,2026-03-05,TEST,807.4,1,807.4,8.6,1.07,0,20.6,2.55,-8.8,-1.09,243.7,0.02,1
2898,Exit long,2026-03-10,Close entry(s) order TEST,791,1,800,-9,-1.12,0,0,0.00,-33,-4.12,234.7,0.02,1
2898,Entry long,2026-03-09,TEST,800,1,800,-9,-1.12,0,0,0.00,-33,-4.12,234.7,0.02,1
2899,Exit long,2026-03-12,Close entry(s) order TEST,823,1,820.5,2.5,0.30,0,35,4.27,-5.5,-0.67,237.2,0.02,1
2899,Entry long,2026-03-11,TEST,820.5,1,820.5,2.5,0.30,0,35,4.27,-5.5,-0.67,237.2,0.02,1
2900,Exit long,2026-03-16,Close entry(s) order TEST,800,1,836,-36,-4.31,0,6.4,0.77,-42.7,-5.11,201.2,0.02,1
2900,Entry long,2026-03-13,TEST,836,1,836,-36,-4.31,0,6.4,0.77,-42.7,-5.11,201.2,0.02,1
2901,Exit long,2026-03-18,Close entry(s) order TEST,815,1,804.2,10.8,1.34,0,12.2,1.52,-8.6,-1.07,212,0.02,1
2901,Entry long,2026-03-17,TEST,804.2,1,804.2,10.8,1.34,0,12.2,1.52,-8.6,-1.07,212,0.02,1
2902,Exit long,2026-03-20,Close entry(s) order TEST,804.5,1,810,-5.5,-0.68,0,5.8,0.72,-17,-2.10,206.5,0.02,1
2902,Entry long,2026-03-19,TEST,810,1,810,-5.5,-0.68,0,5.8,0.72,-17,-2.10,206.5,0.02,1
2903,Exit long,2026-03-24,Close entry(s) order TEST,795,1,800,-5,-0.62,0,0,0.00,-41,-5.12,201.5,0.02,1
2903,Entry long,2026-03-23,TEST,800,1,800,-5,-0.62,0,0,0.00,-41,-5.12,201.5,0.02,1
2904,Exit long,2026-03-27,Close entry(s) order TEST,831,1,815,16,1.96,0,25,3.07,-9,-1.10,217.5,0.02,1
2904,Entry long,2026-03-25,TEST,815,1,815,16,1.96,0,25,3.07,-9,-1.10,217.5,0.02,1
2905,Exit long,2026-04-01,Close entry(s) order TEST,825.8,1,817.4,8.4,1.03,0,32.6,3.99,-11,-1.35,225.9,0.02,1
2905,Entry long,2026-03-30,TEST,817.4,1,817.4,8.4,1.03,0,32.6,3.99,-11,-1.35,225.9,0.02,1
2906,Exit long,2026-04-06,Close entry(s) order TEST,850,1,819.9,30.1,3.67,0,30.1,3.67,-14.4,-1.76,256,0.03,1
2906,Entry long,2026-04-02,TEST,819.9,1,819.9,30.1,3.67,0,30.1,3.67,-14.4,-1.76,256,0.03,1
2907,Exit long,2026-04-08,Close entry(s) order TEST,910,1,862.6,47.4,5.50,0,47.4,5.50,-8.4,-0.97,303.4,0.03,1
2907,Entry long,2026-04-07,TEST,862.6,1,862.6,47.4,5.50,0,47.4,5.50,-8.4,-0.97,303.4,0.03,1
2908,Exit long,2026-04-10,Close entry(s) order TEST,955,1,920,35,3.80,0,37.9,4.12,-1.3,-0.14,338.4,0.03,1
2908,Entry long,2026-04-09,TEST,920,1,920,35,3.80,0,37.9,4.12,-1.3,-0.14,338.4,0.03,1
2909,Exit long,2026-04-15,Close entry(s) order TEST,1022.5,1,941,81.5,8.66,0,81.5,8.66,-11,-1.17,419.9,0.04,1
2909,Entry long,2026-04-13,TEST,941,1,941,81.5,8.66,0,81.5,8.66,-11,-1.17,419.9,0.04,1
2910,Exit long,2026-04-17,Close entry(s) order TEST,1080,1,1065,15,1.41,0,15.4,1.45,-23,-2.16,434.9,0.04,1
2910,Entry long,2026-04-16,TEST,1065,1,1065,15,1.41,0,15.4,1.45,-23,-2.16,434.9,0.04,1
2911,Exit long,2026-04-21,Close entry(s) order TEST,1080.1,1,1077,3.1,0.29,0,18,1.67,-12.5,-1.16,438,0.04,1
2911,Entry long,2026-04-20,TEST,1077,1,1077,3.1,0.29,0,18,1.67,-12.5,-1.16,438,0.04,1
2912,Exit long,2026-04-23,Close entry(s) order TEST,1130,1,1112,18,1.62,0,39,3.51,-2,-0.18,456,0.05,1
2912,Entry long,2026-04-22,TEST,1112,1,1112,18,1.62,0,39,3.51,-2,-0.18,456,0.05,1
2913,Exit long,2026-04-27,Close entry(s) order TEST,1224.5,1,1210,14.5,1.20,0,14.5,1.20,-34.7,-2.87,470.5,0.05,1
2913,Entry long,2026-04-24,TEST,1210,1,1210,14.5,1.20,0,14.5,1.20,-34.7,-2.87,470.5,0.05,1
2914,Exit long,2026-04-29,Close entry(s) order TEST,1240,1,1225,15,1.22,0,20,1.63,-20.7,-1.69,485.5,0.05,1
2914,Entry long,2026-04-28,TEST,1225,1,1225,15,1.22,0,20,1.63,-20.7,-1.69,485.5,0.05,1
2915,Exit long,2026-05-04,Close entry(s) order TEST,1285,1,1262,23,1.82,0,23,1.82,-9,-0.71,508.5,0.05,1
2915,Entry long,2026-04-30,TEST,1262,1,1262,23,1.82,0,23,1.82,-9,-0.71,508.5,0.05,1
2916,Exit long,2026-05-06,Close entry(s) order TEST,1261.9,1,1238,23.9,1.93,0,28,2.26,-6.9,-0.56,532.4,0.05,1
2916,Entry long,2026-05-05,TEST,1238,1,1238,23.9,1.93,0,28,2.26,-6.9,-0.56,532.4,0.05,1
2917,Exit long,2026-05-08,Close entry(s) order TEST,1299,1,1289,10,0.78,0,13,1.01,-7.9,-0.61,542.4,0.05,1
2917,Entry long,2026-05-07,TEST,1289,1,1289,10,0.78,0,13,1.01,-7.9,-0.61,542.4,0.05,1
2918,Exit long,2026-05-12,Close entry(s) order TEST,1330.9,1,1288,42.9,3.33,0,54.2,4.21,-11.9,-0.92,585.3,0.06,1
2918,Entry long,2026-05-11,TEST,1288,1,1288,42.9,3.33,0,54.2,4.21,-11.9,-0.92,585.3,0.06,1
2919,Exit long,2026-05-14,Close entry(s) order TEST,1360,1,1318,42,3.19,0,42,3.19,-2.8,-0.21,627.3,0.06,1
2919,Entry long,2026-05-13,TEST,1318,1,1318,42,3.19,0,42,3.19,-2.8,-0.21,627.3,0.06,1
2920,Exit long,2026-05-18,Close entry(s) order TEST,1309,1,1374.8,-65.8,-4.79,0,2.6,0.19,-71.5,-5.20,561.5,0.06,1
2920,Entry long,2026-05-15,TEST,1374.8,1,1374.8,-65.8,-4.79,0,2.6,0.19,-71.5,-5.20,561.5,0.06,1
2921,Exit long,2026-05-20,Close entry(s) order TEST,1278.2,1,1300.1,-21.9,-1.68,0,6.4,0.49,-32.4,-2.49,539.6,0.05,1
2921,Entry long,2026-05-19,TEST,1300.1,1,1300.1,-21.9,-1.68,0,6.4,0.49,-32.4,-2.49,539.6,0.05,1
2922,Exit long,2026-05-22,Close entry(s) order TEST,1281.9,1,1320,-38.1,-2.89,0,37.7,2.86,-38.1,-2.89,501.5,0.05,1
2922,Entry long,2026-05-21,TEST,1320,1,1320,-38.1,-2.89,0,37.7,2.86,-38.1,-2.89,501.5,0.05,1
2923,Exit long,2026-05-26,Close entry(s) order TEST,1294.9,1,1284.9,10,0.78,0,36.5,2.84,0,0.00,511.5,0.05,1
2923,Entry long,2026-05-25,TEST,1284.9,1,1284.9,10,0.78,0,36.5,2.84,0,0.00,511.5,0.05,1
2924,Exit long,2026-05-29,Close entry(s) order TEST,1369.2,1,1319,50.2,3.81,0,61,4.62,0,0.00,561.7,0.06,1
2924,Entry long,2026-05-27,TEST,1319,1,1319,50.2,3.81,0,61,4.62,0,0.00,561.7,0.06,1
2925,Exit long,2026-06-02,Close entry(s) order TEST,1373.1,1,1380.1,-7,-0.51,0,18.7,1.35,-17.8,-1.29,554.7,0.06,1
2925,Entry long,2026-06-01,TEST,1380.1,1,1380.1,-7,-0.51,0,18.7,1.35,-17.8,-1.29,554.7,0.06,1
2926,Exit long,2026-06-04,Close entry(s) order TEST,1418.5,1,1385.1,33.4,2.41,0,39.9,2.88,-11.7,-0.84,588.1,0.06,1
2926,Entry long,2026-06-03,TEST,1385.1,1,1385.1,33.4,2.41,0,39.9,2.88,-11.7,-0.84,588.1,0.06,1
2927,Exit long,2026-06-08,Close entry(s) order TEST,1360,1,1402.7,-42.7,-3.04,0,11.1,0.79,-42.7,-3.04,545.4,0.05,1
2927,Entry long,2026-06-05,TEST,1402.7,1,1402.7,-42.7,-3.04,0,11.1,0.79,-42.7,-3.04,545.4,0.05,1
2928,Exit long,2026-06-10,Close entry(s) order TEST,1418,1,1348,70,5.19,0,70,5.19,0,0.00,615.4,0.06,1
2928,Entry long,2026-06-09,TEST,1348,1,1348,70,5.19,0,70,5.19,0,0.00,615.4,0.06,1
2929,Exit long,2026-06-12,Close entry(s) order TEST,1400,1,1370,30,2.19,0,30,2.19,-7.8,-0.57,645.4,0.06,1
2929,Entry long,2026-06-11,TEST,1370,1,1370,30,2.19,0,30,2.19,-7.8,-0.57,645.4,0.06,1
2930,Exit long,2026-06-16,Close entry(s) order TEST,1398,1,1420,-22,-1.55,0,5,0.35,-45,-3.17,623.4,0.06,1
2930,Entry long,2026-06-15,TEST,1420,1,1420,-22,-1.55,0,5,0.35,-45,-3.17,623.4,0.06,1
2931,Exit long,2026-06-18,Close entry(s) order TEST,1394.4,1,1374.7,19.7,1.43,0,25.3,1.84,-4.2,-0.31,643.1,0.06,1
2931,Entry long,2026-06-17,TEST,1374.7,1,1374.7,19.7,1.43,0,25.3,1.84,-4.2,-0.31,643.1,0.06,1
2932,Exit long,2026-06-22,Close entry(s) order TEST,1426.3,1,1389,37.3,2.69,0,45.3,3.26,-2.9,-0.21,680.4,0.07,1
2932,Entry long,2026-06-19,TEST,1389,1,1389,37.3,2.69,0,45.3,3.26,-2.9,-0.21,680.4,0.07,1
2933,Exit long,2026-06-24,Close entry(s) order TEST,1400,1,1418.8,-18.8,-1.33,0,20.2,1.42,-19.7,-1.39,661.6,0.07,1
2933,Entry long,2026-06-23,TEST,1418.8,1,1418.8,-18.8,-1.33,0,20.2,1.42,-19.7,-1.39,661.6,0.07,1
2934,Exit long,2026-06-29,Close entry(s) order TEST,1465,1,1420.9,44.1,3.10,0,44.1,3.10,-10.8,-0.76,705.7,0.07,1
2934,Entry long,2026-06-25,TEST,1420.9,1,1420.9,44.1,3.10,0,44.1,3.10,-10.8,-0.76,705.7,0.07,1
2935,Exit long,2026-07-01,Close entry(s) order TEST,1530.1,1,1520,10.1,0.66,0,10.1,0.66,-39.4,-2.59,715.8,0.07,1
2935,Entry long,2026-06-30,TEST,1520,1,1520,10.1,0.66,0,10.1,0.66,-39.4,-2.59,715.8,0.07,1
2936,Exit long,2026-07-03,Close entry(s) order TEST,1498.8,1,1490,8.8,0.59,0,25.5,1.71,-18,-1.21,724.6,0.07,1
2936,Entry long,2026-07-02,TEST,1490,1,1490,8.8,0.59,0,25.5,1.71,-18,-1.21,724.6,0.07,1
2937,Exit long,2026-07-07,Close entry(s) order TEST,1544.9,1,1425,119.9,8.41,0,141,9.89,0,0.00,844.5,0.08,1
2937,Entry long,2026-07-06,TEST,1425,1,1425,119.9,8.41,0,141,9.89,0,0.00,844.5,0.08,1
2938,Exit long,2026-07-09,Close entry(s) order TEST,1525,1,1540,-15,-0.97,0,22.2,1.44,-19.9,-1.29,829.5,0.08,1
2938,Entry long,2026-07-08,TEST,1540,1,1540,-15,-0.97,0,22.2,1.44,-19.9,-1.29,829.5,0.08,1
2939,Exit long,2026-07-13,Close entry(s) order TEST,1601.7,1,1617.8,-16.1,-1.00,0,16.2,1.00,-22.5,-1.39,813.4,0.08,1
2939,Entry long,2026-07-10,TEST,1617.8,1,1617.8,-16.1,-1.00,0,16.2,1.00,-22.5,-1.39,813.4,0.08,1
2940,Exit long,2026-07-15,Close entry(s) order TEST,1693,1,1637.2,55.8,3.41,0,57.6,3.52,-2.2,-0.13,869.2,0.09,1
2940,Entry long,2026-07-14,TEST,1637.2,1,1637.2,55.8,3.41,0,57.6,3.52,-2.2,-0.13,869.2,0.09,1
2941,Exit long,2026-07-17,Close entry(s) order TEST,1695,1,1694,1,0.06,0,1.5,0.09,-35.1,-2.07,870.2,0.09,1
2941,Entry long,2026-07-16,TEST,1694,1,1694,1,0.06,0,1.5,0.09,-35.1,-2.07,870.2,0.09,1
2942,Exit long,2026-07-21,Close entry(s) order TEST,1625,1,1585,40,2.52,0,58.6,3.70,-2.3,-0.15,910.2,0.09,1
2942,Entry long,2026-07-20,TEST,1585,1,1585,40,2.52,0,58.6,3.70,-2.3,-0.15,910.2,0.09,1
2943,Exit long,2026-07-23,Close entry(s) order TEST,1611.8,1,1632.6,-20.8,-1.27,0,5.4,0.33,-34.9,-2.14,889.4,0.09,1
2943,Entry long,2026-07-22,TEST,1632.6,1,1632.6,-20.8,-1.27,0,5.4,0.33,-34.9,-2.14,889.4,0.09,1
2944,Exit long,2026-07-27,Close entry(s) order TEST,1665,1,1596.8,68.2,4.27,0,68.2,4.27,-30.6,-1.92,957.6,0.10,1
2944,Entry long,2026-07-24,TEST,1596.8,1,1596.8,68.2,4.27,0,68.2,4.27,-30.6,-1.92,957.6,0.10,1
2945,Exit long,2026-07-29,Close entry(s) order TEST,1645,1,1619.9,25.1,1.55,0,28.8,1.78,-9.7,-0.60,982.7,0.10,1
2945,Entry long,2026-07-28,TEST,1619.9,1,1619.9,25.1,1.55,0,28.8,1.78,-9.7,-0.60,982.7,0.10,1
2946,Exit long,2026-07-31,Close entry(s) order TEST,1668.4,1,1700,-31.6,-1.86,0,0,0.00,-48.1,-2.83,951.1,0.10,1
2946,Entry long,2026-07-30,TEST,1700,1,1700,-31.6,-1.86,0,0,0.00,-48.1,-2.83,951.1,0.10,1
2947,Exit long,2026-08-04,Close entry(s) order TEST,1706,1,1672,34,2.03,0,49.9,2.98,-12.8,-0.77,985.1,0.10,1
2947,Entry long,2026-08-03,TEST,1672,1,1672,34,2.03,0,49.9,2.98,-12.8,-0.77,985.1,0.10,1
2948,Exit long,2026-08-06,Close entry(s) order TEST,1800,1,1738.8,61.2,3.52,0,61.2,3.52,-0.1,-0.01,1046.3,0.10,1
2948,Entry long,2026-08-05,TEST,1738.8,1,1738.8,61.2,3.52,0,61.2,3.52,-0.1,-0.01,1046.3,0.10,1
2949,Exit long,2026-08-10,Close entry(s) order TEST,1848.1,1,1821.8,26.3,1.44,0,43.2,2.37,-0.5,-0.03,1072.6,0.11,1
2949,Entry long,2026-08-07,TEST,1821.8,1,1821.8,26.3,1.44,0,43.2,2.37,-0.5,-0.03,1072.6,0.11,1
2950,Exit long,2026-08-12,Close entry(s) order TEST,1844.4,1,1848.1,-3.7,-0.20,0,21.8,1.18,-31.6,-1.71,1068.9,0.11,1
2950,Entry long,2026-08-11,TEST,1848.1,1,1848.1,-3.7,-0.20,0,21.8,1.18,-31.6,-1.71,1068.9,0.11,1
2951,Exit long,2026-08-14,Close entry(s) order TEST,1889.8,1,1869.6,20.2,1.08,0,20.2,1.08,0,0.00,1089.1,0.11,1
2951,Entry long,2026-08-13,TEST,1869.6,1,1869.6,20.2,1.08,0,20.2,1.08,0,0.00,1089.1,0.11,1
2952,Exit long,2026-08-18,Close entry(s) order TEST,1886.6,1,1873.3,13.3,0.71,0,13.8,0.74,-27.3,-1.46,1102.4,0.11,1
2952,Entry long,2026-08-17,TEST,1873.3,1,1873.3,13.3,0.71,0,13.8,0.74,-27.3,-1.46,1102.4,0.11,1
2953,Exit long,2026-08-20,Close entry(s) order TEST,1990,1,1929.2,60.8,3.15,0,60.8,3.15,-2.5,-0.13,1163.2,0.12,1
2953,Entry long,2026-08-19,TEST,1929.2,1,1929.2,60.8,3.15,0,60.8,3.15,-2.5,-0.13,1163.2,0.12,1
2954,Exit long,2026-08-24,Close entry(s) order TEST,2290,1,2175,115,5.29,0,173.9,8.00,-42,-1.93,1278.2,0.13,1
2954,Entry long,2026-08-21,TEST,2175,1,2175,115,5.29,0,173.9,8.00,-42,-1.93,1278.2,0.13,1