trade_number,direction,entry_dt,entry_price,entry_qty,exit_dt,exit_price,exit_qty,gross_pnl,commission,slippage,net_pnl,return_pct,exit_reason,entry_signal,duration_bars
1,LONG,2002-08-22,16.3,1.0,2002-09-03,16.3,1.0,0.0,0.0,0.026530000000001053,0.0,0.0,Close entry(s) order TEST,BuySignal,
2,LONG,2002-09-04,16.3,1.0,2002-09-05,16.3,1.0,0.0,0.0,0.026530000000001053,0.0,0.0,Close entry(s) order TEST,BuySignal,
3,LONG,2002-09-06,16.3,1.0,2002-09-09,16.3,1.0,0.0,0.0,0.026530000000001053,0.0,0.0,Close entry(s) order TEST,BuySignal,
4,LONG,2002-09-11,16.3,1.0,2002-09-12,16.3,1.0,0.0,0.0,0.026530000000001053,0.0,0.0,Close entry(s) order TEST,BuySignal,
5,LONG,2002-09-13,16.3,1.0,2002-09-16,16.3,1.0,0.0,0.0,0.026530000000001053,0.0,0.0,Close entry(s) order TEST,BuySignal,
6,LONG,2002-09-17,16.3,1.0,2002-09-18,16.3,1.0,0.0,0.0,0.026530000000001053,0.0,0.0,Close entry(s) order TEST,BuySignal,
7,LONG,2002-09-19,16.3,1.0,2002-09-20,16.3,1.0,0.0,0.0,0.026530000000001053,0.0,0.0,Close entry(s) order TEST,BuySignal,
8,LONG,2002-09-23,16.3,1.0,2002-09-24,16.3,1.0,0.0,0.0,0.026530000000001053,0.0,0.0,Close entry(s) order TEST,BuySignal,
9,LONG,2002-09-25,16.3,1.0,2002-09-26,16.3,1.0,0.0,0.0,0.026530000000001053,0.0,0.0,Close entry(s) order TEST,BuySignal,
10,LONG,2002-09-27,14.3,1.0,2002-09-30,14.3,1.0,0.0,0.0,0.014285710000001117,0.0,0.0,Close entry(s) order TEST,BuySignal,
11,LONG,2002-10-01,14.3,1.0,2002-10-03,16.3,1.0,2.0,0.0,0.014285710000001117,2.0,0.1398601398601398,Close entry(s) order TEST,BuySignal,
12,LONG,2002-10-04,16.3,1.0,2002-10-07,16.3,1.0,0.0,0.0,0.026530000000001053,0.0,0.0,Close entry(s) order TEST,BuySignal,
13,LONG,2002-10-08,16.3,1.0,2002-10-09,16.3,1.0,0.0,0.0,0.026530000000001053,0.0,0.0,Close entry(s) order TEST,BuySignal,
14,LONG,2002-10-10,16.3,1.0,2002-10-11,16.3,1.0,0.0,0.0,0.026530000000001053,0.0,0.0,Close entry(s) order TEST,BuySignal,
15,LONG,2002-10-14,16.3,1.0,2002-10-16,16.3,1.0,0.0,0.0,0.026530000000001053,0.0,0.0,Close entry(s) order TEST,BuySignal,
16,LONG,2002-10-17,16.3,1.0,2002-10-18,16.3,1.0,0.0,0.0,0.026530000000001053,0.0,0.0,Close entry(s) order TEST,BuySignal,
17,LONG,2002-10-21,16.3,1.0,2002-10-22,16.3,1.0,0.0,0.0,0.026530000000001053,0.0,0.0,Close entry(s) order TEST,BuySignal,
18,LONG,2002-10-23,14.3,1.0,2002-10-24,16.3,1.0,2.0,0.0,0.014285710000001117,2.0,0.1398601398601398,Close entry(s) order TEST,BuySignal,
19,LONG,2002-10-25,14.3,1.0,2002-10-28,14.3,1.0,0.0,0.0,0.014285710000001117,0.0,0.0,Close entry(s) order TEST,BuySignal,
20,LONG,2002-10-29,14.3,1.0,2002-10-30,14.3,1.0,0.0,0.0,0.014285710000001117,0.0,0.0,Close entry(s) order TEST,BuySignal,
21,LONG,2002-10-31,14.3,1.0,2002-11-01,14.3,1.0,0.0,0.0,0.014285710000001117,0.0,0.0,Close entry(s) order TEST,BuySignal,
22,LONG,2002-11-04,16.3,1.0,2002-11-05,14.3,1.0,-2.0,0.0,0.026530000000001053,-2.0,-0.12269938650306744,Close entry(s) order TEST,BuySignal,
23,LONG,2002-11-07,18.4,1.0,2002-11-08,18.4,1.0,0.0,0.0,0.032654289999999975,0.0,0.0,Close entry(s) order TEST,BuySignal,
24,LONG,2002-11-11,22.4,1.0,2002-11-12,18.4,1.0,-4.0,0.0,0.04897857000000272,-4.0,-0.1785714285714286,Close entry(s) order TEST,BuySignal,
25,LONG,2002-11-13,18.4,1.0,2002-11-14,18.4,1.0,0.0,0.0,0.032654289999999975,0.0,0.0,Close entry(s) order TEST,BuySignal,
26,LONG,2002-11-15,18.4,1.0,2002-11-18,18.4,1.0,0.0,0.0,0.032654289999999975,0.0,0.0,Close entry(s) order TEST,BuySignal,
27,LONG,2002-11-20,18.4,1.0,2002-11-21,20.4,1.0,2.0,0.0,0.032654289999999975,2.0,0.10869565217391308,Close entry(s) order TEST,BuySignal,
28,LONG,2002-11-22,20.4,1.0,2002-11-25,18.4,1.0,-2.0,0.0,0.008162860000002325,-2.0,-0.0980392156862745,Close entry(s) order TEST,BuySignal,
29,LONG,2002-11-26,18.4,1.0,2002-11-27,18.4,1.0,0.0,0.0,0.032654289999999975,0.0,0.0,Close entry(s) order TEST,BuySignal,
30,LONG,2002-11-28,18.4,1.0,2002-11-29,18.4,1.0,0.0,0.0,0.032654289999999975,0.0,0.0,Close entry(s) order TEST,BuySignal,
31,LONG,2002-12-02,18.4,1.0,2002-12-03,18.4,1.0,0.0,0.0,0.032654289999999975,0.0,0.0,Close entry(s) order TEST,BuySignal,
32,LONG,2002-12-04,18.4,1.0,2002-12-05,18.4,1.0,0.0,0.0,0.032654289999999975,0.0,0.0,Close entry(s) order TEST,BuySignal,
33,LONG,2002-12-06,18.4,1.0,2002-12-09,20.4,1.0,2.0,0.0,0.032654289999999975,2.0,0.10869565217391308,Close entry(s) order TEST,BuySignal,
34,LONG,2002-12-10,20.4,1.0,2002-12-11,18.4,1.0,-2.0,0.0,0.008162860000002325,-2.0,-0.0980392156862745,Close entry(s) order TEST,BuySignal,
35,LONG,2002-12-12,18.4,1.0,2002-12-13,18.4,1.0,0.0,0.0,0.032654289999999975,0.0,0.0,Close entry(s) order TEST,BuySignal,
36,LONG,2002-12-16,18.4,1.0,2002-12-17,18.4,1.0,0.0,0.0,0.032654289999999975,0.0,0.0,Close entry(s) order TEST,BuySignal,
37,LONG,2002-12-18,18.4,1.0,2002-12-19,20.4,1.0,2.0,0.0,0.032654289999999975,2.0,0.10869565217391308,Close entry(s) order TEST,BuySignal,
38,LONG,2002-12-20,20.4,1.0,2002-12-23,20.4,1.0,0.0,0.0,0.008162860000002325,0.0,0.0,Close entry(s) order TEST,BuySignal,
39,LONG,2002-12-24,20.4,1.0,2002-12-26,20.4,1.0,0.0,0.0,0.008162860000002325,0.0,0.0,Close entry(s) order TEST,BuySignal,
40,LONG,2002-12-27,20.4,1.0,2002-12-30,18.4,1.0,-2.0,0.0,0.008162860000002325,-2.0,-0.0980392156862745,Close entry(s) order TEST,BuySignal,
41,LONG,2002-12-31,18.4,1.0,2003-01-01,18.4,1.0,0.0,0.0,0.032654289999999975,0.0,0.0,Close entry(s) order TEST,BuySignal,
42,LONG,2003-01-02,18.4,1.0,2003-01-03,18.4,1.0,0.0,0.0,0.032654289999999975,0.0,0.0,Close entry(s) order TEST,BuySignal,
43,LONG,2003-01-06,18.4,1.0,2003-01-07,18.4,1.0,0.0,0.0,0.032654289999999975,0.0,0.0,Close entry(s) order TEST,BuySignal,
44,LONG,2003-01-08,18.4,1.0,2003-01-09,18.4,1.0,0.0,0.0,0.032654289999999975,0.0,0.0,Close entry(s) order TEST,BuySignal,
45,LONG,2003-01-10,18.4,1.0,2003-01-13,18.4,1.0,0.0,0.0,0.032654289999999975,0.0,0.0,Close entry(s) order TEST,BuySignal,
46,LONG,2003-01-14,18.4,1.0,2003-01-15,18.4,1.0,0.0,0.0,0.032654289999999975,0.0,0.0,Close entry(s) order TEST,BuySignal,
47,LONG,2003-01-16,18.4,1.0,2003-01-17,18.4,1.0,0.0,0.0,0.032654289999999975,0.0,0.0,Close entry(s) order TEST,BuySignal,
48,LONG,2003-01-20,18.4,1.0,2003-01-21,18.4,1.0,0.0,0.0,0.032654289999999975,0.0,0.0,Close entry(s) order TEST,BuySignal,
49,LONG,2003-01-22,18.4,1.0,2003-01-23,18.4,1.0,0.0,0.0,0.032654289999999975,0.0,0.0,Close entry(s) order TEST,BuySignal,
50,LONG,2003-01-24,18.4,1.0,2003-01-27,18.4,1.0,0.0,0.0,0.032654289999999975,0.0,0.0,Close entry(s) order TEST,BuySignal,
51,LONG,2003-01-28,16.3,1.0,2003-01-29,20.4,1.0,4.099999999999998,0.0,0.026530000000001053,4.099999999999998,0.2515337423312882,Close entry(s) order TEST,BuySignal,
52,LONG,2003-01-30,18.4,1.0,2003-01-31,18.4,1.0,0.0,0.0,0.032654289999999975,0.0,0.0,Close entry(s) order TEST,BuySignal,
53,LONG,2003-02-03,20.4,1.0,2003-02-04,18.4,1.0,-2.0,0.0,0.008162860000002325,-2.0,-0.0980392156862745,Close entry(s) order TEST,BuySignal,
54,LONG,2003-02-05,16.3,1.0,2003-02-06,18.4,1.0,2.099999999999998,0.0,0.026530000000001053,2.099999999999998,0.12883435582822078,Close entry(s) order TEST,BuySignal,
55,LONG,2003-02-07,18.4,1.0,2003-02-10,16.3,1.0,-2.099999999999998,0.0,0.032654289999999975,-2.099999999999998,-0.11413043478260854,Close entry(s) order TEST,BuySignal,
56,LONG,2003-02-11,16.3,1.0,2003-02-12,16.3,1.0,0.0,0.0,0.026530000000001053,0.0,0.0,Close entry(s) order TEST,BuySignal,
57,LONG,2003-02-14,16.3,1.0,2003-02-17,16.3,1.0,0.0,0.0,0.026530000000001053,0.0,0.0,Close entry(s) order TEST,BuySignal,
58,LONG,2003-02-18,16.3,1.0,2003-02-19,16.3,1.0,0.0,0.0,0.026530000000001053,0.0,0.0,Close entry(s) order TEST,BuySignal,
59,LONG,2003-02-20,16.3,1.0,2003-02-21,16.3,1.0,0.0,0.0,0.026530000000001053,0.0,0.0,Close entry(s) order TEST,BuySignal,
60,LONG,2003-02-24,16.3,1.0,2003-02-25,16.3,1.0,0.0,0.0,0.026530000000001053,0.0,0.0,Close entry(s) order TEST,BuySignal,
61,LONG,2003-02-26,14.3,1.0,2003-02-27,16.3,1.0,2.0,0.0,0.014285710000001117,2.0,0.1398601398601398,Close entry(s) order TEST,BuySignal,
62,LONG,2003-02-28,16.3,1.0,2003-03-03,14.3,1.0,-2.0,0.0,0.026530000000001053,-2.0,-0.12269938650306744,Close entry(s) order TEST,BuySignal,
63,LONG,2003-03-04,16.3,1.0,2003-03-05,14.3,1.0,-2.0,0.0,0.026530000000001053,-2.0,-0.12269938650306744,Close entry(s) order TEST,BuySignal,
64,LONG,2003-03-06,14.3,1.0,2003-03-07,14.3,1.0,0.0,0.0,0.014285710000001117,0.0,0.0,Close entry(s) order TEST,BuySignal,
65,LONG,2003-03-10,14.3,1.0,2003-03-11,14.3,1.0,0.0,0.0,0.014285710000001117,0.0,0.0,Close entry(s) order TEST,BuySignal,
66,LONG,2003-03-12,14.3,1.0,2003-03-13,14.3,1.0,0.0,0.0,0.014285710000001117,0.0,0.0,Close entry(s) order TEST,BuySignal,
67,LONG,2003-03-17,14.3,1.0,2003-03-19,14.3,1.0,0.0,0.0,0.014285710000001117,0.0,0.0,Close entry(s) order TEST,BuySignal,
68,LONG,2003-03-20,16.3,1.0,2003-03-21,14.3,1.0,-2.0,0.0,0.026530000000001053,-2.0,-0.12269938650306744,Close entry(s) order TEST,BuySignal,
69,LONG,2003-03-24,14.3,1.0,2003-03-25,14.3,1.0,0.0,0.0,0.014285710000001117,0.0,0.0,Close entry(s) order TEST,BuySignal,
70,LONG,2003-03-26,14.3,1.0,2003-03-27,14.3,1.0,0.0,0.0,0.014285710000001117,0.0,0.0,Close entry(s) order TEST,BuySignal,
71,LONG,2003-03-28,14.3,1.0,2003-03-31,14.3,1.0,0.0,0.0,0.014285710000001117,0.0,0.0,Close entry(s) order TEST,BuySignal,
72,LONG,2003-04-01,14.3,1.0,2003-04-02,14.3,1.0,0.0,0.0,0.014285710000001117,0.0,0.0,Close entry(s) order TEST,BuySignal,
73,LONG,2003-04-03,14.3,1.0,2003-04-04,14.3,1.0,0.0,0.0,0.014285710000001117,0.0,0.0,Close entry(s) order TEST,BuySignal,
74,LONG,2003-04-07,16.3,1.0,2003-04-08,16.3,1.0,0.0,0.0,0.026530000000001053,0.0,0.0,Close entry(s) order TEST,BuySignal,
75,LONG,2003-04-09,16.3,1.0,2003-04-10,16.3,1.0,0.0,0.0,0.026530000000001053,0.0,0.0,Close entry(s) order TEST,BuySignal,
76,LONG,2003-04-11,16.3,1.0,2003-04-15,14.3,1.0,-2.0,0.0,0.026530000000001053,-2.0,-0.12269938650306744,Close entry(s) order TEST,BuySignal,
77,LONG,2003-04-16,16.3,1.0,2003-04-17,16.3,1.0,0.0,0.0,0.026530000000001053,0.0,0.0,Close entry(s) order TEST,BuySignal,
78,LONG,2003-04-21,16.3,1.0,2003-04-22,16.3,1.0,0.0,0.0,0.026530000000001053,0.0,0.0,Close entry(s) order TEST,BuySignal,
79,LONG,2003-04-23,16.3,1.0,2003-04-24,16.3,1.0,0.0,0.0,0.026530000000001053,0.0,0.0,Close entry(s) order TEST,BuySignal,
80,LONG,2003-04-25,16.3,1.0,2003-04-28,16.3,1.0,0.0,0.0,0.026530000000001053,0.0,0.0,Close entry(s) order TEST,BuySignal,
81,LONG,2003-04-29,16.3,1.0,2003-04-30,16.3,1.0,0.0,0.0,0.026530000000001053,0.0,0.0,Close entry(s) order TEST,BuySignal,
82,LONG,2003-05-02,14.3,1.0,2003-05-05,14.3,1.0,0.0,0.0,0.014285710000001117,0.0,0.0,Close entry(s) order TEST,BuySignal,
83,LONG,2003-05-06,14.3,1.0,2003-05-07,16.3,1.0,2.0,0.0,0.014285710000001117,2.0,0.1398601398601398,Close entry(s) order TEST,BuySignal,
84,LONG,2003-05-08,16.3,1.0,2003-05-09,18.4,1.0,2.099999999999998,0.0,0.026530000000001053,2.099999999999998,0.12883435582822078,Close entry(s) order TEST,BuySignal,
85,LONG,2003-05-12,18.4,1.0,2003-05-13,18.4,1.0,0.0,0.0,0.032654289999999975,0.0,0.0,Close entry(s) order TEST,BuySignal,
86,LONG,2003-05-14,20.4,1.0,2003-05-15,20.4,1.0,0.0,0.0,0.008162860000002325,0.0,0.0,Close entry(s) order TEST,BuySignal,
87,LONG,2003-05-16,24.5,1.0,2003-05-19,24.5,1.0,0.0,0.0,0.010204290000000782,0.0,0.0,Close entry(s) order TEST,BuySignal,
88,LONG,2003-05-20,24.5,1.0,2003-05-21,24.5,1.0,0.0,0.0,0.010204290000000782,0.0,0.0,Close entry(s) order TEST,BuySignal,
89,LONG,2003-05-22,24.5,1.0,2003-05-23,24.5,1.0,0.0,0.0,0.010204290000000782,0.0,0.0,Close entry(s) order TEST,BuySignal,
90,LONG,2003-05-26,24.5,1.0,2003-05-27,24.5,1.0,0.0,0.0,0.010204290000000782,0.0,0.0,Close entry(s) order TEST,BuySignal,
91,LONG,2003-05-28,22.4,1.0,2003-05-29,22.4,1.0,0.0,0.0,0.04897857000000272,0.0,0.0,Close entry(s) order TEST,BuySignal,
92,LONG,2003-05-30,22.4,1.0,2003-06-02,22.4,1.0,0.0,0.0,0.04897857000000272,0.0,0.0,Close entry(s) order TEST,BuySignal,
93,LONG,2003-06-03,22.4,1.0,2003-06-04,24.5,1.0,2.1000000000000014,0.0,0.04897857000000272,2.1000000000000014,0.09375,Close entry(s) order TEST,BuySignal,
94,LONG,2003-06-05,24.5,1.0,2003-06-06,22.4,1.0,-2.1000000000000014,0.0,0.010204290000000782,-2.1000000000000014,-0.08571428571428574,Close entry(s) order TEST,BuySignal,
95,LONG,2003-06-09,22.4,1.0,2003-06-10,22.4,1.0,0.0,0.0,0.04897857000000272,0.0,0.0,Close entry(s) order TEST,BuySignal,
96,LONG,2003-06-11,22.4,1.0,2003-06-12,22.4,1.0,0.0,0.0,0.04897857000000272,0.0,0.0,Close entry(s) order TEST,BuySignal,
97,LONG,2003-06-13,24.5,1.0,2003-06-16,24.5,1.0,0.0,0.0,0.010204290000000782,0.0,0.0,Close entry(s) order TEST,BuySignal,
98,LONG,2003-06-17,24.5,1.0,2003-06-18,24.5,1.0,0.0,0.0,0.010204290000000782,0.0,0.0,Close entry(s) order TEST,BuySignal,
99,LONG,2003-06-19,24.5,1.0,2003-06-20,28.6,1.0,4.100000000000001,0.0,0.010204290000000782,4.100000000000001,0.1673469387755102,Close entry(s) order TEST,BuySignal,
100,LONG,2003-06-23,28.6,1.0,2003-06-24,28.6,1.0,0.0,0.0,0.028571430000003062,0.0,0.0,Close entry(s) order TEST,BuySignal,
101,LONG,2003-06-25,30.6,1.0,2003-06-26,36.7,1.0,6.100000000000001,0.0,0.012245709999998411,6.100000000000001,0.19934640522875813,Close entry(s) order TEST,BuySignal,
102,LONG,2003-06-27,34.7,1.0,2003-06-30,36.7,1.0,2.0,0.0,0.006124290000002475,2.0,0.057636887608069065,Close entry(s) order TEST,BuySignal,
103,LONG,2003-07-01,44.9,1.0,2003-07-02,44.9,1.0,0.0,0.0,0.00204000000000093,0.0,0.0,Close entry(s) order TEST,BuySignal,
104,LONG,2003-07-03,44.9,1.0,2003-07-04,44.9,1.0,0.0,0.0,0.00204000000000093,0.0,0.0,Close entry(s) order TEST,BuySignal,
105,LONG,2003-07-07,44.9,1.0,2003-07-08,49.0,1.0,4.100000000000001,0.0,0.00204000000000093,4.100000000000001,0.09131403118040082,Close entry(s) order TEST,BuySignal,
106,LONG,2003-07-09,53.1,1.0,2003-07-10,51.0,1.0,-2.1000000000000014,0.0,0.038775710000003016,-2.1000000000000014,-0.039548022598870136,Close entry(s) order TEST,BuySignal,
107,LONG,2003-07-11,53.1,1.0,2003-07-14,53.1,1.0,0.0,0.0,0.038775710000003016,0.0,0.0,Close entry(s) order TEST,BuySignal,
108,LONG,2003-07-15,55.1,1.0,2003-07-16,49.0,1.0,-6.100000000000001,0.0,0.0020371399999987716,-6.100000000000001,-0.1107078039927405,Close entry(s) order TEST,BuySignal,
109,LONG,2003-07-17,51.0,1.0,2003-07-18,46.9,1.0,-4.100000000000001,0.0,0.020409999999998263,-4.100000000000001,-0.08039215686274515,Close entry(s) order TEST,BuySignal,
110,LONG,2003-07-21,46.9,1.0,2003-07-22,42.9,1.0,-4.0,0.0,0.038775710000003016,-4.0,-0.08528784648187637,Close entry(s) order TEST,BuySignal,
111,LONG,2003-07-23,46.9,1.0,2003-07-24,44.9,1.0,-2.0,0.0,0.038775710000003016,-2.0,-0.04264392324093813,Close entry(s) order TEST,BuySignal,
112,LONG,2003-07-25,44.9,1.0,2003-07-28,46.9,1.0,2.0,0.0,0.00204000000000093,2.0,0.04454342984409809,Close entry(s) order TEST,BuySignal,
113,LONG,2003-07-29,44.9,1.0,2003-07-30,49.0,1.0,4.100000000000001,0.0,0.00204000000000093,4.100000000000001,0.09131403118040082,Close entry(s) order TEST,BuySignal,
114,LONG,2003-07-31,53.1,1.0,2003-08-01,49.0,1.0,-4.100000000000001,0.0,0.038775710000003016,-4.100000000000001,-0.07721280602636538,Close entry(s) order TEST,BuySignal,
115,LONG,2003-08-04,49.0,1.0,2003-08-05,49.0,1.0,0.0,0.0,0.020409999999998263,0.0,0.0,Close entry(s) order TEST,BuySignal,
116,LONG,2003-08-06,49.0,1.0,2003-08-07,46.9,1.0,-2.1000000000000014,0.0,0.020409999999998263,-2.1000000000000014,-0.04285714285714293,Close entry(s) order TEST,BuySignal,
117,LONG,2003-08-08,51.0,1.0,2003-08-11,49.0,1.0,-2.0,0.0,0.020409999999998263,-2.0,-0.039215686274509776,Close entry(s) order TEST,BuySignal,
118,LONG,2003-08-12,49.0,1.0,2003-08-13,49.0,1.0,0.0,0.0,0.020409999999998263,0.0,0.0,Close entry(s) order TEST,BuySignal,
119,LONG,2003-08-14,53.1,1.0,2003-08-18,51.0,1.0,-2.1000000000000014,0.0,0.038775710000003016,-2.1000000000000014,-0.039548022598870136,Close entry(s) order TEST,BuySignal,
120,LONG,2003-08-19,61.2,1.0,2003-08-20,53.1,1.0,-8.100000000000001,0.0,0.024490000000000123,-8.100000000000001,-0.13235294117647056,Close entry(s) order TEST,BuySignal,
121,LONG,2003-08-21,53.1,1.0,2003-08-22,49.0,1.0,-4.100000000000001,0.0,0.038775710000003016,-4.100000000000001,-0.07721280602636538,Close entry(s) order TEST,BuySignal,
122,LONG,2003-08-25,51.0,1.0,2003-08-26,49.0,1.0,-2.0,0.0,0.020409999999998263,-2.0,-0.039215686274509776,Close entry(s) order TEST,BuySignal,
123,LONG,2003-08-27,53.1,1.0,2003-08-28,51.0,1.0,-2.1000000000000014,0.0,0.038775710000003016,-2.1000000000000014,-0.039548022598870136,Close entry(s) order TEST,BuySignal,
124,LONG,2003-08-29,51.0,1.0,2003-09-01,46.9,1.0,-4.100000000000001,0.0,0.020409999999998263,-4.100000000000001,-0.08039215686274515,Close entry(s) order TEST,BuySignal,
125,LONG,2003-09-02,49.0,1.0,2003-09-03,51.0,1.0,2.0,0.0,0.020409999999998263,2.0,0.04081632653061229,Close entry(s) order TEST,BuySignal,
126,LONG,2003-09-04,49.0,1.0,2003-09-05,51.0,1.0,2.0,0.0,0.020409999999998263,2.0,0.04081632653061229,Close entry(s) order TEST,BuySignal,
127,LONG,2003-09-08,55.1,1.0,2003-09-09,57.1,1.0,2.0,0.0,0.0020371399999987716,2.0,0.0362976406533575,Close entry(s) order TEST,BuySignal,
128,LONG,2003-09-10,61.2,1.0,2003-09-11,61.2,1.0,0.0,0.0,0.024490000000000123,0.0,0.0,Close entry(s) order TEST,BuySignal,
129,LONG,2003-09-12,65.3,1.0,2003-09-15,65.3,1.0,0.0,0.0,0.006124290000002475,0.0,0.0,Close entry(s) order TEST,BuySignal,
130,LONG,2003-09-16,61.2,1.0,2003-09-17,65.3,1.0,4.099999999999994,0.0,0.024490000000000123,4.099999999999994,0.06699346405228757,Close entry(s) order TEST,BuySignal,
131,LONG,2003-09-18,63.3,1.0,2003-09-19,61.2,1.0,-2.0999999999999943,0.0,0.03469570999999405,-2.0999999999999943,-0.033175355450236865,Close entry(s) order TEST,BuySignal,
132,LONG,2003-09-22,59.2,1.0,2003-09-23,59.2,1.0,0.0,0.0,0.016328570000005982,0.0,0.0,Close entry(s) order TEST,BuySignal,
133,LONG,2003-09-24,63.3,1.0,2003-09-25,59.2,1.0,-4.099999999999994,0.0,0.03469570999999405,-4.099999999999994,-0.06477093206951023,Close entry(s) order TEST,BuySignal,
134,LONG,2003-09-26,61.2,1.0,2003-09-29,65.3,1.0,4.099999999999994,0.0,0.024490000000000123,4.099999999999994,0.06699346405228757,Close entry(s) order TEST,BuySignal,
135,LONG,2003-09-30,69.4,1.0,2003-10-01,69.4,1.0,0.0,0.0,0.012248570000011227,0.0,0.0,Close entry(s) order TEST,BuySignal,
136,LONG,2003-10-03,73.5,1.0,2003-10-06,75.5,1.0,2.0,0.0,0.030614290000002597,2.0,0.027210884353741527,Close entry(s) order TEST,BuySignal,
137,LONG,2003-10-07,73.5,1.0,2003-10-08,73.5,1.0,0.0,0.0,0.030614290000002597,0.0,0.0,Close entry(s) order TEST,BuySignal,
138,LONG,2003-10-09,73.5,1.0,2003-10-10,79.6,1.0,6.099999999999994,0.0,0.030614290000002597,6.099999999999994,0.08299319727891152,Close entry(s) order TEST,BuySignal,
139,LONG,2003-10-13,79.6,1.0,2003-10-14,77.6,1.0,-2.0,0.0,0.008161430000001246,-2.0,-0.025125628140703515,Close entry(s) order TEST,BuySignal,
140,LONG,2003-10-15,79.6,1.0,2003-10-16,83.7,1.0,4.1000000000000085,0.0,0.008161430000001246,4.1000000000000085,0.051507537688442406,Close entry(s) order TEST,BuySignal,
141,LONG,2003-10-17,79.6,1.0,2003-10-20,79.6,1.0,0.0,0.0,0.008161430000001246,0.0,0.0,Close entry(s) order TEST,BuySignal,
142,LONG,2003-10-21,75.5,1.0,2003-10-22,73.5,1.0,-2.0,0.0,0.010204290000004335,-2.0,-0.026490066225165587,Close entry(s) order TEST,BuySignal,
143,LONG,2003-10-23,73.5,1.0,2003-10-24,77.6,1.0,4.099999999999994,0.0,0.030614290000002597,4.099999999999994,0.05578231292517,Close entry(s) order TEST,BuySignal,
144,LONG,2003-10-27,83.7,1.0,2003-10-28,83.7,1.0,0.0,0.0,0.026534290000000738,0.0,0.0,Close entry(s) order TEST,BuySignal,
145,LONG,2003-10-29,79.6,1.0,2003-10-30,79.6,1.0,0.0,0.0,0.008161430000001246,0.0,0.0,Close entry(s) order TEST,BuySignal,
146,LONG,2003-10-31,79.6,1.0,2003-11-03,83.7,1.0,4.1000000000000085,0.0,0.008161430000001246,4.1000000000000085,0.051507537688442406,Close entry(s) order TEST,BuySignal,
147,LONG,2003-11-04,83.7,1.0,2003-11-05,81.6,1.0,-2.1000000000000085,0.0,0.026534290000000738,-2.1000000000000085,-0.02508960573476715,Close entry(s) order TEST,BuySignal,
148,LONG,2003-11-06,83.7,1.0,2003-11-07,85.7,1.0,2.0,0.0,0.026534290000000738,2.0,0.0238948626045401,Close entry(s) order TEST,BuySignal,
149,LONG,2003-11-10,95.9,1.0,2003-11-11,83.7,1.0,-12.200000000000003,0.0,0.018371429999987754,-12.200000000000003,-0.12721584984358714,Close entry(s) order TEST,BuySignal,
150,LONG,2003-11-12,85.7,1.0,2003-11-13,87.8,1.0,2.0999999999999943,0.0,0.014285709999995788,2.0999999999999943,0.02450408401400228,Close entry(s) order TEST,BuySignal,
151,LONG,2003-11-14,85.7,1.0,2003-11-17,87.8,1.0,2.0999999999999943,0.0,0.014285709999995788,2.0999999999999943,0.02450408401400228,Close entry(s) order TEST,BuySignal,
152,LONG,2003-11-18,95.9,1.0,2003-11-19,95.9,1.0,0.0,0.0,0.018371429999987754,0.0,0.0,Close entry(s) order TEST,BuySignal,
153,LONG,2003-11-20,95.9,1.0,2003-11-21,87.8,1.0,-8.100000000000009,0.0,0.018371429999987754,-8.100000000000009,-0.08446298227320137,Close entry(s) order TEST,BuySignal,
154,LONG,2003-11-24,91.8,1.0,2003-11-25,91.8,1.0,0.0,0.0,0.036732860000000755,0.0,0.0,Close entry(s) order TEST,BuySignal,
155,LONG,2003-11-27,91.8,1.0,2003-11-28,89.8,1.0,-2.0,0.0,0.036732860000000755,-2.0,-0.02178649237472763,Close entry(s) order TEST,BuySignal,
156,LONG,2003-12-01,91.8,1.0,2003-12-02,89.8,1.0,-2.0,0.0,0.036732860000000755,-2.0,-0.02178649237472763,Close entry(s) order TEST,BuySignal,
157,LONG,2003-12-03,89.8,1.0,2003-12-04,98.0,1.0,8.200000000000003,0.0,0.004081429999999386,8.200000000000003,0.09131403118040082,Close entry(s) order TEST,BuySignal,
158,LONG,2003-12-05,102.0,1.0,2003-12-08,100.0,1.0,-2.0,0.0,0.040819999999996526,-2.0,-0.019607843137254943,Close entry(s) order TEST,BuySignal,
159,LONG,2003-12-09,100.0,1.0,2003-12-10,100.0,1.0,0.0,0.0,0.0,0.0,0.0,Close entry(s) order TEST,BuySignal,
160,LONG,2003-12-11,101.6,1.0,2003-12-12,99.0,1.0,-2.5999999999999943,0.0,0.032657140000011964,-2.5999999999999943,-0.025590551181102317,Close entry(s) order TEST,BuySignal,
161,LONG,2003-12-15,106.1,1.0,2003-12-16,105.9,1.0,-0.19999999999998863,0.0,0.022447140000011245,-0.19999999999998863,-0.0018850141376058893,Close entry(s) order TEST,BuySignal,
162,LONG,2003-12-17,101.9,1.0,2003-12-18,100.0,1.0,-1.9000000000000057,0.0,0.038771429999997054,-1.9000000000000057,-0.01864573110893042,Close entry(s) order TEST,BuySignal,
163,LONG,2003-12-19,100.0,1.0,2003-12-22,96.9,1.0,-3.0999999999999943,0.0,0.0,-3.0999999999999943,-0.030999999999999917,Close entry(s) order TEST,BuySignal,
164,LONG,2003-12-23,96.9,1.0,2003-12-24,106.1,1.0,9.199999999999989,0.0,0.038771429999997054,9.199999999999989,0.0949432404540762,Close entry(s) order TEST,BuySignal,
165,LONG,2003-12-26,102.9,1.0,2003-12-29,105.4,1.0,2.5,0.0,0.04285714000000951,2.5,0.024295432458697697,Close entry(s) order TEST,BuySignal,
166,LONG,2003-12-30,108.1,1.0,2003-12-31,105.1,1.0,-3.0,0.0,0.038771429999997054,-3.0,-0.02775208140610541,Close entry(s) order TEST,BuySignal,
167,LONG,2004-01-01,103.4,1.0,2004-01-02,104.8,1.0,1.3999999999999915,0.0,0.032657140000011964,1.3999999999999915,0.013539651837524147,Close entry(s) order TEST,BuySignal,
168,LONG,2004-01-05,104.4,1.0,2004-01-06,103.5,1.0,-0.9000000000000057,0.0,0.012248570000011227,-0.9000000000000057,-0.008620689655172487,Close entry(s) order TEST,BuySignal,
169,LONG,2004-01-07,97.4,1.0,2004-01-08,105.9,1.0,8.5,0.0,0.04898142999999777,8.5,0.08726899383983566,Close entry(s) order TEST,BuySignal,
170,LONG,2004-01-09,101.4,1.0,2004-01-12,91.8,1.0,-9.600000000000009,0.0,0.02857142999999951,-9.600000000000009,-0.09467455621301779,Close entry(s) order TEST,BuySignal,
171,LONG,2004-01-13,88.8,1.0,2004-01-14,92.4,1.0,3.6000000000000085,0.0,0.024490000000000123,3.6000000000000085,0.04054054054054057,Close entry(s) order TEST,BuySignal,
172,LONG,2004-01-15,95.8,1.0,2004-01-16,94.7,1.0,-1.0999999999999943,0.0,0.016322860000002493,-1.0999999999999943,-0.01148225469728592,Close entry(s) order TEST,BuySignal,
173,LONG,2004-01-19,87.2,1.0,2004-01-20,87.3,1.0,0.09999999999999432,0.0,0.044894290000002,0.09999999999999432,0.0011467889908256534,Close entry(s) order TEST,BuySignal,
174,LONG,2004-01-21,84.8,1.0,2004-01-22,79.4,1.0,-5.3999999999999915,0.0,0.004081429999999386,-5.3999999999999915,-0.06367924528301872,Close entry(s) order TEST,BuySignal,
175,LONG,2004-01-23,82.4,1.0,2004-01-27,87.8,1.0,5.3999999999999915,0.0,0.04898142999999777,5.3999999999999915,0.06553398058252413,Close entry(s) order TEST,BuySignal,
176,LONG,2004-01-28,89.8,1.0,2004-01-29,83.7,1.0,-6.099999999999994,0.0,0.004081429999999386,-6.099999999999994,-0.06792873051224935,Close entry(s) order TEST,BuySignal,
177,LONG,2004-01-30,85.2,1.0,2004-02-03,80.5,1.0,-4.700000000000003,0.0,0.004081429999999386,-4.700000000000003,-0.055164319248826366,Close entry(s) order TEST,BuySignal,
178,LONG,2004-02-04,76.5,1.0,2004-02-05,79.6,1.0,3.0999999999999943,0.0,0.03060856999999828,3.0999999999999943,0.04052287581699332,Close entry(s) order TEST,BuySignal,
179,LONG,2004-02-06,78.0,1.0,2004-02-09,77.4,1.0,-0.5999999999999943,0.0,0.040819999999996526,-0.5999999999999943,-0.007692307692307665,Close entry(s) order TEST,BuySignal,
180,LONG,2004-02-10,85.3,1.0,2004-02-11,79.7,1.0,-5.599999999999994,0.0,0.006124290000002475,-5.599999999999994,-0.06565064478311833,Close entry(s) order TEST,BuySignal,
181,LONG,2004-02-12,81.4,1.0,2004-02-13,79.4,1.0,-2.0,0.0,0.02857142999999951,-2.0,-0.02457002457002455,Close entry(s) order TEST,BuySignal,
182,LONG,2004-02-16,89.6,1.0,2004-02-17,84.5,1.0,-5.099999999999994,0.0,0.008161430000001246,-5.099999999999994,-0.056919642857142794,Close entry(s) order TEST,BuySignal,
183,LONG,2004-02-18,84.1,1.0,2004-02-19,81.9,1.0,-2.1999999999999886,0.0,0.018367139999995175,-2.1999999999999886,-0.026159334126040323,Close entry(s) order TEST,BuySignal,
184,LONG,2004-02-20,78.6,1.0,2004-02-23,77.8,1.0,-0.7999999999999972,0.0,0.02857142999999951,-0.7999999999999972,-0.010178117048346036,Close entry(s) order TEST,BuySignal,
185,LONG,2004-02-24,74.4,1.0,2004-02-25,72.4,1.0,-2.0,0.0,0.012248570000011227,-2.0,-0.026881720430107503,Close entry(s) order TEST,BuySignal,
186,LONG,2004-02-26,67.9,1.0,2004-02-27,69.0,1.0,1.0999999999999943,0.0,0.04285714000000951,1.0999999999999943,0.016200294550809957,Close entry(s) order TEST,BuySignal,
187,LONG,2004-03-01,67.9,1.0,2004-03-03,79.4,1.0,11.5,0.0,0.04285714000000951,11.5,0.1693667157584684,Close entry(s) order TEST,BuySignal,
188,LONG,2004-03-04,74.5,1.0,2004-03-05,72.8,1.0,-1.7000000000000028,0.0,0.010204290000004335,-1.7000000000000028,-0.02281879194630876,Close entry(s) order TEST,BuySignal,
189,LONG,2004-03-08,72.2,1.0,2004-03-09,74.0,1.0,1.7999999999999972,0.0,0.044894290000002,1.7999999999999972,0.024930747922437657,Close entry(s) order TEST,BuySignal,
190,LONG,2004-03-10,72.7,1.0,2004-03-11,71.1,1.0,-1.6000000000000085,0.0,0.046938570000008895,-1.6000000000000085,-0.022008253094910724,Close entry(s) order TEST,BuySignal,
191,LONG,2004-03-12,70.0,1.0,2004-03-15,72.2,1.0,2.200000000000003,0.0,0.0,2.200000000000003,0.03142857142857136,Close entry(s) order TEST,BuySignal,
192,LONG,2004-03-16,67.3,1.0,2004-03-17,67.3,1.0,0.0,0.0,0.046938570000008895,0.0,0.0,Close entry(s) order TEST,BuySignal,
193,LONG,2004-03-18,68.6,1.0,2004-03-19,66.1,1.0,-2.5,0.0,0.02857142999999951,-2.5,-0.036443148688046656,Close entry(s) order TEST,BuySignal,
194,LONG,2004-03-22,63.3,1.0,2004-03-23,59.2,1.0,-4.099999999999994,0.0,0.03469570999999405,-4.099999999999994,-0.06477093206951023,Close entry(s) order TEST,BuySignal,
195,LONG,2004-03-24,57.8,1.0,2004-03-25,58.2,1.0,0.4000000000000057,0.0,0.044899999999998386,0.4000000000000057,0.006920415224913601,Close entry(s) order TEST,BuySignal,
196,LONG,2004-03-26,57.0,1.0,2004-03-29,59.6,1.0,2.6000000000000014,0.0,0.04081429000000014,2.6000000000000014,0.04561403508771922,Close entry(s) order TEST,BuySignal,
197,LONG,2004-03-30,59.3,1.0,2004-03-31,61.6,1.0,2.3000000000000043,0.0,0.014285709999995788,2.3000000000000043,0.038785834738617186,Close entry(s) order TEST,BuySignal,
198,LONG,2004-04-01,61.2,1.0,2004-04-02,65.3,1.0,4.099999999999994,0.0,0.024490000000000123,4.099999999999994,0.06699346405228757,Close entry(s) order TEST,BuySignal,
199,LONG,2004-04-05,70.5,1.0,2004-04-06,73.5,1.0,3.0,0.0,0.010204290000004335,3.0,0.042553191489361764,Close entry(s) order TEST,BuySignal,
200,LONG,2004-04-07,71.4,1.0,2004-04-08,72.3,1.0,0.8999999999999915,0.0,0.02857142999999951,0.8999999999999915,0.012605042016806678,Close entry(s) order TEST,BuySignal,
201,LONG,2004-04-12,73.5,1.0,2004-04-13,73.5,1.0,0.0,0.0,0.030614290000002597,0.0,0.0,Close entry(s) order TEST,BuySignal,
202,LONG,2004-04-15,72.4,1.0,2004-04-16,74.5,1.0,2.0999999999999943,0.0,0.04898142999999777,2.0999999999999943,0.02900552486187835,Close entry(s) order TEST,BuySignal,
203,LONG,2004-04-19,81.7,1.0,2004-04-20,75.9,1.0,-5.799999999999997,0.0,0.03469570999999405,-5.799999999999997,-0.07099143206854341,Close entry(s) order TEST,BuySignal,
204,LONG,2004-04-21,72.6,1.0,2004-04-22,77.3,1.0,4.700000000000003,0.0,0.04898142999999777,4.700000000000003,0.06473829201101933,Close entry(s) order TEST,BuySignal,
205,LONG,2004-04-23,80.1,1.0,2004-04-27,77.6,1.0,-2.5,0.0,0.0020371399999987716,-2.5,-0.031210986267166008,Close entry(s) order TEST,BuySignal,
206,LONG,2004-04-28,72.9,1.0,2004-04-29,73.6,1.0,0.6999999999999886,0.0,0.04285714000000951,0.6999999999999886,0.009602194787379892,Close entry(s) order TEST,BuySignal,
207,LONG,2004-04-30,76.4,1.0,2004-05-03,77.6,1.0,1.1999999999999886,0.0,0.02857142999999951,1.1999999999999886,0.015706806282722363,Close entry(s) order TEST,BuySignal,
208,LONG,2004-05-04,73.5,1.0,2004-05-05,75.5,1.0,2.0,0.0,0.030614290000002597,2.0,0.027210884353741527,Close entry(s) order TEST,BuySignal,
209,LONG,2004-05-06,76.4,1.0,2004-05-07,76.5,1.0,0.09999999999999432,0.0,0.02857142999999951,0.09999999999999432,0.0013089005235600304,Close entry(s) order TEST,BuySignal,
210,LONG,2004-05-10,72.4,1.0,2004-05-11,73.0,1.0,0.5999999999999943,0.0,0.04898142999999777,0.5999999999999943,0.00828729281767937,Close entry(s) order TEST,BuySignal,
211,LONG,2004-05-12,70.2,1.0,2004-05-13,69.4,1.0,-0.7999999999999972,0.0,0.004081429999999386,-0.7999999999999972,-0.011396011396011319,Close entry(s) order TEST,BuySignal,
212,LONG,2004-05-14,72.2,1.0,2004-05-17,63.3,1.0,-8.900000000000006,0.0,0.044894290000002,-8.900000000000006,-0.12326869806094187,Close entry(s) order TEST,BuySignal,
213,LONG,2004-05-18,53.1,1.0,2004-05-19,62.2,1.0,9.100000000000001,0.0,0.038775710000003016,9.100000000000001,0.1713747645951036,Close entry(s) order TEST,BuySignal,
214,LONG,2004-05-20,65.3,1.0,2004-05-21,67.1,1.0,1.7999999999999972,0.0,0.006124290000002475,1.7999999999999972,0.027565084226646164,Close entry(s) order TEST,BuySignal,
215,LONG,2004-05-24,69.2,1.0,2004-05-25,67.8,1.0,-1.4000000000000057,0.0,0.016328569999998876,-1.4000000000000057,-0.020231213872832443,Close entry(s) order TEST,BuySignal,
216,LONG,2004-05-26,69.3,1.0,2004-05-27,67.9,1.0,-1.3999999999999915,0.0,0.014285709999995788,-1.3999999999999915,-0.02020202020202011,Close entry(s) order TEST,BuySignal,
217,LONG,2004-05-28,65.3,1.0,2004-05-31,55.4,1.0,-9.899999999999999,0.0,0.006124290000002475,-9.899999999999999,-0.15160796324655434,Close entry(s) order TEST,BuySignal,
218,LONG,2004-06-01,56.1,1.0,2004-06-02,57.8,1.0,1.6999999999999957,0.0,0.022447139999997034,1.6999999999999957,0.030303030303030276,Close entry(s) order TEST,BuySignal,
219,LONG,2004-06-03,59.4,1.0,2004-06-04,57.1,1.0,-2.299999999999997,0.0,0.012248569999997017,-2.299999999999997,-0.03872053872053871,Close entry(s) order TEST,BuySignal,
220,LONG,2004-06-07,56.3,1.0,2004-06-08,57.1,1.0,0.8000000000000043,0.0,0.026528570000003526,0.8000000000000043,0.014209591474245276,Close entry(s) order TEST,BuySignal,
221,LONG,2004-06-09,56.1,1.0,2004-06-10,56.1,1.0,0.0,0.0,0.022447139999997034,0.0,0.0,Close entry(s) order TEST,BuySignal,
222,LONG,2004-06-11,56.5,1.0,2004-06-14,54.6,1.0,-1.8999999999999986,0.0,0.03060856999999828,-1.8999999999999986,-0.03362831858407078,Close entry(s) order TEST,BuySignal,
223,LONG,2004-06-15,56.7,1.0,2004-06-16,55.9,1.0,-0.8000000000000043,0.0,0.03469570999999405,-0.8000000000000043,-0.014109347442680886,Close entry(s) order TEST,BuySignal,
224,LONG,2004-06-17,59.0,1.0,2004-06-18,58.4,1.0,-0.6000000000000014,0.0,0.020409999999998263,-0.6000000000000014,-0.01016949152542379,Close entry(s) order TEST,BuySignal,
225,LONG,2004-06-21,58.0,1.0,2004-06-22,56.1,1.0,-1.8999999999999986,0.0,0.040819999999996526,-1.8999999999999986,-0.03275862068965518,Close entry(s) order TEST,BuySignal,
226,LONG,2004-06-23,55.1,1.0,2004-06-24,55.3,1.0,0.19999999999999574,0.0,0.0020371399999987716,0.19999999999999574,0.003629764065335772,Close entry(s) order TEST,BuySignal,
227,LONG,2004-06-25,55.5,1.0,2004-06-28,56.9,1.0,1.3999999999999986,0.0,0.01020428999999723,1.3999999999999986,0.02522522522522519,Close entry(s) order TEST,BuySignal,
228,LONG,2004-06-29,59.4,1.0,2004-06-30,57.1,1.0,-2.299999999999997,0.0,0.012248569999997017,-2.299999999999997,-0.03872053872053871,Close entry(s) order TEST,BuySignal,
229,LONG,2004-07-01,59.7,1.0,2004-07-02,59.7,1.0,0.0,0.0,0.006124290000002475,0.0,0.0,Close entry(s) order TEST,BuySignal,
230,LONG,2004-07-05,59.6,1.0,2004-07-06,59.2,1.0,-0.3999999999999986,0.0,0.008161430000001246,-0.3999999999999986,-0.006711409395973145,Close entry(s) order TEST,BuySignal,
231,LONG,2004-07-07,59.8,1.0,2004-07-08,63.1,1.0,3.3000000000000043,0.0,0.004081429999999386,3.3000000000000043,0.05518394648829439,Close entry(s) order TEST,BuySignal,
232,LONG,2004-07-09,57.8,1.0,2004-07-12,60.0,1.0,2.200000000000003,0.0,0.044899999999998386,2.200000000000003,0.03806228373702436,Close entry(s) order TEST,BuySignal,
233,LONG,2004-07-13,61.7,1.0,2004-07-14,61.8,1.0,0.09999999999999432,0.0,0.03469570999999405,0.09999999999999432,0.0016207455429497752,Close entry(s) order TEST,BuySignal,
234,LONG,2004-07-15,61.8,1.0,2004-07-16,65.6,1.0,3.799999999999997,0.0,0.036732860000000755,3.799999999999997,0.06148867313915862,Close entry(s) order TEST,BuySignal,
235,LONG,2004-07-19,70.0,1.0,2004-07-20,71.9,1.0,1.9000000000000057,0.0,0.0,1.9000000000000057,0.027142857142857135,Close entry(s) order TEST,BuySignal,
236,LONG,2004-07-21,70.2,1.0,2004-07-22,70.4,1.0,0.20000000000000284,0.0,0.004081429999999386,0.20000000000000284,0.002849002849002913,Close entry(s) order TEST,BuySignal,
237,LONG,2004-07-23,69.4,1.0,2004-07-26,69.4,1.0,0.0,0.0,0.012248570000011227,0.0,0.0,Close entry(s) order TEST,BuySignal,
238,LONG,2004-07-27,70.2,1.0,2004-07-28,66.3,1.0,-3.9000000000000057,0.0,0.004081429999999386,-3.9000000000000057,-0.05555555555555558,Close entry(s) order TEST,BuySignal,
239,LONG,2004-07-29,66.1,1.0,2004-07-30,68.0,1.0,1.9000000000000057,0.0,0.022447140000011245,1.9000000000000057,0.02874432677760974,Close entry(s) order TEST,BuySignal,
240,LONG,2004-08-02,61.2,1.0,2004-08-03,61.2,1.0,0.0,0.0,0.024490000000000123,0.0,0.0,Close entry(s) order TEST,BuySignal,
241,LONG,2004-08-04,64.3,1.0,2004-08-05,67.4,1.0,3.1000000000000085,0.0,0.014285709999995788,3.1000000000000085,0.04821150855365497,Close entry(s) order TEST,BuySignal,
242,LONG,2004-08-06,67.6,1.0,2004-08-09,67.3,1.0,-0.29999999999999716,0.0,0.04898142999999777,-0.29999999999999716,-0.004437869822485174,Close entry(s) order TEST,BuySignal,
243,LONG,2004-08-10,66.9,1.0,2004-08-11,66.9,1.0,0.0,0.0,0.03877570999999591,0.0,0.0,Close entry(s) order TEST,BuySignal,
244,LONG,2004-08-12,62.9,1.0,2004-08-13,62.4,1.0,-0.5,0.0,0.0428571399999953,-0.5,-0.007949125596184436,Close entry(s) order TEST,BuySignal,
245,LONG,2004-08-16,62.4,1.0,2004-08-17,63.3,1.0,0.8999999999999986,0.0,0.04898143000000488,0.8999999999999986,0.014423076923076872,Close entry(s) order TEST,BuySignal,
246,LONG,2004-08-18,63.3,1.0,2004-08-19,62.9,1.0,-0.3999999999999986,0.0,0.03469570999999405,-0.3999999999999986,-0.006319115323854652,Close entry(s) order TEST,BuySignal,
247,LONG,2004-08-20,65.1,1.0,2004-08-23,65.5,1.0,0.4000000000000057,0.0,0.0020371399999987716,0.4000000000000057,0.006144393241167556,Close entry(s) order TEST,BuySignal,
248,LONG,2004-08-24,63.5,1.0,2004-08-25,64.0,1.0,0.5,0.0,0.030614290000002597,0.5,0.007874015748031482,Close entry(s) order TEST,BuySignal,
249,LONG,2004-08-26,60.2,1.0,2004-08-27,64.3,1.0,4.099999999999994,0.0,0.004081429999999386,4.099999999999994,0.06810631229235864,Close entry(s) order TEST,BuySignal,
250,LONG,2004-08-30,64.8,1.0,2004-08-31,69.4,1.0,4.6000000000000085,0.0,0.004081429999999386,4.6000000000000085,0.07098765432098775,Close entry(s) order TEST,BuySignal,
251,LONG,2004-09-01,73.1,1.0,2004-09-02,69.4,1.0,-3.6999999999999886,0.0,0.03877570999999591,-3.6999999999999886,-0.05061559507523927,Close entry(s) order TEST,BuySignal,
252,LONG,2004-09-03,67.6,1.0,2004-09-06,68.3,1.0,0.7000000000000028,0.0,0.04898142999999777,0.7000000000000028,0.010355029585798814,Close entry(s) order TEST,BuySignal,
253,LONG,2004-09-07,69.5,1.0,2004-09-08,70.0,1.0,0.5,0.0,0.010204290000004335,0.5,0.007194244604316502,Close entry(s) order TEST,BuySignal,
254,LONG,2004-09-09,77.6,1.0,2004-09-10,78.2,1.0,0.6000000000000085,0.0,0.04898142999999777,0.6000000000000085,0.0077319587628867925,Close entry(s) order TEST,BuySignal,
255,LONG,2004-09-13,80.8,1.0,2004-09-14,78.6,1.0,-2.200000000000003,0.0,0.016322860000002493,-2.200000000000003,-0.027227722772277252,Close entry(s) order TEST,BuySignal,
256,LONG,2004-09-15,77.6,1.0,2004-09-16,77.0,1.0,-0.5999999999999943,0.0,0.04898142999999777,-0.5999999999999943,-0.0077319587628865705,Close entry(s) order TEST,BuySignal,
257,LONG,2004-09-17,78.1,1.0,2004-09-20,85.7,1.0,7.6000000000000085,0.0,0.03877570999999591,7.6000000000000085,0.09731113956466086,Close entry(s) order TEST,BuySignal,
258,LONG,2004-09-21,86.0,1.0,2004-09-22,86.2,1.0,0.20000000000000284,0.0,0.020409999999998263,0.20000000000000284,0.0023255813953488857,Close entry(s) order TEST,BuySignal,
259,LONG,2004-09-23,83.6,1.0,2004-09-24,81.5,1.0,-2.0999999999999943,0.0,0.02857142999999951,-2.0999999999999943,-0.02511961722488032,Close entry(s) order TEST,BuySignal,
260,LONG,2004-09-27,80.4,1.0,2004-09-28,80.5,1.0,0.09999999999999432,0.0,0.008161430000001246,0.09999999999999432,0.0012437810945273853,Close entry(s) order TEST,BuySignal,
261,LONG,2004-09-29,79.1,1.0,2004-09-30,79.4,1.0,0.30000000000001137,0.0,0.018367139999995175,0.30000000000001137,0.0037926675094817064,Close entry(s) order TEST,BuySignal,
262,LONG,2004-10-01,79.8,1.0,2004-10-04,81.6,1.0,1.7999999999999972,0.0,0.004081429999999386,1.7999999999999972,0.022556390977443552,Close entry(s) order TEST,BuySignal,
263,LONG,2004-10-05,82.9,1.0,2004-10-06,85.6,1.0,2.6999999999999886,0.0,0.04285714000000951,2.6999999999999886,0.03256936067551264,Close entry(s) order TEST,BuySignal,
264,LONG,2004-10-07,86.5,1.0,2004-10-08,86.1,1.0,-0.4000000000000057,0.0,0.03060856999999828,-0.4000000000000057,-0.0046242774566475076,Close entry(s) order TEST,BuySignal,
265,LONG,2004-10-11,87.2,1.0,2004-10-12,88.3,1.0,1.0999999999999943,0.0,0.044894290000002,1.0999999999999943,0.01261467889908241,Close entry(s) order TEST,BuySignal,
266,LONG,2004-10-14,84.2,1.0,2004-10-15,83.3,1.0,-0.9000000000000057,0.0,0.016328569999998876,-0.9000000000000057,-0.0106888361045131,Close entry(s) order TEST,BuySignal,
267,LONG,2004-10-18,82.6,1.0,2004-10-19,80.5,1.0,-2.0999999999999943,0.0,0.04898142999999777,-2.0999999999999943,-0.025423728813559254,Close entry(s) order TEST,BuySignal,
268,LONG,2004-10-20,81.0,1.0,2004-10-21,81.4,1.0,0.4000000000000057,0.0,0.020409999999998263,0.4000000000000057,0.004938271604938427,Close entry(s) order TEST,BuySignal,
269,LONG,2004-10-25,88.6,1.0,2004-10-26,83.4,1.0,-5.199999999999989,0.0,0.02857142999999951,-5.199999999999989,-0.05869074492099313,Close entry(s) order TEST,BuySignal,
270,LONG,2004-10-27,84.6,1.0,2004-10-28,84.5,1.0,-0.09999999999999432,0.0,0.008161430000001246,-0.09999999999999432,-0.0011820330969266601,Close entry(s) order TEST,BuySignal,
271,LONG,2004-10-29,82.7,1.0,2004-11-01,79.6,1.0,-3.1000000000000085,0.0,0.046938570000008895,-3.1000000000000085,-0.03748488512696502,Close entry(s) order TEST,BuySignal,
272,LONG,2004-11-02,79.3,1.0,2004-11-03,80.0,1.0,0.7000000000000028,0.0,0.014285709999995788,0.7000000000000028,0.008827238335435084,Close entry(s) order TEST,BuySignal,
273,LONG,2004-11-04,80.4,1.0,2004-11-05,79.8,1.0,-0.6000000000000085,0.0,0.008161430000001246,-0.6000000000000085,-0.007462686567164312,Close entry(s) order TEST,BuySignal,
274,LONG,2004-11-08,79.3,1.0,2004-11-09,78.6,1.0,-0.7000000000000028,0.0,0.014285709999995788,-0.7000000000000028,-0.008827238335435084,Close entry(s) order TEST,BuySignal,
275,LONG,2004-11-10,79.2,1.0,2004-11-11,81.3,1.0,2.0999999999999943,0.0,0.016328569999998876,2.0999999999999943,0.02651515151515138,Close entry(s) order TEST,BuySignal,
276,LONG,2004-11-12,80.4,1.0,2004-11-16,80.6,1.0,0.19999999999998863,0.0,0.008161430000001246,0.19999999999998863,0.0024875621890545485,Close entry(s) order TEST,BuySignal,
277,LONG,2004-11-17,80.4,1.0,2004-11-18,78.6,1.0,-1.8000000000000114,0.0,0.008161430000001246,-1.8000000000000114,-0.022388059701492713,Close entry(s) order TEST,BuySignal,
278,LONG,2004-11-19,81.1,1.0,2004-11-22,73.1,1.0,-8.0,0.0,0.022447140000011245,-8.0,-0.09864364981504314,Close entry(s) order TEST,BuySignal,
279,LONG,2004-11-23,86.2,1.0,2004-11-24,87.2,1.0,1.0,0.0,0.024490000000000123,1.0,0.011600928074245953,Close entry(s) order TEST,BuySignal,
280,LONG,2004-11-25,85.7,1.0,2004-11-29,85.0,1.0,-0.7000000000000028,0.0,0.014285709999995788,-0.7000000000000028,-0.008168028004667427,Close entry(s) order TEST,BuySignal,
281,LONG,2004-11-30,85.2,1.0,2004-12-01,80.7,1.0,-4.5,0.0,0.004081429999999386,-4.5,-0.052816901408450745,Close entry(s) order TEST,BuySignal,
282,LONG,2004-12-02,82.6,1.0,2004-12-03,85.7,1.0,3.1000000000000085,0.0,0.04898142999999777,3.1000000000000085,0.037530266343825724,Close entry(s) order TEST,BuySignal,
283,LONG,2004-12-06,83.5,1.0,2004-12-07,85.2,1.0,1.7000000000000028,0.0,0.030614290000002597,1.7000000000000028,0.020359281437125842,Close entry(s) order TEST,BuySignal,
284,LONG,2004-12-08,82.6,1.0,2004-12-09,83.8,1.0,1.2000000000000028,0.0,0.04898142999999777,1.2000000000000028,0.014527845036319542,Close entry(s) order TEST,BuySignal,
285,LONG,2004-12-10,84.3,1.0,2004-12-13,83.3,1.0,-1.0,0.0,0.014285709999995788,-1.0,-0.011862396204033177,Close entry(s) order TEST,BuySignal,
286,LONG,2004-12-14,84.2,1.0,2004-12-15,87.2,1.0,3.0,0.0,0.016328569999998876,3.0,0.03562945368171011,Close entry(s) order TEST,BuySignal,
287,LONG,2004-12-16,86.8,1.0,2004-12-17,84.9,1.0,-1.8999999999999915,0.0,0.036732860000000755,-1.8999999999999915,-0.02188940092165892,Close entry(s) order TEST,BuySignal,
288,LONG,2004-12-20,85.1,1.0,2004-12-21,84.9,1.0,-0.19999999999998863,0.0,0.0020371399999987716,-0.19999999999998863,-0.00235017626321965,Close entry(s) order TEST,BuySignal,
289,LONG,2004-12-22,84.4,1.0,2004-12-23,84.7,1.0,0.29999999999999716,0.0,0.012248570000011227,0.29999999999999716,0.0035545023696681444,Close entry(s) order TEST,BuySignal,
290,LONG,2004-12-24,86.2,1.0,2004-12-27,84.8,1.0,-1.4000000000000057,0.0,0.024490000000000123,-1.4000000000000057,-0.016241299303944357,Close entry(s) order TEST,BuySignal,
291,LONG,2004-12-28,86.2,1.0,2004-12-29,89.8,1.0,3.5999999999999943,0.0,0.024490000000000123,3.5999999999999943,0.0417633410672853,Close entry(s) order TEST,BuySignal,
292,LONG,2004-12-30,94.0,1.0,2004-12-31,89.6,1.0,-4.400000000000006,0.0,0.020409999999998263,-4.400000000000006,-0.04680851063829794,Close entry(s) order TEST,BuySignal,
293,LONG,2005-01-03,91.4,1.0,2005-01-04,98.0,1.0,6.599999999999994,0.0,0.02857142999999951,6.599999999999994,0.07221006564551424,Close entry(s) order TEST,BuySignal,
294,LONG,2005-01-05,96.9,1.0,2005-01-06,92.3,1.0,-4.6000000000000085,0.0,0.038771429999997054,-4.6000000000000085,-0.047471620227038214,Close entry(s) order TEST,BuySignal,
295,LONG,2005-01-07,88.3,1.0,2005-01-10,91.1,1.0,2.799999999999997,0.0,0.03469570999999405,2.799999999999997,0.03171007927519809,Close entry(s) order TEST,BuySignal,
296,LONG,2005-01-11,90.3,1.0,2005-01-12,87.8,1.0,-2.5,0.0,0.006124290000002475,-2.5,-0.027685492801771905,Close entry(s) order TEST,BuySignal,
297,LONG,2005-01-13,81.6,1.0,2005-01-14,85.9,1.0,4.300000000000011,0.0,0.032652859999998896,4.300000000000011,0.052696078431372584,Close entry(s) order TEST,BuySignal,
298,LONG,2005-01-17,84.6,1.0,2005-01-18,83.5,1.0,-1.0999999999999943,0.0,0.008161430000001246,-1.0999999999999943,-0.013002364066193817,Close entry(s) order TEST,BuySignal,
299,LONG,2005-01-19,83.4,1.0,2005-01-20,87.6,1.0,4.199999999999989,0.0,0.032652859999998896,4.199999999999989,0.050359712230215736,Close entry(s) order TEST,BuySignal,
300,LONG,2005-01-24,84.3,1.0,2005-01-25,83.6,1.0,-0.7000000000000028,0.0,0.014285709999995788,-0.7000000000000028,-0.008303677342823335,Close entry(s) order TEST,BuySignal,
301,LONG,2005-01-27,85.2,1.0,2005-01-28,85.3,1.0,0.09999999999999432,0.0,0.004081429999999386,0.09999999999999432,0.0011737089201877549,Close entry(s) order TEST,BuySignal,
302,LONG,2005-01-31,85.7,1.0,2005-02-01,83.8,1.0,-1.9000000000000057,0.0,0.014285709999995788,-1.9000000000000057,-0.022170361726954524,Close entry(s) order TEST,BuySignal,
303,LONG,2005-02-02,83.3,1.0,2005-02-03,83.9,1.0,0.6000000000000085,0.0,0.03469570999999405,0.6000000000000085,0.007202881152461149,Close entry(s) order TEST,BuySignal,
304,LONG,2005-02-04,85.7,1.0,2005-02-07,84.2,1.0,-1.5,0.0,0.014285709999995788,-1.5,-0.017502917152858788,Close entry(s) order TEST,BuySignal,
305,LONG,2005-02-08,85.3,1.0,2005-02-09,84.5,1.0,-0.7999999999999972,0.0,0.006124290000002475,-0.7999999999999972,-0.009378663540445475,Close entry(s) order TEST,BuySignal,
306,LONG,2005-02-10,86.9,1.0,2005-02-11,91.8,1.0,4.8999999999999915,0.0,0.03877570999999591,4.8999999999999915,0.05638665132336018,Close entry(s) order TEST,BuySignal,
307,LONG,2005-02-14,92.7,1.0,2005-02-15,88.8,1.0,-3.9000000000000057,0.0,0.046942860000001474,-3.9000000000000057,-0.04207119741100329,Close entry(s) order TEST,BuySignal,
308,LONG,2005-02-16,90.2,1.0,2005-02-17,89.1,1.0,-1.1000000000000085,0.0,0.004081429999999386,-1.1000000000000085,-0.012195121951219634,Close entry(s) order TEST,BuySignal,
309,LONG,2005-02-18,88.6,1.0,2005-02-21,88.0,1.0,-0.5999999999999943,0.0,0.02857142999999951,-0.5999999999999943,-0.006772009029345272,Close entry(s) order TEST,BuySignal,
310,LONG,2005-02-22,87.9,1.0,2005-02-23,86.7,1.0,-1.2000000000000028,0.0,0.04285714000000951,-1.2000000000000028,-0.013651877133105783,Close entry(s) order TEST,BuySignal,
311,LONG,2005-02-24,87.6,1.0,2005-02-25,88.4,1.0,0.8000000000000114,0.0,0.04898142999999777,0.8000000000000114,0.009132420091324311,Close entry(s) order TEST,BuySignal,
312,LONG,2005-02-28,86.5,1.0,2005-03-01,85.3,1.0,-1.2000000000000028,0.0,0.03060856999999828,-1.2000000000000028,-0.01387283236994219,Close entry(s) order TEST,BuySignal,
313,LONG,2005-03-02,83.7,1.0,2005-03-03,86.9,1.0,3.200000000000003,0.0,0.026534290000000738,3.200000000000003,0.03823178016726403,Close entry(s) order TEST,BuySignal,
314,LONG,2005-03-04,86.5,1.0,2005-03-07,85.3,1.0,-1.2000000000000028,0.0,0.03060856999999828,-1.2000000000000028,-0.01387283236994219,Close entry(s) order TEST,BuySignal,
315,LONG,2005-03-08,84.8,1.0,2005-03-09,83.7,1.0,-1.0999999999999943,0.0,0.004081429999999386,-1.0999999999999943,-0.01297169811320753,Close entry(s) order TEST,BuySignal,
316,LONG,2005-03-10,82.4,1.0,2005-03-11,85.5,1.0,3.0999999999999943,0.0,0.04898142999999777,3.0999999999999943,0.03762135922330101,Close entry(s) order TEST,BuySignal,
317,LONG,2005-03-14,83.3,1.0,2005-03-15,81.4,1.0,-1.8999999999999915,0.0,0.03469570999999405,-1.8999999999999915,-0.02280912364945964,Close entry(s) order TEST,BuySignal,
318,LONG,2005-03-16,82.0,1.0,2005-03-17,81.7,1.0,-0.29999999999999716,0.0,0.04081429000000014,-0.29999999999999716,-0.003658536585365857,Close entry(s) order TEST,BuySignal,
319,LONG,2005-03-18,79.6,1.0,2005-03-21,79.2,1.0,-0.3999999999999915,0.0,0.008161430000001246,-0.3999999999999915,-0.005025125628140614,Close entry(s) order TEST,BuySignal,
320,LONG,2005-03-22,77.9,1.0,2005-03-23,75.1,1.0,-2.8000000000000114,0.0,0.04285714000000951,-2.8000000000000114,-0.0359435173299103,Close entry(s) order TEST,BuySignal,
321,LONG,2005-03-24,71.6,1.0,2005-03-28,72.4,1.0,0.8000000000000114,0.0,0.032652859999998896,0.8000000000000114,0.011173184357541999,Close entry(s) order TEST,BuySignal,
322,LONG,2005-03-29,72.2,1.0,2005-03-30,65.3,1.0,-6.900000000000006,0.0,0.044894290000002,-6.900000000000006,-0.09556786703601117,Close entry(s) order TEST,BuySignal,
323,LONG,2005-03-31,71.3,1.0,2005-04-01,72.2,1.0,0.9000000000000057,0.0,0.02652856999999642,0.9000000000000057,0.012622720897615736,Close entry(s) order TEST,BuySignal,
324,LONG,2005-04-04,78.4,1.0,2005-04-05,80.3,1.0,1.8999999999999915,0.0,0.032652859999998896,1.8999999999999915,0.02423469387755084,Close entry(s) order TEST,BuySignal,
325,LONG,2005-04-06,84.2,1.0,2005-04-07,79.9,1.0,-4.299999999999997,0.0,0.016328569999998876,-4.299999999999997,-0.051068883610451254,Close entry(s) order TEST,BuySignal,
326,LONG,2005-04-08,78.6,1.0,2005-04-11,76.5,1.0,-2.0999999999999943,0.0,0.02857142999999951,-2.0999999999999943,-0.026717557251908275,Close entry(s) order TEST,BuySignal,
327,LONG,2005-04-12,76.9,1.0,2005-04-13,78.7,1.0,1.7999999999999972,0.0,0.03877570999999591,1.7999999999999972,0.023407022106632036,Close entry(s) order TEST,BuySignal,
328,LONG,2005-04-15,77.6,1.0,2005-04-18,73.7,1.0,-3.8999999999999915,0.0,0.04898142999999777,-3.8999999999999915,-0.05025773195876282,Close entry(s) order TEST,BuySignal,
329,LONG,2005-04-19,77.1,1.0,2005-05-24,62.2,1.0,-14.899999999999991,0.0,0.04285714000000951,-14.899999999999991,-0.19325551232166005,Close entry(s) order TEST,BuySignal,
330,LONG,2005-05-25,59.2,1.0,2005-05-26,57.8,1.0,-1.4000000000000057,0.0,0.04999999999999716,-1.4000000000000057,-0.023648648648648796,Close entry(s) order TEST,BuySignal,
331,LONG,2005-05-27,62.1,1.0,2005-05-30,61.8,1.0,-0.30000000000000426,0.0,2.0000000020559128e-06,-0.30000000000000426,-0.004830917874396157,Close entry(s) order TEST,BuySignal,
332,LONG,2005-05-31,61.6,1.0,2005-06-01,60.5,1.0,-1.1000000000000014,0.0,2.0000000020559128e-06,-1.1000000000000014,-0.017857142857142905,Close entry(s) order TEST,BuySignal,
333,LONG,2005-06-02,62.8,1.0,2005-06-03,63.6,1.0,0.8000000000000043,0.0,9.999999974752427e-07,0.8000000000000043,0.01273885350318471,Close entry(s) order TEST,BuySignal,
334,LONG,2005-06-06,62.9,1.0,2005-06-07,63.6,1.0,0.7000000000000028,0.0,2.0000000020559128e-06,0.7000000000000028,0.011128775834658322,Close entry(s) order TEST,BuySignal,
335,LONG,2005-06-08,63.0,1.0,2005-06-09,65.2,1.0,2.200000000000003,0.0,0.04999899999999968,2.200000000000003,0.03492063492063502,Close entry(s) order TEST,BuySignal,
336,LONG,2005-06-10,69.3,1.0,2005-06-13,66.0,1.0,-3.299999999999997,0.0,0.04999800000000221,-3.299999999999997,-0.04761904761904756,Close entry(s) order TEST,BuySignal,
337,LONG,2005-06-14,68.2,1.0,2005-06-15,69.2,1.0,1.0,0.0,3.000000006636583e-06,1.0,0.014662756598240456,Close entry(s) order TEST,BuySignal,
338,LONG,2005-06-16,69.0,1.0,2005-06-17,70.8,1.0,1.7999999999999972,0.0,0.0,1.7999999999999972,0.02608695652173898,Close entry(s) order TEST,BuySignal,
339,LONG,2005-06-20,71.1,1.0,2005-06-21,69.7,1.0,-1.3999999999999915,0.0,0.04999699999999052,-1.3999999999999915,-0.019690576652601877,Close entry(s) order TEST,BuySignal,
340,LONG,2005-06-22,67.9,1.0,2005-06-23,69.7,1.0,1.7999999999999972,0.0,0.04999699999999052,1.7999999999999972,0.026509572901325384,Close entry(s) order TEST,BuySignal,
341,LONG,2005-06-24,70.0,1.0,2005-06-27,69.3,1.0,-0.7000000000000028,0.0,0.0,-0.7000000000000028,-0.010000000000000009,Close entry(s) order TEST,BuySignal,
342,LONG,2005-06-28,67.1,1.0,2005-06-29,66.0,1.0,-1.0999999999999943,0.0,1.9999999949504854e-06,-1.0999999999999943,-0.016393442622950727,Close entry(s) order TEST,BuySignal,
343,LONG,2005-06-30,66.3,1.0,2005-07-01,67.0,1.0,0.7000000000000028,0.0,3.000000006636583e-06,0.7000000000000028,0.010558069381598756,Close entry(s) order TEST,BuySignal,
344,LONG,2005-07-04,72.5,1.0,2005-07-05,69.7,1.0,-2.799999999999997,0.0,0.0,-2.799999999999997,-0.0386206896551724,Close entry(s) order TEST,BuySignal,
345,LONG,2005-07-06,66.0,1.0,2005-07-07,68.5,1.0,2.5,0.0,0.0,2.5,0.037878787878787845,Close entry(s) order TEST,BuySignal,
346,LONG,2005-07-08,68.9,1.0,2005-07-11,70.0,1.0,1.0999999999999943,0.0,0.04999699999999052,1.0999999999999943,0.015965166908562978,Close entry(s) order TEST,BuySignal,
347,LONG,2005-07-12,70.4,1.0,2005-07-13,74.9,1.0,4.5,0.0,0.04999699999999052,4.5,0.06392045454545459,Close entry(s) order TEST,BuySignal,
348,LONG,2005-07-14,74.6,1.0,2005-07-15,72.0,1.0,-2.5999999999999943,0.0,1.9999999949504854e-06,-2.5999999999999943,-0.03485254691688999,Close entry(s) order TEST,BuySignal,
349,LONG,2005-07-18,72.0,1.0,2005-07-19,72.9,1.0,0.9000000000000057,0.0,0.0,0.9000000000000057,0.012500000000000178,Close entry(s) order TEST,BuySignal,
350,LONG,2005-07-20,72.8,1.0,2005-07-21,72.5,1.0,-0.29999999999999716,0.0,0.04999800000000221,-0.29999999999999716,-0.004120879120879106,Close entry(s) order TEST,BuySignal,
351,LONG,2005-07-22,71.1,1.0,2005-07-25,72.0,1.0,0.9000000000000057,0.0,1.9999999949504854e-06,0.9000000000000057,0.012658227848101333,Close entry(s) order TEST,BuySignal,
352,LONG,2005-07-26,70.7,1.0,2005-07-27,72.9,1.0,2.200000000000003,0.0,0.04999800000000221,2.200000000000003,0.03111739745403108,Close entry(s) order TEST,BuySignal,
353,LONG,2005-07-29,74.9,1.0,2005-08-01,78.5,1.0,3.5999999999999943,0.0,1.9999999949504854e-06,3.5999999999999943,0.04806408544726293,Close entry(s) order TEST,BuySignal,
354,LONG,2005-08-02,83.0,1.0,2005-08-03,81.3,1.0,-1.7000000000000028,0.0,0.0,-1.7000000000000028,-0.02048192771084345,Close entry(s) order TEST,BuySignal,
355,LONG,2005-08-04,84.2,1.0,2005-08-05,84.9,1.0,0.7000000000000028,0.0,3.000000006636583e-06,0.7000000000000028,0.008313539192399189,Close entry(s) order TEST,BuySignal,
356,LONG,2005-08-08,83.0,1.0,2005-08-09,82.0,1.0,-1.0,0.0,0.0,-1.0,-0.012048192771084376,Close entry(s) order TEST,BuySignal,
357,LONG,2005-08-10,83.3,1.0,2005-08-11,82.3,1.0,-1.0,0.0,3.000000006636583e-06,-1.0,-0.01200480192076836,Close entry(s) order TEST,BuySignal,
358,LONG,2005-08-12,82.9,1.0,2005-08-16,84.4,1.0,1.5,0.0,0.04999699999999052,1.5,0.018094089264173663,Close entry(s) order TEST,BuySignal,
359,LONG,2005-08-17,81.4,1.0,2005-08-18,80.2,1.0,-1.2000000000000028,0.0,1.9999999949504854e-06,-1.2000000000000028,-0.014742014742014753,Close entry(s) order TEST,BuySignal,
360,LONG,2005-08-19,80.1,1.0,2005-08-22,81.0,1.0,0.9000000000000057,0.0,1.9999999949504854e-06,0.9000000000000057,0.011235955056179803,Close entry(s) order TEST,BuySignal,
361,LONG,2005-08-23,80.7,1.0,2005-08-24,78.0,1.0,-2.700000000000003,0.0,3.000000006636583e-06,-2.700000000000003,-0.03345724907063197,Close entry(s) order TEST,BuySignal,
362,LONG,2005-08-25,76.5,1.0,2005-08-26,78.4,1.0,1.9000000000000057,0.0,0.0,1.9000000000000057,0.024836601307189676,Close entry(s) order TEST,BuySignal,
363,LONG,2005-08-29,77.5,1.0,2005-08-30,75.1,1.0,-2.4000000000000057,0.0,0.0,-2.4000000000000057,-0.030967741935483906,Close entry(s) order TEST,BuySignal,
364,LONG,2005-08-31,77.1,1.0,2005-09-01,76.7,1.0,-0.3999999999999915,0.0,1.9999999949504854e-06,-0.3999999999999915,-0.005188067444876654,Close entry(s) order TEST,BuySignal,
365,LONG,2005-09-02,81.8,1.0,2005-09-05,81.3,1.0,-0.5,0.0,3.000000006636583e-06,-0.5,-0.006112469437652757,Close entry(s) order TEST,BuySignal,
366,LONG,2005-09-06,80.8,1.0,2005-09-08,80.6,1.0,-0.20000000000000284,0.0,3.000000006636583e-06,-0.20000000000000284,-0.0024752475247524774,Close entry(s) order TEST,BuySignal,
367,LONG,2005-09-09,79.8,1.0,2005-09-12,79.8,1.0,0.0,0.0,3.000000006636583e-06,0.0,0.0,Close entry(s) order TEST,BuySignal,
368,LONG,2005-09-13,80.9,1.0,2005-09-14,81.5,1.0,0.5999999999999943,0.0,1.9999999949504854e-06,0.5999999999999943,0.007416563658837916,Close entry(s) order TEST,BuySignal,
369,LONG,2005-09-15,81.0,1.0,2005-09-16,81.9,1.0,0.9000000000000057,0.0,0.0,0.9000000000000057,0.011111111111111072,Close entry(s) order TEST,BuySignal,
370,LONG,2005-09-19,82.9,1.0,2005-09-20,87.8,1.0,4.8999999999999915,0.0,0.04999699999999052,4.8999999999999915,0.05910735826296731,Close entry(s) order TEST,BuySignal,
371,LONG,2005-09-21,87.0,1.0,2005-09-22,70.2,1.0,-16.799999999999997,0.0,0.0,-16.799999999999997,-0.193103448275862,Close entry(s) order TEST,BuySignal,
372,LONG,2005-09-23,80.1,1.0,2005-09-26,79.9,1.0,-0.19999999999998863,0.0,1.9999999949504854e-06,-0.19999999999998863,-0.0024968789013731785,Close entry(s) order TEST,BuySignal,
373,LONG,2005-09-27,87.0,1.0,2005-09-28,87.1,1.0,0.09999999999999432,0.0,0.0,0.09999999999999432,0.0011494252873562871,Close entry(s) order TEST,BuySignal,
374,LONG,2005-09-29,87.1,1.0,2005-09-30,89.8,1.0,2.700000000000003,0.0,1.9999999949504854e-06,2.700000000000003,0.030998851894374235,Close entry(s) order TEST,BuySignal,
375,LONG,2005-10-03,87.8,1.0,2005-10-04,97.8,1.0,10.0,0.0,3.000000006636583e-06,10.0,0.11389521640091127,Close entry(s) order TEST,BuySignal,
376,LONG,2005-10-05,106.3,1.0,2005-10-06,101.0,1.0,-5.299999999999997,0.0,0.04999800000000221,-5.299999999999997,-0.049858889934148665,Close entry(s) order TEST,BuySignal,
377,LONG,2005-10-07,100.9,1.0,2005-10-10,110.0,1.0,9.099999999999994,0.0,1.9999999949504854e-06,9.099999999999994,0.09018830525272548,Close entry(s) order TEST,BuySignal,
378,LONG,2005-10-11,110.1,1.0,2005-10-13,104.0,1.0,-6.099999999999994,0.0,0.04999699999999052,-6.099999999999994,-0.055404178019981765,Close entry(s) order TEST,BuySignal,
379,LONG,2005-10-14,96.1,1.0,2005-10-17,95.4,1.0,-0.6999999999999886,0.0,1.9999999949504854e-06,-0.6999999999999886,-0.007284079084287076,Close entry(s) order TEST,BuySignal,
380,LONG,2005-10-18,94.5,1.0,2005-10-19,92.5,1.0,-2.0,0.0,0.0,-2.0,-0.021164021164021163,Close entry(s) order TEST,BuySignal,
381,LONG,2005-10-20,91.0,1.0,2005-10-21,90.9,1.0,-0.09999999999999432,0.0,0.0,-0.09999999999999432,-0.001098901098900984,Close entry(s) order TEST,BuySignal,
382,LONG,2005-10-24,92.0,1.0,2005-10-25,92.0,1.0,0.0,0.0,0.0,0.0,0.0,Close entry(s) order TEST,BuySignal,
383,LONG,2005-10-26,95.5,1.0,2005-10-27,94.0,1.0,-1.5,0.0,0.0,-1.5,-0.015706806282722474,Close entry(s) order TEST,BuySignal,
384,LONG,2005-10-28,93.0,1.0,2005-10-31,93.9,1.0,0.9000000000000057,0.0,0.0,0.9000000000000057,0.00967741935483879,Close entry(s) order TEST,BuySignal,
385,LONG,2005-11-02,96.0,1.0,2005-11-07,98.9,1.0,2.9000000000000057,0.0,0.0,2.9000000000000057,0.030208333333333393,Close entry(s) order TEST,BuySignal,
386,LONG,2005-11-08,102.1,1.0,2005-11-09,103.6,1.0,1.5,0.0,0.04999699999999052,1.5,0.014691478942213454,Close entry(s) order TEST,BuySignal,
387,LONG,2005-11-10,103.0,1.0,2005-11-11,99.5,1.0,-3.5,0.0,0.0,-3.5,-0.03398058252427183,Close entry(s) order TEST,BuySignal,
388,LONG,2005-11-14,98.5,1.0,2005-11-16,99.5,1.0,1.0,0.0,0.0,1.0,0.010152284263959421,Close entry(s) order TEST,BuySignal,
389,LONG,2005-11-17,99.3,1.0,2005-11-18,95.6,1.0,-3.700000000000003,0.0,3.000000006636583e-06,-3.700000000000003,-0.0372608257804633,Close entry(s) order TEST,BuySignal,
390,LONG,2005-11-21,95.6,1.0,2005-11-22,94.5,1.0,-1.0999999999999943,0.0,1.9999999949504854e-06,-1.0999999999999943,-0.011506276150627603,Close entry(s) order TEST,BuySignal,
391,LONG,2005-11-23,93.6,1.0,2005-11-24,90.8,1.0,-2.799999999999997,0.0,1.9999999949504854e-06,-2.799999999999997,-0.02991452991452992,Close entry(s) order TEST,BuySignal,
392,LONG,2005-11-25,92.4,1.0,2005-11-28,95.8,1.0,3.3999999999999915,0.0,0.04999699999999052,3.3999999999999915,0.036796536796536605,Close entry(s) order TEST,BuySignal,
393,LONG,2005-11-29,94.4,1.0,2005-11-30,91.2,1.0,-3.200000000000003,0.0,1.9999999949504854e-06,-3.200000000000003,-0.03389830508474578,Close entry(s) order TEST,BuySignal,
394,LONG,2005-12-01,90.5,1.0,2005-12-02,89.9,1.0,-0.5999999999999943,0.0,0.0,-0.5999999999999943,-0.006629834254143541,Close entry(s) order TEST,BuySignal,
395,LONG,2005-12-05,83.0,1.0,2005-12-06,85.0,1.0,2.0,0.0,0.0,2.0,0.024096385542168752,Close entry(s) order TEST,BuySignal,
396,LONG,2005-12-07,86.5,1.0,2005-12-08,86.9,1.0,0.4000000000000057,0.0,0.0,0.4000000000000057,0.0046242774566473965,Close entry(s) order TEST,BuySignal,
397,LONG,2005-12-09,86.0,1.0,2005-12-12,94.8,1.0,8.799999999999997,0.0,0.0,8.799999999999997,0.10232558139534875,Close entry(s) order TEST,BuySignal,
398,LONG,2005-12-13,93.5,1.0,2005-12-14,91.8,1.0,-1.7000000000000028,0.0,0.0,-1.7000000000000028,-0.018181818181818188,Close entry(s) order TEST,BuySignal,
399,LONG,2005-12-15,91.0,1.0,2005-12-16,91.0,1.0,0.0,0.0,0.0,0.0,0.0,Close entry(s) order TEST,BuySignal,
400,LONG,2005-12-19,90.3,1.0,2005-12-20,88.6,1.0,-1.7000000000000028,0.0,3.000000006636583e-06,-1.7000000000000028,-0.018826135105204922,Close entry(s) order TEST,BuySignal,
401,LONG,2005-12-21,87.4,1.0,2005-12-22,90.6,1.0,3.1999999999999886,0.0,1.9999999949504854e-06,3.1999999999999886,0.0366132723112127,Close entry(s) order TEST,BuySignal,
402,LONG,2005-12-23,88.7,1.0,2005-12-26,87.0,1.0,-1.7000000000000028,0.0,3.000000006636583e-06,-1.7000000000000028,-0.01916572717023679,Close entry(s) order TEST,BuySignal,
403,LONG,2005-12-27,88.5,1.0,2005-12-28,88.3,1.0,-0.20000000000000284,0.0,0.0,-0.20000000000000284,-0.002259887005649719,Close entry(s) order TEST,BuySignal,
404,LONG,2005-12-29,87.0,1.0,2005-12-30,86.0,1.0,-1.0,0.0,0.0,-1.0,-0.011494252873563204,Close entry(s) order TEST,BuySignal,
405,LONG,2006-01-02,87.5,1.0,2006-01-03,87.0,1.0,-0.5,0.0,0.0,-0.5,-0.005714285714285672,Close entry(s) order TEST,BuySignal,
406,LONG,2006-01-04,86.3,1.0,2006-01-05,85.9,1.0,-0.3999999999999915,0.0,3.000000006636583e-06,-0.3999999999999915,-0.004634994206257126,Close entry(s) order TEST,BuySignal,
407,LONG,2006-01-06,86.4,1.0,2006-01-09,91.2,1.0,4.799999999999997,0.0,1.9999999949504854e-06,4.799999999999997,0.05555555555555558,Close entry(s) order TEST,BuySignal,
408,LONG,2006-01-10,98.9,1.0,2006-01-12,97.0,1.0,-1.9000000000000057,0.0,0.04999699999999052,-1.9000000000000057,-0.01921132457027308,Close entry(s) order TEST,BuySignal,
409,LONG,2006-01-13,97.9,1.0,2006-01-16,97.8,1.0,-0.10000000000000853,0.0,0.04999699999999052,-0.10000000000000853,-0.0010214504596527396,Close entry(s) order TEST,BuySignal,
410,LONG,2006-01-17,102.0,1.0,2006-01-18,97.0,1.0,-5.0,0.0,0.0,-5.0,-0.0490196078431373,Close entry(s) order TEST,BuySignal,
411,LONG,2006-01-19,97.9,1.0,2006-01-20,101.3,1.0,3.3999999999999915,0.0,1.9999999949504854e-06,3.3999999999999915,0.03472931562819204,Close entry(s) order TEST,BuySignal,
412,LONG,2006-01-23,99.2,1.0,2006-01-24,98.2,1.0,-1.0,0.0,0.04999999999999716,-1.0,-0.01008064516129037,Close entry(s) order TEST,BuySignal,
413,LONG,2006-01-25,97.9,1.0,2006-01-27,97.9,1.0,0.0,0.0,1.9999999949504854e-06,0.0,0.0,Close entry(s) order TEST,BuySignal,
414,LONG,2006-01-30,98.0,1.0,2006-01-31,96.1,1.0,-1.9000000000000057,0.0,0.0,-1.9000000000000057,-0.019387755102040827,Close entry(s) order TEST,BuySignal,
415,LONG,2006-02-01,96.6,1.0,2006-02-02,92.8,1.0,-3.799999999999997,0.0,1.9999999949504854e-06,-3.799999999999997,-0.039337474120082816,Close entry(s) order TEST,BuySignal,
416,LONG,2006-02-03,92.5,1.0,2006-02-06,92.6,1.0,0.09999999999999432,0.0,0.0,0.09999999999999432,0.00108108108108107,Close entry(s) order TEST,BuySignal,
417,LONG,2006-02-07,93.0,1.0,2006-02-08,91.2,1.0,-1.7999999999999972,0.0,0.0,-1.7999999999999972,-0.019354838709677358,Close entry(s) order TEST,BuySignal,
418,LONG,2006-02-10,90.2,1.0,2006-02-13,89.0,1.0,-1.2000000000000028,0.0,0.04999999999999716,-1.2000000000000028,-0.013303769401330379,Close entry(s) order TEST,BuySignal,
419,LONG,2006-02-14,89.0,1.0,2006-02-15,89.5,1.0,0.5,0.0,0.0,0.5,0.00561797752808979,Close entry(s) order TEST,BuySignal,
420,LONG,2006-02-16,91.0,1.0,2006-02-17,90.0,1.0,-1.0,0.0,0.0,-1.0,-0.01098901098901095,Close entry(s) order TEST,BuySignal,
421,LONG,2006-02-20,88.2,1.0,2006-02-21,87.5,1.0,-0.7000000000000028,0.0,0.04999800000000221,-0.7000000000000028,-0.00793650793650802,Close entry(s) order TEST,BuySignal,
422,LONG,2006-02-22,89.2,1.0,2006-02-23,89.0,1.0,-0.20000000000000284,0.0,3.000000006636583e-06,-0.20000000000000284,-0.0022421524663677195,Close entry(s) order TEST,BuySignal,
423,LONG,2006-02-24,91.5,1.0,2006-02-27,90.0,1.0,-1.5,0.0,0.0,-1.5,-0.016393442622950838,Close entry(s) order TEST,BuySignal,
424,LONG,2006-02-28,99.6,1.0,2006-03-01,92.0,1.0,-7.599999999999994,0.0,1.9999999949504854e-06,-7.599999999999994,-0.07630522088353409,Close entry(s) order TEST,BuySignal,
425,LONG,2006-03-02,90.0,1.0,2006-03-03,89.5,1.0,-0.5,0.0,0.0,-0.5,-0.005555555555555536,Close entry(s) order TEST,BuySignal,
426,LONG,2006-03-06,94.4,1.0,2006-03-07,91.8,1.0,-2.6000000000000085,0.0,1.9999999949504854e-06,-2.6000000000000085,-0.02754237288135597,Close entry(s) order TEST,BuySignal,
427,LONG,2006-03-08,90.0,1.0,2006-03-09,89.8,1.0,-0.20000000000000284,0.0,0.0,-0.20000000000000284,-0.0022222222222222365,Close entry(s) order TEST,BuySignal,
428,LONG,2006-03-10,91.0,1.0,2006-03-13,91.0,1.0,0.0,0.0,0.0,0.0,0.0,Close entry(s) order TEST,BuySignal,
429,LONG,2006-03-14,89.7,1.0,2006-03-16,90.5,1.0,0.7999999999999972,0.0,0.04999800000000221,0.7999999999999972,0.008918617614269708,Close entry(s) order TEST,BuySignal,
430,LONG,2006-03-17,88.3,1.0,2006-03-20,88.3,1.0,0.0,0.0,0.04999800000000221,0.0,0.0,Close entry(s) order TEST,BuySignal,
431,LONG,2006-03-21,90.0,1.0,2006-03-22,86.7,1.0,-3.299999999999997,0.0,0.0,-3.299999999999997,-0.036666666666666625,Close entry(s) order TEST,BuySignal,
432,LONG,2006-03-23,86.4,1.0,2006-03-24,86.0,1.0,-0.4000000000000057,0.0,1.9999999949504854e-06,-0.4000000000000057,-0.00462962962962965,Close entry(s) order TEST,BuySignal,
433,LONG,2006-03-27,84.9,1.0,2006-03-28,84.8,1.0,-0.10000000000000853,0.0,1.9999999949504854e-06,-0.10000000000000853,-0.0011778563015313326,Close entry(s) order TEST,BuySignal,
434,LONG,2006-03-29,84.4,1.0,2006-03-30,85.6,1.0,1.1999999999999886,0.0,1.9999999949504854e-06,1.1999999999999886,0.0142180094786728,Close entry(s) order TEST,BuySignal,
435,LONG,2006-03-31,86.4,1.0,2006-04-03,78.9,1.0,-7.5,0.0,1.9999999949504854e-06,-7.5,-0.08680555555555558,Close entry(s) order TEST,BuySignal,
436,LONG,2006-04-04,88.9,1.0,2006-04-05,85.7,1.0,-3.200000000000003,0.0,0.04999699999999052,-3.200000000000003,-0.03599550056242973,Close entry(s) order TEST,BuySignal,
437,LONG,2006-04-07,85.1,1.0,2006-04-10,84.0,1.0,-1.0999999999999943,0.0,1.9999999949504854e-06,-1.0999999999999943,-0.012925969447708519,Close entry(s) order TEST,BuySignal,
438,LONG,2006-04-12,82.5,1.0,2006-04-13,82.5,1.0,0.0,0.0,0.0,0.0,0.0,Close entry(s) order TEST,BuySignal,
439,LONG,2006-04-17,81.5,1.0,2006-04-18,88.6,1.0,7.099999999999994,0.0,0.0,7.099999999999994,0.08711656441717786,Close entry(s) order TEST,BuySignal,
440,LONG,2006-04-19,73.0,1.0,2006-04-20,76.8,1.0,3.799999999999997,0.0,0.0,3.799999999999997,0.05205479452054784,Close entry(s) order TEST,BuySignal,
441,LONG,2006-04-21,79.0,1.0,2006-04-24,76.1,1.0,-2.9000000000000057,0.0,0.0,-2.9000000000000057,-0.036708860759493755,Close entry(s) order TEST,BuySignal,
442,LONG,2006-04-25,77.0,1.0,2006-04-26,75.5,1.0,-1.5,0.0,0.0,-1.5,-0.01948051948051943,Close entry(s) order TEST,BuySignal,
443,LONG,2006-04-27,76.2,1.0,2006-04-28,72.0,1.0,-4.200000000000003,0.0,0.04999999999999716,-4.200000000000003,-0.055118110236220486,Close entry(s) order TEST,BuySignal,
444,LONG,2006-05-02,78.8,1.0,2006-05-03,77.0,1.0,-1.7999999999999972,0.0,3.000000006636583e-06,-1.7999999999999972,-0.022842639593908642,Close entry(s) order TEST,BuySignal,
445,LONG,2006-05-04,77.8,1.0,2006-05-05,78.2,1.0,0.4000000000000057,0.0,3.000000006636583e-06,0.4000000000000057,0.005141388174807249,Close entry(s) order TEST,BuySignal,
446,LONG,2006-05-08,76.3,1.0,2006-05-09,78.4,1.0,2.1000000000000085,0.0,0.04999800000000221,2.1000000000000085,0.02752293577981657,Close entry(s) order TEST,BuySignal,
447,LONG,2006-05-10,78.0,1.0,2006-05-11,90.0,1.0,12.0,0.0,0.0,12.0,0.15384615384615374,Close entry(s) order TEST,BuySignal,
448,LONG,2006-05-12,82.2,1.0,2006-05-15,83.2,1.0,1.0,0.0,3.000000006636583e-06,1.0,0.012165450121654597,Close entry(s) order TEST,BuySignal,
449,LONG,2006-05-16,78.4,1.0,2006-05-17,77.0,1.0,-1.4000000000000057,0.0,0.04999699999999052,-1.4000000000000057,-0.017857142857142905,Close entry(s) order TEST,BuySignal,
450,LONG,2006-05-18,79.0,1.0,2006-05-19,78.2,1.0,-0.7999999999999972,0.0,0.0,-0.7999999999999972,-0.010126582278480956,Close entry(s) order TEST,BuySignal,
451,LONG,2006-05-22,74.9,1.0,2006-05-23,72.2,1.0,-2.700000000000003,0.0,1.9999999949504854e-06,-2.700000000000003,-0.03604806408544725,Close entry(s) order TEST,BuySignal,
452,LONG,2006-05-24,74.0,1.0,2006-05-25,73.0,1.0,-1.0,0.0,0.0,-1.0,-0.013513513513513487,Close entry(s) order TEST,BuySignal,
453,LONG,2006-05-26,72.1,1.0,2006-05-29,71.5,1.0,-0.5999999999999943,0.0,1.9999999949504854e-06,-0.5999999999999943,-0.00832177531206646,Close entry(s) order TEST,BuySignal,
454,LONG,2006-05-30,71.7,1.0,2006-05-31,71.5,1.0,-0.20000000000000284,0.0,3.000000006636583e-06,-0.20000000000000284,-0.002789400278940035,Close entry(s) order TEST,BuySignal,
455,LONG,2006-06-01,71.5,1.0,2006-06-02,67.5,1.0,-4.0,0.0,0.0,-4.0,-0.05594405594405594,Close entry(s) order TEST,BuySignal,
456,LONG,2006-06-05,66.0,1.0,2006-06-06,66.0,1.0,0.0,0.0,0.0,0.0,0.0,Close entry(s) order TEST,BuySignal,
457,LONG,2006-06-07,63.0,1.0,2006-06-08,57.2,1.0,-5.799999999999997,0.0,0.04999899999999968,-5.799999999999997,-0.09206349206349207,Close entry(s) order TEST,BuySignal,
458,LONG,2006-06-09,50.1,1.0,2006-06-12,59.8,1.0,9.699999999999996,0.0,2.0000000020559128e-06,9.699999999999996,0.1936127744510978,Close entry(s) order TEST,BuySignal,
459,LONG,2006-06-13,58.0,1.0,2006-06-14,59.5,1.0,1.5,0.0,0.0,1.5,0.02586206896551735,Close entry(s) order TEST,BuySignal,
460,LONG,2006-06-15,61.9,1.0,2006-06-16,64.0,1.0,2.1000000000000014,0.0,2.0000000020559128e-06,2.1000000000000014,0.03392568659127626,Close entry(s) order TEST,BuySignal,
461,LONG,2006-06-19,69.2,1.0,2006-06-20,70.0,1.0,0.7999999999999972,0.0,0.04999999999999716,0.7999999999999972,0.01156069364161838,Close entry(s) order TEST,BuySignal,
462,LONG,2006-06-21,70.9,1.0,2006-06-22,73.0,1.0,2.0999999999999943,0.0,0.04999699999999052,2.0999999999999943,0.02961918194640334,Close entry(s) order TEST,BuySignal,
463,LONG,2006-06-23,71.1,1.0,2006-06-26,74.3,1.0,3.200000000000003,0.0,1.9999999949504854e-06,3.200000000000003,0.04500703234880454,Close entry(s) order TEST,BuySignal,
464,LONG,2006-06-27,69.0,1.0,2006-06-28,65.0,1.0,-4.0,0.0,0.0,-4.0,-0.05797101449275366,Close entry(s) order TEST,BuySignal,
465,LONG,2006-06-29,67.0,1.0,2006-06-30,69.6,1.0,2.5999999999999943,0.0,0.0,2.5999999999999943,0.03880597014925358,Close entry(s) order TEST,BuySignal,
466,LONG,2006-07-03,68.8,1.0,2006-07-04,69.7,1.0,0.9000000000000057,0.0,0.04999800000000221,0.9000000000000057,0.013081395348837344,Close entry(s) order TEST,BuySignal,
467,LONG,2006-07-05,66.0,1.0,2006-07-06,66.5,1.0,0.5,0.0,0.0,0.5,0.007575757575757569,Close entry(s) order TEST,BuySignal,
468,LONG,2006-07-07,65.8,1.0,2006-07-10,63.0,1.0,-2.799999999999997,0.0,0.04999800000000221,-2.799999999999997,-0.04255319148936165,Close entry(s) order TEST,BuySignal,
469,LONG,2006-07-11,62.0,1.0,2006-07-12,59.1,1.0,-2.8999999999999986,0.0,0.0,-2.8999999999999986,-0.04677419354838708,Close entry(s) order TEST,BuySignal,
470,LONG,2006-07-13,60.4,1.0,2006-07-14,59.3,1.0,-1.1000000000000014,0.0,2.0000000020559128e-06,-1.1000000000000014,-0.018211920529801362,Close entry(s) order TEST,BuySignal,
471,LONG,2006-07-17,60.7,1.0,2006-07-18,60.4,1.0,-0.30000000000000426,0.0,9.999999974752427e-07,-0.30000000000000426,-0.0049423393739703725,Close entry(s) order TEST,BuySignal,
472,LONG,2006-07-19,57.8,1.0,2006-07-20,55.0,1.0,-2.799999999999997,0.0,9.999999974752427e-07,-2.799999999999997,-0.04844290657439443,Close entry(s) order TEST,BuySignal,
473,LONG,2006-07-21,53.1,1.0,2006-07-24,50.8,1.0,-2.3000000000000043,0.0,2.0000000020559128e-06,-2.3000000000000043,-0.043314500941619705,Close entry(s) order TEST,BuySignal,
474,LONG,2006-07-25,49.7,1.0,2006-07-26,50.0,1.0,0.29999999999999716,0.0,0.04999800000000221,0.29999999999999716,0.006036217303822866,Close entry(s) order TEST,BuySignal,
475,LONG,2006-07-27,53.0,1.0,2006-07-28,53.0,1.0,0.0,0.0,0.04999899999999968,0.0,0.0,Close entry(s) order TEST,BuySignal,
476,LONG,2006-07-31,61.5,1.0,2006-08-01,67.0,1.0,5.5,0.0,0.0,5.5,0.08943089430894302,Close entry(s) order TEST,BuySignal,
477,LONG,2006-08-02,64.2,1.0,2006-08-03,65.0,1.0,0.7999999999999972,0.0,0.04999999999999716,0.7999999999999972,0.012461059190031154,Close entry(s) order TEST,BuySignal,
478,LONG,2006-08-04,64.8,1.0,2006-08-07,63.2,1.0,-1.5999999999999943,0.0,3.000000006636583e-06,-1.5999999999999943,-0.024691358024691246,Close entry(s) order TEST,BuySignal,
479,LONG,2006-08-08,61.5,1.0,2006-08-09,62.0,1.0,0.5,0.0,0.0,0.5,0.008130081300812941,Close entry(s) order TEST,BuySignal,
480,LONG,2006-08-10,63.0,1.0,2006-08-11,64.2,1.0,1.2000000000000028,0.0,0.0,1.2000000000000028,0.019047619047619202,Close entry(s) order TEST,BuySignal,
481,LONG,2006-08-14,65.5,1.0,2006-08-16,70.0,1.0,4.5,0.0,0.0,4.5,0.06870229007633588,Close entry(s) order TEST,BuySignal,
482,LONG,2006-08-17,70.0,1.0,2006-08-18,68.5,1.0,-1.5,0.0,0.0,-1.5,-0.021428571428571463,Close entry(s) order TEST,BuySignal,
483,LONG,2006-08-21,70.1,1.0,2006-08-22,69.1,1.0,-1.0,0.0,0.04999699999999052,-1.0,-0.014265335235377985,Close entry(s) order TEST,BuySignal,
484,LONG,2006-08-23,71.1,1.0,2006-08-24,75.0,1.0,3.9000000000000057,0.0,0.04999699999999052,3.9000000000000057,0.05485232067510548,Close entry(s) order TEST,BuySignal,
485,LONG,2006-08-25,77.0,1.0,2006-08-28,75.6,1.0,-1.4000000000000057,0.0,0.0,-1.4000000000000057,-0.0181818181818183,Close entry(s) order TEST,BuySignal,
486,LONG,2006-08-29,75.0,1.0,2006-08-30,77.5,1.0,2.5,0.0,0.0,2.5,0.03333333333333344,Close entry(s) order TEST,BuySignal,
487,LONG,2006-08-31,75.0,1.0,2006-09-01,74.0,1.0,-1.0,0.0,0.0,-1.0,-0.013333333333333308,Close entry(s) order TEST,BuySignal,
488,LONG,2006-09-04,72.1,1.0,2006-09-05,77.1,1.0,5.0,0.0,1.9999999949504854e-06,5.0,0.06934812760055475,Close entry(s) order TEST,BuySignal,
489,LONG,2006-09-06,79.3,1.0,2006-09-07,75.2,1.0,-4.099999999999994,0.0,3.000000006636583e-06,-4.099999999999994,-0.05170239596469095,Close entry(s) order TEST,BuySignal,
490,LONG,2006-09-08,76.6,1.0,2006-09-11,78.9,1.0,2.3000000000000114,0.0,0.04999699999999052,2.3000000000000114,0.030026109660574507,Close entry(s) order TEST,BuySignal,
491,LONG,2006-09-12,75.0,1.0,2006-09-13,78.5,1.0,3.5,0.0,0.0,3.5,0.046666666666666634,Close entry(s) order TEST,BuySignal,
492,LONG,2006-09-14,78.4,1.0,2006-09-15,76.5,1.0,-1.9000000000000057,0.0,1.9999999949504854e-06,-1.9000000000000057,-0.02423469387755106,Close entry(s) order TEST,BuySignal,
493,LONG,2006-09-18,76.0,1.0,2006-09-19,77.9,1.0,1.9000000000000057,0.0,0.0,1.9000000000000057,0.025000000000000133,Close entry(s) order TEST,BuySignal,
494,LONG,2006-09-20,77.9,1.0,2006-09-21,76.0,1.0,-1.9000000000000057,0.0,1.9999999949504854e-06,-1.9000000000000057,-0.024390243902439046,Close entry(s) order TEST,BuySignal,
495,LONG,2006-09-22,75.2,1.0,2006-09-25,76.5,1.0,1.2999999999999972,0.0,0.04999999999999716,1.2999999999999972,0.017287234042553168,Close entry(s) order TEST,BuySignal,
496,LONG,2006-09-26,76.1,1.0,2006-09-27,74.8,1.0,-1.2999999999999972,0.0,1.9999999949504854e-06,-1.2999999999999972,-0.01708278580814715,Close entry(s) order TEST,BuySignal,
497,LONG,2006-09-28,73.9,1.0,2006-09-29,72.5,1.0,-1.4000000000000057,0.0,1.9999999949504854e-06,-1.4000000000000057,-0.018944519621109657,Close entry(s) order TEST,BuySignal,
498,LONG,2006-10-03,73.0,1.0,2006-10-04,75.1,1.0,2.0999999999999943,0.0,0.0,2.0999999999999943,0.02876712328767117,Close entry(s) order TEST,BuySignal,
499,LONG,2006-10-05,74.0,1.0,2006-10-06,73.0,1.0,-1.0,0.0,0.0,-1.0,-0.013513513513513487,Close entry(s) order TEST,BuySignal,
500,LONG,2006-10-09,72.5,1.0,2006-10-10,75.8,1.0,3.299999999999997,0.0,0.0,3.299999999999997,0.04551724137931035,Close entry(s) order TEST,BuySignal,
501,LONG,2006-10-11,75.5,1.0,2006-10-12,76.9,1.0,1.4000000000000057,0.0,0.0,1.4000000000000057,0.018543046357615944,Close entry(s) order TEST,BuySignal,
502,LONG,2006-10-13,78.1,1.0,2006-10-16,78.5,1.0,0.4000000000000057,0.0,1.9999999949504854e-06,0.4000000000000057,0.00512163892445594,Close entry(s) order TEST,BuySignal,
503,LONG,2006-10-17,77.5,1.0,2006-10-18,75.2,1.0,-2.299999999999997,0.0,0.0,-2.299999999999997,-0.029677419354838697,Close entry(s) order TEST,BuySignal,
504,LONG,2006-10-19,75.9,1.0,2006-10-20,74.5,1.0,-1.4000000000000057,0.0,1.9999999949504854e-06,-1.4000000000000057,-0.01844532279314892,Close entry(s) order TEST,BuySignal,
505,LONG,2006-10-23,73.9,1.0,2006-10-26,72.8,1.0,-1.1000000000000085,0.0,0.04999699999999052,-1.1000000000000085,-0.014884979702300516,Close entry(s) order TEST,BuySignal,
506,LONG,2006-10-27,72.5,1.0,2006-10-30,71.6,1.0,-0.9000000000000057,0.0,0.0,-0.9000000000000057,-0.012413793103448367,Close entry(s) order TEST,BuySignal,
507,LONG,2006-10-31,71.1,1.0,2006-11-01,70.9,1.0,-0.19999999999998863,0.0,1.9999999949504854e-06,-0.19999999999998863,-0.002812939521800173,Close entry(s) order TEST,BuySignal,
508,LONG,2006-11-02,71.0,1.0,2006-11-03,72.2,1.0,1.2000000000000028,0.0,0.0,1.2000000000000028,0.016901408450704203,Close entry(s) order TEST,BuySignal,
509,LONG,2006-11-06,71.5,1.0,2006-11-07,75.5,1.0,4.0,0.0,0.0,4.0,0.05594405594405605,Close entry(s) order TEST,BuySignal,
510,LONG,2006-11-08,76.4,1.0,2006-11-09,76.1,1.0,-0.30000000000001137,0.0,0.04999699999999052,-0.30000000000001137,-0.003926701570680757,Close entry(s) order TEST,BuySignal,
511,LONG,2006-11-10,81.8,1.0,2006-11-13,81.7,1.0,-0.09999999999999432,0.0,0.04999800000000221,-0.09999999999999432,-0.0012224938875304847,Close entry(s) order TEST,BuySignal,
512,LONG,2006-11-14,82.6,1.0,2006-11-15,83.6,1.0,1.0,0.0,1.9999999949504854e-06,1.0,0.012106537530266248,Close entry(s) order TEST,BuySignal,
513,LONG,2006-11-16,81.5,1.0,2006-11-17,79.5,1.0,-2.0,0.0,0.0,-2.0,-0.024539877300613466,Close entry(s) order TEST,BuySignal,
514,LONG,2006-11-20,77.5,1.0,2006-11-21,78.0,1.0,0.5,0.0,0.0,0.5,0.006451612903225712,Close entry(s) order TEST,BuySignal,
515,LONG,2006-11-22,78.7,1.0,2006-11-23,79.1,1.0,0.3999999999999915,0.0,0.04999800000000221,0.3999999999999915,0.0050825921219821435,Close entry(s) order TEST,BuySignal,
516,LONG,2006-11-24,83.9,1.0,2006-11-27,86.4,1.0,2.5,0.0,1.9999999949504854e-06,2.5,0.029797377830750982,Close entry(s) order TEST,BuySignal,
517,LONG,2006-11-28,83.5,1.0,2006-11-29,84.9,1.0,1.4000000000000057,0.0,0.0,1.4000000000000057,0.016766467065868262,Close entry(s) order TEST,BuySignal,
518,LONG,2006-11-30,87.0,1.0,2006-12-01,86.5,1.0,-0.5,0.0,0.0,-0.5,-0.005747126436781658,Close entry(s) order TEST,BuySignal,
519,LONG,2006-12-04,89.7,1.0,2006-12-05,92.0,1.0,2.299999999999997,0.0,3.000000006636583e-06,2.299999999999997,0.02564102564102555,Close entry(s) order TEST,BuySignal,
520,LONG,2006-12-06,91.6,1.0,2006-12-07,88.6,1.0,-3.0,0.0,1.9999999949504854e-06,-3.0,-0.03275109170305679,Close entry(s) order TEST,BuySignal,
521,LONG,2006-12-08,89.8,1.0,2006-12-11,85.0,1.0,-4.799999999999997,0.0,3.000000006636583e-06,-4.799999999999997,-0.05345211581291753,Close entry(s) order TEST,BuySignal,
522,LONG,2006-12-12,85.3,1.0,2006-12-13,82.4,1.0,-2.8999999999999915,0.0,0.04999800000000221,-2.8999999999999915,-0.03399765533411481,Close entry(s) order TEST,BuySignal,
523,LONG,2006-12-14,90.4,1.0,2006-12-15,90.6,1.0,0.19999999999998863,0.0,0.04999699999999052,0.19999999999998863,0.0022123893805308104,Close entry(s) order TEST,BuySignal,
524,LONG,2006-12-18,91.4,1.0,2006-12-19,89.9,1.0,-1.5,0.0,1.9999999949504854e-06,-1.5,-0.01641137855579866,Close entry(s) order TEST,BuySignal,
525,LONG,2006-12-20,88.3,1.0,2006-12-21,86.2,1.0,-2.0999999999999943,0.0,0.04999800000000221,-2.0999999999999943,-0.023782559456398622,Close entry(s) order TEST,BuySignal,
526,LONG,2006-12-22,86.7,1.0,2006-12-26,85.3,1.0,-1.4000000000000057,0.0,3.000000006636583e-06,-1.4000000000000057,-0.016147635524798254,Close entry(s) order TEST,BuySignal,
527,LONG,2006-12-27,86.8,1.0,2006-12-28,88.9,1.0,2.1000000000000085,0.0,0.04999800000000221,2.1000000000000085,0.024193548387096975,Close entry(s) order TEST,BuySignal,
528,LONG,2006-12-29,89.0,1.0,2007-01-02,92.9,1.0,3.9000000000000057,0.0,0.0,3.9000000000000057,0.0438202247191013,Close entry(s) order TEST,BuySignal,
529,LONG,2007-01-03,95.2,1.0,2007-01-04,101.0,1.0,5.799999999999997,0.0,0.04999999999999716,5.799999999999997,0.060924369747899165,Close entry(s) order TEST,BuySignal,
530,LONG,2007-01-05,101.0,1.0,2007-01-08,107.3,1.0,6.299999999999997,0.0,0.0,6.299999999999997,0.06237623762376243,Close entry(s) order TEST,BuySignal,
531,LONG,2007-01-09,107.0,1.0,2007-01-10,101.0,1.0,-6.0,0.0,0.0,-6.0,-0.05607476635514019,Close entry(s) order TEST,BuySignal,
532,LONG,2007-01-11,103.9,1.0,2007-01-12,106.0,1.0,2.0999999999999943,0.0,0.04999699999999052,2.0999999999999943,0.0202117420596728,Close entry(s) order TEST,BuySignal,
533,LONG,2007-01-15,106.5,1.0,2007-01-16,105.2,1.0,-1.2999999999999972,0.0,0.0,-1.2999999999999972,-0.012206572769953072,Close entry(s) order TEST,BuySignal,
534,LONG,2007-01-17,106.5,1.0,2007-01-18,105.0,1.0,-1.5,0.0,0.0,-1.5,-0.014084507042253502,Close entry(s) order TEST,BuySignal,
535,LONG,2007-01-19,113.2,1.0,2007-01-22,110.9,1.0,-2.299999999999997,0.0,3.000000006636583e-06,-2.299999999999997,-0.02031802120141335,Close entry(s) order TEST,BuySignal,
536,LONG,2007-01-23,111.0,1.0,2007-01-24,111.0,1.0,0.0,0.0,0.0,0.0,0.0,Close entry(s) order TEST,BuySignal,
537,LONG,2007-01-25,116.0,1.0,2007-01-29,115.3,1.0,-0.7000000000000028,0.0,0.0,-0.7000000000000028,-0.0060344827586207295,Close entry(s) order TEST,BuySignal,
538,LONG,2007-01-31,117.0,1.0,2007-02-01,118.2,1.0,1.2000000000000028,0.0,0.0,1.2000000000000028,0.01025641025641022,Close entry(s) order TEST,BuySignal,
539,LONG,2007-02-02,118.5,1.0,2007-02-05,123.8,1.0,5.299999999999997,0.0,0.0,5.299999999999997,0.044725738396624415,Close entry(s) order TEST,BuySignal,
540,LONG,2007-02-06,123.0,1.0,2007-02-07,124.9,1.0,1.9000000000000057,0.0,0.0,1.9000000000000057,0.015447154471544655,Close entry(s) order TEST,BuySignal,
541,LONG,2007-02-08,122.0,1.0,2007-02-09,120.9,1.0,-1.0999999999999943,0.0,0.0,-1.0999999999999943,-0.00901639344262295,Close entry(s) order TEST,BuySignal,
542,LONG,2007-02-12,122.2,1.0,2007-02-13,113.4,1.0,-8.799999999999997,0.0,0.04999999999999716,-8.799999999999997,-0.07201309328968897,Close entry(s) order TEST,BuySignal,
543,LONG,2007-02-14,112.0,1.0,2007-02-15,113.9,1.0,1.9000000000000057,0.0,0.0,1.9000000000000057,0.016964285714285765,Close entry(s) order TEST,BuySignal,
544,LONG,2007-02-19,117.5,1.0,2007-02-20,108.0,1.0,-9.5,0.0,0.0,-9.5,-0.08085106382978724,Close entry(s) order TEST,BuySignal,
545,LONG,2007-02-21,115.2,1.0,2007-02-22,109.8,1.0,-5.400000000000006,0.0,0.04999999999999716,-5.400000000000006,-0.046875,Close entry(s) order TEST,BuySignal,
546,LONG,2007-02-23,111.5,1.0,2007-02-26,109.0,1.0,-2.5,0.0,0.0,-2.5,-0.022421524663677084,Close entry(s) order TEST,BuySignal,
547,LONG,2007-02-27,112.5,1.0,2007-02-28,105.0,1.0,-7.5,0.0,0.0,-7.5,-0.06666666666666665,Close entry(s) order TEST,BuySignal,
548,LONG,2007-03-01,109.5,1.0,2007-03-02,108.0,1.0,-1.5,0.0,0.0,-1.5,-0.013698630136986356,Close entry(s) order TEST,BuySignal,
549,LONG,2007-03-05,101.1,1.0,2007-03-06,103.0,1.0,1.9000000000000057,0.0,1.9999999949504854e-06,1.9000000000000057,0.018793273986152492,Close entry(s) order TEST,BuySignal,
550,LONG,2007-03-07,100.0,1.0,2007-03-08,98.5,1.0,-1.5,0.0,0.0,-1.5,-0.015000000000000013,Close entry(s) order TEST,BuySignal,
551,LONG,2007-03-09,100.5,1.0,2007-03-12,98.5,1.0,-2.0,0.0,0.0,-2.0,-0.01990049751243783,Close entry(s) order TEST,BuySignal,
552,LONG,2007-03-13,106.0,1.0,2007-03-14,96.5,1.0,-9.5,0.0,0.0,-9.5,-0.089622641509434,Close entry(s) order TEST,BuySignal,
553,LONG,2007-03-15,106.9,1.0,2007-03-16,105.0,1.0,-1.9000000000000057,0.0,1.9999999949504854e-06,-1.9000000000000057,-0.017773620205799867,Close entry(s) order TEST,BuySignal,
554,LONG,2007-03-19,103.9,1.0,2007-03-20,102.0,1.0,-1.9000000000000057,0.0,0.04999699999999052,-1.9000000000000057,-0.018286814244465877,Close entry(s) order TEST,BuySignal,
555,LONG,2007-03-21,102.8,1.0,2007-03-22,104.0,1.0,1.2000000000000028,0.0,3.000000006636583e-06,1.2000000000000028,0.011673151750972721,Close entry(s) order TEST,BuySignal,
556,LONG,2007-03-23,103.0,1.0,2007-03-26,104.8,1.0,1.7999999999999972,0.0,0.0,1.7999999999999972,0.01747572815533971,Close entry(s) order TEST,BuySignal,
557,LONG,2007-03-28,102.1,1.0,2007-03-29,101.8,1.0,-0.29999999999999716,0.0,1.9999999949504854e-06,-0.29999999999999716,-0.002938295788442624,Close entry(s) order TEST,BuySignal,
558,LONG,2007-03-30,102.0,1.0,2007-04-02,100.2,1.0,-1.7999999999999972,0.0,0.0,-1.7999999999999972,-0.01764705882352935,Close entry(s) order TEST,BuySignal,
559,LONG,2007-04-03,100.0,1.0,2007-04-04,100.1,1.0,0.09999999999999432,0.0,0.0,0.09999999999999432,0.0009999999999998899,Close entry(s) order TEST,BuySignal,
560,LONG,2007-04-05,102.6,1.0,2007-04-09,104.0,1.0,1.4000000000000057,0.0,1.9999999949504854e-06,1.4000000000000057,0.013645224171540127,Close entry(s) order TEST,BuySignal,
561,LONG,2007-04-10,102.5,1.0,2007-04-11,106.0,1.0,3.5,0.0,0.0,3.5,0.034146341463414664,Close entry(s) order TEST,BuySignal,
562,LONG,2007-04-12,115.5,1.0,2007-04-13,117.1,1.0,1.5999999999999943,0.0,0.0,1.5999999999999943,0.013852813852813783,Close entry(s) order TEST,BuySignal,
563,LONG,2007-04-16,126.4,1.0,2007-04-17,126.7,1.0,0.29999999999999716,0.0,1.9999999949504854e-06,0.29999999999999716,0.002373417721518889,Close entry(s) order TEST,BuySignal,
564,LONG,2007-04-18,127.8,1.0,2007-04-19,125.5,1.0,-2.299999999999997,0.0,0.04999999999999716,-2.299999999999997,-0.017996870109546093,Close entry(s) order TEST,BuySignal,
565,LONG,2007-04-20,124.4,1.0,2007-04-23,125.0,1.0,0.5999999999999943,0.0,1.9999999949504854e-06,0.5999999999999943,0.004823151125401992,Close entry(s) order TEST,BuySignal,
566,LONG,2007-04-24,125.0,1.0,2007-04-25,128.1,1.0,3.0999999999999943,0.0,0.0,3.0999999999999943,0.024799999999999933,Close entry(s) order TEST,BuySignal,
567,LONG,2007-04-26,134.0,1.0,2007-04-27,131.1,1.0,-2.9000000000000057,0.0,0.0,-2.9000000000000057,-0.02164179104477615,Close entry(s) order TEST,BuySignal,
568,LONG,2007-04-30,133.9,1.0,2007-05-03,139.0,1.0,5.099999999999994,0.0,6.000000013273166e-06,5.099999999999994,0.03808812546676621,Close entry(s) order TEST,BuySignal,
569,LONG,2007-05-04,139.4,1.0,2007-05-07,139.0,1.0,-0.4000000000000057,0.0,0.049993999999998096,-0.4000000000000057,-0.0028694404591105283,Close entry(s) order TEST,BuySignal,
570,LONG,2007-05-08,138.6,1.0,2007-05-09,136.1,1.0,-2.5,0.0,6.000000013273166e-06,-2.5,-0.018037518037518074,Close entry(s) order TEST,BuySignal,
571,LONG,2007-05-10,138.1,1.0,2007-05-11,138.0,1.0,-0.09999999999999432,0.0,6.000000013273166e-06,-0.09999999999999432,-0.0007241129616220032,Close entry(s) order TEST,BuySignal,
572,LONG,2007-05-14,143.7,1.0,2007-05-15,143.9,1.0,0.20000000000001705,0.0,2.999999992425728e-06,0.20000000000001705,0.0013917884481560172,Close entry(s) order TEST,BuySignal,
573,LONG,2007-05-16,145.5,1.0,2007-05-17,149.2,1.0,3.6999999999999886,0.0,0.0,3.6999999999999886,0.02542955326460472,Close entry(s) order TEST,BuySignal,
574,LONG,2007-05-18,151.0,1.0,2007-05-21,152.6,1.0,1.5999999999999943,0.0,0.0,1.5999999999999943,0.01059602649006619,Close entry(s) order TEST,BuySignal,
575,LONG,2007-05-22,161.0,1.0,2007-05-23,159.3,1.0,-1.6999999999999886,0.0,0.0,-1.6999999999999886,-0.01055900621118,Close entry(s) order TEST,BuySignal,
576,LONG,2007-05-24,162.0,1.0,2007-05-25,156.8,1.0,-5.199999999999989,0.0,0.0,-5.199999999999989,-0.032098765432098664,Close entry(s) order TEST,BuySignal,
577,LONG,2007-05-28,162.0,1.0,2007-05-29,172.9,1.0,10.900000000000006,0.0,0.0,10.900000000000006,0.06728395061728398,Close entry(s) order TEST,BuySignal,
578,LONG,2007-05-30,175.1,1.0,2007-05-31,174.9,1.0,-0.19999999999998863,0.0,0.04999699999999052,-0.19999999999998863,-0.0011422044545973398,Close entry(s) order TEST,BuySignal,
579,LONG,2007-06-01,180.8,1.0,2007-06-04,182.1,1.0,1.299999999999983,0.0,2.999999992425728e-06,1.299999999999983,0.007190265486725522,Close entry(s) order TEST,BuySignal,
580,LONG,2007-06-05,178.1,1.0,2007-06-06,171.2,1.0,-6.900000000000006,0.0,0.04999699999999052,-6.900000000000006,-0.0387422796181921,Close entry(s) order TEST,BuySignal,
581,LONG,2007-06-07,177.0,1.0,2007-06-08,177.6,1.0,0.5999999999999943,0.0,0.0,0.5999999999999943,0.003389830508474523,Close entry(s) order TEST,BuySignal,
582,LONG,2007-06-11,179.9,1.0,2007-06-12,183.5,1.0,3.5999999999999943,0.0,6.000000013273166e-06,3.5999999999999943,0.020011117287381808,Close entry(s) order TEST,BuySignal,
583,LONG,2007-06-13,180.0,1.0,2007-06-14,176.8,1.0,-3.1999999999999886,0.0,0.0,-3.1999999999999886,-0.01777777777777767,Close entry(s) order TEST,BuySignal,
584,LONG,2007-06-15,181.9,1.0,2007-06-18,190.1,1.0,8.199999999999989,0.0,6.000000013273166e-06,8.199999999999989,0.04507971412864209,Close entry(s) order TEST,BuySignal,
585,LONG,2007-06-19,196.9,1.0,2007-06-20,205.2,1.0,8.299999999999983,0.0,0.04999699999999052,8.299999999999983,0.042153377348908005,Close entry(s) order TEST,BuySignal,
586,LONG,2007-06-21,214.0,1.0,2007-06-22,208.0,1.0,-6.0,0.0,0.0,-6.0,-0.028037383177570097,Close entry(s) order TEST,BuySignal,
587,LONG,2007-06-25,204.9,1.0,2007-06-26,211.9,1.0,7.0,0.0,0.049993999999998096,7.0,0.03416300634455838,Close entry(s) order TEST,BuySignal,
588,LONG,2007-06-27,206.0,1.0,2007-06-28,204.6,1.0,-1.4000000000000057,0.0,0.0,-1.4000000000000057,-0.006796116504854344,Close entry(s) order TEST,BuySignal,
589,LONG,2007-06-29,214.0,1.0,2007-07-02,222.9,1.0,8.900000000000006,0.0,0.0,8.900000000000006,0.041588785046728916,Close entry(s) order TEST,BuySignal,
590,LONG,2007-07-03,240.0,1.0,2007-07-04,232.1,1.0,-7.900000000000006,0.0,0.0,-7.900000000000006,-0.032916666666666705,Close entry(s) order TEST,BuySignal,
591,LONG,2007-07-05,234.1,1.0,2007-07-06,228.0,1.0,-6.099999999999994,0.0,0.04999699999999052,-6.099999999999994,-0.026057240495514722,Close entry(s) order TEST,BuySignal,
592,LONG,2007-07-09,232.5,1.0,2007-07-10,237.9,1.0,5.400000000000006,0.0,0.0,5.400000000000006,0.023225806451612874,Close entry(s) order TEST,BuySignal,
593,LONG,2007-07-11,230.0,1.0,2007-07-12,233.5,1.0,3.5,0.0,0.0,3.5,0.01521739130434785,Close entry(s) order TEST,BuySignal,
594,LONG,2007-07-13,235.4,1.0,2007-07-16,236.0,1.0,0.5999999999999943,0.0,0.04999699999999052,0.5999999999999943,0.002548853016142605,Close entry(s) order TEST,BuySignal,
595,LONG,2007-07-17,246.1,1.0,2007-07-18,245.0,1.0,-1.0999999999999943,0.0,6.000000013273166e-06,-1.0999999999999943,-0.004469727752945962,Close entry(s) order TEST,BuySignal,
596,LONG,2007-07-19,253.7,1.0,2007-07-20,250.0,1.0,-3.6999999999999886,0.0,2.999999992425728e-06,-3.6999999999999886,-0.014584154513204495,Close entry(s) order TEST,BuySignal,
597,LONG,2007-07-23,252.0,1.0,2007-07-24,250.5,1.0,-1.5,0.0,0.0,-1.5,-0.005952380952380931,Close entry(s) order TEST,BuySignal,
598,LONG,2007-07-25,260.5,1.0,2007-07-26,258.0,1.0,-2.5,0.0,0.0,-2.5,-0.009596928982725572,Close entry(s) order TEST,BuySignal,
599,LONG,2007-07-27,252.0,1.0,2007-07-30,245.0,1.0,-7.0,0.0,0.0,-7.0,-0.02777777777777779,Close entry(s) order TEST,BuySignal,
600,LONG,2007-07-31,251.0,1.0,2007-08-01,244.5,1.0,-6.5,0.0,0.0,-6.5,-0.02589641434262946,Close entry(s) order TEST,BuySignal,
601,LONG,2007-08-02,230.0,1.0,2007-08-03,242.9,1.0,12.900000000000006,0.0,0.0,12.900000000000006,0.05608695652173923,Close entry(s) order TEST,BuySignal,
602,LONG,2007-08-06,239.0,1.0,2007-08-07,245.8,1.0,6.800000000000011,0.0,0.0,6.800000000000011,0.028451882845188292,Close entry(s) order TEST,BuySignal,
603,LONG,2007-08-08,243.0,1.0,2007-08-09,251.8,1.0,8.800000000000011,0.0,0.0,8.800000000000011,0.03621399176954743,Close entry(s) order TEST,BuySignal,
604,LONG,2007-08-10,242.0,1.0,2007-08-13,247.7,1.0,5.699999999999989,0.0,0.0,5.699999999999989,0.023553719008264418,Close entry(s) order TEST,BuySignal,
605,LONG,2007-08-14,244.0,1.0,2007-08-16,233.0,1.0,-11.0,0.0,0.0,-11.0,-0.04508196721311475,Close entry(s) order TEST,BuySignal,
606,LONG,2007-08-17,224.7,1.0,2007-08-20,226.4,1.0,1.700000000000017,0.0,2.999999992425728e-06,1.700000000000017,0.007565643079661788,Close entry(s) order TEST,BuySignal,
607,LONG,2007-08-21,225.2,1.0,2007-08-22,217.7,1.0,-7.5,0.0,0.05000000000001137,-7.5,-0.03330373001776199,Close entry(s) order TEST,BuySignal,
608,LONG,2007-08-23,209.7,1.0,2007-08-24,218.1,1.0,8.400000000000006,0.0,2.999999992425728e-06,8.400000000000006,0.0400572246065809,Close entry(s) order TEST,BuySignal,
609,LONG,2007-08-27,232.1,1.0,2007-08-28,226.5,1.0,-5.599999999999994,0.0,0.04999699999999052,-5.599999999999994,-0.024127531236535993,Close entry(s) order TEST,BuySignal,
610,LONG,2007-08-29,224.2,1.0,2007-08-30,227.4,1.0,3.200000000000017,0.0,0.05000000000001137,3.200000000000017,0.014272970561998388,Close entry(s) order TEST,BuySignal,
611,LONG,2007-08-31,241.0,1.0,2007-09-03,254.0,1.0,13.0,0.0,0.0,13.0,0.053941908713692976,Close entry(s) order TEST,BuySignal,
612,LONG,2007-09-04,256.0,1.0,2007-09-05,256.7,1.0,0.6999999999999886,0.0,0.0,0.6999999999999886,0.0027343749999999556,Close entry(s) order TEST,BuySignal,
613,LONG,2007-09-06,254.4,1.0,2007-09-07,243.7,1.0,-10.700000000000017,0.0,6.000000013273166e-06,-10.700000000000017,-0.042059748427673016,Close entry(s) order TEST,BuySignal,
614,LONG,2007-09-10,227.6,1.0,2007-09-11,232.0,1.0,4.400000000000006,0.0,6.000000013273166e-06,4.400000000000006,0.019332161687170446,Close entry(s) order TEST,BuySignal,
615,LONG,2007-09-12,238.8,1.0,2007-09-13,250.9,1.0,12.099999999999994,0.0,2.999999992425728e-06,12.099999999999994,0.05067001675041882,Close entry(s) order TEST,BuySignal,
616,LONG,2007-09-14,271.0,1.0,2007-09-17,258.5,1.0,-12.5,0.0,0.0,-12.5,-0.04612546125461259,Close entry(s) order TEST,BuySignal,
617,LONG,2007-09-18,266.5,1.0,2007-09-19,276.0,1.0,9.5,0.0,0.04998799999998482,9.5,0.03564727954971847,Close entry(s) order TEST,BuySignal,
618,LONG,2007-09-20,279.0,1.0,2007-09-21,291.2,1.0,12.199999999999989,0.0,0.0,12.199999999999989,0.043727598566308146,Close entry(s) order TEST,BuySignal,
619,LONG,2007-09-24,285.0,1.0,2007-09-25,286.0,1.0,1.0,0.0,0.0,1.0,0.0035087719298245723,Close entry(s) order TEST,BuySignal,
620,LONG,2007-09-26,286.4,1.0,2007-09-27,297.8,1.0,11.400000000000034,0.0,5.999999984851456e-06,11.400000000000034,0.03980446927374315,Close entry(s) order TEST,BuySignal,
621,LONG,2007-09-28,300.0,1.0,2007-10-01,297.0,1.0,-3.0,0.0,0.0,-3.0,-0.010000000000000009,Close entry(s) order TEST,BuySignal,
622,LONG,2007-10-03,302.8,1.0,2007-10-04,301.0,1.0,-1.8000000000000114,0.0,1.2000000026546331e-05,-1.8000000000000114,-0.005944517833553542,Close entry(s) order TEST,BuySignal,
623,LONG,2007-10-05,313.0,1.0,2007-10-08,315.0,1.0,2.0,0.0,0.0,2.0,0.006389776357827559,Close entry(s) order TEST,BuySignal,
624,LONG,2007-10-09,297.1,1.0,2007-10-10,306.8,1.0,9.699999999999989,0.0,5.999999984851456e-06,9.699999999999989,0.03264893975092553,Close entry(s) order TEST,BuySignal,
625,LONG,2007-10-11,315.4,1.0,2007-10-12,319.8,1.0,4.400000000000034,0.0,5.999999984851456e-06,4.400000000000034,0.013950538998097839,Close entry(s) order TEST,BuySignal,
626,LONG,2007-10-15,340.0,1.0,2007-10-16,340.0,1.0,0.0,0.0,0.0,0.0,0.0,Close entry(s) order TEST,BuySignal,
627,LONG,2007-10-17,325.0,1.0,2007-10-18,335.0,1.0,10.0,0.0,0.0,10.0,0.03076923076923066,Close entry(s) order TEST,BuySignal,
628,LONG,2007-10-19,301.0,1.0,2007-10-22,279.7,1.0,-21.30000000000001,0.0,0.0,-21.30000000000001,-0.07076411960132889,Close entry(s) order TEST,BuySignal,
629,LONG,2007-10-23,293.6,1.0,2007-10-24,328.0,1.0,34.39999999999998,0.0,0.049993999999969674,34.39999999999998,0.11716621253405979,Close entry(s) order TEST,BuySignal,
630,LONG,2007-10-25,330.0,1.0,2007-10-26,325.0,1.0,-5.0,0.0,0.0,-5.0,-0.015151515151515138,Close entry(s) order TEST,BuySignal,
631,LONG,2007-10-29,331.0,1.0,2007-10-30,341.5,1.0,10.5,0.0,0.0,10.5,0.031722054380664666,Close entry(s) order TEST,BuySignal,
632,LONG,2007-10-31,325.0,1.0,2007-11-01,332.6,1.0,7.600000000000023,0.0,0.0,7.600000000000023,0.02338461538461556,Close entry(s) order TEST,BuySignal,
633,LONG,2007-11-02,319.0,1.0,2007-11-05,320.0,1.0,1.0,0.0,0.0,1.0,0.0031347962382444194,Close entry(s) order TEST,BuySignal,
634,LONG,2007-11-06,321.3,1.0,2007-11-07,323.0,1.0,1.6999999999999886,0.0,1.2000000026546331e-05,1.6999999999999886,0.005291005291005346,Close entry(s) order TEST,BuySignal,
635,LONG,2007-11-08,309.0,1.0,2007-11-12,331.0,1.0,22.0,0.0,0.0,22.0,0.07119741100323629,Close entry(s) order TEST,BuySignal,
636,LONG,2007-11-13,370.0,1.0,2007-11-14,401.0,1.0,31.0,0.0,0.0,31.0,0.08378378378378382,Close entry(s) order TEST,BuySignal,
637,LONG,2007-11-15,420.0,1.0,2007-11-16,400.0,1.0,-20.0,0.0,0.0,-20.0,-0.04761904761904767,Close entry(s) order TEST,BuySignal,
638,LONG,2007-11-19,390.0,1.0,2007-11-20,395.5,1.0,5.5,0.0,0.0,5.5,0.014102564102564052,Close entry(s) order TEST,BuySignal,
639,LONG,2007-11-21,415.0,1.0,2007-11-22,385.0,1.0,-30.0,0.0,0.0,-30.0,-0.07228915662650603,Close entry(s) order TEST,BuySignal,
640,LONG,2007-11-23,382.0,1.0,2007-11-26,404.0,1.0,22.0,0.0,0.0,22.0,0.05759162303664911,Close entry(s) order TEST,BuySignal,
641,LONG,2007-11-27,395.0,1.0,2007-11-28,392.0,1.0,-3.0,0.0,0.0,-3.0,-0.0075949367088608,Close entry(s) order TEST,BuySignal,
642,LONG,2007-11-29,393.7,1.0,2007-11-30,382.0,1.0,-11.699999999999989,0.0,1.2000000026546331e-05,-11.699999999999989,-0.029718059436118827,Close entry(s) order TEST,BuySignal,
643,LONG,2007-12-03,422.8,1.0,2007-12-04,431.0,1.0,8.199999999999989,0.0,0.05000000000001137,8.199999999999989,0.01939451277199611,Close entry(s) order TEST,BuySignal,
644,LONG,2007-12-05,420.0,1.0,2007-12-06,448.0,1.0,28.0,0.0,0.0,28.0,0.06666666666666665,Close entry(s) order TEST,BuySignal,
645,LONG,2007-12-07,425.0,1.0,2007-12-10,425.0,1.0,0.0,0.0,0.04998799999998482,0.0,0.0,Close entry(s) order TEST,BuySignal,
646,LONG,2007-12-11,445.0,1.0,2007-12-12,469.5,1.0,24.5,0.0,0.0,24.5,0.05505617977528088,Close entry(s) order TEST,BuySignal,
647,LONG,2007-12-13,477.0,1.0,2007-12-14,471.0,1.0,-6.0,0.0,0.0,-6.0,-0.012578616352201255,Close entry(s) order TEST,BuySignal,
648,LONG,2007-12-17,465.0,1.0,2007-12-18,432.0,1.0,-33.0,0.0,0.0,-33.0,-0.07096774193548383,Close entry(s) order TEST,BuySignal,
649,LONG,2007-12-19,441.0,1.0,2007-12-20,435.0,1.0,-6.0,0.0,0.0,-6.0,-0.013605442176870763,Close entry(s) order TEST,BuySignal,
650,LONG,2007-12-24,438.5,1.0,2007-12-26,442.0,1.0,3.5,0.0,0.04998799999998482,3.5,0.007981755986316896,Close entry(s) order TEST,BuySignal,
651,LONG,2007-12-27,449.0,1.0,2007-12-28,440.0,1.0,-9.0,0.0,0.0,-9.0,-0.020044543429844075,Close entry(s) order TEST,BuySignal,
652,LONG,2007-12-31,454.6,1.0,2008-01-01,458.7,1.0,4.099999999999966,0.0,5.999999984851456e-06,4.099999999999966,0.009018917729872289,Close entry(s) order TEST,BuySignal,
653,LONG,2008-01-02,459.8,1.0,2008-01-03,455.0,1.0,-4.800000000000011,0.0,0.05000000000001137,-4.800000000000011,-0.010439321444106198,Close entry(s) order TEST,BuySignal,
654,LONG,2008-01-04,456.0,1.0,2008-01-07,455.9,1.0,-0.10000000000002274,0.0,0.0,-0.10000000000002274,-0.00021929824561406353,Close entry(s) order TEST,BuySignal,
655,LONG,2008-01-08,467.0,1.0,2008-01-09,453.0,1.0,-14.0,0.0,0.0,-14.0,-0.02997858672376874,Close entry(s) order TEST,BuySignal,
656,LONG,2008-01-10,455.0,1.0,2008-01-11,480.0,1.0,25.0,0.0,0.04998799999998482,25.0,0.05494505494505497,Close entry(s) order TEST,BuySignal,
657,LONG,2008-01-14,451.0,1.0,2008-01-15,490.0,1.0,39.0,0.0,0.04998799999998482,39.0,0.0864745011086474,Close entry(s) order TEST,BuySignal,
658,LONG,2008-01-16,503.0,1.0,2008-01-17,490.0,1.0,-13.0,0.0,0.0,-13.0,-0.025844930417495027,Close entry(s) order TEST,BuySignal,
659,LONG,2008-01-18,530.5,1.0,2008-01-21,494.0,1.0,-36.5,0.0,0.04998799999998482,-36.5,-0.06880301602262018,Close entry(s) order TEST,BuySignal,
660,LONG,2008-01-22,409.0,1.0,2008-01-23,466.0,1.0,57.0,0.0,0.0,57.0,0.13936430317848414,Close entry(s) order TEST,BuySignal,
661,LONG,2008-01-24,475.0,1.0,2008-01-25,461.0,1.0,-14.0,0.0,0.0,-14.0,-0.02947368421052632,Close entry(s) order TEST,BuySignal,
662,LONG,2008-01-28,487.0,1.0,2008-01-29,515.0,1.0,28.0,0.0,0.0,28.0,0.05749486652977409,Close entry(s) order TEST,BuySignal,
663,LONG,2008-01-30,516.4,1.0,2008-01-31,482.4,1.0,-34.0,0.0,2.4000000053092663e-05,-34.0,-0.06584043377226956,Close entry(s) order TEST,BuySignal,
664,LONG,2008-02-01,481.0,1.0,2008-02-04,478.7,1.0,-2.3000000000000114,0.0,0.0,-2.3000000000000114,-0.00478170478170481,Close entry(s) order TEST,BuySignal,
665,LONG,2008-02-05,465.0,1.0,2008-02-06,470.0,1.0,5.0,0.0,0.0,5.0,0.010752688172043001,Close entry(s) order TEST,BuySignal,
666,LONG,2008-02-07,472.2,1.0,2008-02-08,455.0,1.0,-17.19999999999999,0.0,1.2000000026546331e-05,-17.19999999999999,-0.03642524354087251,Close entry(s) order TEST,BuySignal,
667,LONG,2008-02-11,424.0,1.0,2008-02-12,390.0,1.0,-34.0,0.0,0.0,-34.0,-0.08018867924528306,Close entry(s) order TEST,BuySignal,
668,LONG,2008-02-13,411.0,1.0,2008-02-14,415.0,1.0,4.0,0.0,0.0,4.0,0.009732360097323589,Close entry(s) order TEST,BuySignal,
669,LONG,2008-02-15,415.0,1.0,2008-02-18,446.9,1.0,31.899999999999977,0.0,0.04998799999998482,31.899999999999977,0.07686746987951798,Close entry(s) order TEST,BuySignal,
670,LONG,2008-02-19,476.0,1.0,2008-02-20,470.0,1.0,-6.0,0.0,0.0,-6.0,-0.012605042016806678,Close entry(s) order TEST,BuySignal,
671,LONG,2008-02-21,477.3,1.0,2008-02-22,465.0,1.0,-12.300000000000011,0.0,1.2000000026546331e-05,-12.300000000000011,-0.025769956002514194,Close entry(s) order TEST,BuySignal,
672,LONG,2008-02-25,465.0,1.0,2008-02-26,449.0,1.0,-16.0,0.0,0.0,-16.0,-0.03440860215053765,Close entry(s) order TEST,BuySignal,
673,LONG,2008-02-27,452.0,1.0,2008-02-28,449.8,1.0,-2.1999999999999886,0.0,0.0,-2.1999999999999886,-0.004867256637168138,Close entry(s) order TEST,BuySignal,
674,LONG,2008-02-29,454.0,1.0,2008-03-03,431.2,1.0,-22.80000000000001,0.0,0.0,-22.80000000000001,-0.05022026431718063,Close entry(s) order TEST,BuySignal,
675,LONG,2008-03-04,414.9,1.0,2008-03-05,409.8,1.0,-5.099999999999966,0.0,5.999999984851456e-06,-5.099999999999966,-0.012292118582791,Close entry(s) order TEST,BuySignal,
676,LONG,2008-03-07,365.5,1.0,2008-03-10,374.0,1.0,8.5,0.0,0.0,8.5,0.023255813953488413,Close entry(s) order TEST,BuySignal,
677,LONG,2008-03-11,384.0,1.0,2008-03-12,412.0,1.0,28.0,0.0,0.0,28.0,0.07291666666666674,Close entry(s) order TEST,BuySignal,
678,LONG,2008-03-13,410.0,1.0,2008-03-14,380.0,1.0,-30.0,0.0,0.0,-30.0,-0.07317073170731703,Close entry(s) order TEST,BuySignal,
679,LONG,2008-03-17,363.0,1.0,2008-03-18,344.0,1.0,-19.0,0.0,0.0,-19.0,-0.052341597796143224,Close entry(s) order TEST,BuySignal,
680,LONG,2008-03-19,345.0,1.0,2008-03-24,325.0,1.0,-20.0,0.0,0.0,-20.0,-0.05797101449275366,Close entry(s) order TEST,BuySignal,
681,LONG,2008-03-25,298.1,1.0,2008-03-26,332.3,1.0,34.19999999999999,0.0,0.049993999999969674,34.19999999999999,0.11472660181147254,Close entry(s) order TEST,BuySignal,
682,LONG,2008-03-27,340.0,1.0,2008-03-28,373.5,1.0,33.5,0.0,0.0,33.5,0.09852941176470598,Close entry(s) order TEST,BuySignal,
683,LONG,2008-03-31,389.0,1.0,2008-04-01,381.0,1.0,-8.0,0.0,0.0,-8.0,-0.020565552699228773,Close entry(s) order TEST,BuySignal,
684,LONG,2008-04-02,385.0,1.0,2008-04-03,376.0,1.0,-9.0,0.0,0.0,-9.0,-0.023376623376623384,Close entry(s) order TEST,BuySignal,
685,LONG,2008-04-04,382.5,1.0,2008-04-07,379.0,1.0,-3.5,0.0,0.04998799999998482,-3.5,-0.009150326797385588,Close entry(s) order TEST,BuySignal,
686,LONG,2008-04-08,380.0,1.0,2008-04-09,378.0,1.0,-2.0,0.0,0.0,-2.0,-0.0052631578947368585,Close entry(s) order TEST,BuySignal,
687,LONG,2008-04-10,384.7,1.0,2008-04-11,390.0,1.0,5.300000000000011,0.0,1.2000000026546331e-05,5.300000000000011,0.013776969066805256,Close entry(s) order TEST,BuySignal,
688,LONG,2008-04-15,387.2,1.0,2008-04-16,399.0,1.0,11.800000000000011,0.0,0.05000000000001137,11.800000000000011,0.030475206611570327,Close entry(s) order TEST,BuySignal,
689,LONG,2008-04-17,408.0,1.0,2008-04-21,406.0,1.0,-2.0,0.0,0.0,-2.0,-0.004901960784313708,Close entry(s) order TEST,BuySignal,
690,LONG,2008-04-22,412.0,1.0,2008-04-23,409.0,1.0,-3.0,0.0,0.0,-3.0,-0.007281553398058249,Close entry(s) order TEST,BuySignal,
691,LONG,2008-04-24,449.0,1.0,2008-04-25,426.2,1.0,-22.80000000000001,0.0,0.0,-22.80000000000001,-0.05077951002227177,Close entry(s) order TEST,BuySignal,
692,LONG,2008-04-28,453.7,1.0,2008-04-29,438.1,1.0,-15.599999999999966,0.0,1.2000000026546331e-05,-15.599999999999966,-0.034383954154727725,Close entry(s) order TEST,BuySignal,
693,LONG,2008-04-30,419.8,1.0,2008-05-02,408.8,1.0,-11.0,0.0,0.05000000000001137,-11.0,-0.026202953787517913,Close entry(s) order TEST,BuySignal,
694,LONG,2008-05-05,402.0,1.0,2008-05-06,407.0,1.0,5.0,0.0,0.0,5.0,0.01243781094527363,Close entry(s) order TEST,BuySignal,
695,LONG,2008-05-07,395.0,1.0,2008-05-08,405.0,1.0,10.0,0.0,0.0,10.0,0.025316455696202445,Close entry(s) order TEST,BuySignal,
696,LONG,2008-05-09,409.0,1.0,2008-05-12,386.0,1.0,-23.0,0.0,0.0,-23.0,-0.05623471882640585,Close entry(s) order TEST,BuySignal,
697,LONG,2008-05-13,385.0,1.0,2008-05-14,379.3,1.0,-5.699999999999989,0.0,0.0,-5.699999999999989,-0.014805194805194821,Close entry(s) order TEST,BuySignal,
698,LONG,2008-05-15,382.0,1.0,2008-05-16,384.2,1.0,2.1999999999999886,0.0,0.0,2.1999999999999886,0.0057591623036648,Close entry(s) order TEST,BuySignal,
699,LONG,2008-05-20,380.0,1.0,2008-05-21,367.0,1.0,-13.0,0.0,0.0,-13.0,-0.03421052631578947,Close entry(s) order TEST,BuySignal,
700,LONG,2008-05-22,390.1,1.0,2008-05-23,378.0,1.0,-12.100000000000023,0.0,5.999999984851456e-06,-12.100000000000023,-0.03101768777236613,Close entry(s) order TEST,BuySignal,
701,LONG,2008-05-26,376.0,1.0,2008-05-27,359.0,1.0,-17.0,0.0,0.0,-17.0,-0.04521276595744683,Close entry(s) order TEST,BuySignal,
702,LONG,2008-05-28,342.5,1.0,2008-05-29,363.4,1.0,20.899999999999977,0.0,0.0,20.899999999999977,0.06102189781021883,Close entry(s) order TEST,BuySignal,
703,LONG,2008-05-30,380.0,1.0,2008-06-02,387.0,1.0,7.0,0.0,0.0,7.0,0.018421052631578894,Close entry(s) order TEST,BuySignal,
704,LONG,2008-06-03,375.0,1.0,2008-06-04,385.0,1.0,10.0,0.0,0.0,10.0,0.026666666666666616,Close entry(s) order TEST,BuySignal,
705,LONG,2008-06-05,383.0,1.0,2008-06-06,390.0,1.0,7.0,0.0,0.0,7.0,0.018276762402088753,Close entry(s) order TEST,BuySignal,
706,LONG,2008-06-09,385.9,1.0,2008-06-10,365.5,1.0,-20.399999999999977,0.0,5.999999984851456e-06,-20.399999999999977,-0.052863436123347984,Close entry(s) order TEST,BuySignal,
707,LONG,2008-06-11,344.5,1.0,2008-06-12,342.0,1.0,-2.5,0.0,0.04998799999998482,-2.5,-0.007256894049346929,Close entry(s) order TEST,BuySignal,
708,LONG,2008-06-13,340.0,1.0,2008-06-16,349.8,1.0,9.800000000000011,0.0,0.0,9.800000000000011,0.028823529411764692,Close entry(s) order TEST,BuySignal,
709,LONG,2008-06-17,375.0,1.0,2008-06-18,391.9,1.0,16.899999999999977,0.0,0.0,16.899999999999977,0.04506666666666659,Close entry(s) order TEST,BuySignal,
710,LONG,2008-06-19,374.0,1.0,2008-06-20,365.0,1.0,-9.0,0.0,0.0,-9.0,-0.024064171122994638,Close entry(s) order TEST,BuySignal,
711,LONG,2008-06-23,357.0,1.0,2008-06-24,335.0,1.0,-22.0,0.0,0.0,-22.0,-0.06162464985994398,Close entry(s) order TEST,BuySignal,
712,LONG,2008-06-25,309.0,1.0,2008-06-26,325.5,1.0,16.5,0.0,0.0,16.5,0.05339805825242716,Close entry(s) order TEST,BuySignal,
713,LONG,2008-06-27,310.0,1.0,2008-06-30,304.8,1.0,-5.199999999999989,0.0,0.0,-5.199999999999989,-0.01677419354838705,Close entry(s) order TEST,BuySignal,
714,LONG,2008-07-01,314.9,1.0,2008-07-02,305.0,1.0,-9.899999999999977,0.0,5.999999984851456e-06,-9.899999999999977,-0.031438551921244784,Close entry(s) order TEST,BuySignal,
715,LONG,2008-07-03,312.0,1.0,2008-07-04,314.0,1.0,2.0,0.0,0.0,2.0,0.0064102564102563875,Close entry(s) order TEST,BuySignal,
716,LONG,2008-07-07,299.0,1.0,2008-07-08,314.0,1.0,15.0,0.0,0.0,15.0,0.050167224080267525,Close entry(s) order TEST,BuySignal,
717,LONG,2008-07-09,306.8,1.0,2008-07-10,302.5,1.0,-4.300000000000011,0.0,0.05000000000001137,-4.300000000000011,-0.014015645371577623,Close entry(s) order TEST,BuySignal,
718,LONG,2008-07-11,314.0,1.0,2008-07-14,306.8,1.0,-7.199999999999989,0.0,0.0,-7.199999999999989,-0.02292993630573248,Close entry(s) order TEST,BuySignal,
719,LONG,2008-07-15,299.0,1.0,2008-07-16,290.0,1.0,-9.0,0.0,0.0,-9.0,-0.030100334448160515,Close entry(s) order TEST,BuySignal,
720,LONG,2008-07-17,282.5,1.0,2008-07-18,287.4,1.0,4.899999999999977,0.0,0.0,4.899999999999977,0.01734513274336269,Close entry(s) order TEST,BuySignal,
721,LONG,2008-07-21,293.7,1.0,2008-07-22,290.4,1.0,-3.3000000000000114,0.0,1.2000000026546331e-05,-3.3000000000000114,-0.011235955056179803,Close entry(s) order TEST,BuySignal,
722,LONG,2008-07-23,320.0,1.0,2008-07-24,337.0,1.0,17.0,0.0,0.0,17.0,0.05312500000000009,Close entry(s) order TEST,BuySignal,
723,LONG,2008-07-25,323.0,1.0,2008-07-28,337.0,1.0,14.0,0.0,0.0,14.0,0.04334365325077405,Close entry(s) order TEST,BuySignal,
724,LONG,2008-07-29,337.0,1.0,2008-07-30,332.5,1.0,-4.5,0.0,0.0,-4.5,-0.013353115727002929,Close entry(s) order TEST,BuySignal,
725,LONG,2008-07-31,329.7,1.0,2008-08-01,322.0,1.0,-7.699999999999989,0.0,1.2000000026546331e-05,-7.699999999999989,-0.023354564755838636,Close entry(s) order TEST,BuySignal,
726,LONG,2008-08-04,335.0,1.0,2008-08-05,353.0,1.0,18.0,0.0,0.0,18.0,0.0537313432835822,Close entry(s) order TEST,BuySignal,
727,LONG,2008-08-06,372.0,1.0,2008-08-07,356.6,1.0,-15.399999999999977,0.0,0.0,-15.399999999999977,-0.04139784946236558,Close entry(s) order TEST,BuySignal,
728,LONG,2008-08-08,345.0,1.0,2008-08-11,358.1,1.0,13.100000000000023,0.0,0.0,13.100000000000023,0.03797101449275364,Close entry(s) order TEST,BuySignal,
729,LONG,2008-08-12,366.8,1.0,2008-08-13,354.0,1.0,-12.800000000000011,0.0,0.05000000000001137,-12.800000000000011,-0.034896401308615044,Close entry(s) order TEST,BuySignal,
730,LONG,2008-08-14,345.0,1.0,2008-08-18,341.0,1.0,-4.0,0.0,0.0,-4.0,-0.011594202898550732,Close entry(s) order TEST,BuySignal,
731,LONG,2008-08-19,340.0,1.0,2008-08-20,342.9,1.0,2.8999999999999773,0.0,0.0,2.8999999999999773,0.008529411764705896,Close entry(s) order TEST,BuySignal,
732,LONG,2008-08-21,344.1,1.0,2008-08-22,341.0,1.0,-3.1000000000000227,0.0,5.999999984851456e-06,-3.1000000000000227,-0.009009009009009028,Close entry(s) order TEST,BuySignal,
733,LONG,2008-08-25,347.0,1.0,2008-08-26,340.0,1.0,-7.0,0.0,0.0,-7.0,-0.02017291066282423,Close entry(s) order TEST,BuySignal,
734,LONG,2008-08-27,339.0,1.0,2008-08-28,318.0,1.0,-21.0,0.0,0.0,-21.0,-0.06194690265486724,Close entry(s) order TEST,BuySignal,
735,LONG,2008-08-29,313.0,1.0,2008-09-01,315.2,1.0,2.1999999999999886,0.0,0.0,2.1999999999999886,0.007028753993610248,Close entry(s) order TEST,BuySignal,
736,LONG,2008-09-02,328.0,1.0,2008-09-04,338.1,1.0,10.100000000000023,0.0,0.0,10.100000000000023,0.03079268292682924,Close entry(s) order TEST,BuySignal,
737,LONG,2008-09-05,325.1,1.0,2008-09-08,340.0,1.0,14.899999999999977,0.0,5.999999984851456e-06,14.899999999999977,0.04583205167640725,Close entry(s) order TEST,BuySignal,
738,LONG,2008-09-09,330.0,1.0,2008-09-10,320.0,1.0,-10.0,0.0,0.0,-10.0,-0.030303030303030276,Close entry(s) order TEST,BuySignal,
739,LONG,2008-09-11,320.0,1.0,2008-09-12,315.5,1.0,-4.5,0.0,0.0,-4.5,-0.014062499999999978,Close entry(s) order TEST,BuySignal,
740,LONG,2008-09-15,303.1,1.0,2008-09-16,267.0,1.0,-36.10000000000002,0.0,5.999999984851456e-06,-36.10000000000002,-0.11910260640052794,Close entry(s) order TEST,BuySignal,
741,LONG,2008-09-17,268.0,1.0,2008-09-18,260.0,1.0,-8.0,0.0,0.0,-8.0,-0.02985074626865669,Close entry(s) order TEST,BuySignal,
742,LONG,2008-09-19,265.0,1.0,2008-09-22,263.0,1.0,-2.0,0.0,0.0,-2.0,-0.007547169811320753,Close entry(s) order TEST,BuySignal,
743,LONG,2008-09-23,252.9,1.0,2008-09-24,252.0,1.0,-0.9000000000000057,0.0,6.000000013273166e-06,-0.9000000000000057,-0.003558718861209953,Close entry(s) order TEST,BuySignal,
744,LONG,2008-09-25,250.6,1.0,2008-09-26,255.0,1.0,4.400000000000006,0.0,0.04999699999999052,4.400000000000006,0.01755786113328006,Close entry(s) order TEST,BuySignal,
745,LONG,2008-09-29,245.0,1.0,2008-09-30,225.0,1.0,-20.0,0.0,0.0,-20.0,-0.08163265306122447,Close entry(s) order TEST,BuySignal,
746,LONG,2008-10-01,240.8,1.0,2008-10-03,249.2,1.0,8.399999999999977,0.0,0.05000000000001137,8.399999999999977,0.0348837209302324,Close entry(s) order TEST,BuySignal,
747,LONG,2008-10-06,245.0,1.0,2008-10-07,220.3,1.0,-24.69999999999999,0.0,0.0,-24.69999999999999,-0.10081632653061223,Close entry(s) order TEST,BuySignal,
748,LONG,2008-10-08,189.0,1.0,2008-10-10,170.0,1.0,-19.0,0.0,0.0,-19.0,-0.10052910052910058,Close entry(s) order TEST,BuySignal,
749,LONG,2008-10-13,145.1,1.0,2008-10-14,153.9,1.0,8.800000000000011,0.0,6.000000013273166e-06,8.800000000000011,0.06064782908339095,Close entry(s) order TEST,BuySignal,
750,LONG,2008-10-15,140.0,1.0,2008-10-16,120.0,1.0,-20.0,0.0,0.0,-20.0,-0.1428571428571429,Close entry(s) order TEST,BuySignal,
751,LONG,2008-10-17,135.0,1.0,2008-10-20,133.0,1.0,-2.0,0.0,0.0,-2.0,-0.014814814814814836,Close entry(s) order TEST,BuySignal,
752,LONG,2008-10-21,128.0,1.0,2008-10-22,125.2,1.0,-2.799999999999997,0.0,0.0,-2.799999999999997,-0.021874999999999978,Close entry(s) order TEST,BuySignal,
753,LONG,2008-10-23,120.0,1.0,2008-10-24,107.0,1.0,-13.0,0.0,0.0,-13.0,-0.10833333333333328,Close entry(s) order TEST,BuySignal,
754,LONG,2008-10-27,93.0,1.0,2008-10-29,104.8,1.0,11.799999999999997,0.0,0.0,11.799999999999997,0.1268817204301076,Close entry(s) order TEST,BuySignal,
755,LONG,2008-10-31,107.0,1.0,2008-11-03,119.8,1.0,12.799999999999997,0.0,0.0,12.799999999999997,0.11962616822429895,Close entry(s) order TEST,BuySignal,
756,LONG,2008-11-04,131.0,1.0,2008-11-05,145.9,1.0,14.900000000000006,0.0,0.0,14.900000000000006,0.11374045801526722,Close entry(s) order TEST,BuySignal,
757,LONG,2008-11-06,115.0,1.0,2008-11-07,114.9,1.0,-0.09999999999999432,0.0,0.0,-0.09999999999999432,-0.0008695652173912327,Close entry(s) order TEST,BuySignal,
758,LONG,2008-11-10,126.0,1.0,2008-11-11,118.3,1.0,-7.700000000000003,0.0,0.0,-7.700000000000003,-0.061111111111111116,Close entry(s) order TEST,BuySignal,
759,LONG,2008-11-12,108.3,1.0,2008-11-14,110.0,1.0,1.7000000000000028,0.0,0.04999800000000221,1.7000000000000028,0.015697137580794163,Close entry(s) order TEST,BuySignal,
760,LONG,2008-11-17,110.5,1.0,2008-11-18,114.8,1.0,4.299999999999997,0.0,0.0,4.299999999999997,0.03891402714932135,Close entry(s) order TEST,BuySignal,
761,LONG,2008-11-19,105.0,1.0,2008-11-20,96.0,1.0,-9.0,0.0,0.0,-9.0,-0.08571428571428574,Close entry(s) order TEST,BuySignal,
762,LONG,2008-11-21,94.0,1.0,2008-11-24,92.8,1.0,-1.2000000000000028,0.0,0.0,-1.2000000000000028,-0.012765957446808529,Close entry(s) order TEST,BuySignal,
763,LONG,2008-11-25,97.0,1.0,2008-11-26,90.0,1.0,-7.0,0.0,0.0,-7.0,-0.07216494845360821,Close entry(s) order TEST,BuySignal,
764,LONG,2008-11-28,87.1,1.0,2008-12-01,81.5,1.0,-5.599999999999994,0.0,0.04999699999999052,-5.599999999999994,-0.06429391504018367,Close entry(s) order TEST,BuySignal,
765,LONG,2008-12-02,76.1,1.0,2008-12-03,79.4,1.0,3.3000000000000114,0.0,0.04999699999999052,3.3000000000000114,0.043363994743758294,Close entry(s) order TEST,BuySignal,
766,LONG,2008-12-04,80.9,1.0,2008-12-05,89.0,1.0,8.099999999999994,0.0,1.9999999949504854e-06,8.099999999999994,0.10012360939431386,Close entry(s) order TEST,BuySignal,
767,LONG,2008-12-08,88.0,1.0,2008-12-10,85.1,1.0,-2.9000000000000057,0.0,0.0,-2.9000000000000057,-0.03295454545454557,Close entry(s) order TEST,BuySignal,
768,LONG,2008-12-11,86.3,1.0,2008-12-12,88.0,1.0,1.7000000000000028,0.0,3.000000006636583e-06,1.7000000000000028,0.01969872537659323,Close entry(s) order TEST,BuySignal,
769,LONG,2008-12-15,101.0,1.0,2008-12-16,118.8,1.0,17.799999999999997,0.0,0.0,17.799999999999997,0.17623762376237617,Close entry(s) order TEST,BuySignal,
770,LONG,2008-12-17,128.5,1.0,2008-12-18,110.0,1.0,-18.5,0.0,0.0,-18.5,-0.14396887159533078,Close entry(s) order TEST,BuySignal,
771,LONG,2008-12-19,109.0,1.0,2008-12-22,115.0,1.0,6.0,0.0,0.0,6.0,0.05504587155963292,Close entry(s) order TEST,BuySignal,
772,LONG,2008-12-23,108.0,1.0,2008-12-24,104.8,1.0,-3.200000000000003,0.0,0.0,-3.200000000000003,-0.029629629629629672,Close entry(s) order TEST,BuySignal,
773,LONG,2008-12-26,109.4,1.0,2008-12-29,101.0,1.0,-8.400000000000006,0.0,0.04999699999999052,-8.400000000000006,-0.07678244972577697,Close entry(s) order TEST,BuySignal,
774,LONG,2008-12-30,104.9,1.0,2008-12-31,109.1,1.0,4.199999999999989,0.0,0.04999699999999052,4.199999999999989,0.04003813155386071,Close entry(s) order TEST,BuySignal,
775,LONG,2009-01-02,117.0,1.0,2009-01-05,121.0,1.0,4.0,0.0,0.0,4.0,0.03418803418803429,Close entry(s) order TEST,BuySignal,
776,LONG,2009-01-06,119.0,1.0,2009-01-07,121.8,1.0,2.799999999999997,0.0,0.0,2.799999999999997,0.0235294117647058,Close entry(s) order TEST,BuySignal,
777,LONG,2009-01-09,101.0,1.0,2009-01-12,91.0,1.0,-10.0,0.0,0.0,-10.0,-0.09900990099009899,Close entry(s) order TEST,BuySignal,
778,LONG,2009-01-13,91.1,1.0,2009-01-14,93.0,1.0,1.9000000000000057,0.0,0.04999699999999052,1.9000000000000057,0.020856201975850697,Close entry(s) order TEST,BuySignal,
779,LONG,2009-01-15,91.0,1.0,2009-01-16,91.1,1.0,0.09999999999999432,0.0,0.0,0.09999999999999432,0.001098901098901095,Close entry(s) order TEST,BuySignal,
780,LONG,2009-01-19,94.6,1.0,2009-01-20,93.0,1.0,-1.5999999999999943,0.0,1.9999999949504854e-06,-1.5999999999999943,-0.016913319238900604,Close entry(s) order TEST,BuySignal,
781,LONG,2009-01-21,86.1,1.0,2009-01-22,87.2,1.0,1.1000000000000085,0.0,1.9999999949504854e-06,1.1000000000000085,0.012775842044134844,Close entry(s) order TEST,BuySignal,
782,LONG,2009-01-23,82.8,1.0,2009-01-27,73.0,1.0,-9.799999999999997,0.0,3.000000006636583e-06,-9.799999999999997,-0.11835748792270528,Close entry(s) order TEST,BuySignal,
783,LONG,2009-01-28,68.0,1.0,2009-01-29,77.5,1.0,9.5,0.0,0.0,9.5,0.13970588235294112,Close entry(s) order TEST,BuySignal,
784,LONG,2009-01-30,75.0,1.0,2009-02-02,70.9,1.0,-4.099999999999994,0.0,0.0,-4.099999999999994,-0.05466666666666664,Close entry(s) order TEST,BuySignal,
785,LONG,2009-02-03,66.4,1.0,2009-02-04,66.5,1.0,0.09999999999999432,0.0,0.04999699999999052,0.09999999999999432,0.001506024096385561,Close entry(s) order TEST,BuySignal,
786,LONG,2009-02-05,66.0,1.0,2009-02-06,66.8,1.0,0.7999999999999972,0.0,0.0,0.7999999999999972,0.012121212121211977,Close entry(s) order TEST,BuySignal,
787,LONG,2009-02-09,64.2,1.0,2009-02-10,69.0,1.0,4.799999999999997,0.0,0.04999800000000221,4.799999999999997,0.07476635514018692,Close entry(s) order TEST,BuySignal,
788,LONG,2009-02-11,69.0,1.0,2009-02-12,75.0,1.0,6.0,0.0,0.0,6.0,0.08695652173913038,Close entry(s) order TEST,BuySignal,
789,LONG,2009-02-13,77.1,1.0,2009-02-16,75.6,1.0,-1.5,0.0,0.04999699999999052,-1.5,-0.01945525291828798,Close entry(s) order TEST,BuySignal,
790,LONG,2009-02-17,68.0,1.0,2009-02-18,65.5,1.0,-2.5,0.0,0.0,-2.5,-0.03676470588235292,Close entry(s) order TEST,BuySignal,
791,LONG,2009-02-19,66.2,1.0,2009-02-20,66.8,1.0,0.5999999999999943,0.0,0.04999999999999716,0.5999999999999943,0.009063444108761143,Close entry(s) order TEST,BuySignal,
792,LONG,2009-02-24,64.5,1.0,2009-02-25,63.4,1.0,-1.1000000000000014,0.0,0.0,-1.1000000000000014,-0.01705426356589146,Close entry(s) order TEST,BuySignal,
793,LONG,2009-02-26,63.3,1.0,2009-02-27,57.1,1.0,-6.199999999999996,0.0,0.04999800000000221,-6.199999999999996,-0.09794628751974721,Close entry(s) order TEST,BuySignal,
794,LONG,2009-03-02,60.6,1.0,2009-03-03,56.5,1.0,-4.100000000000001,0.0,2.0000000020559128e-06,-4.100000000000001,-0.06765676567656764,Close entry(s) order TEST,BuySignal,
795,LONG,2009-03-04,55.0,1.0,2009-03-05,57.8,1.0,2.799999999999997,0.0,0.0,2.799999999999997,0.05090909090909079,Close entry(s) order TEST,BuySignal,
796,LONG,2009-03-06,50.2,1.0,2009-03-09,45.0,1.0,-5.200000000000003,0.0,0.04999999999999716,-5.200000000000003,-0.10358565737051795,Close entry(s) order TEST,BuySignal,
797,LONG,2009-03-12,50.0,1.0,2009-03-13,51.1,1.0,1.1000000000000014,0.0,0.04999899999999968,1.1000000000000014,0.02200000000000002,Close entry(s) order TEST,BuySignal,
798,LONG,2009-03-16,55.0,1.0,2009-03-17,50.1,1.0,-4.899999999999999,0.0,0.0,-4.899999999999999,-0.08909090909090911,Close entry(s) order TEST,BuySignal,
799,LONG,2009-03-18,61.0,1.0,2009-03-19,70.9,1.0,9.900000000000006,0.0,0.04999899999999968,9.900000000000006,0.16229508196721332,Close entry(s) order TEST,BuySignal,
800,LONG,2009-03-20,71.0,1.0,2009-03-23,70.9,1.0,-0.09999999999999432,0.0,0.0,-0.09999999999999432,-0.0014084507042252392,Close entry(s) order TEST,BuySignal,
801,LONG,2009-03-24,72.0,1.0,2009-03-25,68.0,1.0,-4.0,0.0,0.0,-4.0,-0.05555555555555558,Close entry(s) order TEST,BuySignal,
802,LONG,2009-03-26,80.0,1.0,2009-03-27,76.0,1.0,-4.0,0.0,0.0,-4.0,-0.050000000000000044,Close entry(s) order TEST,BuySignal,
803,LONG,2009-03-30,80.0,1.0,2009-03-31,74.0,1.0,-6.0,0.0,0.0,-6.0,-0.07499999999999996,Close entry(s) order TEST,BuySignal,
804,LONG,2009-04-01,76.4,1.0,2009-04-02,80.0,1.0,3.5999999999999943,0.0,1.9999999949504854e-06,3.5999999999999943,0.04712041884816753,Close entry(s) order TEST,BuySignal,
805,LONG,2009-04-06,81.7,1.0,2009-04-08,81.0,1.0,-0.7000000000000028,0.0,0.04999800000000221,-0.7000000000000028,-0.008567931456548328,Close entry(s) order TEST,BuySignal,
806,LONG,2009-04-09,89.4,1.0,2009-04-13,87.8,1.0,-1.6000000000000085,0.0,1.9999999949504854e-06,-1.6000000000000085,-0.017897091722595126,Close entry(s) order TEST,BuySignal,
807,LONG,2009-04-15,94.0,1.0,2009-04-16,98.0,1.0,4.0,0.0,0.0,4.0,0.042553191489361764,Close entry(s) order TEST,BuySignal,
808,LONG,2009-04-17,88.5,1.0,2009-04-20,91.9,1.0,3.4000000000000057,0.0,0.0,3.4000000000000057,0.03841807909604533,Close entry(s) order TEST,BuySignal,
809,LONG,2009-04-21,87.9,1.0,2009-04-22,105.0,1.0,17.099999999999994,0.0,1.9999999949504854e-06,17.099999999999994,0.1945392491467577,Close entry(s) order TEST,BuySignal,
810,LONG,2009-04-23,101.0,1.0,2009-04-24,102.2,1.0,1.2000000000000028,0.0,0.0,1.2000000000000028,0.011881188118811892,Close entry(s) order TEST,BuySignal,
811,LONG,2009-04-27,101.0,1.0,2009-04-28,102.0,1.0,1.0,0.0,0.0,1.0,0.00990099009900991,Close entry(s) order TEST,BuySignal,
812,LONG,2009-04-29,93.2,1.0,2009-05-04,100.6,1.0,7.3999999999999915,0.0,3.000000006636583e-06,7.3999999999999915,0.07939914163090123,Close entry(s) order TEST,BuySignal,
813,LONG,2009-05-05,106.0,1.0,2009-05-06,108.8,1.0,2.799999999999997,0.0,0.0,2.799999999999997,0.026415094339622636,Close entry(s) order TEST,BuySignal,
814,LONG,2009-05-07,106.9,1.0,2009-05-08,109.1,1.0,2.1999999999999886,0.0,1.9999999949504854e-06,2.1999999999999886,0.020579981290925975,Close entry(s) order TEST,BuySignal,
815,LONG,2009-05-11,117.4,1.0,2009-05-12,108.0,1.0,-9.400000000000006,0.0,1.9999999949504854e-06,-9.400000000000006,-0.08006814310051114,Close entry(s) order TEST,BuySignal,
816,LONG,2009-05-13,117.0,1.0,2009-05-14,109.1,1.0,-7.900000000000006,0.0,0.0,-7.900000000000006,-0.06752136752136761,Close entry(s) order TEST,BuySignal,
817,LONG,2009-05-15,115.0,1.0,2009-05-18,120.2,1.0,5.200000000000003,0.0,0.0,5.200000000000003,0.045217391304347876,Close entry(s) order TEST,BuySignal,
818,LONG,2009-05-19,135.0,1.0,2009-05-20,134.0,1.0,-1.0,0.0,0.0,-1.0,-0.007407407407407418,Close entry(s) order TEST,BuySignal,
819,LONG,2009-05-21,150.1,1.0,2009-05-22,144.1,1.0,-6.0,0.0,0.04999699999999052,-6.0,-0.03997335109926714,Close entry(s) order TEST,BuySignal,
820,LONG,2009-05-25,153.7,1.0,2009-05-26,168.7,1.0,15.0,0.0,2.999999992425728e-06,15.0,0.09759271307742345,Close entry(s) order TEST,BuySignal,
821,LONG,2009-05-27,162.5,1.0,2009-05-28,167.9,1.0,5.400000000000006,0.0,0.0,5.400000000000006,0.033230769230769175,Close entry(s) order TEST,BuySignal,
822,LONG,2009-05-29,170.0,1.0,2009-06-01,172.9,1.0,2.9000000000000057,0.0,0.0,2.9000000000000057,0.017058823529411793,Close entry(s) order TEST,BuySignal,
823,LONG,2009-06-02,196.4,1.0,2009-06-03,205.0,1.0,8.599999999999994,0.0,6.000000013273166e-06,8.599999999999994,0.04378818737270862,Close entry(s) order TEST,BuySignal,
824,LONG,2009-06-04,230.0,1.0,2009-06-05,237.9,1.0,7.900000000000006,0.0,0.0,7.900000000000006,0.03434782608695652,Close entry(s) order TEST,BuySignal,
825,LONG,2009-06-08,224.8,1.0,2009-06-09,201.0,1.0,-23.80000000000001,0.0,2.999999992425728e-06,-23.80000000000001,-0.10587188612099652,Close entry(s) order TEST,BuySignal,
826,LONG,2009-06-10,222.0,1.0,2009-06-11,218.5,1.0,-3.5,0.0,0.0,-3.5,-0.015765765765765716,Close entry(s) order TEST,BuySignal,
827,LONG,2009-06-12,225.7,1.0,2009-06-15,227.7,1.0,2.0,0.0,2.999999992425728e-06,2.0,0.00886132033673026,Close entry(s) order TEST,BuySignal,
828,LONG,2009-06-16,207.5,1.0,2009-06-17,217.0,1.0,9.5,0.0,0.0,9.5,0.04578313253012056,Close entry(s) order TEST,BuySignal,
829,LONG,2009-06-18,201.0,1.0,2009-06-19,196.9,1.0,-4.099999999999994,0.0,0.0,-4.099999999999994,-0.020398009950248763,Close entry(s) order TEST,BuySignal,
830,LONG,2009-06-22,210.0,1.0,2009-06-23,192.6,1.0,-17.400000000000006,0.0,0.0,-17.400000000000006,-0.08285714285714285,Close entry(s) order TEST,BuySignal,
831,LONG,2009-06-24,202.6,1.0,2009-06-25,219.8,1.0,17.200000000000017,0.0,0.04999699999999052,17.200000000000017,0.08489634748272468,Close entry(s) order TEST,BuySignal,
832,LONG,2009-06-26,208.9,1.0,2009-06-29,205.9,1.0,-3.0,0.0,0.049993999999998096,-3.0,-0.014360938247965582,Close entry(s) order TEST,BuySignal,
833,LONG,2009-06-30,214.8,1.0,2009-07-01,193.0,1.0,-21.80000000000001,0.0,2.999999992425728e-06,-21.80000000000001,-0.10148975791433901,Close entry(s) order TEST,BuySignal,
834,LONG,2009-07-02,204.0,1.0,2009-07-03,194.1,1.0,-9.900000000000006,0.0,0.0,-9.900000000000006,-0.04852941176470593,Close entry(s) order TEST,BuySignal,
835,LONG,2009-07-06,198.2,1.0,2009-07-07,186.2,1.0,-12.0,0.0,0.05000000000001137,-12.0,-0.06054490413723512,Close entry(s) order TEST,BuySignal,
836,LONG,2009-07-08,192.0,1.0,2009-07-09,186.4,1.0,-5.599999999999994,0.0,0.0,-5.599999999999994,-0.029166666666666674,Close entry(s) order TEST,BuySignal,
837,LONG,2009-07-10,195.7,1.0,2009-07-13,178.6,1.0,-17.099999999999994,0.0,2.999999992425728e-06,-17.099999999999994,-0.08737864077669899,Close entry(s) order TEST,BuySignal,
838,LONG,2009-07-14,178.1,1.0,2009-07-15,188.0,1.0,9.900000000000006,0.0,0.049993999999998096,9.900000000000006,0.05558674901740601,Close entry(s) order TEST,BuySignal,
839,LONG,2009-07-16,209.4,1.0,2009-07-17,201.0,1.0,-8.400000000000006,0.0,6.000000013273166e-06,-8.400000000000006,-0.04011461318051579,Close entry(s) order TEST,BuySignal,
840,LONG,2009-07-20,204.9,1.0,2009-07-21,196.0,1.0,-8.900000000000006,0.0,0.04999699999999052,-8.900000000000006,-0.04343582235236698,Close entry(s) order TEST,BuySignal,
841,LONG,2009-07-22,193.4,1.0,2009-07-23,201.1,1.0,7.699999999999989,0.0,0.04999699999999052,7.699999999999989,0.03981385729058928,Close entry(s) order TEST,BuySignal,
842,LONG,2009-07-24,210.1,1.0,2009-07-27,215.0,1.0,4.900000000000006,0.0,6.000000013273166e-06,4.900000000000006,0.023322227510709226,Close entry(s) order TEST,BuySignal,
843,LONG,2009-07-28,213.0,1.0,2009-07-29,227.0,1.0,14.0,0.0,0.0,14.0,0.06572769953051649,Close entry(s) order TEST,BuySignal,
844,LONG,2009-07-30,227.1,1.0,2009-07-31,230.7,1.0,3.5999999999999943,0.0,6.000000013273166e-06,3.5999999999999943,0.015852047556142557,Close entry(s) order TEST,BuySignal,
845,LONG,2009-08-03,228.4,1.0,2009-08-04,232.4,1.0,4.0,0.0,6.000000013273166e-06,4.0,0.017513134851138368,Close entry(s) order TEST,BuySignal,
846,LONG,2009-08-05,229.0,1.0,2009-08-06,225.6,1.0,-3.4000000000000057,0.0,0.0,-3.4000000000000057,-0.014847161572052459,Close entry(s) order TEST,BuySignal,
847,LONG,2009-08-07,220.9,1.0,2009-08-10,215.9,1.0,-5.0,0.0,0.049993999999998096,-5.0,-0.022634676324128522,Close entry(s) order TEST,BuySignal,
848,LONG,2009-08-11,206.6,1.0,2009-08-12,213.2,1.0,6.599999999999994,0.0,0.049993999999998096,6.599999999999994,0.031945788964181876,Close entry(s) order TEST,BuySignal,
849,LONG,2009-08-13,216.0,1.0,2009-08-14,221.5,1.0,5.5,0.0,0.0,5.5,0.02546296296296302,Close entry(s) order TEST,BuySignal,
850,LONG,2009-08-17,207.3,1.0,2009-08-18,200.0,1.0,-7.300000000000011,0.0,2.999999992425728e-06,-7.300000000000011,-0.035214664737096,Close entry(s) order TEST,BuySignal,
851,LONG,2009-08-19,211.6,1.0,2009-08-20,207.0,1.0,-4.599999999999994,0.0,0.049993999999998096,-4.599999999999994,-0.021739130434782594,Close entry(s) order TEST,BuySignal,
852,LONG,2009-08-21,214.2,1.0,2009-08-24,224.0,1.0,9.800000000000011,0.0,0.05000000000001137,9.800000000000011,0.045751633986928164,Close entry(s) order TEST,BuySignal,
853,LONG,2009-08-25,226.0,1.0,2009-08-26,233.6,1.0,7.599999999999994,0.0,0.0,7.599999999999994,0.03362831858407067,Close entry(s) order TEST,BuySignal,
854,LONG,2009-08-27,236.1,1.0,2009-08-28,246.0,1.0,9.900000000000006,0.0,6.000000013273166e-06,9.900000000000006,0.04193138500635318,Close entry(s) order TEST,BuySignal,
855,LONG,2009-08-31,240.1,1.0,2009-09-01,235.0,1.0,-5.099999999999994,0.0,6.000000013273166e-06,-5.099999999999994,-0.021241149521032843,Close entry(s) order TEST,BuySignal,
856,LONG,2009-09-02,230.9,1.0,2009-09-03,229.0,1.0,-1.9000000000000057,0.0,0.04999699999999052,-1.9000000000000057,-0.008228670420095341,Close entry(s) order TEST,BuySignal,
857,LONG,2009-09-04,232.5,1.0,2009-09-07,243.0,1.0,10.5,0.0,0.0,10.5,0.04516129032258065,Close entry(s) order TEST,BuySignal,
858,LONG,2009-09-08,257.0,1.0,2009-09-09,248.0,1.0,-9.0,0.0,0.0,-9.0,-0.035019455252918275,Close entry(s) order TEST,BuySignal,
859,LONG,2009-09-10,249.5,1.0,2009-09-11,250.1,1.0,0.5999999999999943,0.0,0.0,0.5999999999999943,0.0024048096192383905,Close entry(s) order TEST,BuySignal,
860,LONG,2009-09-14,248.0,1.0,2009-09-15,248.0,1.0,0.0,0.0,0.0,0.0,0.0,Close entry(s) order TEST,BuySignal,
861,LONG,2009-09-16,257.0,1.0,2009-09-17,261.0,1.0,4.0,0.0,0.0,4.0,0.015564202334630295,Close entry(s) order TEST,BuySignal,
862,LONG,2009-09-18,265.4,1.0,2009-09-22,271.0,1.0,5.600000000000023,0.0,0.049993999999969674,5.600000000000023,0.02110022607385087,Close entry(s) order TEST,BuySignal,
863,LONG,2009-09-23,277.0,1.0,2009-09-24,262.0,1.0,-15.0,0.0,0.04998799999998482,-15.0,-0.054151624548736454,Close entry(s) order TEST,BuySignal,
864,LONG,2009-09-25,259.0,1.0,2009-09-29,261.0,1.0,2.0,0.0,0.0,2.0,0.007722007722007707,Close entry(s) order TEST,BuySignal,
865,LONG,2009-09-30,255.9,1.0,2009-10-01,260.0,1.0,4.099999999999994,0.0,6.000000013273166e-06,4.099999999999994,0.016021883548261062,Close entry(s) order TEST,BuySignal,
866,LONG,2009-10-05,259.7,1.0,2009-10-06,264.8,1.0,5.100000000000023,0.0,1.2000000026546331e-05,5.100000000000023,0.019638043896804014,Close entry(s) order TEST,BuySignal,
867,LONG,2009-10-07,264.0,1.0,2009-10-08,274.0,1.0,10.0,0.0,0.0,10.0,0.037878787878787845,Close entry(s) order TEST,BuySignal,
868,LONG,2009-10-09,275.0,1.0,2009-10-12,269.1,1.0,-5.899999999999977,0.0,0.0,-5.899999999999977,-0.021454545454545393,Close entry(s) order TEST,BuySignal,
869,LONG,2009-10-14,278.8,1.0,2009-10-15,282.0,1.0,3.1999999999999886,0.0,1.2000000026546331e-05,3.1999999999999886,0.011477761836441891,Close entry(s) order TEST,BuySignal,
870,LONG,2009-10-16,280.0,1.0,2009-10-20,283.0,1.0,3.0,0.0,0.0,3.0,0.010714285714285676,Close entry(s) order TEST,BuySignal,
871,LONG,2009-10-21,284.9,1.0,2009-10-22,275.9,1.0,-9.0,0.0,5.999999984851456e-06,-9.0,-0.0315900315900316,Close entry(s) order TEST,BuySignal,
872,LONG,2009-10-23,272.0,1.0,2009-10-26,281.2,1.0,9.199999999999989,0.0,0.04998799999998482,9.199999999999989,0.033823529411764586,Close entry(s) order TEST,BuySignal,
873,LONG,2009-10-27,281.0,1.0,2009-10-28,266.1,1.0,-14.899999999999977,0.0,0.04998799999998482,-14.899999999999977,-0.05302491103202844,Close entry(s) order TEST,BuySignal,
874,LONG,2009-10-29,262.1,1.0,2009-10-30,260.0,1.0,-2.1000000000000227,0.0,0.049993999999969674,-2.1000000000000227,-0.008012209080503707,Close entry(s) order TEST,BuySignal,
875,LONG,2009-11-03,255.9,1.0,2009-11-04,251.0,1.0,-4.900000000000006,0.0,6.000000013273166e-06,-4.900000000000006,-0.019148104728409554,Close entry(s) order TEST,BuySignal,
876,LONG,2009-11-05,259.0,1.0,2009-11-06,268.0,1.0,9.0,0.0,0.0,9.0,0.03474903474903468,Close entry(s) order TEST,BuySignal,
877,LONG,2009-11-09,282.0,1.0,2009-11-10,281.0,1.0,-1.0,0.0,0.0,-1.0,-0.0035460992907800915,Close entry(s) order TEST,BuySignal,
878,LONG,2009-11-11,277.0,1.0,2009-11-12,285.0,1.0,8.0,0.0,0.0,8.0,0.028880866425992746,Close entry(s) order TEST,BuySignal,
879,LONG,2009-11-13,277.0,1.0,2009-11-16,284.6,1.0,7.600000000000023,0.0,0.0,7.600000000000023,0.02743682310469331,Close entry(s) order TEST,BuySignal,
880,LONG,2009-11-17,290.0,1.0,2009-11-18,284.0,1.0,-6.0,0.0,0.04998799999998482,-6.0,-0.020689655172413834,Close entry(s) order TEST,BuySignal,
881,LONG,2009-11-19,285.9,1.0,2009-11-20,289.7,1.0,3.8000000000000114,0.0,5.999999984851456e-06,3.8000000000000114,0.01329136061559999,Close entry(s) order TEST,BuySignal,
882,LONG,2009-11-23,286.4,1.0,2009-11-24,280.0,1.0,-6.399999999999977,0.0,5.999999984851456e-06,-6.399999999999977,-0.022346368715083775,Close entry(s) order TEST,BuySignal,
883,LONG,2009-11-25,279.4,1.0,2009-11-26,280.0,1.0,0.6000000000000227,0.0,5.999999984851456e-06,0.6000000000000227,0.0021474588403722628,Close entry(s) order TEST,BuySignal,
884,LONG,2009-11-27,268.0,1.0,2009-11-30,272.0,1.0,4.0,0.0,0.0,4.0,0.014925373134328401,Close entry(s) order TEST,BuySignal,
885,LONG,2009-12-01,279.0,1.0,2009-12-02,281.8,1.0,2.8000000000000114,0.0,0.0,2.8000000000000114,0.01003584229390686,Close entry(s) order TEST,BuySignal,
886,LONG,2009-12-03,280.9,1.0,2009-12-04,277.2,1.0,-3.6999999999999886,0.0,5.999999984851456e-06,-3.6999999999999886,-0.013171947312210719,Close entry(s) order TEST,BuySignal,
887,LONG,2009-12-07,278.0,1.0,2009-12-08,273.0,1.0,-5.0,0.0,0.0,-5.0,-0.017985611510791366,Close entry(s) order TEST,BuySignal,
888,LONG,2009-12-09,280.0,1.0,2009-12-10,271.0,1.0,-9.0,0.0,0.0,-9.0,-0.03214285714285714,Close entry(s) order TEST,BuySignal,
889,LONG,2009-12-11,271.0,1.0,2009-12-14,275.0,1.0,4.0,0.0,0.0,4.0,0.014760147601476037,Close entry(s) order TEST,BuySignal,
890,LONG,2009-12-15,268.0,1.0,2009-12-16,261.8,1.0,-6.199999999999989,0.0,0.0,-6.199999999999989,-0.023134328358208944,Close entry(s) order TEST,BuySignal,
891,LONG,2009-12-17,261.0,1.0,2009-12-18,261.0,1.0,0.0,0.0,0.0,0.0,0.0,Close entry(s) order TEST,BuySignal,
892,LONG,2009-12-21,261.0,1.0,2009-12-22,259.6,1.0,-1.3999999999999773,0.0,0.0,-1.3999999999999773,-0.005363984674329414,Close entry(s) order TEST,BuySignal,
893,LONG,2009-12-23,264.8,1.0,2009-12-24,268.0,1.0,3.1999999999999886,0.0,1.2000000026546331e-05,3.1999999999999886,0.012084592145015005,Close entry(s) order TEST,BuySignal,
894,LONG,2009-12-29,268.2,1.0,2009-12-30,273.0,1.0,4.800000000000011,0.0,1.2000000026546331e-05,4.800000000000011,0.017897091722595126,Close entry(s) order TEST,BuySignal,
895,LONG,2009-12-31,271.5,1.0,2010-01-04,270.8,1.0,-0.6999999999999886,0.0,0.0,-0.6999999999999886,-0.0025782688766113893,Close entry(s) order TEST,BuySignal,
896,LONG,2010-01-05,279.0,1.0,2010-01-06,276.2,1.0,-2.8000000000000114,0.0,0.0,-2.8000000000000114,-0.01003584229390686,Close entry(s) order TEST,BuySignal,
897,LONG,2010-01-07,277.1,1.0,2010-01-08,276.3,1.0,-0.8000000000000114,0.0,5.999999984851456e-06,-0.8000000000000114,-0.002887044388307558,Close entry(s) order TEST,BuySignal,
898,LONG,2010-01-11,284.0,1.0,2010-01-12,286.0,1.0,2.0,0.0,0.0,2.0,0.007042253521126751,Close entry(s) order TEST,BuySignal,
899,LONG,2010-01-13,275.2,1.0,2010-01-14,284.0,1.0,8.800000000000011,0.0,1.2000000026546331e-05,8.800000000000011,0.03197674418604657,Close entry(s) order TEST,BuySignal,
900,LONG,2010-01-15,281.8,1.0,2010-01-18,278.7,1.0,-3.1000000000000227,0.0,1.2000000026546331e-05,-3.1000000000000227,-0.011000709723207991,Close entry(s) order TEST,BuySignal,
901,LONG,2010-01-19,280.0,1.0,2010-01-20,282.0,1.0,2.0,0.0,0.0,2.0,0.0071428571428571175,Close entry(s) order TEST,BuySignal,
902,LONG,2010-01-21,280.0,1.0,2010-01-22,264.5,1.0,-15.5,0.0,0.0,-15.5,-0.05535714285714288,Close entry(s) order TEST,BuySignal,
903,LONG,2010-01-25,265.2,1.0,2010-01-27,269.0,1.0,3.8000000000000114,0.0,1.2000000026546331e-05,3.8000000000000114,0.014328808446455454,Close entry(s) order TEST,BuySignal,
904,LONG,2010-01-28,258.5,1.0,2010-01-29,257.9,1.0,-0.6000000000000227,0.0,0.04998799999998482,-0.6000000000000227,-0.002321083172147076,Close entry(s) order TEST,BuySignal,
905,LONG,2010-02-01,260.1,1.0,2010-02-02,265.3,1.0,5.199999999999989,0.0,5.999999984851456e-06,5.199999999999989,0.019992310649750156,Close entry(s) order TEST,BuySignal,
906,LONG,2010-02-03,262.0,1.0,2010-02-04,265.8,1.0,3.8000000000000114,0.0,0.0,3.8000000000000114,0.01450381679389312,Close entry(s) order TEST,BuySignal,
907,LONG,2010-02-05,255.0,1.0,2010-02-08,251.0,1.0,-4.0,0.0,0.0,-4.0,-0.015686274509803977,Close entry(s) order TEST,BuySignal,
908,LONG,2010-02-09,242.1,1.0,2010-02-10,248.5,1.0,6.400000000000006,0.0,6.000000013273166e-06,6.400000000000006,0.026435357290375938,Close entry(s) order TEST,BuySignal,
909,LONG,2010-02-11,243.9,1.0,2010-02-15,240.7,1.0,-3.200000000000017,0.0,6.000000013273166e-06,-3.200000000000017,-0.013120131201312057,Close entry(s) order TEST,BuySignal,
910,LONG,2010-02-16,240.8,1.0,2010-02-17,246.0,1.0,5.199999999999989,0.0,0.05000000000001137,5.199999999999989,0.021594684385382035,Close entry(s) order TEST,BuySignal,
911,LONG,2010-02-18,253.0,1.0,2010-02-19,246.0,1.0,-7.0,0.0,0.0,-7.0,-0.02766798418972327,Close entry(s) order TEST,BuySignal,
912,LONG,2010-02-22,242.1,1.0,2010-02-23,234.5,1.0,-7.599999999999994,0.0,6.000000013273166e-06,-7.599999999999994,-0.03139198678232136,Close entry(s) order TEST,BuySignal,
913,LONG,2010-02-24,230.0,1.0,2010-02-25,230.0,1.0,0.0,0.0,0.0,0.0,0.0,Close entry(s) order TEST,BuySignal,
914,LONG,2010-02-26,240.9,1.0,2010-03-02,241.7,1.0,0.799999999999983,0.0,6.000000013273166e-06,0.799999999999983,0.0033208800332087396,Close entry(s) order TEST,BuySignal,
915,LONG,2010-03-03,251.0,1.0,2010-03-04,257.7,1.0,6.699999999999989,0.0,0.0,6.699999999999989,0.026693227091633354,Close entry(s) order TEST,BuySignal,
916,LONG,2010-03-05,262.0,1.0,2010-03-08,268.5,1.0,6.5,0.0,0.0,6.5,0.024809160305343525,Close entry(s) order TEST,BuySignal,
917,LONG,2010-03-09,265.0,1.0,2010-03-10,265.8,1.0,0.8000000000000114,0.0,0.0,0.8000000000000114,0.0030188679245284344,Close entry(s) order TEST,BuySignal,
918,LONG,2010-03-11,264.0,1.0,2010-03-12,264.0,1.0,0.0,0.0,0.0,0.0,0.0,Close entry(s) order TEST,BuySignal,
919,LONG,2010-03-15,262.0,1.0,2010-03-16,255.1,1.0,-6.900000000000006,0.0,0.0,-6.900000000000006,-0.02633587786259539,Close entry(s) order TEST,BuySignal,
920,LONG,2010-03-17,268.8,1.0,2010-03-18,270.4,1.0,1.599999999999966,0.0,1.2000000026546331e-05,1.599999999999966,0.005952380952380931,Close entry(s) order TEST,BuySignal,
921,LONG,2010-03-19,282.0,1.0,2010-03-22,279.9,1.0,-2.1000000000000227,0.0,0.0,-2.1000000000000227,-0.007446808510638392,Close entry(s) order TEST,BuySignal,
922,LONG,2010-03-23,283.0,1.0,2010-03-25,279.0,1.0,-4.0,0.0,0.0,-4.0,-0.014134275618374548,Close entry(s) order TEST,BuySignal,
923,LONG,2010-03-26,283.7,1.0,2010-03-29,282.4,1.0,-1.3000000000000114,0.0,1.2000000026546331e-05,-1.3000000000000114,-0.004582305252026853,Close entry(s) order TEST,BuySignal,
924,LONG,2010-03-30,278.0,1.0,2010-03-31,276.3,1.0,-1.6999999999999886,0.0,0.0,-1.6999999999999886,-0.006115107913668982,Close entry(s) order TEST,BuySignal,
925,LONG,2010-04-01,275.0,1.0,2010-04-05,280.0,1.0,5.0,0.0,0.0,5.0,0.018181818181818077,Close entry(s) order TEST,BuySignal,
926,LONG,2010-04-06,288.0,1.0,2010-04-07,294.0,1.0,6.0,0.0,0.0,6.0,0.02083333333333326,Close entry(s) order TEST,BuySignal,
927,LONG,2010-04-08,292.0,1.0,2010-04-09,278.6,1.0,-13.399999999999977,0.0,0.0,-13.399999999999977,-0.045890410958904004,Close entry(s) order TEST,BuySignal,
928,LONG,2010-04-12,284.8,1.0,2010-04-13,277.5,1.0,-7.300000000000011,0.0,1.2000000026546331e-05,-7.300000000000011,-0.0256320224719101,Close entry(s) order TEST,BuySignal,
929,LONG,2010-04-15,284.5,1.0,2010-04-16,278.1,1.0,-6.399999999999977,0.0,0.0,-6.399999999999977,-0.022495606326889184,Close entry(s) order TEST,BuySignal,
930,LONG,2010-04-19,268.0,1.0,2010-04-20,265.0,1.0,-3.0,0.0,0.0,-3.0,-0.011194029850746245,Close entry(s) order TEST,BuySignal,
931,LONG,2010-04-21,269.0,1.0,2010-04-22,270.0,1.0,1.0,0.0,0.0,1.0,0.0037174721189590088,Close entry(s) order TEST,BuySignal,
932,LONG,2010-04-23,269.9,1.0,2010-04-26,272.0,1.0,2.1000000000000227,0.0,0.049993999999969674,2.1000000000000227,0.0077806595035199155,Close entry(s) order TEST,BuySignal,
933,LONG,2010-04-27,274.8,1.0,2010-04-28,270.0,1.0,-4.800000000000011,0.0,1.2000000026546331e-05,-4.800000000000011,-0.017467248908296984,Close entry(s) order TEST,BuySignal,
934,LONG,2010-04-29,266.0,1.0,2010-04-30,271.9,1.0,5.899999999999977,0.0,0.0,5.899999999999977,0.02218045112781941,Close entry(s) order TEST,BuySignal,
935,LONG,2010-05-03,269.0,1.0,2010-05-04,272.5,1.0,3.5,0.0,0.0,3.5,0.013011152416356975,Close entry(s) order TEST,BuySignal,
936,LONG,2010-05-05,265.5,1.0,2010-05-06,268.3,1.0,2.8000000000000114,0.0,0.0,2.8000000000000114,0.010546139359698614,Close entry(s) order TEST,BuySignal,
937,LONG,2010-05-07,266.9,1.0,2010-05-10,261.5,1.0,-5.399999999999977,0.0,5.999999984851456e-06,-5.399999999999977,-0.020232296740352096,Close entry(s) order TEST,BuySignal,
938,LONG,2010-05-11,271.0,1.0,2010-05-12,261.1,1.0,-9.899999999999977,0.0,0.0,-9.899999999999977,-0.036531365313653086,Close entry(s) order TEST,BuySignal,
939,LONG,2010-05-13,266.0,1.0,2010-05-14,264.0,1.0,-2.0,0.0,0.0,-2.0,-0.007518796992481258,Close entry(s) order TEST,BuySignal,
940,LONG,2010-05-17,252.0,1.0,2010-05-18,251.0,1.0,-1.0,0.0,0.0,-1.0,-0.003968253968253954,Close entry(s) order TEST,BuySignal,
941,LONG,2010-05-19,240.1,1.0,2010-05-20,232.0,1.0,-8.099999999999994,0.0,1.0000000003174137e-05,-8.099999999999994,-0.03373594335693464,Close entry(s) order TEST,BuySignal,
942,LONG,2010-05-21,225.8,1.0,2010-05-24,239.9,1.0,14.099999999999994,0.0,0.0,14.099999999999994,0.062444641275464896,Close entry(s) order TEST,BuySignal,
943,LONG,2010-05-25,230.1,1.0,2010-05-26,220.0,1.0,-10.099999999999994,0.0,1.0000000003174137e-05,-10.099999999999994,-0.04389395914819638,Close entry(s) order TEST,BuySignal,
944,LONG,2010-05-27,222.7,1.0,2010-05-28,239.9,1.0,17.200000000000017,0.0,0.0,17.200000000000017,0.07723394701392006,Close entry(s) order TEST,BuySignal,
945,LONG,2010-05-31,227.0,1.0,2010-06-01,224.9,1.0,-2.0999999999999943,0.0,0.0,-2.0999999999999943,-0.009251101321585908,Close entry(s) order TEST,BuySignal,
946,LONG,2010-06-02,217.0,1.0,2010-06-03,221.5,1.0,4.5,0.0,0.0,4.5,0.02073732718894017,Close entry(s) order TEST,BuySignal,
947,LONG,2010-06-04,215.1,1.0,2010-06-07,224.9,1.0,9.800000000000011,0.0,1.0000000003174137e-05,9.800000000000011,0.04556020455602061,Close entry(s) order TEST,BuySignal,
948,LONG,2010-06-08,227.0,1.0,2010-06-09,224.0,1.0,-3.0,0.0,0.0,-3.0,-0.013215859030836996,Close entry(s) order TEST,BuySignal,
949,LONG,2010-06-10,223.7,1.0,2010-06-11,229.0,1.0,5.300000000000011,0.0,0.0,5.300000000000011,0.023692445239159587,Close entry(s) order TEST,BuySignal,
950,LONG,2010-06-14,234.9,1.0,2010-06-15,241.0,1.0,6.099999999999994,0.0,1.0000000003174137e-05,6.099999999999994,0.025968497232865095,Close entry(s) order TEST,BuySignal,
951,LONG,2010-06-16,245.0,1.0,2010-06-17,242.6,1.0,-2.4000000000000057,0.0,0.0,-2.4000000000000057,-0.009795918367346945,Close entry(s) order TEST,BuySignal,
952,LONG,2010-06-18,244.0,1.0,2010-06-21,243.0,1.0,-1.0,0.0,0.0,-1.0,-0.004098360655737654,Close entry(s) order TEST,BuySignal,
953,LONG,2010-06-22,244.0,1.0,2010-06-23,235.0,1.0,-9.0,0.0,0.0,-9.0,-0.03688524590163933,Close entry(s) order TEST,BuySignal,
954,LONG,2010-06-24,240.1,1.0,2010-06-25,236.9,1.0,-3.1999999999999886,0.0,1.0000000003174137e-05,-3.1999999999999886,-0.013327780091628494,Close entry(s) order TEST,BuySignal,
955,LONG,2010-06-28,237.6,1.0,2010-06-29,240.0,1.0,2.4000000000000057,0.0,0.049990000000008195,2.4000000000000057,0.010101010101010166,Close entry(s) order TEST,BuySignal,
956,LONG,2010-06-30,233.1,1.0,2010-07-01,232.0,1.0,-1.0999999999999943,0.0,1.0000000003174137e-05,-1.0999999999999943,-0.00471900471900466,Close entry(s) order TEST,BuySignal,
957,LONG,2010-07-02,232.6,1.0,2010-07-05,227.9,1.0,-4.699999999999989,0.0,1.0000000003174137e-05,-4.699999999999989,-0.020206362854686133,Close entry(s) order TEST,BuySignal,
958,LONG,2010-07-06,229.0,1.0,2010-07-07,233.6,1.0,4.599999999999994,0.0,0.0,4.599999999999994,0.02008733624454151,Close entry(s) order TEST,BuySignal,
959,LONG,2010-07-08,234.9,1.0,2010-07-09,237.7,1.0,2.799999999999983,0.0,1.0000000003174137e-05,2.799999999999983,0.011919965942954303,Close entry(s) order TEST,BuySignal,
960,LONG,2010-07-12,243.2,1.0,2010-07-13,243.0,1.0,-0.19999999999998863,0.0,0.05000000000001137,-0.19999999999998863,-0.0008223684210525439,Close entry(s) order TEST,BuySignal,
961,LONG,2010-07-14,249.6,1.0,2010-07-15,244.9,1.0,-4.699999999999989,0.0,0.049990000000008195,-4.699999999999989,-0.018830128205128194,Close entry(s) order TEST,BuySignal,
962,LONG,2010-07-16,244.5,1.0,2010-07-19,248.6,1.0,4.099999999999994,0.0,0.0,4.099999999999994,0.0167689161554192,Close entry(s) order TEST,BuySignal,
963,LONG,2010-07-20,245.6,1.0,2010-07-21,250.0,1.0,4.400000000000006,0.0,0.049990000000008195,4.400000000000006,0.01791530944625408,Close entry(s) order TEST,BuySignal,
964,LONG,2010-07-22,251.0,1.0,2010-07-23,253.4,1.0,2.4000000000000057,0.0,0.0,2.4000000000000057,0.009561752988047845,Close entry(s) order TEST,BuySignal,
965,LONG,2010-07-26,249.9,1.0,2010-07-27,245.0,1.0,-4.900000000000006,0.0,1.0000000003174137e-05,-4.900000000000006,-0.019607843137254943,Close entry(s) order TEST,BuySignal,
966,LONG,2010-07-28,249.0,1.0,2010-07-29,256.0,1.0,7.0,0.0,0.0,7.0,0.028112449799196693,Close entry(s) order TEST,BuySignal,
967,LONG,2010-07-30,247.9,1.0,2010-08-02,248.9,1.0,1.0,0.0,1.0000000003174137e-05,1.0,0.004033884630899598,Close entry(s) order TEST,BuySignal,
968,LONG,2010-08-03,249.0,1.0,2010-08-04,249.0,1.0,0.0,0.0,0.0,0.0,0.0,Close entry(s) order TEST,BuySignal,
969,LONG,2010-08-05,247.8,1.0,2010-08-06,250.0,1.0,2.1999999999999886,0.0,0.0,2.1999999999999886,0.00887812752219519,Close entry(s) order TEST,BuySignal,
970,LONG,2010-08-09,251.6,1.0,2010-08-10,254.0,1.0,2.4000000000000057,0.0,0.049990000000008195,2.4000000000000057,0.009538950715421324,Close entry(s) order TEST,BuySignal,
971,LONG,2010-08-11,251.0,1.0,2010-08-12,244.8,1.0,-6.199999999999989,0.0,0.0,-6.199999999999989,-0.024701195219123506,Close entry(s) order TEST,BuySignal,
972,LONG,2010-08-13,250.1,1.0,2010-08-16,254.9,1.0,4.800000000000011,0.0,1.0000000003174137e-05,4.800000000000011,0.01919232307077179,Close entry(s) order TEST,BuySignal,
973,LONG,2010-08-17,253.7,1.0,2010-08-18,249.1,1.0,-4.599999999999994,0.0,0.0,-4.599999999999994,-0.018131651556957062,Close entry(s) order TEST,BuySignal,
974,LONG,2010-08-19,251.3,1.0,2010-08-20,248.4,1.0,-2.9000000000000057,0.0,0.0,-2.9000000000000057,-0.011539992041384783,Close entry(s) order TEST,BuySignal,
975,LONG,2010-08-23,250.1,1.0,2010-08-24,247.1,1.0,-3.0,0.0,1.0000000003174137e-05,-3.0,-0.011995201919232312,Close entry(s) order TEST,BuySignal,
976,LONG,2010-08-25,241.2,1.0,2010-08-26,241.4,1.0,0.20000000000001705,0.0,0.05000000000001137,0.20000000000001705,0.0008291873963517382,Close entry(s) order TEST,BuySignal,
977,LONG,2010-08-27,239.0,1.0,2010-08-30,238.0,1.0,-1.0,0.0,0.0,-1.0,-0.004184100418409997,Close entry(s) order TEST,BuySignal,
978,LONG,2010-08-31,236.0,1.0,2010-09-01,233.6,1.0,-2.4000000000000057,0.0,0.0,-2.4000000000000057,-0.01016949152542379,Close entry(s) order TEST,BuySignal,
979,LONG,2010-09-02,241.0,1.0,2010-09-03,248.9,1.0,7.900000000000006,0.0,0.0,7.900000000000006,0.03278008298755197,Close entry(s) order TEST,BuySignal,
980,LONG,2010-09-06,246.9,1.0,2010-09-07,252.0,1.0,5.099999999999994,0.0,0.049990000000008195,5.099999999999994,0.020656136087484844,Close entry(s) order TEST,BuySignal,
981,LONG,2010-09-08,251.1,1.0,2010-09-09,258.0,1.0,6.900000000000006,0.0,0.04999999999998295,6.900000000000006,0.027479091995221028,Close entry(s) order TEST,BuySignal,
982,LONG,2010-09-13,256.8,1.0,2010-09-14,261.1,1.0,4.300000000000011,0.0,1.0000000031595846e-05,4.300000000000011,0.016744548286604433,Close entry(s) order TEST,BuySignal,
983,LONG,2010-09-15,256.9,1.0,2010-09-16,257.9,1.0,1.0,0.0,9.999999974752427e-06,1.0,0.003892565200467102,Close entry(s) order TEST,BuySignal,
984,LONG,2010-09-17,253.9,1.0,2010-09-20,256.1,1.0,2.200000000000017,0.0,1.0000000003174137e-05,2.200000000000017,0.008664828672705793,Close entry(s) order TEST,BuySignal,
985,LONG,2010-09-21,256.0,1.0,2010-09-22,253.1,1.0,-2.9000000000000057,0.0,0.0,-2.9000000000000057,-0.011328125000000022,Close entry(s) order TEST,BuySignal,
986,LONG,2010-09-23,258.0,1.0,2010-09-24,257.4,1.0,-0.6000000000000227,0.0,0.0,-0.6000000000000227,-0.0023255813953488857,Close entry(s) order TEST,BuySignal,
987,LONG,2010-09-27,261.0,1.0,2010-09-28,268.5,1.0,7.5,0.0,0.0,7.5,0.028735632183908066,Close entry(s) order TEST,BuySignal,
988,LONG,2010-09-29,271.0,1.0,2010-09-30,268.9,1.0,-2.1000000000000227,0.0,0.0,-2.1000000000000227,-0.007749077490775025,Close entry(s) order TEST,BuySignal,
989,LONG,2010-10-01,269.1,1.0,2010-10-04,274.0,1.0,4.899999999999977,0.0,9.999999974752427e-06,4.899999999999977,0.01820884429580083,Close entry(s) order TEST,BuySignal,
990,LONG,2010-10-05,271.8,1.0,2010-10-06,272.6,1.0,0.8000000000000114,0.0,1.0000000031595846e-05,0.8000000000000114,0.0029433406916850036,Close entry(s) order TEST,BuySignal,
991,LONG,2010-10-07,273.8,1.0,2010-10-08,269.0,1.0,-4.800000000000011,0.0,1.0000000031595846e-05,-4.800000000000011,-0.01753104455807164,Close entry(s) order TEST,BuySignal,
992,LONG,2010-10-11,268.7,1.0,2010-10-12,271.1,1.0,2.400000000000034,0.0,1.0000000031595846e-05,2.400000000000034,0.008931894305917565,Close entry(s) order TEST,BuySignal,
993,LONG,2010-10-13,264.0,1.0,2010-10-14,263.0,1.0,-1.0,0.0,0.0,-1.0,-0.0037878787878787845,Close entry(s) order TEST,BuySignal,
994,LONG,2010-10-15,263.4,1.0,2010-10-18,256.8,1.0,-6.599999999999966,0.0,9.999999974752427e-06,-6.599999999999966,-0.02505694760820032,Close entry(s) order TEST,BuySignal,
995,LONG,2010-10-19,270.0,1.0,2010-10-20,254.1,1.0,-15.900000000000006,0.0,0.0,-15.900000000000006,-0.05888888888888888,Close entry(s) order TEST,BuySignal,
996,LONG,2010-10-21,249.4,1.0,2010-10-22,251.9,1.0,2.5,0.0,0.049990000000008195,2.5,0.010024057738572623,Close entry(s) order TEST,BuySignal,
997,LONG,2010-10-25,250.8,1.0,2010-10-26,249.0,1.0,-1.8000000000000114,0.0,0.0,-1.8000000000000114,-0.0071770334928230595,Close entry(s) order TEST,BuySignal,
998,LONG,2010-10-27,250.9,1.0,2010-10-28,249.9,1.0,-1.0,0.0,0.04999999999998295,-1.0,-0.003985651654045408,Close entry(s) order TEST,BuySignal,
999,LONG,2010-10-29,248.4,1.0,2010-11-01,249.5,1.0,1.0999999999999943,0.0,0.049990000000008195,1.0999999999999943,0.004428341384863144,Close entry(s) order TEST,BuySignal,
1000,LONG,2010-11-02,261.0,1.0,2010-11-03,263.0,1.0,2.0,0.0,0.04998999999997977,2.0,0.00766283524904221,Close entry(s) order TEST,BuySignal,
1001,LONG,2010-11-04,261.5,1.0,2010-11-05,264.4,1.0,2.8999999999999773,0.0,0.0,2.8999999999999773,0.011089866156787753,Close entry(s) order TEST,BuySignal,
1002,LONG,2010-11-08,262.0,1.0,2010-11-09,263.8,1.0,1.8000000000000114,0.0,0.0,1.8000000000000114,0.006870229007633677,Close entry(s) order TEST,BuySignal,
1003,LONG,2010-11-10,269.0,1.0,2010-11-11,268.4,1.0,-0.6000000000000227,0.0,0.0,-0.6000000000000227,-0.0022304832713755385,Close entry(s) order TEST,BuySignal,
1004,LONG,2010-11-12,266.0,1.0,2010-11-15,256.4,1.0,-9.600000000000023,0.0,0.0,-9.600000000000023,-0.03609022556390984,Close entry(s) order TEST,BuySignal,
1005,LONG,2010-11-16,259.0,1.0,2010-11-18,253.9,1.0,-5.099999999999994,0.0,0.0,-5.099999999999994,-0.019691119691119696,Close entry(s) order TEST,BuySignal,
1006,LONG,2010-11-19,255.0,1.0,2010-11-22,245.0,1.0,-10.0,0.0,0.0,-10.0,-0.039215686274509776,Close entry(s) order TEST,BuySignal,
1007,LONG,2010-11-23,238.5,1.0,2010-11-24,237.0,1.0,-1.5,0.0,0.0,-1.5,-0.0062893081761006275,Close entry(s) order TEST,BuySignal,
1008,LONG,2010-11-25,237.3,1.0,2010-11-26,229.1,1.0,-8.200000000000017,0.0,0.0,-8.200000000000017,-0.0345554150863886,Close entry(s) order TEST,BuySignal,
1009,LONG,2010-11-29,208.2,1.0,2010-11-30,202.0,1.0,-6.199999999999989,0.0,0.0,-6.199999999999989,-0.029779058597502295,Close entry(s) order TEST,BuySignal,
1010,LONG,2010-12-01,209.0,1.0,2010-12-02,221.3,1.0,12.300000000000011,0.0,0.0,12.300000000000011,0.05885167464114849,Close entry(s) order TEST,BuySignal,
1011,LONG,2010-12-03,190.5,1.0,2010-12-06,174.9,1.0,-15.599999999999994,0.0,0.0,-15.599999999999994,-0.0818897637795275,Close entry(s) order TEST,BuySignal,
1012,LONG,2010-12-07,175.0,1.0,2010-12-08,170.0,1.0,-5.0,0.0,0.0,-5.0,-0.02857142857142858,Close entry(s) order TEST,BuySignal,
1013,LONG,2010-12-09,165.0,1.0,2010-12-10,152.1,1.0,-12.900000000000006,0.0,0.0,-12.900000000000006,-0.07818181818181824,Close entry(s) order TEST,BuySignal,
1014,LONG,2010-12-13,156.6,1.0,2010-12-14,166.7,1.0,10.099999999999994,0.0,1.0000000003174137e-05,10.099999999999994,0.06449553001277142,Close entry(s) order TEST,BuySignal,
1015,LONG,2010-12-15,171.0,1.0,2010-12-16,169.9,1.0,-1.0999999999999943,0.0,0.0,-1.0999999999999943,-0.006432748538011679,Close entry(s) order TEST,BuySignal,
1016,LONG,2010-12-20,169.4,1.0,2010-12-21,167.0,1.0,-2.4000000000000057,0.0,1.0000000003174137e-05,-2.4000000000000057,-0.01416765053128688,Close entry(s) order TEST,BuySignal,
1017,LONG,2010-12-22,169.5,1.0,2010-12-23,175.1,1.0,5.599999999999994,0.0,0.0,5.599999999999994,0.03303834808259576,Close entry(s) order TEST,BuySignal,
1018,LONG,2010-12-24,168.9,1.0,2010-12-27,171.5,1.0,2.5999999999999943,0.0,0.049990000000008195,2.5999999999999943,0.015393724097098938,Close entry(s) order TEST,BuySignal,
1019,LONG,2010-12-28,167.1,1.0,2010-12-29,167.0,1.0,-0.09999999999999432,0.0,1.0000000003174137e-05,-0.09999999999999432,-0.0005984440454817053,Close entry(s) order TEST,BuySignal,
1020,LONG,2010-12-30,165.8,1.0,2010-12-31,165.4,1.0,-0.4000000000000057,0.0,0.0,-0.4000000000000057,-0.0024125452352231624,Close entry(s) order TEST,BuySignal,
1021,LONG,2011-01-03,171.4,1.0,2011-01-04,173.0,1.0,1.5999999999999943,0.0,0.04999999999998295,1.5999999999999943,0.00933488914819125,Close entry(s) order TEST,BuySignal,
1022,LONG,2011-01-05,177.1,1.0,2011-01-06,177.2,1.0,0.09999999999999432,0.0,0.04999999999998295,0.09999999999999432,0.0005646527385656519,Close entry(s) order TEST,BuySignal,
1023,LONG,2011-01-07,175.2,1.0,2011-01-10,168.8,1.0,-6.399999999999977,0.0,0.0,-6.399999999999977,-0.03652968036529669,Close entry(s) order TEST,BuySignal,
1024,LONG,2011-01-11,167.2,1.0,2011-01-12,162.0,1.0,-5.199999999999989,0.0,0.0,-5.199999999999989,-0.031100478468899406,Close entry(s) order TEST,BuySignal,
1025,LONG,2011-01-13,164.2,1.0,2011-01-14,160.0,1.0,-4.199999999999989,0.0,0.05000000000001137,-4.199999999999989,-0.025578562728379994,Close entry(s) order TEST,BuySignal,
1026,LONG,2011-01-17,151.1,1.0,2011-01-18,148.5,1.0,-2.5999999999999943,0.0,0.04999999999998295,-2.5999999999999943,-0.017207147584381133,Close entry(s) order TEST,BuySignal,
1027,LONG,2011-01-19,149.3,1.0,2011-01-20,146.7,1.0,-2.6000000000000227,0.0,0.0,-2.6000000000000227,-0.017414601473543345,Close entry(s) order TEST,BuySignal,
1028,LONG,2011-01-21,152.0,1.0,2011-01-24,163.6,1.0,11.599999999999994,0.0,0.0,11.599999999999994,0.07631578947368411,Close entry(s) order TEST,BuySignal,
1029,LONG,2011-01-25,160.0,1.0,2011-01-27,159.9,1.0,-0.09999999999999432,0.0,0.0,-0.09999999999999432,-0.0006249999999999867,Close entry(s) order TEST,BuySignal,
1030,LONG,2011-01-28,149.9,1.0,2011-01-31,146.4,1.0,-3.5,0.0,1.0000000003174137e-05,-3.5,-0.023348899266177447,Close entry(s) order TEST,BuySignal,
1031,LONG,2011-02-01,152.4,1.0,2011-02-02,151.4,1.0,-1.0,0.0,1.0000000003174137e-05,-1.0,-0.006561679790026198,Close entry(s) order TEST,BuySignal,
1032,LONG,2011-02-03,151.7,1.0,2011-02-04,152.1,1.0,0.4000000000000057,0.0,0.0,0.4000000000000057,0.002636783124588149,Close entry(s) order TEST,BuySignal,
1033,LONG,2011-02-07,159.0,1.0,2011-02-08,168.3,1.0,9.300000000000011,0.0,0.0,9.300000000000011,0.05849056603773595,Close entry(s) order TEST,BuySignal,
1034,LONG,2011-02-09,168.6,1.0,2011-02-10,168.7,1.0,0.09999999999999432,0.0,0.049990000000008195,0.09999999999999432,0.0005931198102016033,Close entry(s) order TEST,BuySignal,
1035,LONG,2011-02-11,174.0,1.0,2011-02-14,173.8,1.0,-0.19999999999998863,0.0,0.0,-0.19999999999998863,-0.0011494252873562871,Close entry(s) order TEST,BuySignal,
1036,LONG,2011-02-15,184.5,1.0,2011-02-16,180.1,1.0,-4.400000000000006,0.0,0.0,-4.400000000000006,-0.02384823848238482,Close entry(s) order TEST,BuySignal,
1037,LONG,2011-02-17,184.0,1.0,2011-02-18,187.9,1.0,3.9000000000000057,0.0,0.0,3.9000000000000057,0.02119565217391317,Close entry(s) order TEST,BuySignal,
1038,LONG,2011-02-21,183.4,1.0,2011-02-22,191.0,1.0,7.599999999999994,0.0,0.04999999999998295,7.599999999999994,0.04143947655398028,Close entry(s) order TEST,BuySignal,
1039,LONG,2011-02-23,191.0,1.0,2011-02-24,194.6,1.0,3.5999999999999943,0.0,0.0,3.5999999999999943,0.01884816753926688,Close entry(s) order TEST,BuySignal,
1040,LONG,2011-02-25,184.2,1.0,2011-02-28,189.0,1.0,4.800000000000011,0.0,0.0,4.800000000000011,0.026058631921824116,Close entry(s) order TEST,BuySignal,
1041,LONG,2011-03-01,194.7,1.0,2011-03-03,190.2,1.0,-4.5,0.0,0.0,-4.5,-0.023112480739599373,Close entry(s) order TEST,BuySignal,
1042,LONG,2011-03-04,182.1,1.0,2011-03-07,178.1,1.0,-4.0,0.0,0.04999999999998295,-4.0,-0.02196595277320157,Close entry(s) order TEST,BuySignal,
1043,LONG,2011-03-08,177.3,1.0,2011-03-09,184.2,1.0,6.899999999999977,0.0,0.0,6.899999999999977,0.03891708967851093,Close entry(s) order TEST,BuySignal,
1044,LONG,2011-03-10,188.0,1.0,2011-03-11,183.9,1.0,-4.099999999999994,0.0,0.0,-4.099999999999994,-0.021808510638297807,Close entry(s) order TEST,BuySignal,
1045,LONG,2011-03-14,188.5,1.0,2011-03-15,194.5,1.0,6.0,0.0,0.0,6.0,0.03183023872679036,Close entry(s) order TEST,BuySignal,
1046,LONG,2011-03-16,198.5,1.0,2011-03-17,203.0,1.0,4.5,0.0,0.0,4.5,0.02267002518891692,Close entry(s) order TEST,BuySignal,
1047,LONG,2011-03-18,200.4,1.0,2011-03-21,202.6,1.0,2.1999999999999886,0.0,1.0000000003174137e-05,2.1999999999999886,0.010978043912175606,Close entry(s) order TEST,BuySignal,
1048,LONG,2011-03-22,196.6,1.0,2011-03-23,194.0,1.0,-2.5999999999999943,0.0,0.049990000000008195,-2.5999999999999943,-0.01322482197355035,Close entry(s) order TEST,BuySignal,
1049,LONG,2011-03-24,193.0,1.0,2011-03-25,202.6,1.0,9.599999999999994,0.0,0.0,9.599999999999994,0.04974093264248691,Close entry(s) order TEST,BuySignal,
1050,LONG,2011-03-28,206.1,1.0,2011-03-29,202.1,1.0,-4.0,0.0,0.04999999999998295,-4.0,-0.019408054342552106,Close entry(s) order TEST,BuySignal,
1051,LONG,2011-03-30,199.7,1.0,2011-03-31,203.1,1.0,3.4000000000000057,0.0,0.0,3.4000000000000057,0.01702553830746112,Close entry(s) order TEST,BuySignal,
1052,LONG,2011-04-01,208.1,1.0,2011-04-04,202.0,1.0,-6.099999999999994,0.0,0.04999999999998295,-6.099999999999994,-0.02931283037001442,Close entry(s) order TEST,BuySignal,
1053,LONG,2011-04-05,206.1,1.0,2011-04-06,209.9,1.0,3.8000000000000114,0.0,1.0000000003174137e-05,3.8000000000000114,0.018437651625424545,Close entry(s) order TEST,BuySignal,
1054,LONG,2011-04-07,208.9,1.0,2011-04-08,209.0,1.0,0.09999999999999432,0.0,0.04999999999998295,0.09999999999999432,0.0004786979415987158,Close entry(s) order TEST,BuySignal,
1055,LONG,2011-04-11,210.0,1.0,2011-04-13,213.0,1.0,3.0,0.0,0.0,3.0,0.014285714285714235,Close entry(s) order TEST,BuySignal,
1056,LONG,2011-04-15,212.1,1.0,2011-04-18,212.5,1.0,0.4000000000000057,0.0,0.04999999999998295,0.4000000000000057,0.001885902876001877,Close entry(s) order TEST,BuySignal,
1057,LONG,2011-04-19,201.6,1.0,2011-04-20,208.1,1.0,6.5,0.0,0.049990000000008195,6.5,0.03224206349206349,Close entry(s) order TEST,BuySignal,
1058,LONG,2011-04-21,204.4,1.0,2011-04-25,203.0,1.0,-1.4000000000000057,0.0,0.04999999999998295,-1.4000000000000057,-0.006849315068493178,Close entry(s) order TEST,BuySignal,
1059,LONG,2011-04-26,201.0,1.0,2011-04-27,200.4,1.0,-0.5999999999999943,0.0,0.0,-0.5999999999999943,-0.0029850746268655914,Close entry(s) order TEST,BuySignal,
1060,LONG,2011-04-28,197.3,1.0,2011-04-29,198.6,1.0,1.299999999999983,0.0,0.0,1.299999999999983,0.006588950836289742,Close entry(s) order TEST,BuySignal,
1061,LONG,2011-05-02,192.0,1.0,2011-05-03,185.0,1.0,-7.0,0.0,0.0,-7.0,-0.03645833333333337,Close entry(s) order TEST,BuySignal,
1062,LONG,2011-05-04,182.5,1.0,2011-05-05,192.0,1.0,9.5,0.0,0.0,9.5,0.05205479452054784,Close entry(s) order TEST,BuySignal,
1063,LONG,2011-05-06,185.2,1.0,2011-05-09,190.6,1.0,5.400000000000006,0.0,0.0,5.400000000000006,0.029157667386609187,Close entry(s) order TEST,BuySignal,
1064,LONG,2011-05-10,192.0,1.0,2011-05-11,187.0,1.0,-5.0,0.0,0.0,-5.0,-0.02604166666666663,Close entry(s) order TEST,BuySignal,
1065,LONG,2011-05-12,186.4,1.0,2011-05-13,181.8,1.0,-4.599999999999994,0.0,0.04999999999998295,-4.599999999999994,-0.02467811158798283,Close entry(s) order TEST,BuySignal,
1066,LONG,2011-05-16,180.2,1.0,2011-05-17,177.9,1.0,-2.299999999999983,0.0,0.0,-2.299999999999983,-0.012763596004439437,Close entry(s) order TEST,BuySignal,
1067,LONG,2011-05-18,176.1,1.0,2011-05-19,177.8,1.0,1.700000000000017,0.0,1.0000000003174137e-05,1.700000000000017,0.009653605905735496,Close entry(s) order TEST,BuySignal,
1068,LONG,2011-05-20,174.4,1.0,2011-05-23,172.2,1.0,-2.200000000000017,0.0,1.0000000003174137e-05,-2.200000000000017,-0.012614678899082632,Close entry(s) order TEST,BuySignal,
1069,LONG,2011-05-24,175.0,1.0,2011-05-25,178.1,1.0,3.0999999999999943,0.0,0.0,3.0999999999999943,0.01771428571428557,Close entry(s) order TEST,BuySignal,
1070,LONG,2011-05-26,173.4,1.0,2011-05-27,172.8,1.0,-0.5999999999999943,0.0,0.04999999999998295,-0.5999999999999943,-0.0034602076124566894,Close entry(s) order TEST,BuySignal,
1071,LONG,2011-05-30,179.0,1.0,2011-05-31,176.5,1.0,-2.5,0.0,0.0,-2.5,-0.013966480446927387,Close entry(s) order TEST,BuySignal,
1072,LONG,2011-06-01,177.1,1.0,2011-06-02,174.4,1.0,-2.6999999999999886,0.0,0.04999999999998295,-2.6999999999999886,-0.015245623941276043,Close entry(s) order TEST,BuySignal,
1073,LONG,2011-06-03,178.0,1.0,2011-06-06,168.3,1.0,-9.699999999999989,0.0,0.0,-9.699999999999989,-0.05449438202247181,Close entry(s) order TEST,BuySignal,
1074,LONG,2011-06-07,167.1,1.0,2011-06-08,173.0,1.0,5.900000000000006,0.0,0.049990000000008195,5.900000000000006,0.035308198683423164,Close entry(s) order TEST,BuySignal,
1075,LONG,2011-06-09,173.5,1.0,2011-06-10,174.0,1.0,0.5,0.0,0.0,0.5,0.0028818443804035088,Close entry(s) order TEST,BuySignal,
1076,LONG,2011-06-13,173.0,1.0,2011-06-14,174.9,1.0,1.9000000000000057,0.0,0.0,1.9000000000000057,0.01098265895953765,Close entry(s) order TEST,BuySignal,
1077,LONG,2011-06-15,171.4,1.0,2011-06-16,168.4,1.0,-3.0,0.0,1.0000000003174137e-05,-3.0,-0.017502917152858788,Close entry(s) order TEST,BuySignal,
1078,LONG,2011-06-17,166.7,1.0,2011-06-20,166.5,1.0,-0.19999999999998863,0.0,0.0,-0.19999999999998863,-0.0011997600479903836,Close entry(s) order TEST,BuySignal,
1079,LONG,2011-06-21,160.1,1.0,2011-06-22,161.6,1.0,1.5,0.0,0.04999999999998295,1.5,0.00936914428482205,Close entry(s) order TEST,BuySignal,
1080,LONG,2011-06-23,155.6,1.0,2011-06-24,157.0,1.0,1.4000000000000057,0.0,0.04999999999998295,1.4000000000000057,0.00899742930591274,Close entry(s) order TEST,BuySignal,
1081,LONG,2011-06-27,160.1,1.0,2011-06-28,162.9,1.0,2.8000000000000114,0.0,1.0000000003174137e-05,2.8000000000000114,0.017489069331667828,Close entry(s) order TEST,BuySignal,
1082,LONG,2011-06-29,176.0,1.0,2011-06-30,175.9,1.0,-0.09999999999999432,0.0,0.0,-0.09999999999999432,-0.0005681818181817455,Close entry(s) order TEST,BuySignal,
1083,LONG,2011-07-01,174.0,1.0,2011-07-04,175.2,1.0,1.1999999999999886,0.0,0.0,1.1999999999999886,0.006896551724137945,Close entry(s) order TEST,BuySignal,
1084,LONG,2011-07-05,175.0,1.0,2011-07-06,170.1,1.0,-4.900000000000006,0.0,0.0,-4.900000000000006,-0.028000000000000025,Close entry(s) order TEST,BuySignal,
1085,LONG,2011-07-07,172.1,1.0,2011-07-08,171.1,1.0,-1.0,0.0,1.0000000003174137e-05,-1.0,-0.005810575246949501,Close entry(s) order TEST,BuySignal,
1086,LONG,2011-07-11,172.0,1.0,2011-07-12,166.0,1.0,-6.0,0.0,0.0,-6.0,-0.03488372093023251,Close entry(s) order TEST,BuySignal,
1087,LONG,2011-07-13,166.6,1.0,2011-07-14,169.0,1.0,2.4000000000000057,0.0,0.04999999999998295,2.4000000000000057,0.014405762304922076,Close entry(s) order TEST,BuySignal,
1088,LONG,2011-07-15,168.4,1.0,2011-07-18,165.4,1.0,-3.0,0.0,1.0000000003174137e-05,-3.0,-0.017814726840855055,Close entry(s) order TEST,BuySignal,
1089,LONG,2011-07-19,166.5,1.0,2011-07-20,167.0,1.0,0.5,0.0,0.0,0.5,0.0030030030030030463,Close entry(s) order TEST,BuySignal,
1090,LONG,2011-07-21,163.1,1.0,2011-07-22,163.8,1.0,0.700000000000017,0.0,0.049990000000008195,0.700000000000017,0.0042918454935623185,Close entry(s) order TEST,BuySignal,
1091,LONG,2011-07-25,165.9,1.0,2011-07-26,166.1,1.0,0.19999999999998863,0.0,0.04999999999998295,0.19999999999998863,0.0012055455093429313,Close entry(s) order TEST,BuySignal,
1092,LONG,2011-07-27,162.9,1.0,2011-07-28,162.3,1.0,-0.5999999999999943,0.0,0.04999999999998295,-0.5999999999999943,-0.0036832412523020164,Close entry(s) order TEST,BuySignal,
1093,LONG,2011-07-29,152.0,1.0,2011-08-01,152.0,1.0,0.0,0.0,0.0,0.0,0.0,Close entry(s) order TEST,BuySignal,
1094,LONG,2011-08-02,151.4,1.0,2011-08-03,149.0,1.0,-2.4000000000000057,0.0,0.04999999999998295,-2.4000000000000057,-0.015852047556142668,Close entry(s) order TEST,BuySignal,
1095,LONG,2011-08-04,151.1,1.0,2011-08-05,145.0,1.0,-6.099999999999994,0.0,0.04999999999998295,-6.099999999999994,-0.04037061548643284,Close entry(s) order TEST,BuySignal,
1096,LONG,2011-08-08,137.4,1.0,2011-08-09,136.0,1.0,-1.4000000000000057,0.0,0.04999999999998295,-1.4000000000000057,-0.010189228529839944,Close entry(s) order TEST,BuySignal,
1097,LONG,2011-08-10,136.1,1.0,2011-08-11,135.1,1.0,-1.0,0.0,0.04999999999998295,-1.0,-0.0073475385745774835,Close entry(s) order TEST,BuySignal,
1098,LONG,2011-08-12,147.5,1.0,2011-08-16,146.0,1.0,-1.5,0.0,0.0,-1.5,-0.01016949152542368,Close entry(s) order TEST,BuySignal,
1099,LONG,2011-08-17,135.7,1.0,2011-08-18,138.7,1.0,3.0,0.0,0.0,3.0,0.022107590272660183,Close entry(s) order TEST,BuySignal,
1100,LONG,2011-08-19,129.1,1.0,2011-08-22,130.0,1.0,0.9000000000000057,0.0,0.049990000000008195,0.9000000000000057,0.006971340046475705,Close entry(s) order TEST,BuySignal,
1101,LONG,2011-08-23,134.0,1.0,2011-08-24,133.0,1.0,-1.0,0.0,0.0,-1.0,-0.007462686567164201,Close entry(s) order TEST,BuySignal,
1102,LONG,2011-08-25,132.0,1.0,2011-08-26,124.0,1.0,-8.0,0.0,0.0,-8.0,-0.06060606060606055,Close entry(s) order TEST,BuySignal,
1103,LONG,2011-08-29,120.8,1.0,2011-08-30,123.1,1.0,2.299999999999997,0.0,0.04999999999999716,2.299999999999997,0.01903973509933765,Close entry(s) order TEST,BuySignal,
1104,LONG,2011-09-02,123.0,1.0,2011-09-05,118.5,1.0,-4.5,0.0,0.0,-4.5,-0.03658536585365857,Close entry(s) order TEST,BuySignal,
1105,LONG,2011-09-06,121.5,1.0,2011-09-07,128.2,1.0,6.699999999999989,0.0,0.0,6.699999999999989,0.05514403292181069,Close entry(s) order TEST,BuySignal,
1106,LONG,2011-09-08,130.1,1.0,2011-09-09,129.0,1.0,-1.0999999999999943,0.0,0.04999999999998295,-1.0999999999999943,-0.008455034588777832,Close entry(s) order TEST,BuySignal,
1107,LONG,2011-09-12,123.0,1.0,2011-09-13,121.9,1.0,-1.0999999999999943,0.0,0.0,-1.0999999999999943,-0.00894308943089428,Close entry(s) order TEST,BuySignal,
1108,LONG,2011-09-14,123.5,1.0,2011-09-15,123.5,1.0,0.0,0.0,0.0,0.0,0.0,Close entry(s) order TEST,BuySignal,
1109,LONG,2011-09-16,123.8,1.0,2011-09-19,121.3,1.0,-2.5,0.0,0.04999999999999716,-2.5,-0.020193861066235885,Close entry(s) order TEST,BuySignal,
1110,LONG,2011-09-20,123.7,1.0,2011-09-21,124.5,1.0,0.7999999999999972,0.0,0.0,0.7999999999999972,0.006467259498787348,Close entry(s) order TEST,BuySignal,
1111,LONG,2011-09-22,122.0,1.0,2011-09-23,118.8,1.0,-3.200000000000003,0.0,0.04999999999999716,-3.200000000000003,-0.02622950819672132,Close entry(s) order TEST,BuySignal,
1112,LONG,2011-09-26,117.0,1.0,2011-09-27,115.8,1.0,-1.2000000000000028,0.0,0.0,-1.2000000000000028,-0.010256410256410331,Close entry(s) order TEST,BuySignal,
1113,LONG,2011-09-28,115.3,1.0,2011-09-29,110.0,1.0,-5.299999999999997,0.0,0.04999999999999716,-5.299999999999997,-0.04596704249783168,Close entry(s) order TEST,BuySignal,
1114,LONG,2011-09-30,115.5,1.0,2011-10-03,110.4,1.0,-5.099999999999994,0.0,0.04999999999999716,-5.099999999999994,-0.04415584415584406,Close entry(s) order TEST,BuySignal,
1115,LONG,2011-10-04,107.0,1.0,2011-10-05,106.7,1.0,-0.29999999999999716,0.0,0.04999999999999716,-0.29999999999999716,-0.002803738317756932,Close entry(s) order TEST,BuySignal,
1116,LONG,2011-10-07,111.7,1.0,2011-10-10,109.5,1.0,-2.200000000000003,0.0,0.0,-2.200000000000003,-0.0196956132497762,Close entry(s) order TEST,BuySignal,
1117,LONG,2011-10-11,113.5,1.0,2011-10-12,118.8,1.0,5.299999999999997,0.0,0.0,5.299999999999997,0.04669603524229071,Close entry(s) order TEST,BuySignal,
1118,LONG,2011-10-13,122.7,1.0,2011-10-14,117.2,1.0,-5.5,0.0,0.04999999999999716,-5.5,-0.04482477587612066,Close entry(s) order TEST,BuySignal,
1119,LONG,2011-10-17,119.0,1.0,2011-10-18,111.1,1.0,-7.900000000000006,0.0,0.0,-7.900000000000006,-0.06638655462184884,Close entry(s) order TEST,BuySignal,
1120,LONG,2011-10-19,116.0,1.0,2011-10-20,114.7,1.0,-1.2999999999999972,0.0,0.0,-1.2999999999999972,-0.011206896551724133,Close entry(s) order TEST,BuySignal,
1121,LONG,2011-10-21,112.5,1.0,2011-10-24,112.8,1.0,0.29999999999999716,0.0,0.0,0.29999999999999716,0.002666666666666595,Close entry(s) order TEST,BuySignal,
1122,LONG,2011-10-25,104.4,1.0,2011-10-26,103.2,1.0,-1.2000000000000028,0.0,0.0,-1.2000000000000028,-0.011494252873563204,Close entry(s) order TEST,BuySignal,
1123,LONG,2011-10-28,106.5,1.0,2011-10-31,106.1,1.0,-0.4000000000000057,0.0,0.0,-0.4000000000000057,-0.003755868544600971,Close entry(s) order TEST,BuySignal,
1124,LONG,2011-11-01,107.3,1.0,2011-11-02,105.8,1.0,-1.5,0.0,0.04999999999999716,-1.5,-0.01397949673811738,Close entry(s) order TEST,BuySignal,
1125,LONG,2011-11-03,102.0,1.0,2011-11-04,106.0,1.0,4.0,0.0,0.0,4.0,0.03921568627450989,Close entry(s) order TEST,BuySignal,
1126,LONG,2011-11-08,106.5,1.0,2011-11-09,106.6,1.0,0.09999999999999432,0.0,0.04999999999999716,0.09999999999999432,0.0009389671361501595,Close entry(s) order TEST,BuySignal,
1127,LONG,2011-11-11,101.0,1.0,2011-11-14,97.0,1.0,-4.0,0.0,0.0,-4.0,-0.03960396039603964,Close entry(s) order TEST,BuySignal,
1128,LONG,2011-11-15,90.3,1.0,2011-11-16,85.3,1.0,-5.0,0.0,0.04999800000000221,-5.0,-0.0553709856035437,Close entry(s) order TEST,BuySignal,
1129,LONG,2011-11-17,86.0,1.0,2011-11-18,81.8,1.0,-4.200000000000003,0.0,0.0,-4.200000000000003,-0.0488372093023256,Close entry(s) order TEST,BuySignal,
1130,LONG,2011-11-21,78.5,1.0,2011-11-22,76.4,1.0,-2.0999999999999943,0.0,0.0,-2.0999999999999943,-0.02675159235668778,Close entry(s) order TEST,BuySignal,
1131,LONG,2011-11-23,73.1,1.0,2011-11-24,72.0,1.0,-1.0999999999999943,0.0,1.9999999949504854e-06,-1.0999999999999943,-0.015047879616962967,Close entry(s) order TEST,BuySignal,
1132,LONG,2011-11-25,72.3,1.0,2011-11-28,71.0,1.0,-1.2999999999999972,0.0,3.000000006636583e-06,-1.2999999999999972,-0.017980636237897585,Close entry(s) order TEST,BuySignal,
1133,LONG,2011-11-29,75.2,1.0,2011-11-30,71.5,1.0,-3.700000000000003,0.0,3.000000006636583e-06,-3.700000000000003,-0.049202127659574546,Close entry(s) order TEST,BuySignal,
1134,LONG,2011-12-01,73.8,1.0,2011-12-02,69.6,1.0,-4.200000000000003,0.0,0.04999800000000221,-4.200000000000003,-0.056910569105691144,Close entry(s) order TEST,BuySignal,
1135,LONG,2011-12-05,72.2,1.0,2011-12-07,69.1,1.0,-3.1000000000000085,0.0,0.04999999999999716,-3.1000000000000085,-0.042936288088642804,Close entry(s) order TEST,BuySignal,
1136,LONG,2011-12-08,69.0,1.0,2011-12-09,66.0,1.0,-3.0,0.0,0.0,-3.0,-0.04347826086956519,Close entry(s) order TEST,BuySignal,
1137,LONG,2011-12-12,69.0,1.0,2011-12-13,68.1,1.0,-0.9000000000000057,0.0,0.0,-0.9000000000000057,-0.013043478260869601,Close entry(s) order TEST,BuySignal,
1138,LONG,2011-12-14,79.3,1.0,2011-12-15,76.8,1.0,-2.5,0.0,3.000000006636583e-06,-2.5,-0.031525851197982346,Close entry(s) order TEST,BuySignal,
1139,LONG,2011-12-16,83.5,1.0,2011-12-19,79.6,1.0,-3.9000000000000057,0.0,0.0,-3.9000000000000057,-0.04670658682634732,Close entry(s) order TEST,BuySignal,
1140,LONG,2011-12-20,81.4,1.0,2011-12-21,80.3,1.0,-1.1000000000000085,0.0,0.04999699999999052,-1.1000000000000085,-0.013513513513513598,Close entry(s) order TEST,BuySignal,
1141,LONG,2011-12-22,81.8,1.0,2011-12-23,83.0,1.0,1.2000000000000028,0.0,3.000000006636583e-06,1.2000000000000028,0.014669926650366705,Close entry(s) order TEST,BuySignal,
1142,LONG,2011-12-26,82.8,1.0,2011-12-27,82.5,1.0,-0.29999999999999716,0.0,3.000000006636583e-06,-0.29999999999999716,-0.0036231884057971175,Close entry(s) order TEST,BuySignal,
1143,LONG,2011-12-28,83.1,1.0,2011-12-29,87.9,1.0,4.800000000000011,0.0,0.04999699999999052,4.800000000000011,0.057761732851985714,Close entry(s) order TEST,BuySignal,
1144,LONG,2011-12-30,88.2,1.0,2012-01-02,83.1,1.0,-5.1000000000000085,0.0,3.000000006636583e-06,-5.1000000000000085,-0.057823129251700744,Close entry(s) order TEST,BuySignal,
1145,LONG,2012-01-03,88.4,1.0,2012-01-04,87.9,1.0,-0.5,0.0,1.9999999949504854e-06,-0.5,-0.005656108597285048,Close entry(s) order TEST,BuySignal,
1146,LONG,2012-01-05,90.9,1.0,2012-01-06,96.0,1.0,5.099999999999994,0.0,1.9999999949504854e-06,5.099999999999994,0.05610561056105601,Close entry(s) order TEST,BuySignal,
1147,LONG,2012-01-09,102.5,1.0,2012-01-10,100.2,1.0,-2.299999999999997,0.0,0.0,-2.299999999999997,-0.022439024390243922,Close entry(s) order TEST,BuySignal,
1148,LONG,2012-01-11,101.5,1.0,2012-01-12,104.0,1.0,2.5,0.0,0.04999999999999716,2.5,0.024630541871921263,Close entry(s) order TEST,BuySignal,
1149,LONG,2012-01-13,105.0,1.0,2012-01-16,111.0,1.0,6.0,0.0,0.0,6.0,0.05714285714285716,Close entry(s) order TEST,BuySignal,
1150,LONG,2012-01-17,110.5,1.0,2012-01-18,110.0,1.0,-0.5,0.0,0.0,-0.5,-0.004524886877828038,Close entry(s) order TEST,BuySignal,
1151,LONG,2012-01-19,113.0,1.0,2012-01-20,112.5,1.0,-0.5,0.0,0.0,-0.5,-0.004424778761061954,Close entry(s) order TEST,BuySignal,
1152,LONG,2012-01-23,121.7,1.0,2012-01-24,121.0,1.0,-0.7000000000000028,0.0,0.0,-0.7000000000000028,-0.005751848808545623,Close entry(s) order TEST,BuySignal,
1153,LONG,2012-01-25,118.0,1.0,2012-01-27,126.8,1.0,8.799999999999997,0.0,0.04999999999999716,8.799999999999997,0.07457627118644061,Close entry(s) order TEST,BuySignal,
1154,LONG,2012-01-30,119.4,1.0,2012-01-31,116.8,1.0,-2.6000000000000085,0.0,0.0,-2.6000000000000085,-0.021775544388609736,Close entry(s) order TEST,BuySignal,
1155,LONG,2012-02-01,116.8,1.0,2012-02-02,111.0,1.0,-5.799999999999997,0.0,0.0,-5.799999999999997,-0.049657534246575374,Close entry(s) order TEST,BuySignal,
1156,LONG,2012-02-03,122.0,1.0,2012-02-06,125.0,1.0,3.0,0.0,0.0,3.0,0.024590163934426146,Close entry(s) order TEST,BuySignal,
1157,LONG,2012-02-07,127.0,1.0,2012-02-08,126.0,1.0,-1.0,0.0,0.04999999999999716,-1.0,-0.007874015748031482,Close entry(s) order TEST,BuySignal,
1158,LONG,2012-02-09,124.5,1.0,2012-02-10,131.4,1.0,6.900000000000006,0.0,0.0,6.900000000000006,0.05542168674698811,Close entry(s) order TEST,BuySignal,
1159,LONG,2012-02-13,135.0,1.0,2012-02-14,135.4,1.0,0.4000000000000057,0.0,0.0,0.4000000000000057,0.002962962962963056,Close entry(s) order TEST,BuySignal,
1160,LONG,2012-02-15,137.8,1.0,2012-02-16,141.0,1.0,3.1999999999999886,0.0,0.0,3.1999999999999886,0.023222060957909907,Close entry(s) order TEST,BuySignal,
1161,LONG,2012-02-17,150.2,1.0,2012-02-21,138.2,1.0,-12.0,0.0,0.05000000000001137,-12.0,-0.07989347536617841,Close entry(s) order TEST,BuySignal,
1162,LONG,2012-02-22,152.9,1.0,2012-02-23,147.5,1.0,-5.400000000000006,0.0,0.049990000000008195,-5.400000000000006,-0.0353172007848267,Close entry(s) order TEST,BuySignal,
1163,LONG,2012-02-24,145.0,1.0,2012-02-27,141.5,1.0,-3.5,0.0,0.0,-3.5,-0.024137931034482807,Close entry(s) order TEST,BuySignal,
1164,LONG,2012-02-28,134.8,1.0,2012-02-29,140.0,1.0,5.199999999999989,0.0,0.0,5.199999999999989,0.03857566765578624,Close entry(s) order TEST,BuySignal,
1165,LONG,2012-03-01,143.9,1.0,2012-03-02,149.5,1.0,5.599999999999994,0.0,0.049990000000008195,5.599999999999994,0.0389159138290478,Close entry(s) order TEST,BuySignal,
1166,LONG,2012-03-05,145.0,1.0,2012-03-06,138.9,1.0,-6.099999999999994,0.0,0.0,-6.099999999999994,-0.042068965517241375,Close entry(s) order TEST,BuySignal,
1167,LONG,2012-03-07,132.4,1.0,2012-03-09,133.9,1.0,1.5,0.0,1.0000000003174137e-05,1.5,0.011329305135951762,Close entry(s) order TEST,BuySignal,
1168,LONG,2012-03-12,142.6,1.0,2012-03-13,140.8,1.0,-1.799999999999983,0.0,0.04999999999998295,-1.799999999999983,-0.012622720897615625,Close entry(s) order TEST,BuySignal,
1169,LONG,2012-03-14,139.8,1.0,2012-03-15,140.3,1.0,0.5,0.0,0.0,0.5,0.003576537911301969,Close entry(s) order TEST,BuySignal,
1170,LONG,2012-03-16,139.9,1.0,2012-03-19,141.0,1.0,1.0999999999999943,0.0,1.0000000003174137e-05,1.0999999999999943,0.00786275911365264,Close entry(s) order TEST,BuySignal,
1171,LONG,2012-03-20,141.0,1.0,2012-03-21,134.2,1.0,-6.800000000000011,0.0,0.0,-6.800000000000011,-0.04822695035461,Close entry(s) order TEST,BuySignal,
1172,LONG,2012-03-22,147.5,1.0,2012-03-23,136.9,1.0,-10.599999999999994,0.0,0.0,-10.599999999999994,-0.071864406779661,Close entry(s) order TEST,BuySignal,
1173,LONG,2012-03-26,145.1,1.0,2012-03-27,139.9,1.0,-5.199999999999989,0.0,1.0000000003174137e-05,-5.199999999999989,-0.03583735354927631,Close entry(s) order TEST,BuySignal,
1174,LONG,2012-03-28,138.1,1.0,2012-03-29,131.0,1.0,-7.099999999999994,0.0,0.049990000000008195,-7.099999999999994,-0.051412020275162895,Close entry(s) order TEST,BuySignal,
1175,LONG,2012-03-30,129.1,1.0,2012-04-02,135.4,1.0,6.300000000000011,0.0,1.0000000003174137e-05,6.300000000000011,0.04879938032532927,Close entry(s) order TEST,BuySignal,
1176,LONG,2012-04-03,135.7,1.0,2012-04-04,133.2,1.0,-2.5,0.0,0.0,-2.5,-0.018422991893883522,Close entry(s) order TEST,BuySignal,
1177,LONG,2012-04-09,131.2,1.0,2012-04-10,131.7,1.0,0.5,0.0,0.05000000000001137,0.5,0.003810975609756184,Close entry(s) order TEST,BuySignal,
1178,LONG,2012-04-11,134.9,1.0,2012-04-12,135.5,1.0,0.5999999999999943,0.0,0.04999999999998295,0.5999999999999943,0.004447739065974732,Close entry(s) order TEST,BuySignal,
1179,LONG,2012-04-13,140.7,1.0,2012-04-16,134.4,1.0,-6.299999999999983,0.0,0.0,-6.299999999999983,-0.04477611940298498,Close entry(s) order TEST,BuySignal,
1180,LONG,2012-04-17,133.2,1.0,2012-04-18,136.0,1.0,2.8000000000000114,0.0,0.05000000000001137,2.8000000000000114,0.021021021021021102,Close entry(s) order TEST,BuySignal,
1181,LONG,2012-04-19,136.4,1.0,2012-04-20,133.6,1.0,-2.8000000000000114,0.0,1.0000000003174137e-05,-2.8000000000000114,-0.02052785923753675,Close entry(s) order TEST,BuySignal,
1182,LONG,2012-04-23,132.0,1.0,2012-04-24,126.5,1.0,-5.5,0.0,0.0,-5.5,-0.04166666666666663,Close entry(s) order TEST,BuySignal,
1183,LONG,2012-04-25,128.9,1.0,2012-04-26,125.4,1.0,-3.5,0.0,1.0000000003174137e-05,-3.5,-0.027152831652443754,Close entry(s) order TEST,BuySignal,
1184,LONG,2012-04-27,123.4,1.0,2012-04-30,126.3,1.0,2.8999999999999915,0.0,0.0,2.8999999999999915,0.023500810372771408,Close entry(s) order TEST,BuySignal,
1185,LONG,2012-05-02,126.0,1.0,2012-05-03,124.0,1.0,-2.0,0.0,0.0,-2.0,-0.015873015873015928,Close entry(s) order TEST,BuySignal,
1186,LONG,2012-05-04,122.5,1.0,2012-05-07,124.9,1.0,2.4000000000000057,0.0,0.04999999999999716,2.4000000000000057,0.01959183673469389,Close entry(s) order TEST,BuySignal,
1187,LONG,2012-05-08,124.0,1.0,2012-05-09,119.5,1.0,-4.5,0.0,0.0,-4.5,-0.03629032258064513,Close entry(s) order TEST,BuySignal,
1188,LONG,2012-05-10,121.8,1.0,2012-05-11,118.3,1.0,-3.5,0.0,0.0,-3.5,-0.028735632183908066,Close entry(s) order TEST,BuySignal,
1189,LONG,2012-05-14,117.0,1.0,2012-05-15,113.0,1.0,-4.0,0.0,0.0,-4.0,-0.03418803418803418,Close entry(s) order TEST,BuySignal,
1190,LONG,2012-05-16,115.3,1.0,2012-05-17,119.5,1.0,4.200000000000003,0.0,0.04999999999999716,4.200000000000003,0.03642671292281019,Close entry(s) order TEST,BuySignal,
1191,LONG,2012-05-18,115.3,1.0,2012-05-21,124.0,1.0,8.700000000000003,0.0,0.0,8.700000000000003,0.07545533391153514,Close entry(s) order TEST,BuySignal,
1192,LONG,2012-05-22,124.0,1.0,2012-05-23,120.0,1.0,-4.0,0.0,0.0,-4.0,-0.032258064516129004,Close entry(s) order TEST,BuySignal,
1193,LONG,2012-05-24,116.8,1.0,2012-05-25,122.0,1.0,5.200000000000003,0.0,0.04999999999999716,5.200000000000003,0.044520547945205546,Close entry(s) order TEST,BuySignal,
1194,LONG,2012-05-28,119.5,1.0,2012-05-29,122.4,1.0,2.9000000000000057,0.0,0.0,2.9000000000000057,0.024267782426778295,Close entry(s) order TEST,BuySignal,
1195,LONG,2012-05-30,121.5,1.0,2012-05-31,120.0,1.0,-1.5,0.0,0.0,-1.5,-0.012345679012345734,Close entry(s) order TEST,BuySignal,
1196,LONG,2012-06-01,118.2,1.0,2012-06-04,114.4,1.0,-3.799999999999997,0.0,0.04999999999999716,-3.799999999999997,-0.032148900169204686,Close entry(s) order TEST,BuySignal,
1197,LONG,2012-06-05,120.8,1.0,2012-06-06,121.0,1.0,0.20000000000000284,0.0,0.04999999999999716,0.20000000000000284,0.0016556291390728006,Close entry(s) order TEST,BuySignal,
1198,LONG,2012-06-07,125.0,1.0,2012-06-08,121.8,1.0,-3.200000000000003,0.0,0.04999999999999716,-3.200000000000003,-0.025600000000000067,Close entry(s) order TEST,BuySignal,
1199,LONG,2012-06-11,124.0,1.0,2012-06-12,120.2,1.0,-3.799999999999997,0.0,0.0,-3.799999999999997,-0.030645161290322576,Close entry(s) order TEST,BuySignal,
1200,LONG,2012-06-13,123.1,1.0,2012-06-14,120.7,1.0,-2.3999999999999915,0.0,0.0,-2.3999999999999915,-0.019496344435418256,Close entry(s) order TEST,BuySignal,
1201,LONG,2012-06-15,119.2,1.0,2012-06-18,121.3,1.0,2.0999999999999943,0.0,0.04999999999999716,2.0999999999999943,0.017617449664429463,Close entry(s) order TEST,BuySignal,
1202,LONG,2012-06-19,119.5,1.0,2012-06-20,117.2,1.0,-2.299999999999997,0.0,0.0,-2.299999999999997,-0.019246861924686165,Close entry(s) order TEST,BuySignal,
1203,LONG,2012-06-21,119.2,1.0,2012-06-22,120.1,1.0,0.8999999999999915,0.0,0.04999999999999716,0.8999999999999915,0.007550335570469802,Close entry(s) order TEST,BuySignal,
1204,LONG,2012-06-25,123.0,1.0,2012-06-26,121.0,1.0,-2.0,0.0,0.0,-2.0,-0.016260162601625994,Close entry(s) order TEST,BuySignal,
1205,LONG,2012-06-27,119.9,1.0,2012-06-28,118.0,1.0,-1.9000000000000057,0.0,0.0,-1.9000000000000057,-0.015846538782318675,Close entry(s) order TEST,BuySignal,
1206,LONG,2012-06-29,117.0,1.0,2012-07-02,119.0,1.0,2.0,0.0,0.0,2.0,0.017094017094017033,Close entry(s) order TEST,BuySignal,
1207,LONG,2012-07-03,119.8,1.0,2012-07-04,120.8,1.0,1.0,0.0,0.0,1.0,0.008347245409014992,Close entry(s) order TEST,BuySignal,
1208,LONG,2012-07-05,121.5,1.0,2012-07-06,120.5,1.0,-1.0,0.0,0.0,-1.0,-0.008230452674897082,Close entry(s) order TEST,BuySignal,
1209,LONG,2012-07-09,117.9,1.0,2012-07-10,115.2,1.0,-2.700000000000003,0.0,0.0,-2.700000000000003,-0.022900763358778664,Close entry(s) order TEST,BuySignal,
1210,LONG,2012-07-11,117.6,1.0,2012-07-12,116.8,1.0,-0.7999999999999972,0.0,0.0,-0.7999999999999972,-0.006802721088435382,Close entry(s) order TEST,BuySignal,
1211,LONG,2012-07-13,118.3,1.0,2012-07-16,116.9,1.0,-1.3999999999999915,0.0,0.04999999999999716,-1.3999999999999915,-0.011834319526627168,Close entry(s) order TEST,BuySignal,
1212,LONG,2012-07-17,114.7,1.0,2012-07-18,113.3,1.0,-1.4000000000000057,0.0,0.0,-1.4000000000000057,-0.012205754141238034,Close entry(s) order TEST,BuySignal,
1213,LONG,2012-07-19,113.5,1.0,2012-07-20,113.0,1.0,-0.5,0.0,0.0,-0.5,-0.004405286343612369,Close entry(s) order TEST,BuySignal,
1214,LONG,2012-07-23,112.0,1.0,2012-07-24,110.2,1.0,-1.7999999999999972,0.0,0.04999999999999716,-1.7999999999999972,-0.016071428571428514,Close entry(s) order TEST,BuySignal,
1215,LONG,2012-07-25,112.9,1.0,2012-07-26,109.3,1.0,-3.6000000000000085,0.0,0.0,-3.6000000000000085,-0.031886625332152474,Close entry(s) order TEST,BuySignal,
1216,LONG,2012-07-27,107.4,1.0,2012-07-30,104.2,1.0,-3.200000000000003,0.0,0.0,-3.200000000000003,-0.029795158286778478,Close entry(s) order TEST,BuySignal,
1217,LONG,2012-07-31,105.8,1.0,2012-08-01,100.2,1.0,-5.599999999999994,0.0,0.0,-5.599999999999994,-0.052930056710775,Close entry(s) order TEST,BuySignal,
1218,LONG,2012-08-02,103.0,1.0,2012-08-03,101.9,1.0,-1.0999999999999943,0.0,0.0,-1.0999999999999943,-0.010679611650485366,Close entry(s) order TEST,BuySignal,
1219,LONG,2012-08-06,105.0,1.0,2012-08-07,98.6,1.0,-6.400000000000006,0.0,0.0,-6.400000000000006,-0.06095238095238098,Close entry(s) order TEST,BuySignal,
1220,LONG,2012-08-08,100.5,1.0,2012-08-09,101.0,1.0,0.5,0.0,0.04999999999999716,0.5,0.004975124378109541,Close entry(s) order TEST,BuySignal,
1221,LONG,2012-08-10,99.8,1.0,2012-08-13,103.0,1.0,3.200000000000003,0.0,0.04999800000000221,3.200000000000003,0.03206412825651306,Close entry(s) order TEST,BuySignal,
1222,LONG,2012-08-14,104.6,1.0,2012-08-16,100.1,1.0,-4.5,0.0,0.0,-4.5,-0.043021032504780066,Close entry(s) order TEST,BuySignal,
1223,LONG,2012-08-17,102.1,1.0,2012-08-21,100.2,1.0,-1.8999999999999915,0.0,0.0,-1.8999999999999915,-0.01860920666013699,Close entry(s) order TEST,BuySignal,
1224,LONG,2012-08-22,99.3,1.0,2012-08-23,100.0,1.0,0.7000000000000028,0.0,0.04999800000000221,0.7000000000000028,0.007049345417925457,Close entry(s) order TEST,BuySignal,
1225,LONG,2012-08-24,96.8,1.0,2012-08-27,96.5,1.0,-0.29999999999999716,0.0,3.000000006636583e-06,-0.29999999999999716,-0.0030991735537190257,Close entry(s) order TEST,BuySignal,
1226,LONG,2012-08-28,96.3,1.0,2012-08-29,86.7,1.0,-9.599999999999994,0.0,0.04999800000000221,-9.599999999999994,-0.09968847352024912,Close entry(s) order TEST,BuySignal,
1227,LONG,2012-08-30,91.4,1.0,2012-08-31,94.1,1.0,2.6999999999999886,0.0,0.04999699999999052,2.6999999999999886,0.029540481400437413,Close entry(s) order TEST,BuySignal,
1228,LONG,2012-09-03,95.8,1.0,2012-09-04,94.7,1.0,-1.0999999999999943,0.0,0.04999999999999716,-1.0999999999999943,-0.01148225469728592,Close entry(s) order TEST,BuySignal,
1229,LONG,2012-09-05,93.8,1.0,2012-09-06,96.3,1.0,2.5,0.0,0.04999999999999716,2.5,0.026652452025586415,Close entry(s) order TEST,BuySignal,
1230,LONG,2012-09-07,98.8,1.0,2012-09-10,103.0,1.0,4.200000000000003,0.0,0.04999800000000221,4.200000000000003,0.04251012145748989,Close entry(s) order TEST,BuySignal,
1231,LONG,2012-09-11,103.0,1.0,2012-09-12,103.1,1.0,0.09999999999999432,0.0,0.0,0.09999999999999432,0.000970873786407811,Close entry(s) order TEST,BuySignal,
1232,LONG,2012-09-13,100.7,1.0,2012-09-14,101.0,1.0,0.29999999999999716,0.0,0.0,0.29999999999999716,0.002979145978152964,Close entry(s) order TEST,BuySignal,
1233,LONG,2012-09-17,101.7,1.0,2012-09-18,101.1,1.0,-0.6000000000000085,0.0,0.04999999999999716,-0.6000000000000085,-0.005899705014749346,Close entry(s) order TEST,BuySignal,
1234,LONG,2012-09-20,103.0,1.0,2012-09-21,101.7,1.0,-1.2999999999999972,0.0,0.0,-1.2999999999999972,-0.012621359223300987,Close entry(s) order TEST,BuySignal,
1235,LONG,2012-09-24,99.1,1.0,2012-09-25,102.1,1.0,3.0,0.0,1.9999999949504854e-06,3.0,0.030272452068617506,Close entry(s) order TEST,BuySignal,
1236,LONG,2012-09-26,101.2,1.0,2012-09-27,101.0,1.0,-0.20000000000000284,0.0,0.04999999999999716,-0.20000000000000284,-0.0019762845849802257,Close entry(s) order TEST,BuySignal,
1237,LONG,2012-09-28,100.0,1.0,2012-10-01,102.7,1.0,2.700000000000003,0.0,0.0,2.700000000000003,0.027000000000000135,Close entry(s) order TEST,BuySignal,
1238,LONG,2012-10-03,102.0,1.0,2012-10-04,100.7,1.0,-1.2999999999999972,0.0,0.0,-1.2999999999999972,-0.012745098039215641,Close entry(s) order TEST,BuySignal,
1239,LONG,2012-10-05,101.0,1.0,2012-10-08,100.5,1.0,-0.5,0.0,0.04999999999999716,-0.5,-0.004950495049504955,Close entry(s) order TEST,BuySignal,
1240,LONG,2012-10-09,99.1,1.0,2012-10-10,100.0,1.0,0.9000000000000057,0.0,1.9999999949504854e-06,0.9000000000000057,0.00908173562058523,Close entry(s) order TEST,BuySignal,
1241,LONG,2012-10-11,99.3,1.0,2012-10-12,99.2,1.0,-0.09999999999999432,0.0,3.000000006636583e-06,-0.09999999999999432,-0.001007049345417843,Close entry(s) order TEST,BuySignal,
1242,LONG,2012-10-15,99.8,1.0,2012-10-16,98.5,1.0,-1.2999999999999972,0.0,0.04999999999999716,-1.2999999999999972,-0.013026052104208374,Close entry(s) order TEST,BuySignal,
1243,LONG,2012-10-17,98.3,1.0,2012-10-18,97.8,1.0,-0.5,0.0,0.04999800000000221,-0.5,-0.0050864699898270915,Close entry(s) order TEST,BuySignal,
1244,LONG,2012-10-19,97.9,1.0,2012-10-22,98.0,1.0,0.09999999999999432,0.0,1.9999999949504854e-06,0.09999999999999432,0.0010214504596526286,Close entry(s) order TEST,BuySignal,
1245,LONG,2012-10-23,98.7,1.0,2012-10-25,97.3,1.0,-1.4000000000000057,0.0,0.04999800000000221,-1.4000000000000057,-0.014184397163120588,Close entry(s) order TEST,BuySignal,
1246,LONG,2012-10-26,98.9,1.0,2012-10-29,98.0,1.0,-0.9000000000000057,0.0,0.04999699999999052,-0.9000000000000057,-0.009100101112234582,Close entry(s) order TEST,BuySignal,
1247,LONG,2012-10-30,97.0,1.0,2012-10-31,98.0,1.0,1.0,0.0,0.0,1.0,0.010309278350515427,Close entry(s) order TEST,BuySignal,
1248,LONG,2012-11-01,96.8,1.0,2012-11-02,97.3,1.0,0.5,0.0,0.04999999999999716,0.5,0.005165289256198413,Close entry(s) order TEST,BuySignal,
1249,LONG,2012-11-05,98.2,1.0,2012-11-06,97.3,1.0,-0.9000000000000057,0.0,0.04999999999999716,-0.9000000000000057,-0.009164969450101923,Close entry(s) order TEST,BuySignal,
1250,LONG,2012-11-07,100.0,1.0,2012-11-08,101.1,1.0,1.0999999999999943,0.0,0.0,1.0999999999999943,0.010999999999999899,Close entry(s) order TEST,BuySignal,
1251,LONG,2012-11-09,103.4,1.0,2012-11-12,100.3,1.0,-3.1000000000000085,0.0,0.0,-3.1000000000000085,-0.029980657640232167,Close entry(s) order TEST,BuySignal,
1252,LONG,2012-11-13,101.2,1.0,2012-11-15,100.6,1.0,-0.6000000000000085,0.0,0.04999999999999716,-0.6000000000000085,-0.005928853754940788,Close entry(s) order TEST,BuySignal,
1253,LONG,2012-11-16,101.9,1.0,2012-11-19,106.7,1.0,4.799999999999997,0.0,0.0,4.799999999999997,0.047105004906771386,Close entry(s) order TEST,BuySignal,
1254,LONG,2012-11-20,105.0,1.0,2012-11-21,102.5,1.0,-2.5,0.0,0.0,-2.5,-0.023809523809523836,Close entry(s) order TEST,BuySignal,
1255,LONG,2012-11-22,104.4,1.0,2012-11-23,105.1,1.0,0.6999999999999886,0.0,0.0,0.6999999999999886,0.006704980842911823,Close entry(s) order TEST,BuySignal,
1256,LONG,2012-11-26,103.5,1.0,2012-11-27,104.0,1.0,0.5,0.0,0.04999999999999716,0.5,0.004830917874396157,Close entry(s) order TEST,BuySignal,
1257,LONG,2012-11-29,103.3,1.0,2012-11-30,103.2,1.0,-0.09999999999999432,0.0,0.0,-0.09999999999999432,-0.0009680542110357404,Close entry(s) order TEST,BuySignal,
1258,LONG,2012-12-03,105.8,1.0,2012-12-04,105.0,1.0,-0.7999999999999972,0.0,0.0,-0.7999999999999972,-0.007561436672967825,Close entry(s) order TEST,BuySignal,
1259,LONG,2012-12-05,106.0,1.0,2012-12-06,111.5,1.0,5.5,0.0,0.0,5.5,0.05188679245283012,Close entry(s) order TEST,BuySignal,
1260,LONG,2012-12-07,110.5,1.0,2012-12-10,109.8,1.0,-0.7000000000000028,0.0,0.04999999999999716,-0.7000000000000028,-0.0063348416289592535,Close entry(s) order TEST,BuySignal,
1261,LONG,2012-12-11,109.1,1.0,2012-12-12,109.0,1.0,-0.09999999999999432,0.0,0.0,-0.09999999999999432,-0.0009165902841429263,Close entry(s) order TEST,BuySignal,
1262,LONG,2012-12-13,109.3,1.0,2012-12-14,108.0,1.0,-1.2999999999999972,0.0,0.0,-1.2999999999999972,-0.011893870082342106,Close entry(s) order TEST,BuySignal,
1263,LONG,2012-12-17,107.5,1.0,2012-12-18,108.2,1.0,0.7000000000000028,0.0,0.0,0.7000000000000028,0.006511627906976791,Close entry(s) order TEST,BuySignal,
1264,LONG,2012-12-19,107.0,1.0,2012-12-20,107.5,1.0,0.5,0.0,0.0,0.5,0.004672897196261738,Close entry(s) order TEST,BuySignal,
1265,LONG,2012-12-21,110.0,1.0,2012-12-24,109.7,1.0,-0.29999999999999716,0.0,0.04999999999999716,-0.29999999999999716,-0.0027272727272726893,Close entry(s) order TEST,BuySignal,
1266,LONG,2012-12-26,108.0,1.0,2012-12-27,107.3,1.0,-0.7000000000000028,0.0,0.0,-0.7000000000000028,-0.0064814814814815325,Close entry(s) order TEST,BuySignal,
1267,LONG,2012-12-28,104.0,1.0,2012-12-31,106.2,1.0,2.200000000000003,0.0,0.0,2.200000000000003,0.02115384615384608,Close entry(s) order TEST,BuySignal,
1268,LONG,2013-01-01,107.2,1.0,2013-01-02,106.0,1.0,-1.2000000000000028,0.0,0.04999999999999716,-1.2000000000000028,-0.011194029850746245,Close entry(s) order TEST,BuySignal,
1269,LONG,2013-01-03,105.0,1.0,2013-01-04,105.9,1.0,0.9000000000000057,0.0,0.0,0.9000000000000057,0.008571428571428674,Close entry(s) order TEST,BuySignal,
1270,LONG,2013-01-07,105.0,1.0,2013-01-08,108.7,1.0,3.700000000000003,0.0,0.0,3.700000000000003,0.03523809523809529,Close entry(s) order TEST,BuySignal,
1271,LONG,2013-01-09,108.4,1.0,2013-01-10,107.7,1.0,-0.7000000000000028,0.0,0.0,-0.7000000000000028,-0.0064575645756458355,Close entry(s) order TEST,BuySignal,
1272,LONG,2013-01-11,108.0,1.0,2013-01-14,103.8,1.0,-4.200000000000003,0.0,0.0,-4.200000000000003,-0.03888888888888886,Close entry(s) order TEST,BuySignal,
1273,LONG,2013-01-15,105.3,1.0,2013-01-16,104.8,1.0,-0.5,0.0,0.04999999999999716,-0.5,-0.0047483380816714105,Close entry(s) order TEST,BuySignal,
1274,LONG,2013-01-17,101.6,1.0,2013-01-18,100.0,1.0,-1.5999999999999943,0.0,0.0,-1.5999999999999943,-0.015748031496062964,Close entry(s) order TEST,BuySignal,
1275,LONG,2013-01-21,100.5,1.0,2013-01-22,99.8,1.0,-0.7000000000000028,0.0,0.04999999999999716,-0.7000000000000028,-0.006965174129353269,Close entry(s) order TEST,BuySignal,
1276,LONG,2013-01-23,99.3,1.0,2013-01-24,100.5,1.0,1.2000000000000028,0.0,3.000000006636583e-06,1.2000000000000028,0.012084592145015227,Close entry(s) order TEST,BuySignal,
1277,LONG,2013-01-25,97.9,1.0,2013-01-28,94.3,1.0,-3.6000000000000085,0.0,1.9999999949504854e-06,-3.6000000000000085,-0.036772216547497516,Close entry(s) order TEST,BuySignal,
1278,LONG,2013-01-29,94.5,1.0,2013-01-30,95.8,1.0,1.2999999999999972,0.0,0.0,1.2999999999999972,0.013756613756613634,Close entry(s) order TEST,BuySignal,
1279,LONG,2013-01-31,93.4,1.0,2013-02-01,99.8,1.0,6.3999999999999915,0.0,0.04999699999999052,6.3999999999999915,0.06852248394004268,Close entry(s) order TEST,BuySignal,
1280,LONG,2013-02-04,98.2,1.0,2013-02-05,97.5,1.0,-0.7000000000000028,0.0,0.04999999999999716,-0.7000000000000028,-0.007128309572301483,Close entry(s) order TEST,BuySignal,
1281,LONG,2013-02-06,95.8,1.0,2013-02-07,94.8,1.0,-1.0,0.0,0.04999999999999716,-1.0,-0.01043841336116913,Close entry(s) order TEST,BuySignal,
1282,LONG,2013-02-08,93.1,1.0,2013-02-11,94.2,1.0,1.1000000000000085,0.0,0.04999699999999052,1.1000000000000085,0.011815252416756294,Close entry(s) order TEST,BuySignal,
1283,LONG,2013-02-12,92.9,1.0,2013-02-13,93.5,1.0,0.5999999999999943,0.0,0.04999699999999052,0.5999999999999943,0.006458557588805203,Close entry(s) order TEST,BuySignal,
1284,LONG,2013-02-14,92.0,1.0,2013-02-15,87.5,1.0,-4.5,0.0,0.0,-4.5,-0.048913043478260865,Close entry(s) order TEST,BuySignal,
1285,LONG,2013-02-18,90.7,1.0,2013-02-19,90.8,1.0,0.09999999999999432,0.0,3.000000006636583e-06,0.09999999999999432,0.0011025358324145973,Close entry(s) order TEST,BuySignal,
1286,LONG,2013-02-20,90.9,1.0,2013-02-21,86.2,1.0,-4.700000000000003,0.0,1.9999999949504854e-06,-4.700000000000003,-0.0517051705170517,Close entry(s) order TEST,BuySignal,
1287,LONG,2013-02-22,85.2,1.0,2013-02-25,83.8,1.0,-1.4000000000000057,0.0,3.000000006636583e-06,-1.4000000000000057,-0.016431924882629123,Close entry(s) order TEST,BuySignal,
1288,LONG,2013-02-26,69.8,1.0,2013-02-27,62.0,1.0,-7.799999999999997,0.0,0.04999999999999716,-7.799999999999997,-0.11174785100286533,Close entry(s) order TEST,BuySignal,
1289,LONG,2013-02-28,59.9,1.0,2013-03-01,55.1,1.0,-4.799999999999997,0.0,2.0000000020559128e-06,-4.799999999999997,-0.08013355592654414,Close entry(s) order TEST,BuySignal,
1290,LONG,2013-03-04,58.8,1.0,2013-03-05,55.8,1.0,-3.0,0.0,0.04999800000000221,-3.0,-0.05102040816326536,Close entry(s) order TEST,BuySignal,
1291,LONG,2013-03-06,58.9,1.0,2013-03-07,60.0,1.0,1.1000000000000014,0.0,2.0000000020559128e-06,1.1000000000000014,0.018675721561969505,Close entry(s) order TEST,BuySignal,
1292,LONG,2013-03-08,59.4,1.0,2013-03-11,60.8,1.0,1.3999999999999986,0.0,2.0000000020559128e-06,1.3999999999999986,0.023569023569023573,Close entry(s) order TEST,BuySignal,
1293,LONG,2013-03-12,59.2,1.0,2013-03-13,58.0,1.0,-1.2000000000000028,0.0,9.999999974752427e-07,-1.2000000000000028,-0.020270270270270285,Close entry(s) order TEST,BuySignal,
1294,LONG,2013-03-14,52.5,1.0,2013-03-15,53.0,1.0,0.5,0.0,0.04999899999999968,0.5,0.00952380952380949,Close entry(s) order TEST,BuySignal,
1295,LONG,2013-03-18,52.5,1.0,2013-03-19,52.7,1.0,0.20000000000000284,0.0,0.04999899999999968,0.20000000000000284,0.003809523809523929,Close entry(s) order TEST,BuySignal,
1296,LONG,2013-03-20,51.4,1.0,2013-03-21,49.0,1.0,-2.3999999999999986,0.0,2.0000000020559128e-06,-2.3999999999999986,-0.046692607003890996,Close entry(s) order TEST,BuySignal,
1297,LONG,2013-03-22,46.5,1.0,2013-03-25,48.2,1.0,1.7000000000000028,0.0,0.0,1.7000000000000028,0.03655913978494629,Close entry(s) order TEST,BuySignal,
1298,LONG,2013-03-26,49.6,1.0,2013-03-28,50.1,1.0,0.5,0.0,2.0000000020559128e-06,0.5,0.010080645161290258,Close entry(s) order TEST,BuySignal,
1299,LONG,2013-04-01,51.3,1.0,2013-04-02,55.0,1.0,3.700000000000003,0.0,9.999999974752427e-07,3.700000000000003,0.0721247563352827,Close entry(s) order TEST,BuySignal,
1300,LONG,2013-04-03,56.0,1.0,2013-04-04,57.0,1.0,1.0,0.0,0.04999899999999968,1.0,0.017857142857142794,Close entry(s) order TEST,BuySignal,
1301,LONG,2013-04-05,54.3,1.0,2013-04-08,56.5,1.0,2.200000000000003,0.0,0.04999800000000221,2.200000000000003,0.0405156537753224,Close entry(s) order TEST,BuySignal,
1302,LONG,2013-04-09,56.2,1.0,2013-04-10,55.5,1.0,-0.7000000000000028,0.0,0.04999999999999716,-0.7000000000000028,-0.01245551601423489,Close entry(s) order TEST,BuySignal,
1303,LONG,2013-04-11,55.0,1.0,2013-04-12,51.4,1.0,-3.6000000000000014,0.0,0.0,-3.6000000000000014,-0.06545454545454543,Close entry(s) order TEST,BuySignal,
1304,LONG,2013-04-15,49.0,1.0,2013-04-16,47.1,1.0,-1.8999999999999986,0.0,0.0,-1.8999999999999986,-0.038775510204081653,Close entry(s) order TEST,BuySignal,
1305,LONG,2013-04-17,48.8,1.0,2013-04-18,52.0,1.0,3.200000000000003,0.0,0.04999999999999716,3.200000000000003,0.06557377049180335,Close entry(s) order TEST,BuySignal,
1306,LONG,2013-04-22,52.0,1.0,2013-04-23,53.5,1.0,1.5,0.0,0.04999899999999968,1.5,0.028846153846153744,Close entry(s) order TEST,BuySignal,
1307,LONG,2013-04-25,50.8,1.0,2013-04-26,51.6,1.0,0.8000000000000043,0.0,0.04999999999999716,0.8000000000000043,0.015748031496063186,Close entry(s) order TEST,BuySignal,
1308,LONG,2013-04-29,54.2,1.0,2013-04-30,53.6,1.0,-0.6000000000000014,0.0,0.04999800000000221,-0.6000000000000014,-0.011070110701107083,Close entry(s) order TEST,BuySignal,
1309,LONG,2013-05-02,52.7,1.0,2013-05-03,50.5,1.0,-2.200000000000003,0.0,0.04999800000000221,-2.200000000000003,-0.04174573055028463,Close entry(s) order TEST,BuySignal,
1310,LONG,2013-05-06,50.5,1.0,2013-05-07,50.0,1.0,-0.5,0.0,0.0,-0.5,-0.00990099009900991,Close entry(s) order TEST,BuySignal,
1311,LONG,2013-05-08,51.0,1.0,2013-05-09,51.2,1.0,0.20000000000000284,0.0,0.0,0.20000000000000284,0.0039215686274509665,Close entry(s) order TEST,BuySignal,
1312,LONG,2013-05-10,50.9,1.0,2013-05-13,50.6,1.0,-0.29999999999999716,0.0,2.0000000020559128e-06,-0.29999999999999716,-0.005893909626718985,Close entry(s) order TEST,BuySignal,
1313,LONG,2013-05-14,49.6,1.0,2013-05-15,49.4,1.0,-0.20000000000000284,0.0,2.0000000020559128e-06,-0.20000000000000284,-0.0040322580645162365,Close entry(s) order TEST,BuySignal,
1314,LONG,2013-05-16,51.3,1.0,2013-05-17,50.2,1.0,-1.0999999999999943,0.0,0.04999800000000221,-1.0999999999999943,-0.021442495126705596,Close entry(s) order TEST,BuySignal,
1315,LONG,2013-05-20,50.0,1.0,2013-05-21,51.0,1.0,1.0,0.0,0.0,1.0,0.020000000000000018,Close entry(s) order TEST,BuySignal,
1316,LONG,2013-05-22,50.0,1.0,2013-05-23,49.0,1.0,-1.0,0.0,0.0,-1.0,-0.020000000000000018,Close entry(s) order TEST,BuySignal,
1317,LONG,2013-05-24,48.0,1.0,2013-05-27,47.0,1.0,-1.0,0.0,0.0,-1.0,-0.02083333333333337,Close entry(s) order TEST,BuySignal,
1318,LONG,2013-05-28,48.0,1.0,2013-05-29,48.0,1.0,0.0,0.0,0.0,0.0,0.0,Close entry(s) order TEST,BuySignal,
1319,LONG,2013-05-30,47.0,1.0,2013-05-31,49.2,1.0,2.200000000000003,0.0,0.0,2.200000000000003,0.04680851063829783,Close entry(s) order TEST,BuySignal,
1320,LONG,2013-06-03,45.5,1.0,2013-06-04,48.1,1.0,2.6000000000000014,0.0,0.04999899999999968,2.6000000000000014,0.05714285714285716,Close entry(s) order TEST,BuySignal,
1321,LONG,2013-06-05,47.2,1.0,2013-06-06,46.2,1.0,-1.0,0.0,9.999999974752427e-07,-1.0,-0.021186440677966045,Close entry(s) order TEST,BuySignal,
1322,LONG,2013-06-07,47.2,1.0,2013-06-10,46.5,1.0,-0.7000000000000028,0.0,0.04999800000000221,-0.7000000000000028,-0.014830508474576343,Close entry(s) order TEST,BuySignal,
1323,LONG,2013-06-11,45.1,1.0,2013-06-12,43.0,1.0,-2.1000000000000014,0.0,2.0000000020559128e-06,-2.1000000000000014,-0.04656319290465638,Close entry(s) order TEST,BuySignal,
1324,LONG,2013-06-13,43.2,1.0,2013-06-14,44.5,1.0,1.2999999999999972,0.0,0.04999999999999716,1.2999999999999972,0.03009259259259256,Close entry(s) order TEST,BuySignal,
1325,LONG,2013-06-17,43.1,1.0,2013-06-18,44.1,1.0,1.0,0.0,2.0000000020559128e-06,1.0,0.023201856148491906,Close entry(s) order TEST,BuySignal,
1326,LONG,2013-06-19,43.5,1.0,2013-06-20,46.0,1.0,2.5,0.0,0.0,2.5,0.05747126436781613,Close entry(s) order TEST,BuySignal,
1327,LONG,2013-06-21,49.0,1.0,2013-06-24,49.1,1.0,0.10000000000000142,0.0,0.0,0.10000000000000142,0.0020408163265306367,Close entry(s) order TEST,BuySignal,
1328,LONG,2013-06-25,44.0,1.0,2013-06-26,45.2,1.0,1.2000000000000028,0.0,0.0,1.2000000000000028,0.027272727272727337,Close entry(s) order TEST,BuySignal,
1329,LONG,2013-06-27,44.0,1.0,2013-06-28,43.2,1.0,-0.7999999999999972,0.0,0.04999899999999968,-0.7999999999999972,-0.018181818181818077,Close entry(s) order TEST,BuySignal,
1330,LONG,2013-07-01,43.2,1.0,2013-07-02,46.0,1.0,2.799999999999997,0.0,9.999999974752427e-07,2.799999999999997,0.06481481481481466,Close entry(s) order TEST,BuySignal,
1331,LONG,2013-07-03,44.0,1.0,2013-07-04,44.5,1.0,0.5,0.0,0.0,0.5,0.011363636363636465,Close entry(s) order TEST,BuySignal,
1332,LONG,2013-07-05,42.2,1.0,2013-07-08,42.0,1.0,-0.20000000000000284,0.0,9.999999974752427e-07,-0.20000000000000284,-0.004739336492891044,Close entry(s) order TEST,BuySignal,
1333,LONG,2013-07-09,43.0,1.0,2013-07-10,44.0,1.0,1.0,0.0,0.04999899999999968,1.0,0.023255813953488413,Close entry(s) order TEST,BuySignal,
1334,LONG,2013-07-11,42.9,1.0,2013-07-12,42.5,1.0,-0.3999999999999986,0.0,2.0000000020559128e-06,-0.3999999999999986,-0.009324009324009341,Close entry(s) order TEST,BuySignal,
1335,LONG,2013-07-15,42.5,1.0,2013-07-16,43.0,1.0,0.5,0.0,0.0,0.5,0.0117647058823529,Close entry(s) order TEST,BuySignal,
1336,LONG,2013-07-17,44.5,1.0,2013-07-18,43.0,1.0,-1.5,0.0,0.0,-1.5,-0.0337078651685393,Close entry(s) order TEST,BuySignal,
1337,LONG,2013-07-19,45.5,1.0,2013-07-22,45.2,1.0,-0.29999999999999716,0.0,0.04999899999999968,-0.29999999999999716,-0.00659340659340657,Close entry(s) order TEST,BuySignal,
1338,LONG,2013-07-23,44.4,1.0,2013-07-24,44.0,1.0,-0.3999999999999986,0.0,2.0000000020559128e-06,-0.3999999999999986,-0.009009009009009028,Close entry(s) order TEST,BuySignal,
1339,LONG,2013-07-25,43.6,1.0,2013-07-26,42.2,1.0,-1.3999999999999986,0.0,2.0000000020559128e-06,-1.3999999999999986,-0.032110091743119185,Close entry(s) order TEST,BuySignal,
1340,LONG,2013-07-29,42.0,1.0,2013-07-30,41.0,1.0,-1.0,0.0,0.0,-1.0,-0.023809523809523836,Close entry(s) order TEST,BuySignal,
1341,LONG,2013-07-31,40.0,1.0,2013-08-01,37.2,1.0,-2.799999999999997,0.0,0.0,-2.799999999999997,-0.06999999999999995,Close entry(s) order TEST,BuySignal,
1342,LONG,2013-08-02,32.0,1.0,2013-08-05,36.0,1.0,4.0,0.0,0.04999899999999968,4.0,0.125,Close entry(s) order TEST,BuySignal,
1343,LONG,2013-08-06,36.0,1.0,2013-08-07,28.2,1.0,-7.800000000000001,0.0,0.0,-7.800000000000001,-0.21666666666666667,Close entry(s) order TEST,BuySignal,
1344,LONG,2013-08-08,38.0,1.0,2013-08-12,35.2,1.0,-2.799999999999997,0.0,0.0,-2.799999999999997,-0.07368421052631569,Close entry(s) order TEST,BuySignal,
1345,LONG,2013-08-13,32.3,1.0,2013-08-14,32.8,1.0,0.5,0.0,9.999999974752427e-07,0.5,0.015479876160990669,Close entry(s) order TEST,BuySignal,
1346,LONG,2013-08-16,31.0,1.0,2013-08-19,29.9,1.0,-1.1000000000000014,0.0,0.04999899999999968,-1.1000000000000014,-0.03548387096774197,Close entry(s) order TEST,BuySignal,
1347,LONG,2013-08-20,28.5,1.0,2013-08-21,28.4,1.0,-0.10000000000000142,0.0,0.0,-0.10000000000000142,-0.0035087719298245723,Close entry(s) order TEST,BuySignal,
1348,LONG,2013-08-22,28.0,1.0,2013-08-23,30.2,1.0,2.1999999999999993,0.0,0.0,2.1999999999999993,0.07857142857142851,Close entry(s) order TEST,BuySignal,
1349,LONG,2013-08-26,31.0,1.0,2013-08-27,32.0,1.0,1.0,0.0,0.0,1.0,0.032258064516129004,Close entry(s) order TEST,BuySignal,
1350,LONG,2013-08-28,31.0,1.0,2013-08-29,32.3,1.0,1.2999999999999972,0.0,0.0,1.2999999999999972,0.04193548387096757,Close entry(s) order TEST,BuySignal,
1351,LONG,2013-08-30,33.0,1.0,2013-09-02,34.7,1.0,1.7000000000000028,0.0,0.0,1.7000000000000028,0.051515151515151514,Close entry(s) order TEST,BuySignal,
1352,LONG,2013-09-03,35.0,1.0,2013-09-04,34.5,1.0,-0.5,0.0,0.0,-0.5,-0.014285714285714235,Close entry(s) order TEST,BuySignal,
1353,LONG,2013-09-05,34.6,1.0,2013-09-06,34.5,1.0,-0.10000000000000142,0.0,2.0000000020559128e-06,-0.10000000000000142,-0.0028901734104046506,Close entry(s) order TEST,BuySignal,
1354,LONG,2013-09-10,36.7,1.0,2013-09-11,36.4,1.0,-0.30000000000000426,0.0,0.04999800000000221,-0.30000000000000426,-0.008174386920981047,Close entry(s) order TEST,BuySignal,
1355,LONG,2013-09-12,36.8,1.0,2013-09-13,38.5,1.0,1.7000000000000028,0.0,9.999999974752427e-07,1.7000000000000028,0.04619565217391308,Close entry(s) order TEST,BuySignal,
1356,LONG,2013-09-16,37.3,1.0,2013-09-17,35.0,1.0,-2.299999999999997,0.0,9.999999974752427e-07,-2.299999999999997,-0.06166219839142084,Close entry(s) order TEST,BuySignal,
1357,LONG,2013-09-18,34.0,1.0,2013-09-19,33.5,1.0,-0.5,0.0,0.0,-0.5,-0.014705882352941124,Close entry(s) order TEST,BuySignal,
1358,LONG,2013-09-20,34.2,1.0,2013-09-23,32.3,1.0,-1.9000000000000057,0.0,0.04999800000000221,-1.9000000000000057,-0.05555555555555569,Close entry(s) order TEST,BuySignal,
1359,LONG,2013-09-24,31.0,1.0,2013-09-25,29.9,1.0,-1.1000000000000014,0.0,0.04999899999999968,-1.1000000000000014,-0.03548387096774197,Close entry(s) order TEST,BuySignal,
1360,LONG,2013-09-26,29.0,1.0,2013-09-27,28.4,1.0,-0.6000000000000014,0.0,0.04999899999999968,-0.6000000000000014,-0.020689655172413834,Close entry(s) order TEST,BuySignal,
1361,LONG,2013-09-30,28.6,1.0,2013-10-01,30.0,1.0,1.3999999999999986,0.0,0.0,1.3999999999999986,0.04895104895104896,Close entry(s) order TEST,BuySignal,
1362,LONG,2013-10-03,30.0,1.0,2013-10-04,30.0,1.0,0.0,0.0,0.0,0.0,0.0,Close entry(s) order TEST,BuySignal,
1363,LONG,2013-10-07,30.2,1.0,2013-10-08,32.0,1.0,1.8000000000000007,0.0,1.0000000010279564e-06,1.8000000000000007,0.0596026490066226,Close entry(s) order TEST,BuySignal,
1364,LONG,2013-10-09,31.0,1.0,2013-10-10,32.5,1.0,1.5,0.0,0.0,1.5,0.048387096774193505,Close entry(s) order TEST,BuySignal,
1365,LONG,2013-10-11,33.0,1.0,2013-10-14,33.3,1.0,0.29999999999999716,0.0,0.04999899999999968,0.29999999999999716,0.009090909090909038,Close entry(s) order TEST,BuySignal,
1366,LONG,2013-10-15,33.2,1.0,2013-10-17,34.0,1.0,0.7999999999999972,0.0,9.999999974752427e-07,0.7999999999999972,0.02409638554216853,Close entry(s) order TEST,BuySignal,
1367,LONG,2013-10-18,32.5,1.0,2013-10-21,33.7,1.0,1.2000000000000028,0.0,0.0,1.2000000000000028,0.03692307692307706,Close entry(s) order TEST,BuySignal,
1368,LONG,2013-10-22,34.5,1.0,2013-10-23,38.9,1.0,4.399999999999999,0.0,0.04999899999999968,4.399999999999999,0.12753623188405783,Close entry(s) order TEST,BuySignal,
1369,LONG,2013-10-24,39.6,1.0,2013-10-25,40.3,1.0,0.6999999999999957,0.0,2.0000000020559128e-06,0.6999999999999957,0.017676767676767513,Close entry(s) order TEST,BuySignal,
1370,LONG,2013-10-28,39.3,1.0,2013-10-29,38.9,1.0,-0.3999999999999986,0.0,9.999999974752427e-07,-0.3999999999999986,-0.010178117048346036,Close entry(s) order TEST,BuySignal,
1371,LONG,2013-10-30,38.4,1.0,2013-10-31,41.3,1.0,2.8999999999999986,0.0,2.0000000020559128e-06,2.8999999999999986,0.07552083333333326,Close entry(s) order TEST,BuySignal,
1372,LONG,2013-11-01,43.0,1.0,2013-11-05,42.2,1.0,-0.7999999999999972,0.0,0.04999899999999968,-0.7999999999999972,-0.018604651162790642,Close entry(s) order TEST,BuySignal,
1373,LONG,2013-11-06,42.5,1.0,2013-11-07,42.3,1.0,-0.20000000000000284,0.0,0.04999899999999968,-0.20000000000000284,-0.004705882352941226,Close entry(s) order TEST,BuySignal,
1374,LONG,2013-11-08,42.5,1.0,2013-11-11,41.0,1.0,-1.5,0.0,0.0,-1.5,-0.03529411764705881,Close entry(s) order TEST,BuySignal,
1375,LONG,2013-11-12,40.8,1.0,2013-11-13,38.0,1.0,-2.799999999999997,0.0,9.999999974752427e-07,-2.799999999999997,-0.06862745098039214,Close entry(s) order TEST,BuySignal,
1376,LONG,2013-11-14,37.5,1.0,2013-11-18,38.6,1.0,1.1000000000000014,0.0,0.0,1.1000000000000014,0.029333333333333433,Close entry(s) order TEST,BuySignal,
1377,LONG,2013-11-19,38.5,1.0,2013-11-20,38.8,1.0,0.29999999999999716,0.0,0.0,0.29999999999999716,0.007792207792207684,Close entry(s) order TEST,BuySignal,
1378,LONG,2013-11-21,37.6,1.0,2013-11-22,39.0,1.0,1.3999999999999986,0.0,2.0000000020559128e-06,1.3999999999999986,0.037234042553191404,Close entry(s) order TEST,BuySignal,
1379,LONG,2013-11-25,38.4,1.0,2013-11-26,39.0,1.0,0.6000000000000014,0.0,2.0000000020559128e-06,0.6000000000000014,0.015625,Close entry(s) order TEST,BuySignal,
1380,LONG,2013-11-27,33.9,1.0,2013-11-28,34.5,1.0,0.6000000000000014,0.0,2.0000000020559128e-06,0.6000000000000014,0.017699115044247815,Close entry(s) order TEST,BuySignal,
1381,LONG,2013-11-29,36.8,1.0,2013-12-02,39.3,1.0,2.5,0.0,0.04999999999999716,2.5,0.06793478260869557,Close entry(s) order TEST,BuySignal,
1382,LONG,2013-12-03,39.3,1.0,2013-12-04,38.1,1.0,-1.1999999999999957,0.0,9.999999974752427e-07,-1.1999999999999957,-0.030534351145038108,Close entry(s) order TEST,BuySignal,
1383,LONG,2013-12-05,38.5,1.0,2013-12-06,38.3,1.0,-0.20000000000000284,0.0,0.0,-0.20000000000000284,-0.0051948051948053076,Close entry(s) order TEST,BuySignal,
1384,LONG,2013-12-09,39.5,1.0,2013-12-10,37.2,1.0,-2.299999999999997,0.0,0.04999899999999968,-2.299999999999997,-0.0582278481012658,Close entry(s) order TEST,BuySignal,
1385,LONG,2013-12-11,37.1,1.0,2013-12-12,36.8,1.0,-0.30000000000000426,0.0,2.0000000020559128e-06,-0.30000000000000426,-0.008086253369272378,Close entry(s) order TEST,BuySignal,
1386,LONG,2013-12-13,36.2,1.0,2013-12-16,36.0,1.0,-0.20000000000000284,0.0,0.04999800000000221,-0.20000000000000284,-0.005524861878453136,Close entry(s) order TEST,BuySignal,
1387,LONG,2013-12-17,35.7,1.0,2013-12-18,35.2,1.0,-0.5,0.0,9.999999974752427e-07,-0.5,-0.014005602240896309,Close entry(s) order TEST,BuySignal,
1388,LONG,2013-12-19,37.5,1.0,2013-12-20,44.4,1.0,6.899999999999999,0.0,0.0,6.899999999999999,0.18399999999999994,Close entry(s) order TEST,BuySignal,
1389,LONG,2013-12-23,47.0,1.0,2013-12-24,50.0,1.0,3.0,0.0,0.0,3.0,0.06382978723404253,Close entry(s) order TEST,BuySignal,
1390,LONG,2013-12-26,51.0,1.0,2013-12-27,54.9,1.0,3.8999999999999986,0.0,0.0,3.8999999999999986,0.07647058823529407,Close entry(s) order TEST,BuySignal,
1391,LONG,2013-12-30,61.0,1.0,2013-12-31,63.8,1.0,2.799999999999997,0.0,0.04999899999999968,2.799999999999997,0.04590163934426217,Close entry(s) order TEST,BuySignal,
1392,LONG,2014-01-01,64.8,1.0,2014-01-02,63.0,1.0,-1.7999999999999972,0.0,0.04999800000000221,-1.7999999999999972,-0.02777777777777779,Close entry(s) order TEST,BuySignal,
1393,LONG,2014-01-03,58.2,1.0,2014-01-06,58.0,1.0,-0.20000000000000284,0.0,9.999999974752427e-07,-0.20000000000000284,-0.003436426116838587,Close entry(s) order TEST,BuySignal,
1394,LONG,2014-01-07,62.1,1.0,2014-01-08,64.2,1.0,2.1000000000000014,0.0,2.0000000020559128e-06,2.1000000000000014,0.033816425120772875,Close entry(s) order TEST,BuySignal,
1395,LONG,2014-01-09,62.0,1.0,2014-01-10,61.1,1.0,-0.8999999999999986,0.0,0.0,-0.8999999999999986,-0.014516129032258074,Close entry(s) order TEST,BuySignal,
1396,LONG,2014-01-13,63.8,1.0,2014-01-14,66.9,1.0,3.1000000000000085,0.0,9.999999974752427e-07,3.1000000000000085,0.048589341692790056,Close entry(s) order TEST,BuySignal,
1397,LONG,2014-01-15,64.6,1.0,2014-01-16,66.4,1.0,1.8000000000000114,0.0,1.9999999949504854e-06,1.8000000000000114,0.02786377708978338,Close entry(s) order TEST,BuySignal,
1398,LONG,2014-01-17,65.7,1.0,2014-01-20,64.0,1.0,-1.7000000000000028,0.0,3.000000006636583e-06,-1.7000000000000028,-0.025875190258751957,Close entry(s) order TEST,BuySignal,
1399,LONG,2014-01-21,65.0,1.0,2014-01-22,66.0,1.0,1.0,0.0,0.0,1.0,0.01538461538461533,Close entry(s) order TEST,BuySignal,
1400,LONG,2014-01-23,65.5,1.0,2014-01-24,67.0,1.0,1.5,0.0,0.0,1.5,0.022900763358778553,Close entry(s) order TEST,BuySignal,
1401,LONG,2014-01-27,65.1,1.0,2014-01-28,64.0,1.0,-1.0999999999999943,0.0,0.04999699999999052,-1.0999999999999943,-0.016897081413210335,Close entry(s) order TEST,BuySignal,
1402,LONG,2014-01-29,61.5,1.0,2014-01-30,57.0,1.0,-4.5,0.0,0.0,-4.5,-0.07317073170731703,Close entry(s) order TEST,BuySignal,
1403,LONG,2014-01-31,53.1,1.0,2014-02-03,58.0,1.0,4.899999999999999,0.0,2.0000000020559128e-06,4.899999999999999,0.09227871939736354,Close entry(s) order TEST,BuySignal,
1404,LONG,2014-02-04,59.0,1.0,2014-02-05,61.8,1.0,2.799999999999997,0.0,0.0,2.799999999999997,0.047457627118643986,Close entry(s) order TEST,BuySignal,
1405,LONG,2014-02-06,64.8,1.0,2014-02-07,65.0,1.0,0.20000000000000284,0.0,3.000000006636583e-06,0.20000000000000284,0.0030864197530864335,Close entry(s) order TEST,BuySignal,
1406,LONG,2014-02-10,65.7,1.0,2014-02-11,66.4,1.0,0.7000000000000028,0.0,3.000000006636583e-06,0.7000000000000028,0.010654490106544845,Close entry(s) order TEST,BuySignal,
1407,LONG,2014-02-12,64.5,1.0,2014-02-13,64.7,1.0,0.20000000000000284,0.0,0.0,0.20000000000000284,0.0031007751937985883,Close entry(s) order TEST,BuySignal,
1408,LONG,2014-02-14,65.4,1.0,2014-02-17,63.0,1.0,-2.4000000000000057,0.0,0.04999699999999052,-2.4000000000000057,-0.03669724770642213,Close entry(s) order TEST,BuySignal,
1409,LONG,2014-02-18,63.3,1.0,2014-02-19,61.0,1.0,-2.299999999999997,0.0,9.999999974752427e-07,-2.299999999999997,-0.0363349131121643,Close entry(s) order TEST,BuySignal,
1410,LONG,2014-02-20,63.0,1.0,2014-02-21,63.0,1.0,0.0,0.0,0.04999899999999968,0.0,0.0,Close entry(s) order TEST,BuySignal,
1411,LONG,2014-02-24,63.5,1.0,2014-02-25,62.0,1.0,-1.5,0.0,0.0,-1.5,-0.023622047244094446,Close entry(s) order TEST,BuySignal,
1412,LONG,2014-02-26,61.0,1.0,2014-02-28,61.5,1.0,0.5,0.0,0.0,0.5,0.008196721311475308,Close entry(s) order TEST,BuySignal,
1413,LONG,2014-03-03,63.3,1.0,2014-03-04,64.9,1.0,1.6000000000000085,0.0,9.999999974752427e-07,1.6000000000000085,0.02527646129541883,Close entry(s) order TEST,BuySignal,
1414,LONG,2014-03-05,65.0,1.0,2014-03-06,63.8,1.0,-1.2000000000000028,0.0,0.0,-1.2000000000000028,-0.01846153846153853,Close entry(s) order TEST,BuySignal,
1415,LONG,2014-03-07,67.8,1.0,2014-03-10,63.5,1.0,-4.299999999999997,0.0,3.000000006636583e-06,-4.299999999999997,-0.06342182890855452,Close entry(s) order TEST,BuySignal,
1416,LONG,2014-03-11,67.3,1.0,2014-03-12,72.4,1.0,5.1000000000000085,0.0,3.000000006636583e-06,5.1000000000000085,0.07578008915304624,Close entry(s) order TEST,BuySignal,
1417,LONG,2014-03-13,70.0,1.0,2014-03-14,67.1,1.0,-2.9000000000000057,0.0,0.0,-2.9000000000000057,-0.04142857142857148,Close entry(s) order TEST,BuySignal,
1418,LONG,2014-03-18,73.1,1.0,2014-03-19,73.4,1.0,0.30000000000001137,0.0,0.04999699999999052,0.30000000000001137,0.004103967168262779,Close entry(s) order TEST,BuySignal,
1419,LONG,2014-03-20,71.4,1.0,2014-03-21,70.5,1.0,-0.9000000000000057,0.0,0.04999699999999052,-0.9000000000000057,-0.012605042016806789,Close entry(s) order TEST,BuySignal,
1420,LONG,2014-03-24,69.7,1.0,2014-03-25,68.1,1.0,-1.6000000000000085,0.0,0.04999800000000221,-1.6000000000000085,-0.022955523672883893,Close entry(s) order TEST,BuySignal,
1421,LONG,2014-03-26,70.5,1.0,2014-03-27,68.7,1.0,-1.7999999999999972,0.0,0.0,-1.7999999999999972,-0.025531914893616947,Close entry(s) order TEST,BuySignal,
1422,LONG,2014-03-28,68.7,1.0,2014-03-31,67.0,1.0,-1.7000000000000028,0.0,3.000000006636583e-06,-1.7000000000000028,-0.024745269286754024,Close entry(s) order TEST,BuySignal,
1423,LONG,2014-04-01,69.0,1.0,2014-04-02,68.1,1.0,-0.9000000000000057,0.0,0.0,-0.9000000000000057,-0.013043478260869601,Close entry(s) order TEST,BuySignal,
1424,LONG,2014-04-03,73.0,1.0,2014-04-04,70.1,1.0,-2.9000000000000057,0.0,0.0,-2.9000000000000057,-0.03972602739726039,Close entry(s) order TEST,BuySignal,
1425,LONG,2014-04-07,72.8,1.0,2014-04-09,71.8,1.0,-1.0,0.0,3.000000006636583e-06,-1.0,-0.013736263736263687,Close entry(s) order TEST,BuySignal,
1426,LONG,2014-04-10,80.9,1.0,2014-04-11,77.8,1.0,-3.1000000000000085,0.0,1.9999999949504854e-06,-3.1000000000000085,-0.038318912237330194,Close entry(s) order TEST,BuySignal,
1427,LONG,2014-04-15,76.7,1.0,2014-04-16,78.8,1.0,2.0999999999999943,0.0,3.000000006636583e-06,2.0999999999999943,0.027379400260756137,Close entry(s) order TEST,BuySignal,
1428,LONG,2014-04-17,78.0,1.0,2014-04-21,79.5,1.0,1.5,0.0,0.0,1.5,0.019230769230769162,Close entry(s) order TEST,BuySignal,
1429,LONG,2014-04-22,80.1,1.0,2014-04-23,77.6,1.0,-2.5,0.0,1.9999999949504854e-06,-2.5,-0.031210986267166008,Close entry(s) order TEST,BuySignal,
1430,LONG,2014-04-25,80.1,1.0,2014-04-28,79.0,1.0,-1.0999999999999943,0.0,0.04999699999999052,-1.0999999999999943,-0.013732833957552981,Close entry(s) order TEST,BuySignal,
1431,LONG,2014-04-29,78.3,1.0,2014-04-30,81.5,1.0,3.200000000000003,0.0,3.000000006636583e-06,3.200000000000003,0.040868454661558085,Close entry(s) order TEST,BuySignal,
1432,LONG,2014-05-02,81.3,1.0,2014-05-05,78.0,1.0,-3.299999999999997,0.0,0.04999800000000221,-3.299999999999997,-0.040590405904059046,Close entry(s) order TEST,BuySignal,
1433,LONG,2014-05-06,76.8,1.0,2014-05-07,75.6,1.0,-1.2000000000000028,0.0,3.000000006636583e-06,-1.2000000000000028,-0.015625,Close entry(s) order TEST,BuySignal,
1434,LONG,2014-05-08,75.3,1.0,2014-05-09,79.0,1.0,3.700000000000003,0.0,0.04999800000000221,3.700000000000003,0.049136786188578974,Close entry(s) order TEST,BuySignal,
1435,LONG,2014-05-12,78.4,1.0,2014-05-13,79.0,1.0,0.5999999999999943,0.0,1.9999999949504854e-06,0.5999999999999943,0.007653061224489832,Close entry(s) order TEST,BuySignal,
1436,LONG,2014-05-14,82.0,1.0,2014-05-15,81.0,1.0,-1.0,0.0,0.0,-1.0,-0.012195121951219523,Close entry(s) order TEST,BuySignal,
1437,LONG,2014-05-16,79.2,1.0,2014-05-19,78.2,1.0,-1.0,0.0,3.000000006636583e-06,-1.0,-0.012626262626262652,Close entry(s) order TEST,BuySignal,
1438,LONG,2014-05-20,83.5,1.0,2014-05-21,88.0,1.0,4.5,0.0,0.0,4.5,0.05389221556886237,Close entry(s) order TEST,BuySignal,
1439,LONG,2014-05-22,87.1,1.0,2014-05-23,89.1,1.0,2.0,0.0,0.04999699999999052,2.0,0.02296211251435132,Close entry(s) order TEST,BuySignal,
1440,LONG,2014-05-26,90.0,1.0,2014-05-27,82.5,1.0,-7.5,0.0,0.0,-7.5,-0.08333333333333337,Close entry(s) order TEST,BuySignal,
1441,LONG,2014-05-28,80.5,1.0,2014-05-29,78.3,1.0,-2.200000000000003,0.0,0.0,-2.200000000000003,-0.027329192546583836,Close entry(s) order TEST,BuySignal,
1442,LONG,2014-05-30,77.9,1.0,2014-06-02,80.9,1.0,3.0,0.0,0.04999699999999052,3.0,0.038510911424903815,Close entry(s) order TEST,BuySignal,
1443,LONG,2014-06-03,81.5,1.0,2014-06-04,86.8,1.0,5.299999999999997,0.0,0.0,5.299999999999997,0.06503067484662584,Close entry(s) order TEST,BuySignal,
1444,LONG,2014-06-05,97.9,1.0,2014-06-06,97.4,1.0,-0.5,0.0,0.04999699999999052,-0.5,-0.005107252298263587,Close entry(s) order TEST,BuySignal,
1445,LONG,2014-06-09,97.8,1.0,2014-06-10,103.5,1.0,5.700000000000003,0.0,0.04999999999999716,5.700000000000003,0.05828220858895716,Close entry(s) order TEST,BuySignal,
1446,LONG,2014-06-11,103.8,1.0,2014-06-12,97.8,1.0,-6.0,0.0,0.0,-6.0,-0.05780346820809246,Close entry(s) order TEST,BuySignal,
1447,LONG,2014-06-13,97.4,1.0,2014-06-16,89.0,1.0,-8.400000000000006,0.0,1.9999999949504854e-06,-8.400000000000006,-0.08624229979466125,Close entry(s) order TEST,BuySignal,
1448,LONG,2014-06-17,91.4,1.0,2014-06-18,95.2,1.0,3.799999999999997,0.0,0.04999699999999052,3.799999999999997,0.04157549234135671,Close entry(s) order TEST,BuySignal,
1449,LONG,2014-06-19,93.0,1.0,2014-06-20,90.0,1.0,-3.0,0.0,0.0,-3.0,-0.032258064516129004,Close entry(s) order TEST,BuySignal,
1450,LONG,2014-06-23,84.2,1.0,2014-06-24,85.1,1.0,0.8999999999999915,0.0,0.04999999999999716,0.8999999999999915,0.010688836104512989,Close entry(s) order TEST,BuySignal,
1451,LONG,2014-06-25,87.3,1.0,2014-06-26,85.8,1.0,-1.5,0.0,0.04999800000000221,-1.5,-0.01718213058419249,Close entry(s) order TEST,BuySignal,
1452,LONG,2014-06-27,85.1,1.0,2014-06-30,84.0,1.0,-1.0999999999999943,0.0,1.9999999949504854e-06,-1.0999999999999943,-0.012925969447708519,Close entry(s) order TEST,BuySignal,
1453,LONG,2014-07-01,88.0,1.0,2014-07-02,92.5,1.0,4.5,0.0,0.0,4.5,0.051136363636363535,Close entry(s) order TEST,BuySignal,
1454,LONG,2014-07-03,94.2,1.0,2014-07-04,91.8,1.0,-2.4000000000000057,0.0,3.000000006636583e-06,-2.4000000000000057,-0.025477707006369532,Close entry(s) order TEST,BuySignal,
1455,LONG,2014-07-07,92.0,1.0,2014-07-08,91.0,1.0,-1.0,0.0,0.0,-1.0,-0.010869565217391353,Close entry(s) order TEST,BuySignal,
1456,LONG,2014-07-09,85.0,1.0,2014-07-10,85.1,1.0,0.09999999999999432,0.0,0.0,0.09999999999999432,0.0011764705882353343,Close entry(s) order TEST,BuySignal,
1457,LONG,2014-07-11,88.2,1.0,2014-07-14,86.8,1.0,-1.4000000000000057,0.0,3.000000006636583e-06,-1.4000000000000057,-0.015873015873015928,Close entry(s) order TEST,BuySignal,
1458,LONG,2014-07-15,81.7,1.0,2014-07-16,85.6,1.0,3.8999999999999915,0.0,3.000000006636583e-06,3.8999999999999915,0.047735618115055,Close entry(s) order TEST,BuySignal,
1459,LONG,2014-07-17,87.4,1.0,2014-07-18,87.0,1.0,-0.4000000000000057,0.0,1.9999999949504854e-06,-0.4000000000000057,-0.004576659038901698,Close entry(s) order TEST,BuySignal,
1460,LONG,2014-07-21,87.5,1.0,2014-07-22,91.5,1.0,4.0,0.0,0.0,4.0,0.04571428571428582,Close entry(s) order TEST,BuySignal,
1461,LONG,2014-07-23,88.1,1.0,2014-07-24,89.1,1.0,1.0,0.0,0.04999699999999052,1.0,0.011350737797956922,Close entry(s) order TEST,BuySignal,
1462,LONG,2014-07-25,88.1,1.0,2014-07-28,82.7,1.0,-5.3999999999999915,0.0,0.04999699999999052,-5.3999999999999915,-0.061293984108967026,Close entry(s) order TEST,BuySignal,
1463,LONG,2014-07-30,84.1,1.0,2014-07-31,82.0,1.0,-2.0999999999999943,0.0,1.9999999949504854e-06,-2.0999999999999943,-0.024970273483947647,Close entry(s) order TEST,BuySignal,
1464,LONG,2014-08-01,81.3,1.0,2014-08-04,86.7,1.0,5.400000000000006,0.0,3.000000006636583e-06,5.400000000000006,0.06642066420664205,Close entry(s) order TEST,BuySignal,
1465,LONG,2014-08-05,82.6,1.0,2014-08-06,86.8,1.0,4.200000000000003,0.0,1.9999999949504854e-06,4.200000000000003,0.05084745762711873,Close entry(s) order TEST,BuySignal,
1466,LONG,2014-08-07,83.8,1.0,2014-08-08,77.6,1.0,-6.200000000000003,0.0,0.04999800000000221,-6.200000000000003,-0.07398568019093077,Close entry(s) order TEST,BuySignal,
1467,LONG,2014-08-11,79.9,1.0,2014-08-12,79.2,1.0,-0.7000000000000028,0.0,0.04999699999999052,-0.7000000000000028,-0.008760951188986232,Close entry(s) order TEST,BuySignal,
1468,LONG,2014-08-13,77.5,1.0,2014-08-14,72.0,1.0,-5.5,0.0,0.0,-5.5,-0.07096774193548383,Close entry(s) order TEST,BuySignal,
1469,LONG,2014-08-18,70.9,1.0,2014-08-19,75.1,1.0,4.199999999999989,0.0,1.9999999949504854e-06,4.199999999999989,0.05923836389280668,Close entry(s) order TEST,BuySignal,
1470,LONG,2014-08-20,75.0,1.0,2014-08-21,76.2,1.0,1.2000000000000028,0.0,0.0,1.2000000000000028,0.016000000000000014,Close entry(s) order TEST,BuySignal,
1471,LONG,2014-08-22,76.3,1.0,2014-08-25,73.7,1.0,-2.5999999999999943,0.0,3.000000006636583e-06,-2.5999999999999943,-0.03407601572739183,Close entry(s) order TEST,BuySignal,
1472,LONG,2014-08-26,70.2,1.0,2014-08-27,70.9,1.0,0.7000000000000028,0.0,3.000000006636583e-06,0.7000000000000028,0.009971509971510084,Close entry(s) order TEST,BuySignal,
1473,LONG,2014-08-28,69.2,1.0,2014-09-01,67.1,1.0,-2.1000000000000085,0.0,0.04999800000000221,-2.1000000000000085,-0.030346820809248665,Close entry(s) order TEST,BuySignal,
1474,LONG,2014-09-02,68.0,1.0,2014-09-03,71.2,1.0,3.200000000000003,0.0,0.0,3.200000000000003,0.04705882352941182,Close entry(s) order TEST,BuySignal,
1475,LONG,2014-09-04,75.0,1.0,2014-09-05,77.2,1.0,2.200000000000003,0.0,0.0,2.200000000000003,0.029333333333333433,Close entry(s) order TEST,BuySignal,
1476,LONG,2014-09-08,77.8,1.0,2014-09-09,74.5,1.0,-3.299999999999997,0.0,3.000000006636583e-06,-3.299999999999997,-0.0424164524421593,Close entry(s) order TEST,BuySignal,
1477,LONG,2014-09-10,74.9,1.0,2014-09-11,77.6,1.0,2.6999999999999886,0.0,0.04999699999999052,2.6999999999999886,0.03604806408544703,Close entry(s) order TEST,BuySignal,
1478,LONG,2014-09-12,79.4,1.0,2014-09-15,80.1,1.0,0.6999999999999886,0.0,1.9999999949504854e-06,0.6999999999999886,0.00881612090680095,Close entry(s) order TEST,BuySignal,
1479,LONG,2014-09-16,79.6,1.0,2014-09-17,77.9,1.0,-1.6999999999999886,0.0,0.04999699999999052,-1.6999999999999886,-0.021356783919597833,Close entry(s) order TEST,BuySignal,
1480,LONG,2014-09-18,73.9,1.0,2014-09-19,76.0,1.0,2.0999999999999943,0.0,0.04999699999999052,2.0999999999999943,0.02841677943166432,Close entry(s) order TEST,BuySignal,
1481,LONG,2014-09-22,81.9,1.0,2014-09-23,83.7,1.0,1.7999999999999972,0.0,0.04999699999999052,1.7999999999999972,0.0219780219780219,Close entry(s) order TEST,BuySignal,
1482,LONG,2014-09-24,76.3,1.0,2014-09-25,82.2,1.0,5.900000000000006,0.0,0.04999800000000221,5.900000000000006,0.07732634338138933,Close entry(s) order TEST,BuySignal,
1483,LONG,2014-09-26,77.7,1.0,2014-09-29,75.1,1.0,-2.6000000000000085,0.0,3.000000006636583e-06,-2.6000000000000085,-0.03346203346203358,Close entry(s) order TEST,BuySignal,
1484,LONG,2014-09-30,73.1,1.0,2014-10-01,76.1,1.0,3.0,0.0,0.04999699999999052,3.0,0.041039671682626455,Close entry(s) order TEST,BuySignal,
1485,LONG,2014-10-07,77.1,1.0,2014-10-08,75.0,1.0,-2.0999999999999943,0.0,0.04999699999999052,-2.0999999999999943,-0.027237354085603016,Close entry(s) order TEST,BuySignal,
1486,LONG,2014-10-09,78.2,1.0,2014-10-10,81.4,1.0,3.200000000000003,0.0,3.000000006636583e-06,3.200000000000003,0.04092071611253201,Close entry(s) order TEST,BuySignal,
1487,LONG,2014-10-13,81.6,1.0,2014-10-14,83.9,1.0,2.3000000000000114,0.0,0.04999699999999052,2.3000000000000114,0.028186274509804043,Close entry(s) order TEST,BuySignal,
1488,LONG,2014-10-16,80.7,1.0,2014-10-17,78.8,1.0,-1.9000000000000057,0.0,3.000000006636583e-06,-1.9000000000000057,-0.02354399008674113,Close entry(s) order TEST,BuySignal,
1489,LONG,2014-10-20,82.0,1.0,2014-10-21,78.3,1.0,-3.700000000000003,0.0,0.0,-3.700000000000003,-0.045121951219512235,Close entry(s) order TEST,BuySignal,
1490,LONG,2014-10-22,78.1,1.0,2014-10-23,79.7,1.0,1.6000000000000085,0.0,1.9999999949504854e-06,1.6000000000000085,0.020486555697823317,Close entry(s) order TEST,BuySignal,
1491,LONG,2014-10-27,79.8,1.0,2014-10-28,78.3,1.0,-1.5,0.0,3.000000006636583e-06,-1.5,-0.018796992481203034,Close entry(s) order TEST,BuySignal,
1492,LONG,2014-10-29,76.0,1.0,2014-10-30,76.5,1.0,0.5,0.0,0.0,0.5,0.006578947368421018,Close entry(s) order TEST,BuySignal,
1493,LONG,2014-10-31,75.5,1.0,2014-11-03,76.6,1.0,1.0999999999999943,0.0,0.0,1.0999999999999943,0.014569536423840956,Close entry(s) order TEST,BuySignal,
1494,LONG,2014-11-05,76.0,1.0,2014-11-07,75.6,1.0,-0.4000000000000057,0.0,0.0,-0.4000000000000057,-0.0052631578947369695,Close entry(s) order TEST,BuySignal,
1495,LONG,2014-11-10,74.5,1.0,2014-11-11,74.0,1.0,-0.5,0.0,0.0,-0.5,-0.006711409395973145,Close entry(s) order TEST,BuySignal,
1496,LONG,2014-11-12,74.9,1.0,2014-11-13,73.0,1.0,-1.9000000000000057,0.0,0.04999699999999052,-1.9000000000000057,-0.025367156208277786,Close entry(s) order TEST,BuySignal,
1497,LONG,2014-11-14,73.6,1.0,2014-11-17,74.1,1.0,0.5,0.0,1.9999999949504854e-06,0.5,0.006793478260869623,Close entry(s) order TEST,BuySignal,
1498,LONG,2014-11-18,74.0,1.0,2014-11-19,78.0,1.0,4.0,0.0,0.0,4.0,0.054054054054053946,Close entry(s) order TEST,BuySignal,
1499,LONG,2014-11-20,76.4,1.0,2014-11-21,77.2,1.0,0.7999999999999972,0.0,1.9999999949504854e-06,0.7999999999999972,0.010471204188481575,Close entry(s) order TEST,BuySignal,
1500,LONG,2014-11-24,75.8,1.0,2014-11-25,75.2,1.0,-0.5999999999999943,0.0,0.04999800000000221,-0.5999999999999943,-0.00791556728232179,Close entry(s) order TEST,BuySignal,
1501,LONG,2014-11-26,73.2,1.0,2014-11-27,74.8,1.0,1.5999999999999943,0.0,3.000000006636583e-06,1.5999999999999943,0.021857923497267784,Close entry(s) order TEST,BuySignal,
1502,LONG,2014-11-28,77.0,1.0,2014-12-01,74.0,1.0,-3.0,0.0,0.0,-3.0,-0.038961038961038974,Close entry(s) order TEST,BuySignal,
1503,LONG,2014-12-02,73.6,1.0,2014-12-03,74.4,1.0,0.8000000000000114,0.0,0.04999699999999052,0.8000000000000114,0.010869565217391353,Close entry(s) order TEST,BuySignal,
1504,LONG,2014-12-04,77.2,1.0,2014-12-05,76.0,1.0,-1.2000000000000028,0.0,3.000000006636583e-06,-1.2000000000000028,-0.015544041450777257,Close entry(s) order TEST,BuySignal,
1505,LONG,2014-12-08,78.2,1.0,2014-12-09,76.0,1.0,-2.200000000000003,0.0,0.04999800000000221,-2.200000000000003,-0.02813299232736577,Close entry(s) order TEST,BuySignal,
1506,LONG,2014-12-10,76.6,1.0,2014-12-11,73.8,1.0,-2.799999999999997,0.0,1.9999999949504854e-06,-2.799999999999997,-0.036553524804177506,Close entry(s) order TEST,BuySignal,
1507,LONG,2014-12-12,74.7,1.0,2014-12-15,70.4,1.0,-4.299999999999997,0.0,3.000000006636583e-06,-4.299999999999997,-0.05756358768406955,Close entry(s) order TEST,BuySignal,
1508,LONG,2014-12-16,68.0,1.0,2014-12-17,66.7,1.0,-1.2999999999999972,0.0,0.0,-1.2999999999999972,-0.01911764705882346,Close entry(s) order TEST,BuySignal,
1509,LONG,2014-12-18,66.4,1.0,2014-12-19,69.0,1.0,2.5999999999999943,0.0,0.04999699999999052,2.5999999999999943,0.03915662650602392,Close entry(s) order TEST,BuySignal,
1510,LONG,2014-12-22,68.9,1.0,2014-12-23,69.1,1.0,0.19999999999998863,0.0,0.04999699999999052,0.19999999999998863,0.002902757619738683,Close entry(s) order TEST,BuySignal,
1511,LONG,2014-12-24,66.7,1.0,2014-12-26,66.7,1.0,0.0,0.0,3.000000006636583e-06,0.0,0.0,Close entry(s) order TEST,BuySignal,
1512,LONG,2014-12-29,67.7,1.0,2014-12-30,67.7,1.0,0.0,0.0,0.04999800000000221,0.0,0.0,Close entry(s) order TEST,BuySignal,
1513,LONG,2014-12-31,69.4,1.0,2015-01-01,68.5,1.0,-0.9000000000000057,0.0,1.9999999949504854e-06,-0.9000000000000057,-0.012968299711815678,Close entry(s) order TEST,BuySignal,
1514,LONG,2015-01-02,68.7,1.0,2015-01-05,70.2,1.0,1.5,0.0,3.000000006636583e-06,1.5,0.02183406113537112,Close entry(s) order TEST,BuySignal,
1515,LONG,2015-01-06,71.4,1.0,2015-01-07,67.5,1.0,-3.9000000000000057,0.0,0.04999699999999052,-3.9000000000000057,-0.054621848739495826,Close entry(s) order TEST,BuySignal,
1516,LONG,2015-01-08,69.7,1.0,2015-01-09,69.4,1.0,-0.29999999999999716,0.0,3.000000006636583e-06,-0.29999999999999716,-0.004304160688665681,Close entry(s) order TEST,BuySignal,
1517,LONG,2015-01-12,68.0,1.0,2015-01-13,68.9,1.0,0.9000000000000057,0.0,0.0,0.9000000000000057,0.013235294117647234,Close entry(s) order TEST,BuySignal,
1518,LONG,2015-01-14,67.2,1.0,2015-01-15,67.2,1.0,0.0,0.0,0.04999800000000221,0.0,0.0,Close entry(s) order TEST,BuySignal,
1519,LONG,2015-01-16,68.8,1.0,2015-01-19,67.0,1.0,-1.7999999999999972,0.0,3.000000006636583e-06,-1.7999999999999972,-0.026162790697674354,Close entry(s) order TEST,BuySignal,
1520,LONG,2015-01-20,67.6,1.0,2015-01-21,68.8,1.0,1.2000000000000028,0.0,0.04999699999999052,1.2000000000000028,0.01775147928994092,Close entry(s) order TEST,BuySignal,
1521,LONG,2015-01-22,67.5,1.0,2015-01-23,66.8,1.0,-0.7000000000000028,0.0,0.0,-0.7000000000000028,-0.010370370370370363,Close entry(s) order TEST,BuySignal,
1522,LONG,2015-01-27,66.4,1.0,2015-01-28,66.6,1.0,0.19999999999998863,0.0,0.04999699999999052,0.19999999999998863,0.0030120481927708997,Close entry(s) order TEST,BuySignal,
1523,LONG,2015-01-29,72.0,1.0,2015-01-30,70.6,1.0,-1.4000000000000057,0.0,0.0,-1.4000000000000057,-0.019444444444444486,Close entry(s) order TEST,BuySignal,
1524,LONG,2015-02-02,68.0,1.0,2015-02-03,68.2,1.0,0.20000000000000284,0.0,0.0,0.20000000000000284,0.002941176470588225,Close entry(s) order TEST,BuySignal,
1525,LONG,2015-02-04,68.1,1.0,2015-02-05,66.4,1.0,-1.6999999999999886,0.0,1.9999999949504854e-06,-1.6999999999999886,-0.024963289280469758,Close entry(s) order TEST,BuySignal,
1526,LONG,2015-02-06,65.4,1.0,2015-02-09,63.9,1.0,-1.500000000000007,0.0,1.9999999949504854e-06,-1.500000000000007,-0.022935779816513846,Close entry(s) order TEST,BuySignal,
1527,LONG,2015-02-10,61.8,1.0,2015-02-11,64.8,1.0,3.0,0.0,0.04999800000000221,3.0,0.04854368932038833,Close entry(s) order TEST,BuySignal,
1528,LONG,2015-02-12,62.6,1.0,2015-02-13,65.8,1.0,3.1999999999999957,0.0,2.0000000020559128e-06,3.1999999999999957,0.051118210862619806,Close entry(s) order TEST,BuySignal,
1529,LONG,2015-02-16,63.9,1.0,2015-02-18,66.3,1.0,2.3999999999999986,0.0,2.0000000020559128e-06,2.3999999999999986,0.037558685446009266,Close entry(s) order TEST,BuySignal,
1530,LONG,2015-02-19,64.0,1.0,2015-02-20,61.5,1.0,-2.5,0.0,0.0,-2.5,-0.0390625,Close entry(s) order TEST,BuySignal,
1531,LONG,2015-02-23,65.9,1.0,2015-02-24,64.7,1.0,-1.2000000000000028,0.0,1.9999999949504854e-06,-1.2000000000000028,-0.018209408194233778,Close entry(s) order TEST,BuySignal,
1532,LONG,2015-02-25,66.5,1.0,2015-02-26,66.5,1.0,0.0,0.0,0.0,0.0,0.0,Close entry(s) order TEST,BuySignal,
1533,LONG,2015-02-27,65.7,1.0,2015-02-28,69.7,1.0,4.0,0.0,0.04999800000000221,4.0,0.060882800608828,Close entry(s) order TEST,BuySignal,
1534,LONG,2015-03-02,68.3,1.0,2015-03-03,66.8,1.0,-1.5,0.0,3.000000006636583e-06,-1.5,-0.02196193265007318,Close entry(s) order TEST,BuySignal,
1535,LONG,2015-03-04,69.0,1.0,2015-03-05,66.2,1.0,-2.799999999999997,0.0,0.0,-2.799999999999997,-0.04057971014492745,Close entry(s) order TEST,BuySignal,
1536,LONG,2015-03-09,65.1,1.0,2015-03-10,64.0,1.0,-1.0999999999999943,0.0,0.04999699999999052,-1.0999999999999943,-0.016897081413210335,Close entry(s) order TEST,BuySignal,
1537,LONG,2015-03-11,63.0,1.0,2015-03-12,63.8,1.0,0.7999999999999972,0.0,0.04999899999999968,0.7999999999999972,0.012698412698412653,Close entry(s) order TEST,BuySignal,
1538,LONG,2015-03-13,64.6,1.0,2015-03-16,64.9,1.0,0.30000000000001137,0.0,0.04999699999999052,0.30000000000001137,0.004643962848297489,Close entry(s) order TEST,BuySignal,
1539,LONG,2015-03-17,64.1,1.0,2015-03-18,62.4,1.0,-1.6999999999999957,0.0,1.9999999949504854e-06,-1.6999999999999957,-0.026521060842433664,Close entry(s) order TEST,BuySignal,
1540,LONG,2015-03-19,62.8,1.0,2015-03-20,60.2,1.0,-2.5999999999999943,0.0,0.04999999999999716,-2.5999999999999943,-0.0414012738853502,Close entry(s) order TEST,BuySignal,
1541,LONG,2015-03-23,60.4,1.0,2015-03-24,57.5,1.0,-2.8999999999999986,0.0,2.0000000020559128e-06,-2.8999999999999986,-0.04801324503311255,Close entry(s) order TEST,BuySignal,
1542,LONG,2015-03-25,54.3,1.0,2015-03-26,54.8,1.0,0.5,0.0,9.999999974752427e-07,0.5,0.009208103130755152,Close entry(s) order TEST,BuySignal,
1543,LONG,2015-03-27,53.0,1.0,2015-03-30,53.0,1.0,0.0,0.0,0.04999899999999968,0.0,0.0,Close entry(s) order TEST,BuySignal,
1544,LONG,2015-03-31,53.7,1.0,2015-04-01,53.2,1.0,-0.5,0.0,9.999999974752427e-07,-0.5,-0.009310986964618295,Close entry(s) order TEST,BuySignal,
1545,LONG,2015-04-06,56.9,1.0,2015-04-07,55.8,1.0,-1.1000000000000014,0.0,2.0000000020559128e-06,-1.1000000000000014,-0.019332161687170446,Close entry(s) order TEST,BuySignal,
1546,LONG,2015-04-08,56.7,1.0,2015-04-09,57.6,1.0,0.8999999999999986,0.0,9.999999974752427e-07,0.8999999999999986,0.015873015873015817,Close entry(s) order TEST,BuySignal,
1547,LONG,2015-04-10,57.5,1.0,2015-04-13,59.8,1.0,2.299999999999997,0.0,0.04999899999999968,2.299999999999997,0.040000000000000036,Close entry(s) order TEST,BuySignal,
1548,LONG,2015-04-15,60.2,1.0,2015-04-16,57.6,1.0,-2.6000000000000014,0.0,0.04999800000000221,-2.6000000000000014,-0.04318936877076418,Close entry(s) order TEST,BuySignal,
1549,LONG,2015-04-17,58.4,1.0,2015-04-20,58.5,1.0,0.10000000000000142,0.0,2.0000000020559128e-06,0.10000000000000142,0.001712328767123239,Close entry(s) order TEST,BuySignal,
1550,LONG,2015-04-21,58.3,1.0,2015-04-22,58.3,1.0,0.0,0.0,0.04999800000000221,0.0,0.0,Close entry(s) order TEST,BuySignal,
1551,LONG,2015-04-23,57.2,1.0,2015-04-24,59.0,1.0,1.7999999999999972,0.0,0.04999800000000221,1.7999999999999972,0.03146853146853146,Close entry(s) order TEST,BuySignal,
1552,LONG,2015-04-27,57.1,1.0,2015-04-28,54.2,1.0,-2.8999999999999986,0.0,2.0000000020559128e-06,-2.8999999999999986,-0.05078809106830118,Close entry(s) order TEST,BuySignal,
1553,LONG,2015-04-29,70.7,1.0,2015-04-30,83.9,1.0,13.200000000000003,0.0,0.04999800000000221,13.200000000000003,0.1867043847241867,Close entry(s) order TEST,BuySignal,
1554,LONG,2015-05-04,84.8,1.0,2015-05-05,84.4,1.0,-0.3999999999999915,0.0,3.000000006636583e-06,-0.3999999999999915,-0.004716981132075415,Close entry(s) order TEST,BuySignal,
1555,LONG,2015-05-06,84.8,1.0,2015-05-07,83.8,1.0,-1.0,0.0,3.000000006636583e-06,-1.0,-0.011792452830188704,Close entry(s) order TEST,BuySignal,
1556,LONG,2015-05-08,84.7,1.0,2015-05-11,81.2,1.0,-3.5,0.0,3.000000006636583e-06,-3.5,-0.04132231404958675,Close entry(s) order TEST,BuySignal,
1557,LONG,2015-05-12,83.0,1.0,2015-05-13,83.2,1.0,0.20000000000000284,0.0,0.0,0.20000000000000284,0.002409638554216942,Close entry(s) order TEST,BuySignal,
1558,LONG,2015-05-14,83.5,1.0,2015-05-15,91.0,1.0,7.5,0.0,0.0,7.5,0.08982035928143706,Close entry(s) order TEST,BuySignal,
1559,LONG,2015-05-18,90.5,1.0,2015-05-19,91.7,1.0,1.2000000000000028,0.0,0.0,1.2000000000000028,0.013259668508287303,Close entry(s) order TEST,BuySignal,
1560,LONG,2015-05-20,93.0,1.0,2015-05-21,90.2,1.0,-2.799999999999997,0.0,0.0,-2.799999999999997,-0.03010752688172036,Close entry(s) order TEST,BuySignal,
1561,LONG,2015-05-22,88.2,1.0,2015-05-25,85.0,1.0,-3.200000000000003,0.0,0.04999800000000221,-3.200000000000003,-0.03628117913832207,Close entry(s) order TEST,BuySignal,
1562,LONG,2015-05-26,83.8,1.0,2015-05-27,84.2,1.0,0.4000000000000057,0.0,3.000000006636583e-06,0.4000000000000057,0.004773269689737569,Close entry(s) order TEST,BuySignal,
1563,LONG,2015-05-28,83.4,1.0,2015-05-29,82.6,1.0,-0.8000000000000114,0.0,1.9999999949504854e-06,-0.8000000000000114,-0.009592326139088891,Close entry(s) order TEST,BuySignal,
1564,LONG,2015-06-01,83.5,1.0,2015-06-02,81.6,1.0,-1.9000000000000057,0.0,0.0,-1.9000000000000057,-0.022754491017964118,Close entry(s) order TEST,BuySignal,
1565,LONG,2015-06-03,80.2,1.0,2015-06-04,77.5,1.0,-2.700000000000003,0.0,0.04999800000000221,-2.700000000000003,-0.03366583541147139,Close entry(s) order TEST,BuySignal,
1566,LONG,2015-06-05,77.8,1.0,2015-06-08,76.6,1.0,-1.2000000000000028,0.0,0.04999800000000221,-1.2000000000000028,-0.015424164524421635,Close entry(s) order TEST,BuySignal,
1567,LONG,2015-06-09,78.8,1.0,2015-06-10,77.5,1.0,-1.2999999999999972,0.0,0.04999800000000221,-1.2999999999999972,-0.016497461928933976,Close entry(s) order TEST,BuySignal,
1568,LONG,2015-06-11,76.8,1.0,2015-06-12,74.0,1.0,-2.799999999999997,0.0,3.000000006636583e-06,-2.799999999999997,-0.03645833333333326,Close entry(s) order TEST,BuySignal,
1569,LONG,2015-06-15,74.0,1.0,2015-06-16,77.7,1.0,3.700000000000003,0.0,0.0,3.700000000000003,0.050000000000000044,Close entry(s) order TEST,BuySignal,
1570,LONG,2015-06-17,76.4,1.0,2015-06-18,76.8,1.0,0.3999999999999915,0.0,0.04999699999999052,0.3999999999999915,0.005235602094240788,Close entry(s) order TEST,BuySignal,
1571,LONG,2015-06-19,76.9,1.0,2015-06-22,78.7,1.0,1.7999999999999972,0.0,1.9999999949504854e-06,1.7999999999999972,0.023407022106632036,Close entry(s) order TEST,BuySignal,
1572,LONG,2015-06-23,79.1,1.0,2015-06-24,83.0,1.0,3.9000000000000057,0.0,1.9999999949504854e-06,3.9000000000000057,0.04930467762326174,Close entry(s) order TEST,BuySignal,
1573,LONG,2015-06-25,85.4,1.0,2015-06-26,95.3,1.0,9.899999999999991,0.0,1.9999999949504854e-06,9.899999999999991,0.11592505854800916,Close entry(s) order TEST,BuySignal,
1574,LONG,2015-06-29,101.0,1.0,2015-06-30,103.0,1.0,2.0,0.0,0.0,2.0,0.01980198019801982,Close entry(s) order TEST,BuySignal,
1575,LONG,2015-07-01,114.4,1.0,2015-07-02,111.7,1.0,-2.700000000000003,0.0,0.0,-2.700000000000003,-0.02360139860139865,Close entry(s) order TEST,BuySignal,
1576,LONG,2015-07-03,113.8,1.0,2015-07-06,111.0,1.0,-2.799999999999997,0.0,0.0,-2.799999999999997,-0.024604569420035083,Close entry(s) order TEST,BuySignal,
1577,LONG,2015-07-07,125.7,1.0,2015-07-08,134.0,1.0,8.299999999999997,0.0,0.04999999999999716,8.299999999999997,0.06603023070803493,Close entry(s) order TEST,BuySignal,
1578,LONG,2015-07-09,132.9,1.0,2015-07-10,125.4,1.0,-7.5,0.0,1.0000000003174137e-05,-7.5,-0.05643340857787815,Close entry(s) order TEST,BuySignal,
1579,LONG,2015-07-13,125.2,1.0,2015-07-14,130.2,1.0,4.999999999999986,0.0,0.0,4.999999999999986,0.03993610223642152,Close entry(s) order TEST,BuySignal,
1580,LONG,2015-07-15,128.4,1.0,2015-07-16,130.1,1.0,1.6999999999999886,0.0,0.04999999999998295,1.6999999999999886,0.013239875389408073,Close entry(s) order TEST,BuySignal,
1581,LONG,2015-07-17,134.6,1.0,2015-07-20,130.6,1.0,-4.0,0.0,1.0000000003174137e-05,-4.0,-0.029717682020802383,Close entry(s) order TEST,BuySignal,
1582,LONG,2015-07-21,145.6,1.0,2015-07-22,131.1,1.0,-14.5,0.0,1.0000000003174137e-05,-14.5,-0.09958791208791207,Close entry(s) order TEST,BuySignal,
1583,LONG,2015-07-23,136.0,1.0,2015-07-24,138.5,1.0,2.5,0.0,0.0,2.5,0.018382352941176405,Close entry(s) order TEST,BuySignal,
1584,LONG,2015-07-27,133.0,1.0,2015-07-28,130.1,1.0,-2.9000000000000057,0.0,0.0,-2.9000000000000057,-0.021804511278195493,Close entry(s) order TEST,BuySignal,
1585,LONG,2015-07-29,132.0,1.0,2015-07-30,137.8,1.0,5.800000000000011,0.0,0.0,5.800000000000011,0.043939393939393945,Close entry(s) order TEST,BuySignal,
1586,LONG,2015-07-31,137.9,1.0,2015-08-03,146.3,1.0,8.400000000000006,0.0,0.04999999999998295,8.400000000000006,0.060913705583756306,Close entry(s) order TEST,BuySignal,
1587,LONG,2015-08-04,148.4,1.0,2015-08-05,146.0,1.0,-2.4000000000000057,0.0,1.0000000003174137e-05,-2.4000000000000057,-0.016172506738544534,Close entry(s) order TEST,BuySignal,
1588,LONG,2015-08-06,151.3,1.0,2015-08-07,145.6,1.0,-5.700000000000017,0.0,0.0,-5.700000000000017,-0.03767349636483819,Close entry(s) order TEST,BuySignal,
1589,LONG,2015-08-10,144.8,1.0,2015-08-11,137.5,1.0,-7.300000000000011,0.0,0.0,-7.300000000000011,-0.050414364640884,Close entry(s) order TEST,BuySignal,
1590,LONG,2015-08-12,135.0,1.0,2015-08-13,131.9,1.0,-3.0999999999999943,0.0,0.0,-3.0999999999999943,-0.022962962962962963,Close entry(s) order TEST,BuySignal,
1591,LONG,2015-08-14,121.0,1.0,2015-08-17,128.9,1.0,7.900000000000006,0.0,0.04999999999999716,7.900000000000006,0.06528925619834713,Close entry(s) order TEST,BuySignal,
1592,LONG,2015-08-18,132.3,1.0,2015-08-19,131.6,1.0,-0.700000000000017,0.0,0.0,-0.700000000000017,-0.005291005291005457,Close entry(s) order TEST,BuySignal,
1593,LONG,2015-08-20,130.0,1.0,2015-08-21,126.9,1.0,-3.0999999999999943,0.0,0.0,-3.0999999999999943,-0.02384615384615385,Close entry(s) order TEST,BuySignal,
1594,LONG,2015-08-24,118.9,1.0,2015-08-25,106.0,1.0,-12.900000000000006,0.0,0.0,-12.900000000000006,-0.10849453322119429,Close entry(s) order TEST,BuySignal,
1595,LONG,2015-08-26,108.0,1.0,2015-08-27,114.9,1.0,6.900000000000006,0.0,0.0,6.900000000000006,0.06388888888888888,Close entry(s) order TEST,BuySignal,
1596,LONG,2015-08-28,118.0,1.0,2015-08-31,112.0,1.0,-6.0,0.0,0.0,-6.0,-0.05084745762711862,Close entry(s) order TEST,BuySignal,
1597,LONG,2015-09-01,110.8,1.0,2015-09-02,106.3,1.0,-4.5,0.0,0.04999999999999716,-4.5,-0.04061371841155237,Close entry(s) order TEST,BuySignal,
1598,LONG,2015-09-03,108.1,1.0,2015-09-04,109.7,1.0,1.6000000000000085,0.0,0.0,1.6000000000000085,0.014801110083256352,Close entry(s) order TEST,BuySignal,
1599,LONG,2015-09-07,102.0,1.0,2015-09-08,92.4,1.0,-9.599999999999994,0.0,0.04999999999999716,-9.599999999999994,-0.09411764705882353,Close entry(s) order TEST,BuySignal,
1600,LONG,2015-09-09,94.0,1.0,2015-09-10,95.5,1.0,1.5,0.0,0.0,1.5,0.015957446808510634,Close entry(s) order TEST,BuySignal,
1601,LONG,2015-09-11,106.9,1.0,2015-09-14,108.7,1.0,1.7999999999999972,0.0,0.0,1.7999999999999972,0.016838166510757757,Close entry(s) order TEST,BuySignal,
1602,LONG,2015-09-15,116.3,1.0,2015-09-16,116.8,1.0,0.5,0.0,0.0,0.5,0.004299226139294898,Close entry(s) order TEST,BuySignal,
1603,LONG,2015-09-18,114.4,1.0,2015-09-21,107.5,1.0,-6.900000000000006,0.0,0.0,-6.900000000000006,-0.06031468531468531,Close entry(s) order TEST,BuySignal,
1604,LONG,2015-09-22,113.5,1.0,2015-09-23,108.3,1.0,-5.200000000000003,0.0,0.0,-5.200000000000003,-0.04581497797356826,Close entry(s) order TEST,BuySignal,
1605,LONG,2015-09-24,117.5,1.0,2015-09-28,116.0,1.0,-1.5,0.0,0.0,-1.5,-0.012765957446808529,Close entry(s) order TEST,BuySignal,
1606,LONG,2015-09-29,109.9,1.0,2015-09-30,109.5,1.0,-0.4000000000000057,0.0,0.0,-0.4000000000000057,-0.0036396724294813776,Close entry(s) order TEST,BuySignal,
1607,LONG,2015-10-01,116.0,1.0,2015-10-05,112.5,1.0,-3.5,0.0,0.0,-3.5,-0.030172413793103425,Close entry(s) order TEST,BuySignal,
1608,LONG,2015-10-06,119.2,1.0,2015-10-07,117.0,1.0,-2.200000000000003,0.0,0.04999999999999716,-2.200000000000003,-0.01845637583892623,Close entry(s) order TEST,BuySignal,
1609,LONG,2015-10-08,122.0,1.0,2015-10-09,119.9,1.0,-2.0999999999999943,0.0,0.04999999999999716,-2.0999999999999943,-0.01721311475409837,Close entry(s) order TEST,BuySignal,
1610,LONG,2015-10-12,116.9,1.0,2015-10-13,115.9,1.0,-1.0,0.0,0.0,-1.0,-0.008554319931565413,Close entry(s) order TEST,BuySignal,
1611,LONG,2015-10-14,113.3,1.0,2015-10-15,112.7,1.0,-0.5999999999999943,0.0,0.04999999999999716,-0.5999999999999943,-0.005295675198587757,Close entry(s) order TEST,BuySignal,
1612,LONG,2015-10-16,111.0,1.0,2015-10-19,108.8,1.0,-2.200000000000003,0.0,0.04999999999999716,-2.200000000000003,-0.01981981981981984,Close entry(s) order TEST,BuySignal,
1613,LONG,2015-10-20,112.9,1.0,2015-10-21,115.3,1.0,2.3999999999999915,0.0,0.0,2.3999999999999915,0.021257750221434835,Close entry(s) order TEST,BuySignal,
1614,LONG,2015-10-23,114.0,1.0,2015-10-26,111.5,1.0,-2.5,0.0,0.0,-2.5,-0.021929824561403466,Close entry(s) order TEST,BuySignal,
1615,LONG,2015-10-27,108.8,1.0,2015-10-28,107.0,1.0,-1.7999999999999972,0.0,0.04999999999999716,-1.7999999999999972,-0.016544117647058765,Close entry(s) order TEST,BuySignal,
1616,LONG,2015-10-29,107.4,1.0,2015-10-30,105.5,1.0,-1.9000000000000057,0.0,0.0,-1.9000000000000057,-0.017690875232774683,Close entry(s) order TEST,BuySignal,
1617,LONG,2015-11-02,101.9,1.0,2015-11-03,100.9,1.0,-1.0,0.0,0.0,-1.0,-0.00981354268891066,Close entry(s) order TEST,BuySignal,
1618,LONG,2015-11-04,102.3,1.0,2015-11-05,100.2,1.0,-2.0999999999999943,0.0,0.0,-2.0999999999999943,-0.02052785923753664,Close entry(s) order TEST,BuySignal,
1619,LONG,2015-11-06,96.9,1.0,2015-11-09,94.0,1.0,-2.9000000000000057,0.0,0.04999699999999052,-2.9000000000000057,-0.029927760577915463,Close entry(s) order TEST,BuySignal,
1620,LONG,2015-11-10,99.3,1.0,2015-11-11,99.1,1.0,-0.20000000000000284,0.0,3.000000006636583e-06,-0.20000000000000284,-0.002014098690835908,Close entry(s) order TEST,BuySignal,
1621,LONG,2015-11-13,99.8,1.0,2015-11-16,108.0,1.0,8.200000000000003,0.0,0.04999999999999716,8.200000000000003,0.0821643286573146,Close entry(s) order TEST,BuySignal,
1622,LONG,2015-11-17,107.6,1.0,2015-11-18,104.1,1.0,-3.5,0.0,0.0,-3.5,-0.032527881040892215,Close entry(s) order TEST,BuySignal,
1623,LONG,2015-11-19,100.0,1.0,2015-11-20,97.0,1.0,-3.0,0.0,0.0,-3.0,-0.030000000000000027,Close entry(s) order TEST,BuySignal,
1624,LONG,2015-11-23,95.0,1.0,2015-11-24,96.0,1.0,1.0,0.0,0.0,1.0,0.010526315789473717,Close entry(s) order TEST,BuySignal,
1625,LONG,2015-11-26,100.5,1.0,2015-11-27,103.3,1.0,2.799999999999997,0.0,0.04999999999999716,2.799999999999997,0.027860696517412853,Close entry(s) order TEST,BuySignal,
1626,LONG,2015-11-30,108.1,1.0,2015-12-01,118.3,1.0,10.200000000000003,0.0,0.0,10.200000000000003,0.09435707678075866,Close entry(s) order TEST,BuySignal,
1627,LONG,2015-12-02,115.8,1.0,2015-12-03,112.9,1.0,-2.8999999999999915,0.0,0.0,-2.8999999999999915,-0.025043177892918767,Close entry(s) order TEST,BuySignal,
1628,LONG,2015-12-04,111.0,1.0,2015-12-07,110.0,1.0,-1.0,0.0,0.0,-1.0,-0.009009009009009028,Close entry(s) order TEST,BuySignal,
1629,LONG,2015-12-08,110.1,1.0,2015-12-09,109.0,1.0,-1.0999999999999943,0.0,0.0,-1.0999999999999943,-0.009990917347865502,Close entry(s) order TEST,BuySignal,
1630,LONG,2015-12-10,103.0,1.0,2015-12-11,105.8,1.0,2.799999999999997,0.0,0.0,2.799999999999997,0.027184466019417375,Close entry(s) order TEST,BuySignal,
1631,LONG,2015-12-14,102.2,1.0,2015-12-15,105.0,1.0,2.799999999999997,0.0,0.04999999999999716,2.799999999999997,0.02739726027397249,Close entry(s) order TEST,BuySignal,
1632,LONG,2015-12-16,105.0,1.0,2015-12-17,108.5,1.0,3.5,0.0,0.0,3.5,0.03333333333333344,Close entry(s) order TEST,BuySignal,
1633,LONG,2015-12-18,113.3,1.0,2015-12-21,110.5,1.0,-2.799999999999997,0.0,0.04999999999999716,-2.799999999999997,-0.024713150926743088,Close entry(s) order TEST,BuySignal,
1634,LONG,2015-12-22,111.1,1.0,2015-12-23,112.2,1.0,1.1000000000000085,0.0,0.0,1.1000000000000085,0.00990099009900991,Close entry(s) order TEST,BuySignal,
1635,LONG,2015-12-24,110.9,1.0,2015-12-28,112.6,1.0,1.6999999999999886,0.0,0.0,1.6999999999999886,0.015329125338142457,Close entry(s) order TEST,BuySignal,
1636,LONG,2015-12-29,116.0,1.0,2015-12-30,115.1,1.0,-0.9000000000000057,0.0,0.0,-0.9000000000000057,-0.007758620689655271,Close entry(s) order TEST,BuySignal,
1637,LONG,2015-12-31,116.5,1.0,2016-01-01,116.0,1.0,-0.5,0.0,0.04999999999999716,-0.5,-0.0042918454935622075,Close entry(s) order TEST,BuySignal,
1638,LONG,2016-01-04,113.0,1.0,2016-01-05,108.0,1.0,-5.0,0.0,0.0,-5.0,-0.04424778761061943,Close entry(s) order TEST,BuySignal,
1639,LONG,2016-01-06,113.8,1.0,2016-01-07,110.7,1.0,-3.0999999999999943,0.0,0.0,-3.0999999999999943,-0.027240773286467457,Close entry(s) order TEST,BuySignal,
1640,LONG,2016-01-08,109.0,1.0,2016-01-11,108.9,1.0,-0.09999999999999432,0.0,0.0,-0.09999999999999432,-0.0009174311926605228,Close entry(s) order TEST,BuySignal,
1641,LONG,2016-01-12,108.2,1.0,2016-01-13,107.2,1.0,-1.0,0.0,0.04999999999999716,-1.0,-0.009242144177449174,Close entry(s) order TEST,BuySignal,
1642,LONG,2016-01-14,99.2,1.0,2016-01-15,99.3,1.0,0.09999999999999432,0.0,3.000000006636583e-06,0.09999999999999432,0.0010080645161290036,Close entry(s) order TEST,BuySignal,
1643,LONG,2016-01-18,90.1,1.0,2016-01-19,83.3,1.0,-6.799999999999997,0.0,1.9999999949504854e-06,-6.799999999999997,-0.07547169811320753,Close entry(s) order TEST,BuySignal,
1644,LONG,2016-01-20,87.0,1.0,2016-01-21,86.1,1.0,-0.9000000000000057,0.0,0.0,-0.9000000000000057,-0.010344827586206917,Close entry(s) order TEST,BuySignal,
1645,LONG,2016-01-22,86.8,1.0,2016-01-25,88.9,1.0,2.1000000000000085,0.0,0.04999999999999716,2.1000000000000085,0.024193548387096975,Close entry(s) order TEST,BuySignal,
1646,LONG,2016-01-27,93.0,1.0,2016-01-28,95.3,1.0,2.299999999999997,0.0,0.0,2.299999999999997,0.02473118279569886,Close entry(s) order TEST,BuySignal,
1647,LONG,2016-01-29,96.8,1.0,2016-02-01,101.4,1.0,4.6000000000000085,0.0,0.04999800000000221,4.6000000000000085,0.04752066115702491,Close entry(s) order TEST,BuySignal,
1648,LONG,2016-02-02,102.6,1.0,2016-02-03,97.3,1.0,-5.299999999999997,0.0,0.0,-5.299999999999997,-0.051656920077972734,Close entry(s) order TEST,BuySignal,
1649,LONG,2016-02-04,95.5,1.0,2016-02-05,91.8,1.0,-3.700000000000003,0.0,0.0,-3.700000000000003,-0.03874345549738223,Close entry(s) order TEST,BuySignal,
1650,LONG,2016-02-08,94.7,1.0,2016-02-09,90.6,1.0,-4.1000000000000085,0.0,3.000000006636583e-06,-4.1000000000000085,-0.043294614572333745,Close entry(s) order TEST,BuySignal,
1651,LONG,2016-02-10,90.4,1.0,2016-02-11,94.4,1.0,4.0,0.0,0.04999699999999052,4.0,0.04424778761061954,Close entry(s) order TEST,BuySignal,
1652,LONG,2016-02-12,89.0,1.0,2016-02-15,85.2,1.0,-3.799999999999997,0.0,0.0,-3.799999999999997,-0.04269662921348316,Close entry(s) order TEST,BuySignal,
1653,LONG,2016-02-16,91.2,1.0,2016-02-17,89.4,1.0,-1.7999999999999972,0.0,3.000000006636583e-06,-1.7999999999999972,-0.019736842105263164,Close entry(s) order TEST,BuySignal,
1654,LONG,2016-02-18,86.5,1.0,2016-02-19,83.7,1.0,-2.799999999999997,0.0,0.0,-2.799999999999997,-0.032369942196531776,Close entry(s) order TEST,BuySignal,
1655,LONG,2016-02-22,84.0,1.0,2016-02-23,86.2,1.0,2.200000000000003,0.0,0.0,2.200000000000003,0.02619047619047632,Close entry(s) order TEST,BuySignal,
1656,LONG,2016-02-24,83.2,1.0,2016-02-25,79.4,1.0,-3.799999999999997,0.0,3.000000006636583e-06,-3.799999999999997,-0.04567307692307687,Close entry(s) order TEST,BuySignal,
1657,LONG,2016-02-26,81.5,1.0,2016-02-29,79.4,1.0,-2.0999999999999943,0.0,0.0,-2.0999999999999943,-0.025766871165644134,Close entry(s) order TEST,BuySignal,
1658,LONG,2016-03-01,79.7,1.0,2016-03-02,84.4,1.0,4.700000000000003,0.0,0.04999800000000221,4.700000000000003,0.05897114178168139,Close entry(s) order TEST,BuySignal,
1659,LONG,2016-03-03,87.7,1.0,2016-03-04,88.7,1.0,1.0,0.0,3.000000006636583e-06,1.0,0.011402508551881407,Close entry(s) order TEST,BuySignal,
1660,LONG,2016-03-08,88.8,1.0,2016-03-09,91.0,1.0,2.200000000000003,0.0,0.04999800000000221,2.200000000000003,0.024774774774774855,Close entry(s) order TEST,BuySignal,
1661,LONG,2016-03-10,88.7,1.0,2016-03-11,94.7,1.0,6.0,0.0,3.000000006636583e-06,6.0,0.06764374295377684,Close entry(s) order TEST,BuySignal,
1662,LONG,2016-03-14,98.3,1.0,2016-03-15,97.6,1.0,-0.7000000000000028,0.0,0.04999800000000221,-0.7000000000000028,-0.007121057985757906,Close entry(s) order TEST,BuySignal,
1663,LONG,2016-03-16,96.1,1.0,2016-03-17,98.5,1.0,2.4000000000000057,0.0,1.9999999949504854e-06,2.4000000000000057,0.024973985431841816,Close entry(s) order TEST,BuySignal,
1664,LONG,2016-03-18,99.0,1.0,2016-03-21,99.5,1.0,0.5,0.0,0.0,0.5,0.005050505050504972,Close entry(s) order TEST,BuySignal,
1665,LONG,2016-03-22,98.0,1.0,2016-03-23,97.4,1.0,-0.5999999999999943,0.0,0.0,-0.5999999999999943,-0.006122448979591799,Close entry(s) order TEST,BuySignal,
1666,LONG,2016-03-28,103.2,1.0,2016-03-29,97.6,1.0,-5.6000000000000085,0.0,0.0,-5.6000000000000085,-0.054263565891472965,Close entry(s) order TEST,BuySignal,
1667,LONG,2016-03-30,95.1,1.0,2016-03-31,98.0,1.0,2.9000000000000057,0.0,1.9999999949504854e-06,2.9000000000000057,0.030494216614090464,Close entry(s) order TEST,BuySignal,
1668,LONG,2016-04-01,98.4,1.0,2016-04-04,97.5,1.0,-0.9000000000000057,0.0,0.04999699999999052,-0.9000000000000057,-0.009146341463414642,Close entry(s) order TEST,BuySignal,
1669,LONG,2016-04-05,97.5,1.0,2016-04-06,97.6,1.0,0.09999999999999432,0.0,0.0,0.09999999999999432,0.0010256410256410664,Close entry(s) order TEST,BuySignal,
1670,LONG,2016-04-07,100.5,1.0,2016-04-08,99.0,1.0,-1.5,0.0,0.04999999999999716,-1.5,-0.014925373134328401,Close entry(s) order TEST,BuySignal,
1671,LONG,2016-04-11,104.3,1.0,2016-04-12,103.2,1.0,-1.0999999999999943,0.0,0.04999999999999716,-1.0999999999999943,-0.010546500479386323,Close entry(s) order TEST,BuySignal,
1672,LONG,2016-04-13,103.5,1.0,2016-04-18,103.0,1.0,-0.5,0.0,0.0,-0.5,-0.004830917874396157,Close entry(s) order TEST,BuySignal,
1673,LONG,2016-04-20,106.3,1.0,2016-04-21,104.5,1.0,-1.7999999999999972,0.0,0.04999999999999716,-1.7999999999999972,-0.016933207902163683,Close entry(s) order TEST,BuySignal,
1674,LONG,2016-04-22,110.0,1.0,2016-04-25,107.0,1.0,-3.0,0.0,0.04999999999999716,-3.0,-0.027272727272727226,Close entry(s) order TEST,BuySignal,
1675,LONG,2016-04-26,108.3,1.0,2016-04-27,110.2,1.0,1.9000000000000057,0.0,0.04999999999999716,1.9000000000000057,0.01754385964912286,Close entry(s) order TEST,BuySignal,
1676,LONG,2016-04-28,112.5,1.0,2016-04-29,107.0,1.0,-5.5,0.0,0.0,-5.5,-0.04888888888888887,Close entry(s) order TEST,BuySignal,
1677,LONG,2016-05-02,110.7,1.0,2016-05-03,110.2,1.0,-0.5,0.0,0.0,-0.5,-0.004516711833784992,Close entry(s) order TEST,BuySignal,
1678,LONG,2016-05-04,105.8,1.0,2016-05-05,106.5,1.0,0.7000000000000028,0.0,0.0,0.7000000000000028,0.006616257088846833,Close entry(s) order TEST,BuySignal,
1679,LONG,2016-05-06,102.0,1.0,2016-05-09,102.0,1.0,0.0,0.0,0.04999999999999716,0.0,0.0,Close entry(s) order TEST,BuySignal,
1680,LONG,2016-05-10,103.0,1.0,2016-05-11,104.0,1.0,1.0,0.0,0.04999999999999716,1.0,0.009708737864077666,Close entry(s) order TEST,BuySignal,
1681,LONG,2016-05-12,106.0,1.0,2016-05-13,104.9,1.0,-1.0999999999999943,0.0,0.0,-1.0999999999999943,-0.01037735849056598,Close entry(s) order TEST,BuySignal,
1682,LONG,2016-05-16,104.5,1.0,2016-05-17,104.8,1.0,0.29999999999999716,0.0,0.0,0.29999999999999716,0.002870813397129135,Close entry(s) order TEST,BuySignal,
1683,LONG,2016-05-18,102.0,1.0,2016-05-19,103.2,1.0,1.2000000000000028,0.0,0.0,1.2000000000000028,0.0117647058823529,Close entry(s) order TEST,BuySignal,
1684,LONG,2016-05-20,100.2,1.0,2016-05-23,100.6,1.0,0.3999999999999915,0.0,0.0,0.3999999999999915,0.003992015968063756,Close entry(s) order TEST,BuySignal,
1685,LONG,2016-05-24,87.8,1.0,2016-05-25,82.5,1.0,-5.299999999999997,0.0,0.04999800000000221,-5.299999999999997,-0.06036446469248291,Close entry(s) order TEST,BuySignal,
1686,LONG,2016-05-26,82.2,1.0,2016-05-27,79.8,1.0,-2.4000000000000057,0.0,3.000000006636583e-06,-2.4000000000000057,-0.02919708029197088,Close entry(s) order TEST,BuySignal,
1687,LONG,2016-05-30,81.0,1.0,2016-05-31,80.0,1.0,-1.0,0.0,0.0,-1.0,-0.012345679012345734,Close entry(s) order TEST,BuySignal,
1688,LONG,2016-06-01,78.2,1.0,2016-06-02,75.9,1.0,-2.299999999999997,0.0,3.000000006636583e-06,-2.299999999999997,-0.02941176470588236,Close entry(s) order TEST,BuySignal,
1689,LONG,2016-06-03,75.8,1.0,2016-06-06,71.0,1.0,-4.799999999999997,0.0,0.04999800000000221,-4.799999999999997,-0.0633245382585752,Close entry(s) order TEST,BuySignal,
1690,LONG,2016-06-07,71.9,1.0,2016-06-08,70.4,1.0,-1.5,0.0,1.9999999949504854e-06,-1.5,-0.020862308762169657,Close entry(s) order TEST,BuySignal,
1691,LONG,2016-06-09,70.1,1.0,2016-06-10,72.5,1.0,2.4000000000000057,0.0,0.04999699999999052,2.4000000000000057,0.0342368045649073,Close entry(s) order TEST,BuySignal,
1692,LONG,2016-06-13,74.8,1.0,2016-06-14,73.7,1.0,-1.0999999999999943,0.0,0.04999999999999716,-1.0999999999999943,-0.014705882352941124,Close entry(s) order TEST,BuySignal,
1693,LONG,2016-06-15,75.6,1.0,2016-06-16,75.8,1.0,0.20000000000000284,0.0,1.9999999949504854e-06,0.20000000000000284,0.002645502645502784,Close entry(s) order TEST,BuySignal,
1694,LONG,2016-06-17,75.2,1.0,2016-06-20,76.6,1.0,1.3999999999999915,0.0,3.000000006636583e-06,1.3999999999999915,0.018617021276595702,Close entry(s) order TEST,BuySignal,
1695,LONG,2016-06-21,77.6,1.0,2016-06-22,83.3,1.0,5.700000000000003,0.0,1.9999999949504854e-06,5.700000000000003,0.07345360824742264,Close entry(s) order TEST,BuySignal,
1696,LONG,2016-06-23,84.0,1.0,2016-06-24,81.1,1.0,-2.9000000000000057,0.0,0.0,-2.9000000000000057,-0.03452380952380962,Close entry(s) order TEST,BuySignal,
1697,LONG,2016-06-27,81.1,1.0,2016-06-28,83.0,1.0,1.9000000000000057,0.0,1.9999999949504854e-06,1.9000000000000057,0.023427866831072786,Close entry(s) order TEST,BuySignal,
1698,LONG,2016-06-29,81.8,1.0,2016-06-30,80.7,1.0,-1.0999999999999943,0.0,0.04999800000000221,-1.0999999999999943,-0.013447432762836109,Close entry(s) order TEST,BuySignal,
1699,LONG,2016-07-01,79.9,1.0,2016-07-04,80.8,1.0,0.8999999999999915,0.0,0.04999699999999052,0.8999999999999915,0.01126408010012514,Close entry(s) order TEST,BuySignal,
1700,LONG,2016-07-05,81.0,1.0,2016-07-07,82.3,1.0,1.2999999999999972,0.0,0.0,1.2999999999999972,0.016049382716049276,Close entry(s) order TEST,BuySignal,
1701,LONG,2016-07-08,81.3,1.0,2016-07-11,83.0,1.0,1.7000000000000028,0.0,0.04999800000000221,1.7000000000000028,0.02091020910209096,Close entry(s) order TEST,BuySignal,
1702,LONG,2016-07-12,84.0,1.0,2016-07-13,83.5,1.0,-0.5,0.0,0.0,-0.5,-0.005952380952380931,Close entry(s) order TEST,BuySignal,
1703,LONG,2016-07-14,84.1,1.0,2016-07-15,89.9,1.0,5.800000000000011,0.0,0.04999699999999052,5.800000000000011,0.06896551724137945,Close entry(s) order TEST,BuySignal,
1704,LONG,2016-07-18,87.0,1.0,2016-07-19,85.0,1.0,-2.0,0.0,0.0,-2.0,-0.02298850574712641,Close entry(s) order TEST,BuySignal,
1705,LONG,2016-07-20,84.7,1.0,2016-07-21,83.8,1.0,-0.9000000000000057,0.0,0.04999800000000221,-0.9000000000000057,-0.010625737898465215,Close entry(s) order TEST,BuySignal,
1706,LONG,2016-07-22,88.3,1.0,2016-07-25,87.0,1.0,-1.2999999999999972,0.0,3.000000006636583e-06,-1.2999999999999972,-0.014722536806341946,Close entry(s) order TEST,BuySignal,
1707,LONG,2016-07-26,89.3,1.0,2016-07-27,89.9,1.0,0.6000000000000085,0.0,3.000000006636583e-06,0.6000000000000085,0.006718924972004547,Close entry(s) order TEST,BuySignal,
1708,LONG,2016-07-28,89.0,1.0,2016-07-29,88.3,1.0,-0.7000000000000028,0.0,0.0,-0.7000000000000028,-0.00786516853932584,Close entry(s) order TEST,BuySignal,
1709,LONG,2016-08-01,87.0,1.0,2016-08-02,88.8,1.0,1.7999999999999972,0.0,0.0,1.7999999999999972,0.020689655172413834,Close entry(s) order TEST,BuySignal,
1710,LONG,2016-08-03,85.7,1.0,2016-08-04,84.8,1.0,-0.9000000000000057,0.0,0.04999800000000221,-0.9000000000000057,-0.010501750291715406,Close entry(s) order TEST,BuySignal,
1711,LONG,2016-08-05,82.1,1.0,2016-08-08,83.8,1.0,1.7000000000000028,0.0,0.04999699999999052,1.7000000000000028,0.020706455542021995,Close entry(s) order TEST,BuySignal,
1712,LONG,2016-08-09,84.0,1.0,2016-08-10,83.6,1.0,-0.4000000000000057,0.0,0.0,-0.4000000000000057,-0.004761904761904856,Close entry(s) order TEST,BuySignal,
1713,LONG,2016-08-11,82.3,1.0,2016-08-12,81.4,1.0,-0.8999999999999915,0.0,3.000000006636583e-06,-0.8999999999999915,-0.010935601458080146,Close entry(s) order TEST,BuySignal,
1714,LONG,2016-08-16,81.4,1.0,2016-08-17,81.8,1.0,0.3999999999999915,0.0,0.04999699999999052,0.3999999999999915,0.004914004914004844,Close entry(s) order TEST,BuySignal,
1715,LONG,2016-08-18,84.0,1.0,2016-08-19,87.8,1.0,3.799999999999997,0.0,0.0,3.799999999999997,0.0452380952380953,Close entry(s) order TEST,BuySignal,
1716,LONG,2016-08-22,88.8,1.0,2016-08-23,82.6,1.0,-6.200000000000003,0.0,0.04999999999999716,-6.200000000000003,-0.06981981981981988,Close entry(s) order TEST,BuySignal,
1717,LONG,2016-08-24,83.4,1.0,2016-08-25,83.4,1.0,0.0,0.0,1.9999999949504854e-06,0.0,0.0,Close entry(s) order TEST,BuySignal,
1718,LONG,2016-08-26,83.6,1.0,2016-08-29,83.9,1.0,0.30000000000001137,0.0,1.9999999949504854e-06,0.30000000000001137,0.0035885167464115852,Close entry(s) order TEST,BuySignal,
1719,LONG,2016-08-30,80.7,1.0,2016-08-31,81.9,1.0,1.2000000000000028,0.0,0.04999800000000221,1.2000000000000028,0.014869888475836479,Close entry(s) order TEST,BuySignal,
1720,LONG,2016-09-01,82.4,1.0,2016-09-02,81.2,1.0,-1.2000000000000028,0.0,1.9999999949504854e-06,-1.2000000000000028,-0.014563106796116498,Close entry(s) order TEST,BuySignal,
1721,LONG,2016-09-06,82.8,1.0,2016-09-07,82.8,1.0,0.0,0.0,0.04999999999999716,0.0,0.0,Close entry(s) order TEST,BuySignal,
1722,LONG,2016-09-08,81.0,1.0,2016-09-09,80.0,1.0,-1.0,0.0,0.0,-1.0,-0.012345679012345734,Close entry(s) order TEST,BuySignal,
1723,LONG,2016-09-12,76.0,1.0,2016-09-14,76.1,1.0,0.09999999999999432,0.0,0.0,0.09999999999999432,0.001315789473684159,Close entry(s) order TEST,BuySignal,
1724,LONG,2016-09-15,78.7,1.0,2016-09-16,77.4,1.0,-1.2999999999999972,0.0,0.04999800000000221,-1.2999999999999972,-0.016518424396442133,Close entry(s) order TEST,BuySignal,
1725,LONG,2016-09-19,73.7,1.0,2016-09-20,75.0,1.0,1.2999999999999972,0.0,0.04999800000000221,1.2999999999999972,0.01763907734056991,Close entry(s) order TEST,BuySignal,
1726,LONG,2016-09-21,75.8,1.0,2016-09-22,77.4,1.0,1.6000000000000085,0.0,3.000000006636583e-06,1.6000000000000085,0.02110817941952514,Close entry(s) order TEST,BuySignal,
1727,LONG,2016-09-23,77.0,1.0,2016-09-26,74.1,1.0,-2.9000000000000057,0.0,0.0,-2.9000000000000057,-0.03766233766233773,Close entry(s) order TEST,BuySignal,
1728,LONG,2016-09-27,75.2,1.0,2016-09-28,73.2,1.0,-2.0,0.0,0.04999800000000221,-2.0,-0.02659574468085102,Close entry(s) order TEST,BuySignal,
1729,LONG,2016-09-29,76.3,1.0,2016-09-30,70.5,1.0,-5.799999999999997,0.0,3.000000006636583e-06,-5.799999999999997,-0.07601572739187412,Close entry(s) order TEST,BuySignal,
1730,LONG,2016-10-03,70.0,1.0,2016-10-04,71.8,1.0,1.7999999999999972,0.0,0.0,1.7999999999999972,0.02571428571428558,Close entry(s) order TEST,BuySignal,
1731,LONG,2016-10-05,72.5,1.0,2016-10-06,75.8,1.0,3.299999999999997,0.0,0.0,3.299999999999997,0.04551724137931035,Close entry(s) order TEST,BuySignal,
1732,LONG,2016-10-07,73.5,1.0,2016-10-10,72.0,1.0,-1.5,0.0,0.0,-1.5,-0.020408163265306145,Close entry(s) order TEST,BuySignal,
1733,LONG,2016-10-13,72.2,1.0,2016-10-14,71.8,1.0,-0.4000000000000057,0.0,0.04999800000000221,-0.4000000000000057,-0.005540166204986208,Close entry(s) order TEST,BuySignal,
1734,LONG,2016-10-17,71.0,1.0,2016-10-18,70.5,1.0,-0.5,0.0,0.0,-0.5,-0.007042253521126751,Close entry(s) order TEST,BuySignal,
1735,LONG,2016-10-19,71.8,1.0,2016-10-20,71.8,1.0,0.0,0.0,0.04999800000000221,0.0,0.0,Close entry(s) order TEST,BuySignal,
1736,LONG,2016-10-21,73.3,1.0,2016-10-24,72.2,1.0,-1.0999999999999943,0.0,0.04999800000000221,-1.0999999999999943,-0.01500682128240105,Close entry(s) order TEST,BuySignal,
1737,LONG,2016-10-25,73.9,1.0,2016-10-26,71.1,1.0,-2.8000000000000114,0.0,1.9999999949504854e-06,-2.8000000000000114,-0.03788903924221931,Close entry(s) order TEST,BuySignal,
1738,LONG,2016-10-27,71.1,1.0,2016-10-28,71.5,1.0,0.4000000000000057,0.0,1.9999999949504854e-06,0.4000000000000057,0.005625879043600568,Close entry(s) order TEST,BuySignal,
1739,LONG,2016-11-01,72.1,1.0,2016-11-02,69.1,1.0,-3.0,0.0,1.9999999949504854e-06,-3.0,-0.04160887656033285,Close entry(s) order TEST,BuySignal,
1740,LONG,2016-11-03,68.4,1.0,2016-11-04,69.0,1.0,0.5999999999999943,0.0,1.9999999949504854e-06,0.5999999999999943,0.008771929824561209,Close entry(s) order TEST,BuySignal,
1741,LONG,2016-11-07,67.2,1.0,2016-11-08,66.8,1.0,-0.4000000000000057,0.0,0.04999800000000221,-0.4000000000000057,-0.005952380952381042,Close entry(s) order TEST,BuySignal,
1742,LONG,2016-11-09,55.0,1.0,2016-11-10,63.0,1.0,8.0,0.0,0.04999899999999968,8.0,0.1454545454545455,Close entry(s) order TEST,BuySignal,
1743,LONG,2016-11-11,74.3,1.0,2016-11-15,73.9,1.0,-0.3999999999999915,0.0,3.000000006636583e-06,-0.3999999999999915,-0.005383580080753569,Close entry(s) order TEST,BuySignal,
1744,LONG,2016-11-16,73.3,1.0,2016-11-17,73.3,1.0,0.0,0.0,0.04999800000000221,0.0,0.0,Close entry(s) order TEST,BuySignal,
1745,LONG,2016-11-18,69.9,1.0,2016-11-21,70.2,1.0,0.29999999999999716,0.0,0.04999699999999052,0.29999999999999716,0.0042918454935620964,Close entry(s) order TEST,BuySignal,
1746,LONG,2016-11-22,70.8,1.0,2016-11-23,72.0,1.0,1.2000000000000028,0.0,0.04999999999999716,1.2000000000000028,0.016949152542372836,Close entry(s) order TEST,BuySignal,
1747,LONG,2016-11-24,70.2,1.0,2016-11-25,71.0,1.0,0.7999999999999972,0.0,0.04999800000000221,0.7999999999999972,0.01139601139601143,Close entry(s) order TEST,BuySignal,
1748,LONG,2016-11-28,72.4,1.0,2016-11-29,71.2,1.0,-1.2000000000000028,0.0,1.9999999949504854e-06,-1.2000000000000028,-0.016574585635359185,Close entry(s) order TEST,BuySignal,
1749,LONG,2016-11-30,71.8,1.0,2016-12-01,81.8,1.0,10.0,0.0,0.04999800000000221,10.0,0.139275766016713,Close entry(s) order TEST,BuySignal,
1750,LONG,2016-12-02,82.5,1.0,2016-12-05,81.1,1.0,-1.4000000000000057,0.0,0.0,-1.4000000000000057,-0.01696969696969708,Close entry(s) order TEST,BuySignal,
1751,LONG,2016-12-06,76.8,1.0,2016-12-07,78.5,1.0,1.7000000000000028,0.0,0.04999800000000221,1.7000000000000028,0.02213541666666674,Close entry(s) order TEST,BuySignal,
1752,LONG,2016-12-08,78.4,1.0,2016-12-09,78.0,1.0,-0.4000000000000057,0.0,1.9999999949504854e-06,-0.4000000000000057,-0.005102040816326592,Close entry(s) order TEST,BuySignal,
1753,LONG,2016-12-12,78.0,1.0,2016-12-13,77.7,1.0,-0.29999999999999716,0.0,0.0,-0.29999999999999716,-0.0038461538461538325,Close entry(s) order TEST,BuySignal,
1754,LONG,2016-12-14,75.9,1.0,2016-12-15,75.2,1.0,-0.7000000000000028,0.0,1.9999999949504854e-06,-0.7000000000000028,-0.00922266139657446,Close entry(s) order TEST,BuySignal,
1755,LONG,2016-12-16,77.0,1.0,2016-12-19,78.0,1.0,1.0,0.0,0.0,1.0,0.01298701298701288,Close entry(s) order TEST,BuySignal,
1756,LONG,2016-12-20,76.7,1.0,2016-12-21,77.0,1.0,0.29999999999999716,0.0,3.000000006636583e-06,0.29999999999999716,0.003911342894393766,Close entry(s) order TEST,BuySignal,
1757,LONG,2016-12-22,80.8,1.0,2016-12-23,81.4,1.0,0.6000000000000085,0.0,3.000000006636583e-06,0.6000000000000085,0.007425742574257432,Close entry(s) order TEST,BuySignal,
1758,LONG,2016-12-26,79.1,1.0,2016-12-27,73.2,1.0,-5.8999999999999915,0.0,1.9999999949504854e-06,-5.8999999999999915,-0.07458912768647274,Close entry(s) order TEST,BuySignal,
1759,LONG,2016-12-28,75.1,1.0,2016-12-29,74.5,1.0,-0.5999999999999943,0.0,1.9999999949504854e-06,-0.5999999999999943,-0.00798934753661773,Close entry(s) order TEST,BuySignal,
1760,LONG,2016-12-30,75.3,1.0,2017-01-02,75.6,1.0,0.29999999999999716,0.0,3.000000006636583e-06,0.29999999999999716,0.003984063745019917,Close entry(s) order TEST,BuySignal,
1761,LONG,2017-01-03,76.0,1.0,2017-01-04,76.6,1.0,0.5999999999999943,0.0,0.0,0.5999999999999943,0.007894736842105177,Close entry(s) order TEST,BuySignal,
1762,LONG,2017-01-05,77.9,1.0,2017-01-06,78.8,1.0,0.8999999999999915,0.0,1.9999999949504854e-06,0.8999999999999915,0.011553273427471034,Close entry(s) order TEST,BuySignal,
1763,LONG,2017-01-09,79.3,1.0,2017-01-10,80.1,1.0,0.7999999999999972,0.0,0.04999800000000221,0.7999999999999972,0.010088272383354413,Close entry(s) order TEST,BuySignal,
1764,LONG,2017-01-11,81.7,1.0,2017-01-12,82.8,1.0,1.0999999999999943,0.0,0.04999800000000221,1.0999999999999943,0.01346389228886169,Close entry(s) order TEST,BuySignal,
1765,LONG,2017-01-13,83.1,1.0,2017-01-16,83.2,1.0,0.10000000000000853,0.0,0.04999699999999052,0.10000000000000853,0.001203369434416457,Close entry(s) order TEST,BuySignal,
1766,LONG,2017-01-17,81.6,1.0,2017-01-18,81.4,1.0,-0.19999999999998863,0.0,1.9999999949504854e-06,-0.19999999999998863,-0.002450980392156743,Close entry(s) order TEST,BuySignal,
1767,LONG,2017-01-19,80.6,1.0,2017-01-20,81.2,1.0,0.6000000000000085,0.0,1.9999999949504854e-06,0.6000000000000085,0.007444168734491496,Close entry(s) order TEST,BuySignal,
1768,LONG,2017-01-23,82.2,1.0,2017-01-24,80.2,1.0,-2.0,0.0,0.04999800000000221,-2.0,-0.024330900243308973,Close entry(s) order TEST,BuySignal,
1769,LONG,2017-01-25,79.2,1.0,2017-01-27,85.5,1.0,6.299999999999997,0.0,0.04999800000000221,6.299999999999997,0.07954545454545459,Close entry(s) order TEST,BuySignal,
1770,LONG,2017-01-30,87.0,1.0,2017-01-31,85.5,1.0,-1.5,0.0,0.0,-1.5,-0.017241379310344862,Close entry(s) order TEST,BuySignal,
1771,LONG,2017-02-01,83.4,1.0,2017-02-02,84.4,1.0,1.0,0.0,1.9999999949504854e-06,1.0,0.011990407673860837,Close entry(s) order TEST,BuySignal,
1772,LONG,2017-02-03,83.1,1.0,2017-02-06,83.8,1.0,0.7000000000000028,0.0,1.9999999949504854e-06,0.7000000000000028,0.008423586040914532,Close entry(s) order TEST,BuySignal,
1773,LONG,2017-02-07,83.2,1.0,2017-02-08,83.1,1.0,-0.10000000000000853,0.0,3.000000006636583e-06,-0.10000000000000853,-0.0012019230769231282,Close entry(s) order TEST,BuySignal,
1774,LONG,2017-02-09,83.2,1.0,2017-02-10,88.8,1.0,5.599999999999994,0.0,3.000000006636583e-06,5.599999999999994,0.06730769230769229,Close entry(s) order TEST,BuySignal,
1775,LONG,2017-02-13,82.7,1.0,2017-02-14,82.9,1.0,0.20000000000000284,0.0,0.04999800000000221,0.20000000000000284,0.002418379685610761,Close entry(s) order TEST,BuySignal,
1776,LONG,2017-02-15,80.3,1.0,2017-02-16,81.5,1.0,1.2000000000000028,0.0,0.04999800000000221,1.2000000000000028,0.014943960149439661,Close entry(s) order TEST,BuySignal,
1777,LONG,2017-02-17,82.8,1.0,2017-02-20,82.4,1.0,-0.3999999999999915,0.0,0.04999800000000221,-0.3999999999999915,-0.004830917874396046,Close entry(s) order TEST,BuySignal,
1778,LONG,2017-02-21,86.0,1.0,2017-02-22,85.9,1.0,-0.09999999999999432,0.0,0.0,-0.09999999999999432,-0.0011627906976743319,Close entry(s) order TEST,BuySignal,
1779,LONG,2017-02-23,84.0,1.0,2017-02-27,83.1,1.0,-0.9000000000000057,0.0,0.0,-0.9000000000000057,-0.010714285714285787,Close entry(s) order TEST,BuySignal,
1780,LONG,2017-02-28,83.8,1.0,2017-03-01,84.0,1.0,0.20000000000000284,0.0,3.000000006636583e-06,0.20000000000000284,0.0023866348448686736,Close entry(s) order TEST,BuySignal,
1781,LONG,2017-03-02,85.6,1.0,2017-03-03,84.5,1.0,-1.0999999999999943,0.0,1.9999999949504854e-06,-1.0999999999999943,-0.012850467289719614,Close entry(s) order TEST,BuySignal,
1782,LONG,2017-03-06,86.2,1.0,2017-03-07,87.7,1.0,1.5,0.0,0.04999999999999716,1.5,0.01740139211136893,Close entry(s) order TEST,BuySignal,
1783,LONG,2017-03-08,87.0,1.0,2017-03-09,85.5,1.0,-1.5,0.0,0.0,-1.5,-0.017241379310344862,Close entry(s) order TEST,BuySignal,
1784,LONG,2017-03-10,84.3,1.0,2017-03-14,86.7,1.0,2.4000000000000057,0.0,3.000000006636583e-06,2.4000000000000057,0.028469750889679846,Close entry(s) order TEST,BuySignal,
1785,LONG,2017-03-15,84.2,1.0,2017-03-16,84.3,1.0,0.09999999999999432,0.0,3.000000006636583e-06,0.09999999999999432,0.0011876484560569,Close entry(s) order TEST,BuySignal,
1786,LONG,2017-03-17,85.8,1.0,2017-03-20,84.1,1.0,-1.7000000000000028,0.0,3.000000006636583e-06,-1.7000000000000028,-0.019813519813519864,Close entry(s) order TEST,BuySignal,
1787,LONG,2017-03-21,84.8,1.0,2017-03-22,83.5,1.0,-1.2999999999999972,0.0,3.000000006636583e-06,-1.2999999999999972,-0.015330188679245293,Close entry(s) order TEST,BuySignal,
1788,LONG,2017-03-23,84.0,1.0,2017-03-24,84.0,1.0,0.0,0.0,0.0,0.0,0.0,Close entry(s) order TEST,BuySignal,
1789,LONG,2017-03-27,86.6,1.0,2017-03-28,82.9,1.0,-3.6999999999999886,0.0,1.9999999949504854e-06,-3.6999999999999886,-0.04272517321016156,Close entry(s) order TEST,BuySignal,
1790,LONG,2017-03-29,83.2,1.0,2017-03-30,82.2,1.0,-1.0,0.0,3.000000006636583e-06,-1.0,-0.012019230769230727,Close entry(s) order TEST,BuySignal,
1791,LONG,2017-03-31,82.7,1.0,2017-04-03,82.3,1.0,-0.4000000000000057,0.0,0.04999800000000221,-0.4000000000000057,-0.0048367593712213,Close entry(s) order TEST,BuySignal,
1792,LONG,2017-04-05,83.4,1.0,2017-04-06,84.5,1.0,1.0999999999999943,0.0,0.04999699999999052,1.0999999999999943,0.01318944844124692,Close entry(s) order TEST,BuySignal,
1793,LONG,2017-04-07,83.6,1.0,2017-04-10,85.0,1.0,1.4000000000000057,0.0,0.04999699999999052,1.4000000000000057,0.01674641148325362,Close entry(s) order TEST,BuySignal,
1794,LONG,2017-04-11,84.0,1.0,2017-04-12,83.1,1.0,-0.9000000000000057,0.0,0.0,-0.9000000000000057,-0.010714285714285787,Close entry(s) order TEST,BuySignal,
1795,LONG,2017-04-13,83.6,1.0,2017-04-17,82.5,1.0,-1.0999999999999943,0.0,1.9999999949504854e-06,-1.0999999999999943,-0.013157894736842035,Close entry(s) order TEST,BuySignal,
1796,LONG,2017-04-18,83.3,1.0,2017-04-19,82.0,1.0,-1.2999999999999972,0.0,3.000000006636583e-06,-1.2999999999999972,-0.015606242496998712,Close entry(s) order TEST,BuySignal,
1797,LONG,2017-04-20,82.7,1.0,2017-04-21,81.9,1.0,-0.7999999999999972,0.0,3.000000006636583e-06,-0.7999999999999972,-0.009673518742442488,Close entry(s) order TEST,BuySignal,
1798,LONG,2017-04-24,82.3,1.0,2017-04-25,82.7,1.0,0.4000000000000057,0.0,0.04999800000000221,0.4000000000000057,0.00486026731470246,Close entry(s) order TEST,BuySignal,
1799,LONG,2017-04-26,84.8,1.0,2017-04-27,84.4,1.0,-0.3999999999999915,0.0,0.04999800000000221,-0.3999999999999915,-0.004716981132075415,Close entry(s) order TEST,BuySignal,
1800,LONG,2017-04-28,83.9,1.0,2017-05-02,83.3,1.0,-0.6000000000000085,0.0,0.04999699999999052,-0.6000000000000085,-0.00715137067938032,Close entry(s) order TEST,BuySignal,
1801,LONG,2017-05-03,82.9,1.0,2017-05-04,81.9,1.0,-1.0,0.0,1.9999999949504854e-06,-1.0,-0.012062726176115812,Close entry(s) order TEST,BuySignal,
1802,LONG,2017-05-05,81.9,1.0,2017-05-08,81.9,1.0,0.0,0.0,0.04999699999999052,0.0,0.0,Close entry(s) order TEST,BuySignal,
1803,LONG,2017-05-09,89.7,1.0,2017-05-10,88.2,1.0,-1.5,0.0,3.000000006636583e-06,-1.5,-0.01672240802675584,Close entry(s) order TEST,BuySignal,
1804,LONG,2017-05-11,87.8,1.0,2017-05-12,84.8,1.0,-3.0,0.0,0.04999999999999716,-3.0,-0.034168564920273314,Close entry(s) order TEST,BuySignal,
1805,LONG,2017-05-15,88.9,1.0,2017-05-16,90.6,1.0,1.6999999999999886,0.0,0.04999699999999052,1.6999999999999886,0.019122609673790647,Close entry(s) order TEST,BuySignal,
1806,LONG,2017-05-17,89.0,1.0,2017-05-18,92.1,1.0,3.0999999999999943,0.0,0.0,3.0999999999999943,0.03483146067415732,Close entry(s) order TEST,BuySignal,
1807,LONG,2017-05-19,90.3,1.0,2017-05-22,92.4,1.0,2.1000000000000085,0.0,3.000000006636583e-06,2.1000000000000085,0.023255813953488413,Close entry(s) order TEST,BuySignal,
1808,LONG,2017-05-23,89.3,1.0,2017-05-24,87.5,1.0,-1.7999999999999972,0.0,3.000000006636583e-06,-1.7999999999999972,-0.02015677491601342,Close entry(s) order TEST,BuySignal,
1809,LONG,2017-05-25,84.2,1.0,2017-05-26,89.9,1.0,5.700000000000003,0.0,0.04999999999999716,5.700000000000003,0.06769596199524952,Close entry(s) order TEST,BuySignal,
1810,LONG,2017-05-29,89.0,1.0,2017-05-30,87.2,1.0,-1.7999999999999972,0.0,0.0,-1.7999999999999972,-0.020224719101123556,Close entry(s) order TEST,BuySignal,
1811,LONG,2017-05-31,87.1,1.0,2017-06-01,86.6,1.0,-0.5,0.0,1.9999999949504854e-06,-0.5,-0.00574052812858783,Close entry(s) order TEST,BuySignal,
1812,LONG,2017-06-02,88.8,1.0,2017-06-05,94.0,1.0,5.200000000000003,0.0,0.04999999999999716,5.200000000000003,0.05855855855855863,Close entry(s) order TEST,BuySignal,
1813,LONG,2017-06-06,96.0,1.0,2017-06-07,96.5,1.0,0.5,0.0,0.0,0.5,0.005208333333333259,Close entry(s) order TEST,BuySignal,
1814,LONG,2017-06-08,95.2,1.0,2017-06-09,97.9,1.0,2.700000000000003,0.0,0.04999999999999716,2.700000000000003,0.028361344537815247,Close entry(s) order TEST,BuySignal,
1815,LONG,2017-06-12,95.2,1.0,2017-06-13,100.5,1.0,5.299999999999997,0.0,3.000000006636583e-06,5.299999999999997,0.05567226890756305,Close entry(s) order TEST,BuySignal,
1816,LONG,2017-06-14,97.7,1.0,2017-06-15,99.0,1.0,1.2999999999999972,0.0,0.04999800000000221,1.2999999999999972,0.013306038894575156,Close entry(s) order TEST,BuySignal,
1817,LONG,2017-06-16,98.5,1.0,2017-06-19,97.5,1.0,-1.0,0.0,0.0,-1.0,-0.010152284263959421,Close entry(s) order TEST,BuySignal,
1818,LONG,2017-06-20,96.0,1.0,2017-06-21,96.8,1.0,0.7999999999999972,0.0,0.0,0.7999999999999972,0.008333333333333304,Close entry(s) order TEST,BuySignal,
1819,LONG,2017-06-22,99.2,1.0,2017-06-23,97.1,1.0,-2.1000000000000085,0.0,0.04999800000000221,-2.1000000000000085,-0.021169354838709742,Close entry(s) order TEST,BuySignal,
1820,LONG,2017-06-27,101.5,1.0,2017-06-28,101.0,1.0,-0.5,0.0,0.04999999999999716,-0.5,-0.0049261083743842304,Close entry(s) order TEST,BuySignal,
1821,LONG,2017-06-29,107.8,1.0,2017-06-30,105.9,1.0,-1.8999999999999915,0.0,0.04999999999999716,-1.8999999999999915,-0.017625231910946115,Close entry(s) order TEST,BuySignal,
1822,LONG,2017-07-03,105.0,1.0,2017-07-04,107.2,1.0,2.200000000000003,0.0,0.0,2.200000000000003,0.020952380952381056,Close entry(s) order TEST,BuySignal,
1823,LONG,2017-07-05,106.0,1.0,2017-07-06,109.0,1.0,3.0,0.0,0.0,3.0,0.028301886792452935,Close entry(s) order TEST,BuySignal,
1824,LONG,2017-07-07,106.0,1.0,2017-07-10,107.1,1.0,1.0999999999999943,0.0,0.0,1.0999999999999943,0.01037735849056598,Close entry(s) order TEST,BuySignal,
1825,LONG,2017-07-11,107.8,1.0,2017-07-12,108.7,1.0,0.9000000000000057,0.0,0.0,0.9000000000000057,0.008348794063079756,Close entry(s) order TEST,BuySignal,
1826,LONG,2017-07-13,108.0,1.0,2017-07-14,107.5,1.0,-0.5,0.0,0.04999999999999716,-0.5,-0.00462962962962965,Close entry(s) order TEST,BuySignal,
1827,LONG,2017-07-17,106.2,1.0,2017-07-18,106.4,1.0,0.20000000000000284,0.0,0.04999999999999716,0.20000000000000284,0.0018832391713747842,Close entry(s) order TEST,BuySignal,
1828,LONG,2017-07-19,109.0,1.0,2017-07-20,113.5,1.0,4.5,0.0,0.0,4.5,0.041284403669724856,Close entry(s) order TEST,BuySignal,
1829,LONG,2017-07-21,115.0,1.0,2017-07-24,126.0,1.0,11.0,0.0,0.0,11.0,0.09565217391304337,Close entry(s) order TEST,BuySignal,
1830,LONG,2017-07-25,134.4,1.0,2017-07-26,131.5,1.0,-2.9000000000000057,0.0,1.0000000003174137e-05,-2.9000000000000057,-0.021577380952381042,Close entry(s) order TEST,BuySignal,
1831,LONG,2017-07-27,130.5,1.0,2017-07-28,126.5,1.0,-4.0,0.0,0.0,-4.0,-0.03065134099616862,Close entry(s) order TEST,BuySignal,
1832,LONG,2017-07-31,128.9,1.0,2017-08-01,129.9,1.0,1.0,0.0,0.04999999999998295,1.0,0.007757951900698279,Close entry(s) order TEST,BuySignal,
1833,LONG,2017-08-02,127.0,1.0,2017-08-03,129.5,1.0,2.5,0.0,0.0,2.5,0.019685039370078705,Close entry(s) order TEST,BuySignal,
1834,LONG,2017-08-04,126.7,1.0,2017-08-07,130.7,1.0,3.999999999999986,0.0,0.0,3.999999999999986,0.03157063930544579,Close entry(s) order TEST,BuySignal,
1835,LONG,2017-08-08,131.0,1.0,2017-08-09,126.8,1.0,-4.200000000000003,0.0,0.0,-4.200000000000003,-0.032061068702290085,Close entry(s) order TEST,BuySignal,
1836,LONG,2017-08-10,125.2,1.0,2017-08-11,110.8,1.0,-14.400000000000006,0.0,0.04999999999999716,-14.400000000000006,-0.11501597444089462,Close entry(s) order TEST,BuySignal,
1837,LONG,2017-08-14,119.3,1.0,2017-08-16,121.3,1.0,2.0,0.0,0.0,2.0,0.016764459346185978,Close entry(s) order TEST,BuySignal,
1838,LONG,2017-08-17,123.0,1.0,2017-08-18,120.8,1.0,-2.200000000000003,0.0,0.0,-2.200000000000003,-0.01788617886178867,Close entry(s) order TEST,BuySignal,
1839,LONG,2017-08-21,124.7,1.0,2017-08-22,128.4,1.0,3.700000000000003,0.0,0.0,3.700000000000003,0.02967121090617475,Close entry(s) order TEST,BuySignal,
1840,LONG,2017-08-23,128.2,1.0,2017-08-24,132.0,1.0,3.8000000000000114,0.0,0.0,3.8000000000000114,0.029641185647425905,Close entry(s) order TEST,BuySignal,
1841,LONG,2017-08-28,134.1,1.0,2017-08-29,134.1,1.0,0.0,0.0,0.049990000000008195,0.0,0.0,Close entry(s) order TEST,BuySignal,
1842,LONG,2017-08-30,134.6,1.0,2017-08-31,137.7,1.0,3.0999999999999943,0.0,0.04999999999998295,3.0999999999999943,0.02303120356612176,Close entry(s) order TEST,BuySignal,
1843,LONG,2017-09-01,141.0,1.0,2017-09-04,138.9,1.0,-2.0999999999999943,0.0,0.0,-2.0999999999999943,-0.014893617021276562,Close entry(s) order TEST,BuySignal,
1844,LONG,2017-09-05,140.0,1.0,2017-09-06,138.5,1.0,-1.5,0.0,0.0,-1.5,-0.010714285714285676,Close entry(s) order TEST,BuySignal,
1845,LONG,2017-09-07,141.1,1.0,2017-09-08,144.2,1.0,3.0999999999999943,0.0,1.0000000003174137e-05,3.0999999999999943,0.021970233876683176,Close entry(s) order TEST,BuySignal,
1846,LONG,2017-09-11,141.4,1.0,2017-09-12,139.0,1.0,-2.4000000000000057,0.0,0.04999999999998295,-2.4000000000000057,-0.016973125884017004,Close entry(s) order TEST,BuySignal,
1847,LONG,2017-09-13,140.0,1.0,2017-09-14,137.0,1.0,-3.0,0.0,0.0,-3.0,-0.021428571428571463,Close entry(s) order TEST,BuySignal,
1848,LONG,2017-09-15,139.0,1.0,2017-09-18,139.5,1.0,0.5,0.0,0.0,0.5,0.003597122302158251,Close entry(s) order TEST,BuySignal,
1849,LONG,2017-09-19,138.6,1.0,2017-09-20,142.4,1.0,3.8000000000000114,0.0,1.0000000003174137e-05,3.8000000000000114,0.027417027417027562,Close entry(s) order TEST,BuySignal,
1850,LONG,2017-09-21,139.1,1.0,2017-09-22,135.1,1.0,-4.0,0.0,1.0000000003174137e-05,-4.0,-0.02875629043853345,Close entry(s) order TEST,BuySignal,
1851,LONG,2017-09-25,130.1,1.0,2017-09-26,126.0,1.0,-4.099999999999994,0.0,0.04999999999998295,-4.099999999999994,-0.031514219830899304,Close entry(s) order TEST,BuySignal,
1852,LONG,2017-09-27,127.0,1.0,2017-09-28,123.5,1.0,-3.5,0.0,0.0,-3.5,-0.027559055118110187,Close entry(s) order TEST,BuySignal,
1853,LONG,2017-09-29,128.0,1.0,2017-10-03,133.5,1.0,5.5,0.0,0.0,5.5,0.04296875,Close entry(s) order TEST,BuySignal,
1854,LONG,2017-10-04,132.6,1.0,2017-10-05,134.0,1.0,1.4000000000000057,0.0,1.0000000003174137e-05,1.4000000000000057,0.010558069381598756,Close entry(s) order TEST,BuySignal,
1855,LONG,2017-10-06,137.1,1.0,2017-10-09,138.0,1.0,0.9000000000000057,0.0,0.04999999999998295,0.9000000000000057,0.006564551422319598,Close entry(s) order TEST,BuySignal,
1856,LONG,2017-10-10,138.5,1.0,2017-10-11,139.6,1.0,1.0999999999999943,0.0,0.0,1.0999999999999943,0.007942238267147905,Close entry(s) order TEST,BuySignal,
1857,LONG,2017-10-12,137.0,1.0,2017-10-13,140.3,1.0,3.3000000000000114,0.0,0.0,3.3000000000000114,0.024087591240876005,Close entry(s) order TEST,BuySignal,
1858,LONG,2017-10-16,138.6,1.0,2017-10-17,135.3,1.0,-3.299999999999983,0.0,1.0000000003174137e-05,-3.299999999999983,-0.023809523809523725,Close entry(s) order TEST,BuySignal,
1859,LONG,2017-10-18,135.0,1.0,2017-10-19,134.5,1.0,-0.5,0.0,0.0,-0.5,-0.0037037037037036535,Close entry(s) order TEST,BuySignal,
1860,LONG,2017-10-23,136.9,1.0,2017-10-24,133.6,1.0,-3.3000000000000114,0.0,1.0000000003174137e-05,-3.3000000000000114,-0.024105186267348477,Close entry(s) order TEST,BuySignal,
1861,LONG,2017-10-25,136.0,1.0,2017-10-26,134.6,1.0,-1.4000000000000057,0.0,0.0,-1.4000000000000057,-0.010294117647058898,Close entry(s) order TEST,BuySignal,
1862,LONG,2017-10-27,147.0,1.0,2017-10-30,147.7,1.0,0.6999999999999886,0.0,0.0,0.6999999999999886,0.004761904761904745,Close entry(s) order TEST,BuySignal,
1863,LONG,2017-10-31,145.0,1.0,2017-11-01,148.7,1.0,3.6999999999999886,0.0,0.0,3.6999999999999886,0.02551724137931033,Close entry(s) order TEST,BuySignal,
1864,LONG,2017-11-02,150.2,1.0,2017-11-03,160.1,1.0,9.900000000000006,0.0,0.05000000000001137,9.900000000000006,0.06591211717709733,Close entry(s) order TEST,BuySignal,
1865,LONG,2017-11-06,158.0,1.0,2017-11-07,154.1,1.0,-3.9000000000000057,0.0,0.0,-3.9000000000000057,-0.02468354430379749,Close entry(s) order TEST,BuySignal,
1866,LONG,2017-11-08,145.2,1.0,2017-11-09,144.9,1.0,-0.29999999999998295,0.0,0.05000000000001137,-0.29999999999998295,-0.0020661157024792765,Close entry(s) order TEST,BuySignal,
1867,LONG,2017-11-10,140.2,1.0,2017-11-13,142.9,1.0,2.700000000000017,0.0,0.05000000000001137,2.700000000000017,0.019258202567760563,Close entry(s) order TEST,BuySignal,
1868,LONG,2017-11-14,139.9,1.0,2017-11-15,136.4,1.0,-3.5,0.0,0.049990000000008195,-3.5,-0.02501786990707644,Close entry(s) order TEST,BuySignal,
1869,LONG,2017-11-16,140.4,1.0,2017-11-17,132.9,1.0,-7.5,0.0,0.04999999999998295,-7.5,-0.05341880341880345,Close entry(s) order TEST,BuySignal,
1870,LONG,2017-11-20,130.7,1.0,2017-11-21,128.9,1.0,-1.799999999999983,0.0,0.0,-1.799999999999983,-0.013771996939556108,Close entry(s) order TEST,BuySignal,
1871,LONG,2017-11-22,133.0,1.0,2017-11-23,135.6,1.0,2.5999999999999943,0.0,0.0,2.5999999999999943,0.019548872180451093,Close entry(s) order TEST,BuySignal,
1872,LONG,2017-11-24,139.5,1.0,2017-11-27,134.7,1.0,-4.800000000000011,0.0,0.0,-4.800000000000011,-0.03440860215053776,Close entry(s) order TEST,BuySignal,
1873,LONG,2017-11-28,134.0,1.0,2017-11-29,132.6,1.0,-1.4000000000000057,0.0,0.0,-1.4000000000000057,-0.010447761194029903,Close entry(s) order TEST,BuySignal,
1874,LONG,2017-11-30,129.9,1.0,2017-12-01,128.6,1.0,-1.3000000000000114,0.0,0.04999999999998295,-1.3000000000000114,-0.01000769822940728,Close entry(s) order TEST,BuySignal,
1875,LONG,2017-12-04,128.0,1.0,2017-12-05,126.5,1.0,-1.5,0.0,0.0,-1.5,-0.01171875,Close entry(s) order TEST,BuySignal,
1876,LONG,2017-12-06,127.9,1.0,2017-12-07,131.8,1.0,3.9000000000000057,0.0,0.0,3.9000000000000057,0.030492572322126765,Close entry(s) order TEST,BuySignal,
1877,LONG,2017-12-08,130.3,1.0,2017-12-11,129.6,1.0,-0.700000000000017,0.0,0.0,-0.700000000000017,-0.005372217958557357,Close entry(s) order TEST,BuySignal,
1878,LONG,2017-12-12,131.7,1.0,2017-12-13,130.5,1.0,-1.1999999999999886,0.0,0.0,-1.1999999999999886,-0.009111617312072773,Close entry(s) order TEST,BuySignal,
1879,LONG,2017-12-14,130.8,1.0,2017-12-15,133.9,1.0,3.0999999999999943,0.0,0.05000000000001137,3.0999999999999943,0.023700305810397504,Close entry(s) order TEST,BuySignal,
1880,LONG,2017-12-18,131.0,1.0,2017-12-19,132.8,1.0,1.8000000000000114,0.0,0.0,1.8000000000000114,0.013740458015267354,Close entry(s) order TEST,BuySignal,
1881,LONG,2017-12-20,134.0,1.0,2017-12-21,134.9,1.0,0.9000000000000057,0.0,0.0,0.9000000000000057,0.006716417910447747,Close entry(s) order TEST,BuySignal,
1882,LONG,2017-12-22,138.7,1.0,2017-12-26,151.0,1.0,12.300000000000011,0.0,0.0,12.300000000000011,0.08868060562364821,Close entry(s) order TEST,BuySignal,
1883,LONG,2017-12-27,142.9,1.0,2017-12-28,139.0,1.0,-3.9000000000000057,0.0,1.0000000003174137e-05,-3.9000000000000057,-0.02729181245626311,Close entry(s) order TEST,BuySignal,
1884,LONG,2017-12-29,137.0,1.0,2018-01-01,136.0,1.0,-1.0,0.0,0.0,-1.0,-0.007299270072992692,Close entry(s) order TEST,BuySignal,
1885,LONG,2018-01-02,139.6,1.0,2018-01-03,137.0,1.0,-2.5999999999999943,0.0,0.049990000000008195,-2.5999999999999943,-0.01862464183381085,Close entry(s) order TEST,BuySignal,
1886,LONG,2018-01-04,143.8,1.0,2018-01-05,145.9,1.0,2.0999999999999943,0.0,0.0,2.0999999999999943,0.014603616133518793,Close entry(s) order TEST,BuySignal,
1887,LONG,2018-01-08,153.0,1.0,2018-01-09,155.1,1.0,2.0999999999999943,0.0,0.0,2.0999999999999943,0.013725490196078383,Close entry(s) order TEST,BuySignal,
1888,LONG,2018-01-10,152.2,1.0,2018-01-11,154.1,1.0,1.9000000000000057,0.0,0.0,1.9000000000000057,0.012483574244415374,Close entry(s) order TEST,BuySignal,
1889,LONG,2018-01-12,158.9,1.0,2018-01-15,173.9,1.0,15.0,0.0,0.04999999999998295,15.0,0.09439899307740718,Close entry(s) order TEST,BuySignal,
1890,LONG,2018-01-16,189.0,1.0,2018-01-17,172.9,1.0,-16.099999999999994,0.0,0.0,-16.099999999999994,-0.08518518518518514,Close entry(s) order TEST,BuySignal,
1891,LONG,2018-01-18,187.0,1.0,2018-01-19,178.0,1.0,-9.0,0.0,0.0,-9.0,-0.048128342245989275,Close entry(s) order TEST,BuySignal,
1892,LONG,2018-01-22,191.6,1.0,2018-01-23,192.1,1.0,0.5,0.0,0.049990000000008195,0.5,0.0026096033402922547,Close entry(s) order TEST,BuySignal,
1893,LONG,2018-01-24,191.0,1.0,2018-01-25,182.0,1.0,-9.0,0.0,0.0,-9.0,-0.04712041884816753,Close entry(s) order TEST,BuySignal,
1894,LONG,2018-01-29,178.0,1.0,2018-01-30,172.9,1.0,-5.099999999999994,0.0,0.0,-5.099999999999994,-0.028651685393258353,Close entry(s) order TEST,BuySignal,
1895,LONG,2018-01-31,167.9,1.0,2018-02-01,160.0,1.0,-7.900000000000006,0.0,0.04999999999998295,-7.900000000000006,-0.0470518165574747,Close entry(s) order TEST,BuySignal,
1896,LONG,2018-02-02,165.8,1.0,2018-02-05,151.0,1.0,-14.800000000000011,0.0,0.0,-14.800000000000011,-0.08926417370325701,Close entry(s) order TEST,BuySignal,
1897,LONG,2018-02-06,141.0,1.0,2018-02-07,154.5,1.0,13.5,0.0,0.0,13.5,0.0957446808510638,Close entry(s) order TEST,BuySignal,
1898,LONG,2018-02-08,158.0,1.0,2018-02-09,160.0,1.0,2.0,0.0,0.0,2.0,0.012658227848101333,Close entry(s) order TEST,BuySignal,
1899,LONG,2018-02-12,166.4,1.0,2018-02-14,165.9,1.0,-0.5,0.0,1.0000000003174137e-05,-0.5,-0.0030048076923077094,Close entry(s) order TEST,BuySignal,
1900,LONG,2018-02-15,175.0,1.0,2018-02-16,170.5,1.0,-4.5,0.0,0.0,-4.5,-0.02571428571428569,Close entry(s) order TEST,BuySignal,
1901,LONG,2018-02-19,161.0,1.0,2018-02-20,154.8,1.0,-6.199999999999989,0.0,0.0,-6.199999999999989,-0.03850931677018632,Close entry(s) order TEST,BuySignal,
1902,LONG,2018-02-21,155.6,1.0,2018-02-22,157.5,1.0,1.9000000000000057,0.0,0.049990000000008195,1.9000000000000057,0.012210796915167021,Close entry(s) order TEST,BuySignal,
1903,LONG,2018-02-23,162.0,1.0,2018-02-26,169.4,1.0,7.400000000000006,0.0,0.0,7.400000000000006,0.04567901234567895,Close entry(s) order TEST,BuySignal,
1904,LONG,2018-02-27,170.4,1.0,2018-02-28,171.5,1.0,1.0999999999999943,0.0,1.0000000003174137e-05,1.0999999999999943,0.006455399061032763,Close entry(s) order TEST,BuySignal,
1905,LONG,2018-03-01,173.6,1.0,2018-03-05,175.1,1.0,1.5,0.0,0.049990000000008195,1.5,0.008640552995391682,Close entry(s) order TEST,BuySignal,
1906,LONG,2018-03-06,172.1,1.0,2018-03-07,170.2,1.0,-1.9000000000000057,0.0,1.0000000003174137e-05,-1.9000000000000057,-0.01104009296920394,Close entry(s) order TEST,BuySignal,
1907,LONG,2018-03-08,168.1,1.0,2018-03-09,167.0,1.0,-1.0999999999999943,0.0,1.0000000003174137e-05,-1.0999999999999943,-0.006543723973825077,Close entry(s) order TEST,BuySignal,
1908,LONG,2018-03-12,167.4,1.0,2018-03-13,160.0,1.0,-7.400000000000006,0.0,1.0000000003174137e-05,-7.400000000000006,-0.044205495818399054,Close entry(s) order TEST,BuySignal,
1909,LONG,2018-03-14,159.7,1.0,2018-03-15,155.9,1.0,-3.799999999999983,0.0,0.0,-3.799999999999983,-0.02379461490294288,Close entry(s) order TEST,BuySignal,
1910,LONG,2018-03-16,157.6,1.0,2018-03-19,152.0,1.0,-5.599999999999994,0.0,0.049990000000008195,-5.599999999999994,-0.035532994923857864,Close entry(s) order TEST,BuySignal,
1911,LONG,2018-03-20,146.3,1.0,2018-03-21,147.0,1.0,0.6999999999999886,0.0,0.0,0.6999999999999886,0.004784688995215225,Close entry(s) order TEST,BuySignal,
1912,LONG,2018-03-22,140.4,1.0,2018-03-23,127.9,1.0,-12.5,0.0,0.04999999999998295,-12.5,-0.08903133903133897,Close entry(s) order TEST,BuySignal,
1913,LONG,2018-03-26,131.0,1.0,2018-03-27,131.9,1.0,0.9000000000000057,0.0,0.0,0.9000000000000057,0.006870229007633677,Close entry(s) order TEST,BuySignal,
1914,LONG,2018-03-28,133.9,1.0,2018-04-02,136.0,1.0,2.0999999999999943,0.0,0.049990000000008195,2.0999999999999943,0.015683345780433067,Close entry(s) order TEST,BuySignal,
1915,LONG,2018-04-03,134.8,1.0,2018-04-04,141.0,1.0,6.199999999999989,0.0,0.0,6.199999999999989,0.04599406528189909,Close entry(s) order TEST,BuySignal,
1916,LONG,2018-04-05,138.6,1.0,2018-04-06,140.0,1.0,1.4000000000000057,0.0,0.049990000000008195,1.4000000000000057,0.010101010101010166,Close entry(s) order TEST,BuySignal,
1917,LONG,2018-04-09,138.9,1.0,2018-04-10,142.0,1.0,3.0999999999999943,0.0,0.04999999999998295,3.0999999999999943,0.022318214542836445,Close entry(s) order TEST,BuySignal,
1918,LONG,2018-04-11,146.7,1.0,2018-04-12,146.4,1.0,-0.29999999999998295,0.0,0.0,-0.29999999999998295,-0.002044989775050965,Close entry(s) order TEST,BuySignal,
1919,LONG,2018-04-13,148.5,1.0,2018-04-16,151.6,1.0,3.0999999999999943,0.0,0.0,3.0999999999999943,0.020875420875420936,Close entry(s) order TEST,BuySignal,
1920,LONG,2018-04-17,152.7,1.0,2018-04-18,146.9,1.0,-5.799999999999983,0.0,0.0,-5.799999999999983,-0.037982973149967125,Close entry(s) order TEST,BuySignal,
1921,LONG,2018-04-19,144.6,1.0,2018-04-20,151.0,1.0,6.400000000000006,0.0,1.0000000003174137e-05,6.400000000000006,0.044260027662517354,Close entry(s) order TEST,BuySignal,
1922,LONG,2018-04-23,148.7,1.0,2018-04-24,148.9,1.0,0.20000000000001705,0.0,0.0,0.20000000000001705,0.0013449899125757003,Close entry(s) order TEST,BuySignal,
1923,LONG,2018-04-25,144.9,1.0,2018-04-26,137.9,1.0,-7.0,0.0,0.04999999999998295,-7.0,-0.048309178743961345,Close entry(s) order TEST,BuySignal,
1924,LONG,2018-04-27,137.4,1.0,2018-04-30,135.9,1.0,-1.5,0.0,0.04999999999998295,-1.5,-0.01091703056768556,Close entry(s) order TEST,BuySignal,
1925,LONG,2018-05-02,142.4,1.0,2018-05-03,139.5,1.0,-2.9000000000000057,0.0,0.049990000000008195,-2.9000000000000057,-0.020365168539325906,Close entry(s) order TEST,BuySignal,
1926,LONG,2018-05-04,142.2,1.0,2018-05-07,137.1,1.0,-5.099999999999994,0.0,0.0,-5.099999999999994,-0.03586497890295359,Close entry(s) order TEST,BuySignal,
1927,LONG,2018-05-08,150.8,1.0,2018-05-09,146.0,1.0,-4.800000000000011,0.0,0.05000000000001137,-4.800000000000011,-0.03183023872679047,Close entry(s) order TEST,BuySignal,
1928,LONG,2018-05-10,144.8,1.0,2018-05-11,142.5,1.0,-2.3000000000000114,0.0,0.0,-2.3000000000000114,-0.015883977900552515,Close entry(s) order TEST,BuySignal,
1929,LONG,2018-05-14,144.9,1.0,2018-05-15,134.1,1.0,-10.800000000000011,0.0,0.04999999999998295,-10.800000000000011,-0.07453416149068326,Close entry(s) order TEST,BuySignal,
1930,LONG,2018-05-16,136.7,1.0,2018-05-17,138.4,1.0,1.700000000000017,0.0,0.0,1.700000000000017,0.012435991221653397,Close entry(s) order TEST,BuySignal,
1931,LONG,2018-05-18,137.6,1.0,2018-05-21,132.1,1.0,-5.5,0.0,0.049990000000008195,-5.5,-0.039970930232558155,Close entry(s) order TEST,BuySignal,
1932,LONG,2018-05-22,129.3,1.0,2018-05-23,131.6,1.0,2.299999999999983,0.0,0.0,2.299999999999983,0.017788089713843602,Close entry(s) order TEST,BuySignal,
1933,LONG,2018-05-24,129.6,1.0,2018-05-25,133.8,1.0,4.200000000000017,0.0,0.04999999999998295,4.200000000000017,0.03240740740740744,Close entry(s) order TEST,BuySignal,
1934,LONG,2018-05-28,138.4,1.0,2018-05-29,138.1,1.0,-0.30000000000001137,0.0,1.0000000003174137e-05,-0.30000000000001137,-0.0021676300578035157,Close entry(s) order TEST,BuySignal,
1935,LONG,2018-05-30,137.0,1.0,2018-05-31,137.1,1.0,0.09999999999999432,0.0,0.0,0.09999999999999432,0.0007299270072991249,Close entry(s) order TEST,BuySignal,
1936,LONG,2018-06-01,132.3,1.0,2018-06-04,134.0,1.0,1.6999999999999886,0.0,0.0,1.6999999999999886,0.012849584278155524,Close entry(s) order TEST,BuySignal,
1937,LONG,2018-06-05,129.0,1.0,2018-06-06,119.0,1.0,-10.0,0.0,0.0,-10.0,-0.07751937984496127,Close entry(s) order TEST,BuySignal,
1938,LONG,2018-06-07,131.6,1.0,2018-06-08,134.0,1.0,2.4000000000000057,0.0,1.0000000003174137e-05,2.4000000000000057,0.01823708206686936,Close entry(s) order TEST,BuySignal,
1939,LONG,2018-06-11,134.6,1.0,2018-06-12,139.0,1.0,4.400000000000006,0.0,0.04999999999998295,4.400000000000006,0.03268945022288272,Close entry(s) order TEST,BuySignal,
1940,LONG,2018-06-13,137.5,1.0,2018-06-14,133.6,1.0,-3.9000000000000057,0.0,0.0,-3.9000000000000057,-0.02836363636363637,Close entry(s) order TEST,BuySignal,
1941,LONG,2018-06-15,133.2,1.0,2018-06-18,134.5,1.0,1.3000000000000114,0.0,0.05000000000001137,1.3000000000000114,0.009759759759759845,Close entry(s) order TEST,BuySignal,
1942,LONG,2018-06-19,128.9,1.0,2018-06-20,124.2,1.0,-4.700000000000003,0.0,0.049990000000008195,-4.700000000000003,-0.03646237393328167,Close entry(s) order TEST,BuySignal,
1943,LONG,2018-06-21,122.9,1.0,2018-06-22,123.8,1.0,0.8999999999999915,0.0,0.0,0.8999999999999915,0.007323026851098424,Close entry(s) order TEST,BuySignal,
1944,LONG,2018-06-25,123.0,1.0,2018-06-26,121.9,1.0,-1.0999999999999943,0.0,0.04999999999999716,-1.0999999999999943,-0.00894308943089428,Close entry(s) order TEST,BuySignal,
1945,LONG,2018-06-27,117.5,1.0,2018-06-28,115.5,1.0,-2.0,0.0,0.04999999999999716,-2.0,-0.017021276595744705,Close entry(s) order TEST,BuySignal,
1946,LONG,2018-06-29,115.0,1.0,2018-07-02,119.5,1.0,4.5,0.0,0.0,4.5,0.03913043478260869,Close entry(s) order TEST,BuySignal,
1947,LONG,2018-07-03,113.0,1.0,2018-07-04,116.3,1.0,3.299999999999997,0.0,0.0,3.299999999999997,0.02920353982300883,Close entry(s) order TEST,BuySignal,
1948,LONG,2018-07-05,120.0,1.0,2018-07-06,122.6,1.0,2.5999999999999943,0.0,0.0,2.5999999999999943,0.021666666666666723,Close entry(s) order TEST,BuySignal,
1949,LONG,2018-07-09,121.5,1.0,2018-07-10,122.0,1.0,0.5,0.0,0.04999999999999716,0.5,0.004115226337448652,Close entry(s) order TEST,BuySignal,
1950,LONG,2018-07-11,122.0,1.0,2018-07-12,122.4,1.0,0.4000000000000057,0.0,0.04999999999999716,0.4000000000000057,0.003278688524590123,Close entry(s) order TEST,BuySignal,
1951,LONG,2018-07-13,121.8,1.0,2018-07-16,117.9,1.0,-3.8999999999999915,0.0,0.0,-3.8999999999999915,-0.03201970443349744,Close entry(s) order TEST,BuySignal,
1952,LONG,2018-07-17,108.0,1.0,2018-07-18,108.5,1.0,0.5,0.0,0.0,0.5,0.004629629629629539,Close entry(s) order TEST,BuySignal,
1953,LONG,2018-07-19,106.2,1.0,2018-07-20,105.7,1.0,-0.5,0.0,0.0,-0.5,-0.004708097928436961,Close entry(s) order TEST,BuySignal,
1954,LONG,2018-07-23,109.0,1.0,2018-07-24,108.9,1.0,-0.09999999999999432,0.0,0.0,-0.09999999999999432,-0.0009174311926605228,Close entry(s) order TEST,BuySignal,
1955,LONG,2018-07-25,116.2,1.0,2018-07-26,112.7,1.0,-3.5,0.0,0.04999999999999716,-3.5,-0.030120481927710885,Close entry(s) order TEST,BuySignal,
1956,LONG,2018-07-27,129.0,1.0,2018-07-30,124.3,1.0,-4.700000000000003,0.0,0.0,-4.700000000000003,-0.0364341085271318,Close entry(s) order TEST,BuySignal,
1957,LONG,2018-07-31,122.0,1.0,2018-08-01,126.0,1.0,4.0,0.0,0.04999999999999716,4.0,0.032786885245901676,Close entry(s) order TEST,BuySignal,
1958,LONG,2018-08-02,125.3,1.0,2018-08-03,125.7,1.0,0.4000000000000057,0.0,0.0,0.4000000000000057,0.0031923383878691425,Close entry(s) order TEST,BuySignal,
1959,LONG,2018-08-06,126.5,1.0,2018-08-07,126.8,1.0,0.29999999999999716,0.0,0.04999999999999716,0.29999999999999716,0.002371541501976271,Close entry(s) order TEST,BuySignal,
1960,LONG,2018-08-08,124.1,1.0,2018-08-09,128.0,1.0,3.9000000000000057,0.0,0.0,3.9000000000000057,0.03142626913779223,Close entry(s) order TEST,BuySignal,
1961,LONG,2018-08-10,127.5,1.0,2018-08-13,129.0,1.0,1.5,0.0,0.04999999999999716,1.5,0.0117647058823529,Close entry(s) order TEST,BuySignal,
1962,LONG,2018-08-14,127.0,1.0,2018-08-16,126.8,1.0,-0.20000000000000284,0.0,0.0,-0.20000000000000284,-0.0015748031496063408,Close entry(s) order TEST,BuySignal,
1963,LONG,2018-08-17,126.8,1.0,2018-08-20,127.0,1.0,0.20000000000000284,0.0,0.04999999999999716,0.20000000000000284,0.001577287066246047,Close entry(s) order TEST,BuySignal,
1964,LONG,2018-08-21,141.3,1.0,2018-08-23,150.5,1.0,9.199999999999989,0.0,0.0,9.199999999999989,0.065109695682944,Close entry(s) order TEST,BuySignal,
1965,LONG,2018-08-24,156.5,1.0,2018-08-27,164.2,1.0,7.699999999999989,0.0,0.0,7.699999999999989,0.049201277955271516,Close entry(s) order TEST,BuySignal,
1966,LONG,2018-08-28,163.6,1.0,2018-08-29,166.1,1.0,2.5,0.0,1.0000000003174137e-05,2.5,0.015281173594132058,Close entry(s) order TEST,BuySignal,
1967,LONG,2018-08-30,160.7,1.0,2018-08-31,160.9,1.0,0.20000000000001705,0.0,0.0,0.20000000000001705,0.0012445550715620701,Close entry(s) order TEST,BuySignal,
1968,LONG,2018-09-03,167.6,1.0,2018-09-04,176.0,1.0,8.400000000000006,0.0,1.0000000003174137e-05,8.400000000000006,0.05011933174224348,Close entry(s) order TEST,BuySignal,
1969,LONG,2018-09-05,174.0,1.0,2018-09-06,179.6,1.0,5.599999999999994,0.0,0.0,5.599999999999994,0.03218390804597693,Close entry(s) order TEST,BuySignal,
1970,LONG,2018-09-07,178.7,1.0,2018-09-10,177.4,1.0,-1.299999999999983,0.0,0.0,-1.299999999999983,-0.007274762171236571,Close entry(s) order TEST,BuySignal,
1971,LONG,2018-09-11,176.6,1.0,2018-09-12,168.0,1.0,-8.599999999999994,0.0,0.04999999999998295,-8.599999999999994,-0.04869762174405434,Close entry(s) order TEST,BuySignal,
1972,LONG,2018-09-14,175.5,1.0,2018-09-17,169.3,1.0,-6.199999999999989,0.0,0.0,-6.199999999999989,-0.035327635327635276,Close entry(s) order TEST,BuySignal,
1973,LONG,2018-09-18,171.0,1.0,2018-09-19,170.2,1.0,-0.8000000000000114,0.0,0.0,-0.8000000000000114,-0.004678362573099504,Close entry(s) order TEST,BuySignal,
1974,LONG,2018-09-21,167.2,1.0,2018-09-24,162.0,1.0,-5.199999999999989,0.0,0.05000000000001137,-5.199999999999989,-0.031100478468899406,Close entry(s) order TEST,BuySignal,
1975,LONG,2018-09-25,155.9,1.0,2018-09-26,150.1,1.0,-5.800000000000011,0.0,1.0000000003174137e-05,-5.800000000000011,-0.037203335471456156,Close entry(s) order TEST,BuySignal,
1976,LONG,2018-09-27,150.9,1.0,2018-09-28,143.1,1.0,-7.800000000000011,0.0,0.04999999999998295,-7.800000000000011,-0.051689860834990164,Close entry(s) order TEST,BuySignal,
1977,LONG,2018-10-01,125.0,1.0,2018-10-03,131.9,1.0,6.900000000000006,0.0,0.0,6.900000000000006,0.05520000000000014,Close entry(s) order TEST,BuySignal,
1978,LONG,2018-10-04,137.0,1.0,2018-10-05,131.8,1.0,-5.199999999999989,0.0,0.0,-5.199999999999989,-0.03795620437956193,Close entry(s) order TEST,BuySignal,
1979,LONG,2018-10-08,125.2,1.0,2018-10-09,132.5,1.0,7.299999999999997,0.0,0.04999999999999716,7.299999999999997,0.05830670926517567,Close entry(s) order TEST,BuySignal,
1980,LONG,2018-10-10,134.9,1.0,2018-10-11,136.0,1.0,1.0999999999999943,0.0,0.049990000000008195,1.0999999999999943,0.008154188287620379,Close entry(s) order TEST,BuySignal,
1981,LONG,2018-10-12,137.9,1.0,2018-10-15,149.1,1.0,11.199999999999989,0.0,0.049990000000008195,11.199999999999989,0.08121827411167515,Close entry(s) order TEST,BuySignal,
1982,LONG,2018-10-16,149.6,1.0,2018-10-17,151.9,1.0,2.3000000000000114,0.0,0.049990000000008195,2.3000000000000114,0.015374331550802145,Close entry(s) order TEST,BuySignal,
1983,LONG,2018-10-19,137.0,1.0,2018-10-22,131.9,1.0,-5.099999999999994,0.0,0.0,-5.099999999999994,-0.037226277372262695,Close entry(s) order TEST,BuySignal,
1984,LONG,2018-10-23,128.0,1.0,2018-10-24,125.2,1.0,-2.799999999999997,0.0,0.04999999999999716,-2.799999999999997,-0.021874999999999978,Close entry(s) order TEST,BuySignal,
1985,LONG,2018-10-25,123.2,1.0,2018-10-26,120.1,1.0,-3.1000000000000085,0.0,0.04999999999999716,-3.1000000000000085,-0.025162337662337775,Close entry(s) order TEST,BuySignal,
1986,LONG,2018-10-29,120.0,1.0,2018-10-30,129.6,1.0,9.599999999999994,0.0,0.0,9.599999999999994,0.07999999999999985,Close entry(s) order TEST,BuySignal,
1987,LONG,2018-10-31,134.0,1.0,2018-11-01,137.8,1.0,3.8000000000000114,0.0,0.0,3.8000000000000114,0.028358208955223896,Close entry(s) order TEST,BuySignal,
1988,LONG,2018-11-02,142.1,1.0,2018-11-05,141.7,1.0,-0.4000000000000057,0.0,1.0000000003174137e-05,-0.4000000000000057,-0.0028149190710767824,Close entry(s) order TEST,BuySignal,
1989,LONG,2018-11-06,142.5,1.0,2018-11-07,148.0,1.0,5.5,0.0,0.0,5.5,0.03859649122807007,Close entry(s) order TEST,BuySignal,
1990,LONG,2018-11-09,152.0,1.0,2018-11-12,152.6,1.0,0.5999999999999943,0.0,0.0,0.5999999999999943,0.003947368421052699,Close entry(s) order TEST,BuySignal,
1991,LONG,2018-11-13,147.6,1.0,2018-11-14,149.2,1.0,1.5999999999999943,0.0,1.0000000003174137e-05,1.5999999999999943,0.01084010840108407,Close entry(s) order TEST,BuySignal,
1992,LONG,2018-11-15,142.2,1.0,2018-11-16,148.6,1.0,6.400000000000006,0.0,0.0,6.400000000000006,0.04500703234880454,Close entry(s) order TEST,BuySignal,
1993,LONG,2018-11-19,154.6,1.0,2018-11-20,155.9,1.0,1.3000000000000114,0.0,1.0000000003174137e-05,1.3000000000000114,0.008408796895213566,Close entry(s) order TEST,BuySignal,
1994,LONG,2018-11-21,162.6,1.0,2018-11-22,157.0,1.0,-5.599999999999994,0.0,1.0000000003174137e-05,-5.599999999999994,-0.03444034440344401,Close entry(s) order TEST,BuySignal,
1995,LONG,2018-11-26,159.4,1.0,2018-11-27,157.1,1.0,-2.3000000000000114,0.0,0.049990000000008195,-2.3000000000000114,-0.014429109159347586,Close entry(s) order TEST,BuySignal,
1996,LONG,2018-11-28,161.0,1.0,2018-11-29,161.9,1.0,0.9000000000000057,0.0,0.0,0.9000000000000057,0.005590062111801242,Close entry(s) order TEST,BuySignal,
1997,LONG,2018-11-30,157.5,1.0,2018-12-03,154.9,1.0,-2.5999999999999943,0.0,0.0,-2.5999999999999943,-0.01650793650793647,Close entry(s) order TEST,BuySignal,
1998,LONG,2018-12-04,154.8,1.0,2018-12-05,154.3,1.0,-0.5,0.0,0.05000000000001137,-0.5,-0.003229974160206761,Close entry(s) order TEST,BuySignal,
1999,LONG,2018-12-06,147.8,1.0,2018-12-07,149.9,1.0,2.0999999999999943,0.0,0.0,2.0999999999999943,0.01420838971583227,Close entry(s) order TEST,BuySignal,
2000,LONG,2018-12-10,145.1,1.0,2018-12-11,143.0,1.0,-2.0999999999999943,0.0,1.0000000003174137e-05,-2.0999999999999943,-0.01447277739490005,Close entry(s) order TEST,BuySignal,
2001,LONG,2018-12-12,151.0,1.0,2018-12-13,159.0,1.0,8.0,0.0,0.0,8.0,0.052980132450331174,Close entry(s) order TEST,BuySignal,
2002,LONG,2018-12-14,154.0,1.0,2018-12-17,155.6,1.0,1.5999999999999943,0.0,0.0,1.5999999999999943,0.010389610389610393,Close entry(s) order TEST,BuySignal,
2003,LONG,2018-12-18,155.0,1.0,2018-12-19,151.4,1.0,-3.5999999999999943,0.0,0.0,-3.5999999999999943,-0.023225806451612874,Close entry(s) order TEST,BuySignal,
2004,LONG,2018-12-20,147.5,1.0,2018-12-21,151.0,1.0,3.5,0.0,0.0,3.5,0.023728813559322104,Close entry(s) order TEST,BuySignal,
2005,LONG,2018-12-24,148.4,1.0,2018-12-26,144.8,1.0,-3.5999999999999943,0.0,1.0000000003174137e-05,-3.5999999999999943,-0.02425876010781669,Close entry(s) order TEST,BuySignal,
2006,LONG,2018-12-27,143.0,1.0,2018-12-28,138.1,1.0,-4.900000000000006,0.0,0.0,-4.900000000000006,-0.034265734265734316,Close entry(s) order TEST,BuySignal,
2007,LONG,2018-12-31,141.6,1.0,2019-01-01,138.6,1.0,-3.0,0.0,1.0000000003174137e-05,-3.0,-0.021186440677966156,Close entry(s) order TEST,BuySignal,
2008,LONG,2019-01-02,139.1,1.0,2019-01-03,136.0,1.0,-3.0999999999999943,0.0,1.0000000003174137e-05,-3.0999999999999943,-0.022286125089863384,Close entry(s) order TEST,BuySignal,
2009,LONG,2019-01-04,133.1,1.0,2019-01-07,134.4,1.0,1.3000000000000114,0.0,0.04999999999998295,1.3000000000000114,0.00976709241172058,Close entry(s) order TEST,BuySignal,
2010,LONG,2019-01-08,138.8,1.0,2019-01-09,135.3,1.0,-3.5,0.0,0.0,-3.5,-0.025216138328530202,Close entry(s) order TEST,BuySignal,
2011,LONG,2019-01-10,134.6,1.0,2019-01-11,135.9,1.0,1.3000000000000114,0.0,0.049990000000008195,1.3000000000000114,0.00965824665676096,Close entry(s) order TEST,BuySignal,
2012,LONG,2019-01-14,138.6,1.0,2019-01-15,135.4,1.0,-3.1999999999999886,0.0,0.049990000000008195,-3.1999999999999886,-0.023088023088023046,Close entry(s) order TEST,BuySignal,
2013,LONG,2019-01-16,132.1,1.0,2019-01-17,129.0,1.0,-3.0999999999999943,0.0,0.04999999999998295,-3.0999999999999943,-0.02346707040121121,Close entry(s) order TEST,BuySignal,
2014,LONG,2019-01-18,125.0,1.0,2019-01-21,120.0,1.0,-5.0,0.0,0.0,-5.0,-0.040000000000000036,Close entry(s) order TEST,BuySignal,
2015,LONG,2019-01-22,117.2,1.0,2019-01-23,116.2,1.0,-1.0,0.0,0.04999999999999716,-1.0,-0.008532423208191142,Close entry(s) order TEST,BuySignal,
2016,LONG,2019-01-24,115.3,1.0,2019-01-25,112.0,1.0,-3.299999999999997,0.0,0.0,-3.299999999999997,-0.028620988725065022,Close entry(s) order TEST,BuySignal,
2017,LONG,2019-01-28,106.2,1.0,2019-01-29,107.7,1.0,1.5,0.0,0.04999999999999716,1.5,0.01412429378531077,Close entry(s) order TEST,BuySignal,
2018,LONG,2019-01-30,109.0,1.0,2019-01-31,105.0,1.0,-4.0,0.0,0.04999999999999716,-4.0,-0.03669724770642202,Close entry(s) order TEST,BuySignal,
2019,LONG,2019-02-01,105.2,1.0,2019-02-04,105.0,1.0,-0.20000000000000284,0.0,0.0,-0.20000000000000284,-0.0019011406844107182,Close entry(s) order TEST,BuySignal,
2020,LONG,2019-02-05,102.7,1.0,2019-02-06,103.0,1.0,0.29999999999999716,0.0,0.04999999999999716,0.29999999999999716,0.0029211295034079487,Close entry(s) order TEST,BuySignal,
2021,LONG,2019-02-07,102.9,1.0,2019-02-08,102.0,1.0,-0.9000000000000057,0.0,0.0,-0.9000000000000057,-0.008746355685131268,Close entry(s) order TEST,BuySignal,
2022,LONG,2019-02-11,100.0,1.0,2019-02-12,95.1,1.0,-4.900000000000006,0.0,0.0,-4.900000000000006,-0.049000000000000044,Close entry(s) order TEST,BuySignal,
2023,LONG,2019-02-13,97.6,1.0,2019-02-14,98.2,1.0,0.6000000000000085,0.0,0.04999699999999052,0.6000000000000085,0.006147540983606703,Close entry(s) order TEST,BuySignal,
2024,LONG,2019-02-15,95.2,1.0,2019-02-18,92.5,1.0,-2.700000000000003,0.0,3.000000006636583e-06,-2.700000000000003,-0.028361344537815136,Close entry(s) order TEST,BuySignal,
2025,LONG,2019-02-19,90.8,1.0,2019-02-20,99.0,1.0,8.200000000000003,0.0,0.04999999999999716,8.200000000000003,0.09030837004405279,Close entry(s) order TEST,BuySignal,
2026,LONG,2019-02-21,101.5,1.0,2019-02-22,107.0,1.0,5.5,0.0,0.0,5.5,0.054187192118226646,Close entry(s) order TEST,BuySignal,
2027,LONG,2019-02-25,113.3,1.0,2019-02-26,108.0,1.0,-5.299999999999997,0.0,0.0,-5.299999999999997,-0.04677846425419241,Close entry(s) order TEST,BuySignal,
2028,LONG,2019-02-27,111.3,1.0,2019-02-28,107.0,1.0,-4.299999999999997,0.0,0.04999999999999716,-4.299999999999997,-0.038634321653189585,Close entry(s) order TEST,BuySignal,
2029,LONG,2019-03-01,109.3,1.0,2019-03-05,116.4,1.0,7.1000000000000085,0.0,0.04999999999999716,7.1000000000000085,0.06495882891125349,Close entry(s) order TEST,BuySignal,
2030,LONG,2019-03-06,121.9,1.0,2019-03-07,118.5,1.0,-3.4000000000000057,0.0,0.0,-3.4000000000000057,-0.02789171452009853,Close entry(s) order TEST,BuySignal,
2031,LONG,2019-03-08,120.2,1.0,2019-03-11,116.2,1.0,-4.0,0.0,0.0,-4.0,-0.03327787021630613,Close entry(s) order TEST,BuySignal,
2032,LONG,2019-03-12,127.0,1.0,2019-03-13,124.0,1.0,-3.0,0.0,0.0,-3.0,-0.023622047244094446,Close entry(s) order TEST,BuySignal,
2033,LONG,2019-03-14,119.5,1.0,2019-03-15,121.8,1.0,2.299999999999997,0.0,0.0,2.299999999999997,0.019246861924686165,Close entry(s) order TEST,BuySignal,
2034,LONG,2019-03-18,120.9,1.0,2019-03-19,117.0,1.0,-3.9000000000000057,0.0,0.0,-3.9000000000000057,-0.032258064516129115,Close entry(s) order TEST,BuySignal,
2035,LONG,2019-03-20,120.8,1.0,2019-03-22,118.3,1.0,-2.5,0.0,0.04999999999999716,-2.5,-0.020695364238410563,Close entry(s) order TEST,BuySignal,
2036,LONG,2019-03-25,117.0,1.0,2019-03-26,119.8,1.0,2.799999999999997,0.0,0.0,2.799999999999997,0.023931623931623847,Close entry(s) order TEST,BuySignal,
2037,LONG,2019-03-27,125.6,1.0,2019-03-28,134.6,1.0,9.0,0.0,0.0,9.0,0.07165605095541405,Close entry(s) order TEST,BuySignal,
2038,LONG,2019-03-29,132.9,1.0,2019-04-01,143.0,1.0,10.099999999999994,0.0,1.0000000003174137e-05,10.099999999999994,0.07599699021820916,Close entry(s) order TEST,BuySignal,
2039,LONG,2019-04-02,146.3,1.0,2019-04-03,143.6,1.0,-2.700000000000017,0.0,0.0,-2.700000000000017,-0.018455228981544836,Close entry(s) order TEST,BuySignal,
2040,LONG,2019-04-04,145.8,1.0,2019-04-05,148.2,1.0,2.3999999999999773,0.0,0.0,2.3999999999999773,0.016460905349794164,Close entry(s) order TEST,BuySignal,
2041,LONG,2019-04-08,146.6,1.0,2019-04-09,144.1,1.0,-2.5,0.0,0.049990000000008195,-2.5,-0.017053206002728527,Close entry(s) order TEST,BuySignal,
2042,LONG,2019-04-10,138.1,1.0,2019-04-11,144.1,1.0,6.0,0.0,0.04999999999998295,6.0,0.04344677769732086,Close entry(s) order TEST,BuySignal,
2043,LONG,2019-04-12,136.3,1.0,2019-04-15,137.1,1.0,0.799999999999983,0.0,0.0,0.799999999999983,0.005869405722670473,Close entry(s) order TEST,BuySignal,
2044,LONG,2019-04-16,140.9,1.0,2019-04-18,141.1,1.0,0.19999999999998863,0.0,1.0000000003174137e-05,0.19999999999998863,0.0014194464158976405,Close entry(s) order TEST,BuySignal,
2045,LONG,2019-04-22,135.8,1.0,2019-04-23,135.2,1.0,-0.6000000000000227,0.0,0.0,-0.6000000000000227,-0.0044182621502211195,Close entry(s) order TEST,BuySignal,
2046,LONG,2019-04-24,133.7,1.0,2019-04-25,137.9,1.0,4.200000000000017,0.0,0.0,4.200000000000017,0.03141361256544517,Close entry(s) order TEST,BuySignal,
2047,LONG,2019-04-26,133.3,1.0,2019-04-30,132.9,1.0,-0.4000000000000057,0.0,0.0,-0.4000000000000057,-0.0030007501875469744,Close entry(s) order TEST,BuySignal,
2048,LONG,2019-05-02,133.0,1.0,2019-05-03,132.0,1.0,-1.0,0.0,0.0,-1.0,-0.007518796992481258,Close entry(s) order TEST,BuySignal,
2049,LONG,2019-05-06,130.0,1.0,2019-05-07,133.9,1.0,3.9000000000000057,0.0,0.0,3.9000000000000057,0.030000000000000027,Close entry(s) order TEST,BuySignal,
2050,LONG,2019-05-08,129.7,1.0,2019-05-09,132.1,1.0,2.4000000000000057,0.0,0.0,2.4000000000000057,0.018504240555127227,Close entry(s) order TEST,BuySignal,
2051,LONG,2019-05-10,143.2,1.0,2019-05-13,144.0,1.0,0.8000000000000114,0.0,0.0,0.8000000000000114,0.005586592178770999,Close entry(s) order TEST,BuySignal,
2052,LONG,2019-05-14,139.8,1.0,2019-05-15,130.0,1.0,-9.800000000000011,0.0,0.0,-9.800000000000011,-0.07010014306151657,Close entry(s) order TEST,BuySignal,
2053,LONG,2019-05-16,133.2,1.0,2019-05-17,129.0,1.0,-4.199999999999989,0.0,0.0,-4.199999999999989,-0.03153153153153143,Close entry(s) order TEST,BuySignal,
2054,LONG,2019-05-20,134.3,1.0,2019-05-21,138.6,1.0,4.299999999999983,0.0,0.0,4.299999999999983,0.03201787043931481,Close entry(s) order TEST,BuySignal,
2055,LONG,2019-05-22,134.5,1.0,2019-05-23,138.0,1.0,3.5,0.0,0.0,3.5,0.026022304832713727,Close entry(s) order TEST,BuySignal,
2056,LONG,2019-05-24,137.6,1.0,2019-05-27,144.5,1.0,6.900000000000006,0.0,1.0000000003174137e-05,6.900000000000006,0.05014534883720945,Close entry(s) order TEST,BuySignal,
2057,LONG,2019-05-28,142.9,1.0,2019-05-29,149.5,1.0,6.599999999999994,0.0,0.04999999999998295,6.599999999999994,0.04618614415675304,Close entry(s) order TEST,BuySignal,
2058,LONG,2019-05-30,146.0,1.0,2019-05-31,142.2,1.0,-3.8000000000000114,0.0,0.0,-3.8000000000000114,-0.026027397260274032,Close entry(s) order TEST,BuySignal,
2059,LONG,2019-06-03,141.1,1.0,2019-06-04,144.6,1.0,3.5,0.0,0.049990000000008195,3.5,0.024805102763997056,Close entry(s) order TEST,BuySignal,
2060,LONG,2019-06-06,142.4,1.0,2019-06-07,138.4,1.0,-4.0,0.0,1.0000000003174137e-05,-4.0,-0.028089887640449396,Close entry(s) order TEST,BuySignal,
2061,LONG,2019-06-10,139.9,1.0,2019-06-11,140.4,1.0,0.5,0.0,1.0000000003174137e-05,0.5,0.0035739814152966343,Close entry(s) order TEST,BuySignal,
2062,LONG,2019-06-12,139.9,1.0,2019-06-13,139.5,1.0,-0.4000000000000057,0.0,0.049990000000008195,-0.4000000000000057,-0.002859185132237374,Close entry(s) order TEST,BuySignal,
2063,LONG,2019-06-14,142.5,1.0,2019-06-17,142.0,1.0,-0.5,0.0,0.0,-0.5,-0.0035087719298245723,Close entry(s) order TEST,BuySignal,
2064,LONG,2019-06-18,138.6,1.0,2019-06-19,139.4,1.0,0.8000000000000114,0.0,0.04999999999998295,0.8000000000000114,0.005772005772005873,Close entry(s) order TEST,BuySignal,
2065,LONG,2019-06-20,137.6,1.0,2019-06-21,138.4,1.0,0.8000000000000114,0.0,0.04999999999998295,0.8000000000000114,0.005813953488372103,Close entry(s) order TEST,BuySignal,
2066,LONG,2019-06-24,141.9,1.0,2019-06-25,135.1,1.0,-6.800000000000011,0.0,0.049990000000008195,-6.800000000000011,-0.047921071176885155,Close entry(s) order TEST,BuySignal,
2067,LONG,2019-06-26,138.5,1.0,2019-06-27,140.6,1.0,2.0999999999999943,0.0,0.0,2.0999999999999943,0.015162454873646203,Close entry(s) order TEST,BuySignal,
2068,LONG,2019-06-28,140.0,1.0,2019-07-01,140.2,1.0,0.19999999999998863,0.0,0.0,0.19999999999998863,0.0014285714285713347,Close entry(s) order TEST,BuySignal,
2069,LONG,2019-07-02,148.0,1.0,2019-07-03,145.0,1.0,-3.0,0.0,0.0,-3.0,-0.020270270270270285,Close entry(s) order TEST,BuySignal,
2070,LONG,2019-07-04,143.4,1.0,2019-07-05,147.4,1.0,4.0,0.0,1.0000000003174137e-05,4.0,0.02789400278940035,Close entry(s) order TEST,BuySignal,
2071,LONG,2019-07-08,140.0,1.0,2019-07-09,141.8,1.0,1.8000000000000114,0.0,0.0,1.8000000000000114,0.0128571428571429,Close entry(s) order TEST,BuySignal,
2072,LONG,2019-07-10,138.6,1.0,2019-07-11,138.0,1.0,-0.5999999999999943,0.0,0.049990000000008195,-0.5999999999999943,-0.0043290043290042934,Close entry(s) order TEST,BuySignal,
2073,LONG,2019-07-12,137.0,1.0,2019-07-15,138.4,1.0,1.4000000000000057,0.0,0.0,1.4000000000000057,0.010218978102189746,Close entry(s) order TEST,BuySignal,
2074,LONG,2019-07-16,136.4,1.0,2019-07-17,136.4,1.0,0.0,0.0,1.0000000003174137e-05,0.0,0.0,Close entry(s) order TEST,BuySignal,
2075,LONG,2019-07-18,135.9,1.0,2019-07-19,135.2,1.0,-0.700000000000017,0.0,1.0000000003174137e-05,-0.700000000000017,-0.005150846210449034,Close entry(s) order TEST,BuySignal,
2076,LONG,2019-07-22,129.8,1.0,2019-07-23,126.0,1.0,-3.8000000000000114,0.0,0.05000000000001137,-3.8000000000000114,-0.02927580893682602,Close entry(s) order TEST,BuySignal,
2077,LONG,2019-07-24,126.3,1.0,2019-07-25,122.8,1.0,-3.5,0.0,0.04999999999999716,-3.5,-0.027711797307996888,Close entry(s) order TEST,BuySignal,
2078,LONG,2019-07-26,122.4,1.0,2019-07-29,119.8,1.0,-2.6000000000000085,0.0,0.0,-2.6000000000000085,-0.021241830065359513,Close entry(s) order TEST,BuySignal,
2079,LONG,2019-07-30,112.0,1.0,2019-07-31,107.7,1.0,-4.299999999999997,0.0,0.0,-4.299999999999997,-0.03839285714285712,Close entry(s) order TEST,BuySignal,
2080,LONG,2019-08-01,112.0,1.0,2019-08-02,113.7,1.0,1.7000000000000028,0.0,0.0,1.7000000000000028,0.015178571428571486,Close entry(s) order TEST,BuySignal,
2081,LONG,2019-08-05,120.0,1.0,2019-08-06,114.7,1.0,-5.299999999999997,0.0,0.0,-5.299999999999997,-0.04416666666666669,Close entry(s) order TEST,BuySignal,
2082,LONG,2019-08-07,115.2,1.0,2019-08-08,118.0,1.0,2.799999999999997,0.0,0.04999999999999716,2.799999999999997,0.02430555555555558,Close entry(s) order TEST,BuySignal,
2083,LONG,2019-08-09,118.0,1.0,2019-08-13,116.8,1.0,-1.2000000000000028,0.0,0.04999999999999716,-1.2000000000000028,-0.01016949152542379,Close entry(s) order TEST,BuySignal,
2084,LONG,2019-08-14,114.9,1.0,2019-08-16,118.9,1.0,4.0,0.0,0.0,4.0,0.0348128807658834,Close entry(s) order TEST,BuySignal,
2085,LONG,2019-08-19,115.8,1.0,2019-08-20,116.0,1.0,0.20000000000000284,0.0,0.0,0.20000000000000284,0.0017271157167531026,Close entry(s) order TEST,BuySignal,
2086,LONG,2019-08-21,114.5,1.0,2019-08-22,112.5,1.0,-2.0,0.0,0.0,-2.0,-0.017467248908296984,Close entry(s) order TEST,BuySignal,
2087,LONG,2019-08-23,107.8,1.0,2019-08-26,114.7,1.0,6.900000000000006,0.0,0.04999999999999716,6.900000000000006,0.06400742115027835,Close entry(s) order TEST,BuySignal,
2088,LONG,2019-08-27,115.2,1.0,2019-08-28,115.7,1.0,0.5,0.0,0.0,0.5,0.004340277777777679,Close entry(s) order TEST,BuySignal,
2089,LONG,2019-08-29,117.2,1.0,2019-08-30,119.8,1.0,2.5999999999999943,0.0,0.0,2.5999999999999943,0.022184300341296925,Close entry(s) order TEST,BuySignal,
2090,LONG,2019-09-03,120.8,1.0,2019-09-04,119.7,1.0,-1.0999999999999943,0.0,0.0,-1.0999999999999943,-0.009105960264900625,Close entry(s) order TEST,BuySignal,
2091,LONG,2019-09-05,121.2,1.0,2019-09-06,125.5,1.0,4.299999999999997,0.0,0.04999999999999716,4.299999999999997,0.035478547854785436,Close entry(s) order TEST,BuySignal,
2092,LONG,2019-09-09,129.7,1.0,2019-09-11,127.3,1.0,-2.3999999999999915,0.0,0.0,-2.3999999999999915,-0.018504240555127116,Close entry(s) order TEST,BuySignal,
2093,LONG,2019-09-12,133.0,1.0,2019-09-13,135.0,1.0,2.0,0.0,0.0,2.0,0.015037593984962516,Close entry(s) order TEST,BuySignal,
2094,LONG,2019-09-16,129.9,1.0,2019-09-17,134.6,1.0,4.699999999999989,0.0,0.04999999999998295,4.699999999999989,0.03618167821401075,Close entry(s) order TEST,BuySignal,
2095,LONG,2019-09-18,130.0,1.0,2019-09-19,132.2,1.0,2.1999999999999886,0.0,0.0,2.1999999999999886,0.01692307692307682,Close entry(s) order TEST,BuySignal,
2096,LONG,2019-09-20,127.0,1.0,2019-09-23,134.9,1.0,7.900000000000006,0.0,0.0,7.900000000000006,0.0622047244094488,Close entry(s) order TEST,BuySignal,
2097,LONG,2019-09-24,137.8,1.0,2019-09-25,138.9,1.0,1.0999999999999943,0.0,0.0,1.0999999999999943,0.007982583454281489,Close entry(s) order TEST,BuySignal,
2098,LONG,2019-09-26,136.8,1.0,2019-09-27,138.9,1.0,2.0999999999999943,0.0,0.0,2.0999999999999943,0.015350877192982448,Close entry(s) order TEST,BuySignal,
2099,LONG,2019-09-30,139.2,1.0,2019-10-01,134.4,1.0,-4.799999999999983,0.0,0.05000000000001137,-4.799999999999983,-0.0344827586206895,Close entry(s) order TEST,BuySignal,
2100,LONG,2019-10-03,125.3,1.0,2019-10-04,125.8,1.0,0.5,0.0,0.0,0.5,0.003990422984836428,Close entry(s) order TEST,BuySignal,
2101,LONG,2019-10-07,125.0,1.0,2019-10-09,123.0,1.0,-2.0,0.0,0.0,-2.0,-0.016000000000000014,Close entry(s) order TEST,BuySignal,
2102,LONG,2019-10-10,125.7,1.0,2019-10-11,131.6,1.0,5.8999999999999915,0.0,0.0,5.8999999999999915,0.0469371519490851,Close entry(s) order TEST,BuySignal,
2103,LONG,2019-10-14,129.8,1.0,2019-10-15,129.1,1.0,-0.700000000000017,0.0,0.0,-0.700000000000017,-0.0053929121725733165,Close entry(s) order TEST,BuySignal,
2104,LONG,2019-10-16,133.0,1.0,2019-10-17,134.0,1.0,1.0,0.0,0.0,1.0,0.007518796992481258,Close entry(s) order TEST,BuySignal,
2105,LONG,2019-10-18,130.7,1.0,2019-10-22,130.2,1.0,-0.5,0.0,0.0,-0.5,-0.0038255547054323324,Close entry(s) order TEST,BuySignal,
2106,LONG,2019-10-23,140.0,1.0,2019-10-24,144.9,1.0,4.900000000000006,0.0,0.0,4.900000000000006,0.03500000000000014,Close entry(s) order TEST,BuySignal,
2107,LONG,2019-10-25,144.4,1.0,2019-10-29,146.8,1.0,2.4000000000000057,0.0,0.04999999999998295,2.4000000000000057,0.016620498614958512,Close entry(s) order TEST,BuySignal,
2108,LONG,2019-10-30,150.0,1.0,2019-10-31,148.9,1.0,-1.0999999999999943,0.0,0.0,-1.0999999999999943,-0.007333333333333303,Close entry(s) order TEST,BuySignal,
2109,LONG,2019-11-01,148.4,1.0,2019-11-04,147.4,1.0,-1.0,0.0,0.04999999999998295,-1.0,-0.006738544474393482,Close entry(s) order TEST,BuySignal,
2110,LONG,2019-11-05,141.8,1.0,2019-11-06,137.9,1.0,-3.9000000000000057,0.0,0.0,-3.9000000000000057,-0.027503526093088926,Close entry(s) order TEST,BuySignal,
2111,LONG,2019-11-07,142.0,1.0,2019-11-08,141.5,1.0,-0.5,0.0,0.0,-0.5,-0.0035211267605633756,Close entry(s) order TEST,BuySignal,
2112,LONG,2019-11-11,138.0,1.0,2019-11-13,140.4,1.0,2.4000000000000057,0.0,0.0,2.4000000000000057,0.01739130434782621,Close entry(s) order TEST,BuySignal,
2113,LONG,2019-11-14,139.6,1.0,2019-11-15,137.6,1.0,-2.0,0.0,0.049990000000008195,-2.0,-0.014326647564469885,Close entry(s) order TEST,BuySignal,
2114,LONG,2019-11-18,136.3,1.0,2019-11-19,135.4,1.0,-0.9000000000000057,0.0,0.0,-0.9000000000000057,-0.006603081438004477,Close entry(s) order TEST,BuySignal,
2115,LONG,2019-11-20,138.0,1.0,2019-11-21,137.2,1.0,-0.8000000000000114,0.0,0.0,-0.8000000000000114,-0.005797101449275477,Close entry(s) order TEST,BuySignal,
2116,LONG,2019-11-22,137.1,1.0,2019-11-25,136.3,1.0,-0.799999999999983,0.0,0.049990000000008195,-0.799999999999983,-0.005835156819839371,Close entry(s) order TEST,BuySignal,
2117,LONG,2019-11-26,136.9,1.0,2019-11-27,136.8,1.0,-0.09999999999999432,0.0,0.049990000000008195,-0.09999999999999432,-0.0007304601899196239,Close entry(s) order TEST,BuySignal,
2118,LONG,2019-11-28,134.2,1.0,2019-11-29,135.0,1.0,0.8000000000000114,0.0,0.05000000000001137,0.8000000000000114,0.005961251862891315,Close entry(s) order TEST,BuySignal,
2119,LONG,2019-12-02,138.5,1.0,2019-12-03,140.4,1.0,1.9000000000000057,0.0,0.0,1.9000000000000057,0.013718411552346543,Close entry(s) order TEST,BuySignal,
2120,LONG,2019-12-04,138.4,1.0,2019-12-05,137.8,1.0,-0.5999999999999943,0.0,1.0000000003174137e-05,-0.5999999999999943,-0.00433526011560692,Close entry(s) order TEST,BuySignal,
2121,LONG,2019-12-06,135.6,1.0,2019-12-09,135.3,1.0,-0.29999999999998295,0.0,0.049990000000008195,-0.29999999999998295,-0.0022123893805308104,Close entry(s) order TEST,BuySignal,
2122,LONG,2019-12-10,134.7,1.0,2019-12-11,133.1,1.0,-1.5999999999999943,0.0,0.0,-1.5999999999999943,-0.01187824795842607,Close entry(s) order TEST,BuySignal,
2123,LONG,2019-12-12,136.6,1.0,2019-12-13,136.8,1.0,0.20000000000001705,0.0,0.049990000000008195,0.20000000000001705,0.0014641288433383526,Close entry(s) order TEST,BuySignal,
2124,LONG,2019-12-16,139.5,1.0,2019-12-17,139.5,1.0,0.0,0.0,0.0,0.0,0.0,Close entry(s) order TEST,BuySignal,
2125,LONG,2019-12-18,137.3,1.0,2019-12-19,133.4,1.0,-3.9000000000000057,0.0,0.0,-3.9000000000000057,-0.028404952658412252,Close entry(s) order TEST,BuySignal,
2126,LONG,2019-12-20,133.4,1.0,2019-12-23,133.5,1.0,0.09999999999999432,0.0,0.04999999999998295,0.09999999999999432,0.0007496251874061777,Close entry(s) order TEST,BuySignal,
2127,LONG,2019-12-24,132.7,1.0,2019-12-26,132.3,1.0,-0.39999999999997726,0.0,0.0,-0.39999999999997726,-0.0030143180105499656,Close entry(s) order TEST,BuySignal,
2128,LONG,2019-12-27,132.4,1.0,2019-12-30,132.1,1.0,-0.30000000000001137,0.0,0.049990000000008195,-0.30000000000001137,-0.0022658610271903967,Close entry(s) order TEST,BuySignal,
2129,LONG,2019-12-31,143.4,1.0,2020-01-01,143.6,1.0,0.19999999999998863,0.0,0.04999999999998295,0.19999999999998863,0.001394700139469851,Close entry(s) order TEST,BuySignal,
2130,LONG,2020-01-02,147.9,1.0,2020-01-03,145.5,1.0,-2.4000000000000057,0.0,0.049990000000008195,-2.4000000000000057,-0.016227180527383367,Close entry(s) order TEST,BuySignal,
2131,LONG,2020-01-06,149.7,1.0,2020-01-07,146.0,1.0,-3.6999999999999886,0.0,0.0,-3.6999999999999886,-0.024716098864395408,Close entry(s) order TEST,BuySignal,
2132,LONG,2020-01-08,147.1,1.0,2020-01-09,152.9,1.0,5.800000000000011,0.0,1.0000000003174137e-05,5.800000000000011,0.03942895989123052,Close entry(s) order TEST,BuySignal,
2133,LONG,2020-01-10,160.5,1.0,2020-01-13,168.4,1.0,7.900000000000006,0.0,0.0,7.900000000000006,0.049221183800623125,Close entry(s) order TEST,BuySignal,
2134,LONG,2020-01-14,172.1,1.0,2020-01-15,171.1,1.0,-1.0,0.0,0.04999999999998295,-1.0,-0.005810575246949501,Close entry(s) order TEST,BuySignal,
2135,LONG,2020-01-16,176.9,1.0,2020-01-17,182.8,1.0,5.900000000000006,0.0,1.0000000003174137e-05,5.900000000000006,0.0333521763708311,Close entry(s) order TEST,BuySignal,
2136,LONG,2020-01-20,181.0,1.0,2020-01-21,170.7,1.0,-10.300000000000011,0.0,0.0,-10.300000000000011,-0.05690607734806641,Close entry(s) order TEST,BuySignal,
2137,LONG,2020-01-22,169.6,1.0,2020-01-23,167.1,1.0,-2.5,0.0,0.049990000000008195,-2.5,-0.01474056603773588,Close entry(s) order TEST,BuySignal,
2138,LONG,2020-01-24,170.4,1.0,2020-01-27,170.5,1.0,0.09999999999999432,0.0,0.04999999999998295,0.09999999999999432,0.0005868544600937664,Close entry(s) order TEST,BuySignal,
2139,LONG,2020-01-28,179.9,1.0,2020-01-29,176.9,1.0,-3.0,0.0,1.0000000003174137e-05,-3.0,-0.016675931072818284,Close entry(s) order TEST,BuySignal,
2140,LONG,2020-01-30,178.4,1.0,2020-01-31,171.0,1.0,-7.400000000000006,0.0,0.04999999999998295,-7.400000000000006,-0.041479820627802755,Close entry(s) order TEST,BuySignal,
2141,LONG,2020-02-01,170.0,1.0,2020-02-03,164.2,1.0,-5.800000000000011,0.0,0.0,-5.800000000000011,-0.034117647058823586,Close entry(s) order TEST,BuySignal,
2142,LONG,2020-02-04,178.6,1.0,2020-02-05,189.5,1.0,10.900000000000006,0.0,1.0000000003174137e-05,10.900000000000006,0.06103023516237416,Close entry(s) order TEST,BuySignal,
2143,LONG,2020-02-06,192.0,1.0,2020-02-07,199.4,1.0,7.400000000000006,0.0,0.0,7.400000000000006,0.038541666666666696,Close entry(s) order TEST,BuySignal,
2144,LONG,2020-02-10,222.9,1.0,2020-02-11,221.5,1.0,-1.4000000000000057,0.0,0.049990000000008195,-1.4000000000000057,-0.006280843427545979,Close entry(s) order TEST,BuySignal,
2145,LONG,2020-02-12,213.8,1.0,2020-02-13,213.4,1.0,-0.4000000000000057,0.0,0.0,-0.4000000000000057,-0.00187090739008422,Close entry(s) order TEST,BuySignal,
2146,LONG,2020-02-14,209.4,1.0,2020-02-17,208.6,1.0,-0.8000000000000114,0.0,0.049990000000008195,-0.8000000000000114,-0.00382043935052534,Close entry(s) order TEST,BuySignal,
2147,LONG,2020-02-18,202.9,1.0,2020-02-19,209.3,1.0,6.400000000000006,0.0,0.049990000000008195,6.400000000000006,0.03154263183834405,Close entry(s) order TEST,BuySignal,
2148,LONG,2020-02-20,209.5,1.0,2020-02-24,202.0,1.0,-7.5,0.0,0.0,-7.5,-0.03579952267303099,Close entry(s) order TEST,BuySignal,
2149,LONG,2020-02-25,204.1,1.0,2020-02-26,190.2,1.0,-13.900000000000006,0.0,0.04999999999998295,-13.900000000000006,-0.06810387065164136,Close entry(s) order TEST,BuySignal,
2150,LONG,2020-02-27,195.7,1.0,2020-02-28,194.0,1.0,-1.6999999999999886,0.0,0.0,-1.6999999999999886,-0.008686765457332601,Close entry(s) order TEST,BuySignal,
2151,LONG,2020-03-02,190.2,1.0,2020-03-03,172.0,1.0,-18.19999999999999,0.0,0.0,-18.19999999999999,-0.09568874868559407,Close entry(s) order TEST,BuySignal,
2152,LONG,2020-03-04,173.9,1.0,2020-03-05,169.7,1.0,-4.200000000000017,0.0,1.0000000003174137e-05,-4.200000000000017,-0.024151811385853983,Close entry(s) order TEST,BuySignal,
2153,LONG,2020-03-06,156.9,1.0,2020-03-09,146.5,1.0,-10.400000000000006,0.0,1.0000000003174137e-05,-10.400000000000006,-0.06628425748884648,Close entry(s) order TEST,BuySignal,
2154,LONG,2020-03-11,120.3,1.0,2020-03-12,109.0,1.0,-11.299999999999997,0.0,0.0,-11.299999999999997,-0.09393183707398167,Close entry(s) order TEST,BuySignal,
2155,LONG,2020-03-13,96.7,1.0,2020-03-16,90.2,1.0,-6.5,0.0,0.04999800000000221,-6.5,-0.06721820062047568,Close entry(s) order TEST,BuySignal,
2156,LONG,2020-03-17,88.8,1.0,2020-03-18,86.4,1.0,-2.3999999999999915,0.0,3.000000006636583e-06,-2.3999999999999915,-0.027027027027026973,Close entry(s) order TEST,BuySignal,
2157,LONG,2020-03-19,74.9,1.0,2020-03-20,74.5,1.0,-0.4000000000000057,0.0,0.04999699999999052,-0.4000000000000057,-0.005340453938584844,Close entry(s) order TEST,BuySignal,
2158,LONG,2020-03-23,68.4,1.0,2020-03-24,65.0,1.0,-3.4000000000000057,0.0,1.9999999949504854e-06,-3.4000000000000057,-0.04970760233918137,Close entry(s) order TEST,BuySignal,
2159,LONG,2020-03-25,61.8,1.0,2020-03-26,64.0,1.0,2.200000000000003,0.0,0.04999999999999716,2.200000000000003,0.035598705501618255,Close entry(s) order TEST,BuySignal,
2160,LONG,2020-03-27,69.0,1.0,2020-03-30,62.0,1.0,-7.0,0.0,0.0,-7.0,-0.10144927536231885,Close entry(s) order TEST,BuySignal,
2161,LONG,2020-03-31,63.3,1.0,2020-04-01,63.0,1.0,-0.29999999999999716,0.0,9.999999974752427e-07,-0.29999999999999716,-0.004739336492890933,Close entry(s) order TEST,BuySignal,
2162,LONG,2020-04-03,63.9,1.0,2020-04-07,67.5,1.0,3.6000000000000014,0.0,2.0000000020559128e-06,3.6000000000000014,0.05633802816901401,Close entry(s) order TEST,BuySignal,
2163,LONG,2020-04-08,65.2,1.0,2020-04-09,66.5,1.0,1.2999999999999972,0.0,0.04999800000000221,1.2999999999999972,0.019938650306748462,Close entry(s) order TEST,BuySignal,
2164,LONG,2020-04-13,70.9,1.0,2020-04-15,70.4,1.0,-0.5,0.0,1.9999999949504854e-06,-0.5,-0.007052186177715081,Close entry(s) order TEST,BuySignal,
2165,LONG,2020-04-16,67.7,1.0,2020-04-17,69.4,1.0,1.7000000000000028,0.0,0.04999800000000221,1.7000000000000028,0.025110782865583436,Close entry(s) order TEST,BuySignal,
2166,LONG,2020-04-20,69.0,1.0,2020-04-21,68.9,1.0,-0.09999999999999432,0.0,0.0,-0.09999999999999432,-0.0014492753623187582,Close entry(s) order TEST,BuySignal,
2167,LONG,2020-04-22,64.2,1.0,2020-04-23,66.4,1.0,2.200000000000003,0.0,3.000000006636583e-06,2.200000000000003,0.034267912772585785,Close entry(s) order TEST,BuySignal,
2168,LONG,2020-04-24,68.2,1.0,2020-04-27,65.4,1.0,-2.799999999999997,0.0,0.04999999999999716,-2.799999999999997,-0.04105571847507328,Close entry(s) order TEST,BuySignal,
2169,LONG,2020-04-28,66.7,1.0,2020-04-29,65.5,1.0,-1.2000000000000028,0.0,3.000000006636583e-06,-1.2000000000000028,-0.01799100449775115,Close entry(s) order TEST,BuySignal,
2170,LONG,2020-04-30,66.5,1.0,2020-05-04,63.5,1.0,-3.0,0.0,0.0,-3.0,-0.045112781954887216,Close entry(s) order TEST,BuySignal,
2171,LONG,2020-05-05,61.1,1.0,2020-05-06,62.2,1.0,1.1000000000000014,0.0,2.0000000020559128e-06,1.1000000000000014,0.018003273322422242,Close entry(s) order TEST,BuySignal,
2172,LONG,2020-05-07,59.8,1.0,2020-05-08,61.4,1.0,1.6000000000000014,0.0,0.04999800000000221,1.6000000000000014,0.026755852842809347,Close entry(s) order TEST,BuySignal,
2173,LONG,2020-05-11,63.5,1.0,2020-05-12,60.7,1.0,-2.799999999999997,0.0,0.0,-2.799999999999997,-0.04409448818897632,Close entry(s) order TEST,BuySignal,
2174,LONG,2020-05-13,63.8,1.0,2020-05-14,61.0,1.0,-2.799999999999997,0.0,0.04999999999999716,-2.799999999999997,-0.043887147335423204,Close entry(s) order TEST,BuySignal,
2175,LONG,2020-05-15,61.8,1.0,2020-05-18,60.3,1.0,-1.5,0.0,0.04999800000000221,-1.5,-0.024271844660194164,Close entry(s) order TEST,BuySignal,
2176,LONG,2020-05-19,57.5,1.0,2020-05-20,56.5,1.0,-1.0,0.0,0.04999899999999968,-1.0,-0.017391304347826098,Close entry(s) order TEST,BuySignal,
2177,LONG,2020-05-21,57.0,1.0,2020-05-22,57.0,1.0,0.0,0.0,0.04999899999999968,0.0,0.0,Close entry(s) order TEST,BuySignal,
2178,LONG,2020-05-26,56.5,1.0,2020-05-27,55.4,1.0,-1.1000000000000014,0.0,0.0,-1.1000000000000014,-0.019469026548672552,Close entry(s) order TEST,BuySignal,
2179,LONG,2020-05-28,56.0,1.0,2020-05-29,58.5,1.0,2.5,0.0,0.0,2.5,0.044642857142857206,Close entry(s) order TEST,BuySignal,
2180,LONG,2020-06-01,62.9,1.0,2020-06-02,66.0,1.0,3.1000000000000014,0.0,2.0000000020559128e-06,3.1000000000000014,0.049284578696343395,Close entry(s) order TEST,BuySignal,
2181,LONG,2020-06-03,69.3,1.0,2020-06-04,71.7,1.0,2.4000000000000057,0.0,3.000000006636583e-06,2.4000000000000057,0.03463203463203479,Close entry(s) order TEST,BuySignal,
2182,LONG,2020-06-05,71.9,1.0,2020-06-08,78.3,1.0,6.3999999999999915,0.0,1.9999999949504854e-06,6.3999999999999915,0.08901251738525717,Close entry(s) order TEST,BuySignal,
2183,LONG,2020-06-09,82.2,1.0,2020-06-10,84.0,1.0,1.7999999999999972,0.0,0.04999999999999716,1.7999999999999972,0.021897810218977964,Close entry(s) order TEST,BuySignal,
2184,LONG,2020-06-11,78.5,1.0,2020-06-12,71.6,1.0,-6.900000000000006,0.0,0.0,-6.900000000000006,-0.08789808917197461,Close entry(s) order TEST,BuySignal,
2185,LONG,2020-06-15,75.6,1.0,2020-06-16,80.8,1.0,5.200000000000003,0.0,0.04999699999999052,5.200000000000003,0.06878306878306883,Close entry(s) order TEST,BuySignal,
2186,LONG,2020-06-17,84.3,1.0,2020-06-18,84.3,1.0,0.0,0.0,0.04999800000000221,0.0,0.0,Close entry(s) order TEST,BuySignal,
2187,LONG,2020-06-19,83.0,1.0,2020-06-22,81.9,1.0,-1.0999999999999943,0.0,0.0,-1.0999999999999943,-0.013253012048192736,Close entry(s) order TEST,BuySignal,
2188,LONG,2020-06-23,81.3,1.0,2020-06-24,89.4,1.0,8.100000000000009,0.0,0.04999800000000221,8.100000000000009,0.0996309963099633,Close entry(s) order TEST,BuySignal,
2189,LONG,2020-06-25,82.8,1.0,2020-06-26,85.4,1.0,2.6000000000000085,0.0,3.000000006636583e-06,2.6000000000000085,0.03140096618357502,Close entry(s) order TEST,BuySignal,
2190,LONG,2020-06-29,83.9,1.0,2020-06-30,81.3,1.0,-2.6000000000000085,0.0,0.04999699999999052,-2.6000000000000085,-0.030989272943981017,Close entry(s) order TEST,BuySignal,
2191,LONG,2020-07-01,80.1,1.0,2020-07-02,81.0,1.0,0.9000000000000057,0.0,0.04999699999999052,0.9000000000000057,0.011235955056179803,Close entry(s) order TEST,BuySignal,
2192,LONG,2020-07-03,81.3,1.0,2020-07-06,80.2,1.0,-1.0999999999999943,0.0,0.04999800000000221,-1.0999999999999943,-0.013530135301352941,Close entry(s) order TEST,BuySignal,
2193,LONG,2020-07-07,83.7,1.0,2020-07-08,82.6,1.0,-1.1000000000000085,0.0,3.000000006636583e-06,-1.1000000000000085,-0.0131421744324971,Close entry(s) order TEST,BuySignal,
2194,LONG,2020-07-09,86.0,1.0,2020-07-10,88.4,1.0,2.4000000000000057,0.0,0.0,2.4000000000000057,0.027906976744186185,Close entry(s) order TEST,BuySignal,
2195,LONG,2020-07-13,87.8,1.0,2020-07-14,85.0,1.0,-2.799999999999997,0.0,3.000000006636583e-06,-2.799999999999997,-0.03189066059225509,Close entry(s) order TEST,BuySignal,
2196,LONG,2020-07-15,82.9,1.0,2020-07-16,80.1,1.0,-2.8000000000000114,0.0,0.04999699999999052,-2.8000000000000114,-0.033775633293124385,Close entry(s) order TEST,BuySignal,
2197,LONG,2020-07-17,82.9,1.0,2020-07-20,82.8,1.0,-0.10000000000000853,0.0,1.9999999949504854e-06,-0.10000000000000853,-0.0012062726176116367,Close entry(s) order TEST,BuySignal,
2198,LONG,2020-07-21,82.8,1.0,2020-07-22,82.6,1.0,-0.20000000000000284,0.0,3.000000006636583e-06,-0.20000000000000284,-0.0024154589371980784,Close entry(s) order TEST,BuySignal,
2199,LONG,2020-07-23,81.9,1.0,2020-07-24,81.5,1.0,-0.4000000000000057,0.0,1.9999999949504854e-06,-0.4000000000000057,-0.004884004884004978,Close entry(s) order TEST,BuySignal,
2200,LONG,2020-07-27,81.1,1.0,2020-07-28,80.3,1.0,-0.7999999999999972,0.0,1.9999999949504854e-06,-0.7999999999999972,-0.009864364981504337,Close entry(s) order TEST,BuySignal,
2201,LONG,2020-07-29,84.7,1.0,2020-07-30,83.2,1.0,-1.5,0.0,3.000000006636583e-06,-1.5,-0.017709563164108655,Close entry(s) order TEST,BuySignal,
2202,LONG,2020-07-31,84.2,1.0,2020-08-03,87.9,1.0,3.700000000000003,0.0,0.04999800000000221,3.700000000000003,0.0439429928741093,Close entry(s) order TEST,BuySignal,
2203,LONG,2020-08-04,96.8,1.0,2020-08-05,101.5,1.0,4.700000000000003,0.0,0.04999999999999716,4.700000000000003,0.04855371900826455,Close entry(s) order TEST,BuySignal,
2204,LONG,2020-08-06,99.7,1.0,2020-08-07,101.8,1.0,2.0999999999999943,0.0,0.04999800000000221,2.0999999999999943,0.02106318956870612,Close entry(s) order TEST,BuySignal,
2205,LONG,2020-08-10,103.7,1.0,2020-08-11,103.7,1.0,0.0,0.0,0.04999999999999716,0.0,0.0,Close entry(s) order TEST,BuySignal,
2206,LONG,2020-08-12,109.9,1.0,2020-08-13,113.5,1.0,3.5999999999999943,0.0,0.0,3.5999999999999943,0.032757051865332176,Close entry(s) order TEST,BuySignal,
2207,LONG,2020-08-14,112.0,1.0,2020-08-17,108.0,1.0,-4.0,0.0,0.0,-4.0,-0.0357142857142857,Close entry(s) order TEST,BuySignal,
2208,LONG,2020-08-18,110.4,1.0,2020-08-19,115.8,1.0,5.3999999999999915,0.0,0.0,5.3999999999999915,0.048913043478260754,Close entry(s) order TEST,BuySignal,
2209,LONG,2020-08-20,114.0,1.0,2020-08-21,117.8,1.0,3.799999999999997,0.0,0.0,3.799999999999997,0.033333333333333215,Close entry(s) order TEST,BuySignal,
2210,LONG,2020-08-24,116.2,1.0,2020-08-25,118.8,1.0,2.5999999999999943,0.0,0.0,2.5999999999999943,0.022375215146299476,Close entry(s) order TEST,BuySignal,
2211,LONG,2020-08-26,115.5,1.0,2020-08-27,115.8,1.0,0.29999999999999716,0.0,0.0,0.29999999999999716,0.0025974025974024872,Close entry(s) order TEST,BuySignal,
2212,LONG,2020-08-28,116.0,1.0,2020-08-31,114.0,1.0,-2.0,0.0,0.04999999999999716,-2.0,-0.017241379310344862,Close entry(s) order TEST,BuySignal,
2213,LONG,2020-09-01,104.0,1.0,2020-09-02,108.1,1.0,4.099999999999994,0.0,0.04999999999999716,4.099999999999994,0.03942307692307678,Close entry(s) order TEST,BuySignal,
2214,LONG,2020-09-03,109.5,1.0,2020-09-04,105.5,1.0,-4.0,0.0,0.04999999999999716,-4.0,-0.0365296803652968,Close entry(s) order TEST,BuySignal,
2215,LONG,2020-09-07,106.8,1.0,2020-09-08,106.0,1.0,-0.7999999999999972,0.0,0.04999999999999716,-0.7999999999999972,-0.0074906367041198685,Close entry(s) order TEST,BuySignal,
2216,LONG,2020-09-09,98.6,1.0,2020-09-10,96.9,1.0,-1.6999999999999886,0.0,0.04999699999999052,-1.6999999999999886,-0.01724137931034475,Close entry(s) order TEST,BuySignal,
2217,LONG,2020-09-11,99.4,1.0,2020-09-14,100.1,1.0,0.6999999999999886,0.0,0.04999699999999052,0.6999999999999886,0.007042253521126751,Close entry(s) order TEST,BuySignal,
2218,LONG,2020-09-15,108.0,1.0,2020-09-16,109.0,1.0,1.0,0.0,0.04999999999999716,1.0,0.0092592592592593,Close entry(s) order TEST,BuySignal,
2219,LONG,2020-09-17,109.6,1.0,2020-09-18,112.8,1.0,3.200000000000003,0.0,0.0,3.200000000000003,0.029197080291970767,Close entry(s) order TEST,BuySignal,
2220,LONG,2020-09-21,115.4,1.0,2020-09-22,107.2,1.0,-8.200000000000003,0.0,0.0,-8.200000000000003,-0.07105719237435015,Close entry(s) order TEST,BuySignal,
2221,LONG,2020-09-23,105.0,1.0,2020-09-24,97.7,1.0,-7.299999999999997,0.0,0.0,-7.299999999999997,-0.06952380952380954,Close entry(s) order TEST,BuySignal,
2222,LONG,2020-09-25,100.0,1.0,2020-09-28,105.0,1.0,5.0,0.0,0.04999999999999716,5.0,0.050000000000000044,Close entry(s) order TEST,BuySignal,
2223,LONG,2020-09-29,110.0,1.0,2020-09-30,113.7,1.0,3.700000000000003,0.0,0.0,3.700000000000003,0.033636363636363686,Close entry(s) order TEST,BuySignal,
2224,LONG,2020-10-01,115.0,1.0,2020-10-05,113.0,1.0,-2.0,0.0,0.0,-2.0,-0.017391304347826098,Close entry(s) order TEST,BuySignal,
2225,LONG,2020-10-06,119.0,1.0,2020-10-07,119.7,1.0,0.7000000000000028,0.0,0.04999999999999716,0.7000000000000028,0.00588235294117645,Close entry(s) order TEST,BuySignal,
2226,LONG,2020-10-08,118.0,1.0,2020-10-09,114.7,1.0,-3.299999999999997,0.0,0.0,-3.299999999999997,-0.027966101694915202,Close entry(s) order TEST,BuySignal,
2227,LONG,2020-10-12,115.0,1.0,2020-10-13,106.9,1.0,-8.099999999999994,0.0,0.0,-8.099999999999994,-0.07043478260869562,Close entry(s) order TEST,BuySignal,
2228,LONG,2020-10-14,107.0,1.0,2020-10-15,113.0,1.0,6.0,0.0,0.0,6.0,0.05607476635514019,Close entry(s) order TEST,BuySignal,
2229,LONG,2020-10-16,109.0,1.0,2020-10-19,115.8,1.0,6.799999999999997,0.0,0.0,6.799999999999997,0.062385321100917324,Close entry(s) order TEST,BuySignal,
2230,LONG,2020-10-20,114.8,1.0,2020-10-21,113.9,1.0,-0.8999999999999915,0.0,0.04999999999999716,-0.8999999999999915,-0.00783972125435528,Close entry(s) order TEST,BuySignal,
2231,LONG,2020-10-22,109.1,1.0,2020-10-23,117.5,1.0,8.400000000000006,0.0,0.0,8.400000000000006,0.07699358386801114,Close entry(s) order TEST,BuySignal,
2232,LONG,2020-10-26,118.2,1.0,2020-10-27,114.0,1.0,-4.200000000000003,0.0,0.04999999999999716,-4.200000000000003,-0.035532994923857864,Close entry(s) order TEST,BuySignal,
2233,LONG,2020-10-28,114.8,1.0,2020-10-29,112.5,1.0,-2.299999999999997,0.0,0.04999999999999716,-2.299999999999997,-0.020034843205574915,Close entry(s) order TEST,BuySignal,
2234,LONG,2020-10-30,114.2,1.0,2020-11-02,108.0,1.0,-6.200000000000003,0.0,0.0,-6.200000000000003,-0.05429071803852892,Close entry(s) order TEST,BuySignal,
2235,LONG,2020-11-03,102.7,1.0,2020-11-04,102.0,1.0,-0.7000000000000028,0.0,0.0,-0.7000000000000028,-0.006815968841285325,Close entry(s) order TEST,BuySignal,
2236,LONG,2020-11-05,102.4,1.0,2020-11-06,101.8,1.0,-0.6000000000000085,0.0,0.0,-0.6000000000000085,-0.005859375000000111,Close entry(s) order TEST,BuySignal,
2237,LONG,2020-11-09,101.5,1.0,2020-11-10,104.5,1.0,3.0,0.0,0.0,3.0,0.029556650246305383,Close entry(s) order TEST,BuySignal,
2238,LONG,2020-11-11,102.5,1.0,2020-11-12,101.9,1.0,-0.5999999999999943,0.0,0.04999999999999716,-0.5999999999999943,-0.00585365853658526,Close entry(s) order TEST,BuySignal,
2239,LONG,2020-11-13,102.0,1.0,2020-11-14,102.0,1.0,0.0,0.0,0.0,0.0,0.0,Close entry(s) order TEST,BuySignal,
2240,LONG,2020-11-17,102.2,1.0,2020-11-18,107.0,1.0,4.799999999999997,0.0,0.0,4.799999999999997,0.046966731898238745,Close entry(s) order TEST,BuySignal,
2241,LONG,2020-11-19,109.0,1.0,2020-11-20,108.8,1.0,-0.20000000000000284,0.0,0.0,-0.20000000000000284,-0.0018348623853211565,Close entry(s) order TEST,BuySignal,
2242,LONG,2020-11-23,113.8,1.0,2020-11-24,112.0,1.0,-1.7999999999999972,0.0,0.0,-1.7999999999999972,-0.01581722319859402,Close entry(s) order TEST,BuySignal,
2243,LONG,2020-11-25,112.2,1.0,2020-11-26,116.0,1.0,3.799999999999997,0.0,0.04999999999999716,3.799999999999997,0.033868092691622165,Close entry(s) order TEST,BuySignal,
2244,LONG,2020-11-27,116.0,1.0,2020-12-01,118.2,1.0,2.200000000000003,0.0,0.0,2.200000000000003,0.018965517241379404,Close entry(s) order TEST,BuySignal,
2245,LONG,2020-12-02,126.6,1.0,2020-12-03,127.3,1.0,0.7000000000000028,0.0,0.0,0.7000000000000028,0.005529225908372792,Close entry(s) order TEST,BuySignal,
2246,LONG,2020-12-04,129.1,1.0,2020-12-07,126.7,1.0,-2.3999999999999915,0.0,1.0000000003174137e-05,-2.3999999999999915,-0.018590240123934842,Close entry(s) order TEST,BuySignal,
2247,LONG,2020-12-08,130.0,1.0,2020-12-09,126.3,1.0,-3.700000000000003,0.0,0.0,-3.700000000000003,-0.028461538461538538,Close entry(s) order TEST,BuySignal,
2248,LONG,2020-12-10,125.6,1.0,2020-12-11,132.9,1.0,7.300000000000011,0.0,0.0,7.300000000000011,0.05812101910828038,Close entry(s) order TEST,BuySignal,
2249,LONG,2020-12-14,134.8,1.0,2020-12-15,130.0,1.0,-4.800000000000011,0.0,0.05000000000001137,-4.800000000000011,-0.035608308605341366,Close entry(s) order TEST,BuySignal,
2250,LONG,2020-12-16,140.0,1.0,2020-12-17,137.6,1.0,-2.4000000000000057,0.0,0.0,-2.4000000000000057,-0.017142857142857237,Close entry(s) order TEST,BuySignal,
2251,LONG,2020-12-18,135.8,1.0,2020-12-21,131.5,1.0,-4.300000000000011,0.0,0.05000000000001137,-4.300000000000011,-0.03166421207658332,Close entry(s) order TEST,BuySignal,
2252,LONG,2020-12-22,119.0,1.0,2020-12-23,126.4,1.0,7.400000000000006,0.0,0.0,7.400000000000006,0.06218487394957983,Close entry(s) order TEST,BuySignal,
2253,LONG,2020-12-24,127.5,1.0,2020-12-28,130.0,1.0,2.5,0.0,0.0,2.5,0.019607843137254832,Close entry(s) order TEST,BuySignal,
2254,LONG,2020-12-29,134.9,1.0,2020-12-30,131.2,1.0,-3.700000000000017,0.0,1.0000000003174137e-05,-3.700000000000017,-0.02742772424017803,Close entry(s) order TEST,BuySignal,
2255,LONG,2020-12-31,136.4,1.0,2021-01-01,132.5,1.0,-3.9000000000000057,0.0,0.04999999999998295,-3.9000000000000057,-0.028592375366569,Close entry(s) order TEST,BuySignal,
2256,LONG,2021-01-04,132.6,1.0,2021-01-05,132.3,1.0,-0.29999999999998295,0.0,1.0000000003174137e-05,-0.29999999999998295,-0.002262443438913908,Close entry(s) order TEST,BuySignal,
2257,LONG,2021-01-06,134.0,1.0,2021-01-07,133.2,1.0,-0.8000000000000114,0.0,0.0,-0.8000000000000114,-0.005970149253731405,Close entry(s) order TEST,BuySignal,
2258,LONG,2021-01-08,143.4,1.0,2021-01-11,143.8,1.0,0.4000000000000057,0.0,0.04999999999998295,0.4000000000000057,0.002789400278940146,Close entry(s) order TEST,BuySignal,
2259,LONG,2021-01-12,139.5,1.0,2021-01-13,140.0,1.0,0.5,0.0,0.0,0.5,0.0035842293906809264,Close entry(s) order TEST,BuySignal,
2260,LONG,2021-01-14,141.0,1.0,2021-01-15,137.3,1.0,-3.6999999999999886,0.0,0.0,-3.6999999999999886,-0.02624113475177292,Close entry(s) order TEST,BuySignal,
2261,LONG,2021-01-18,135.0,1.0,2021-01-19,129.7,1.0,-5.300000000000011,0.0,0.0,-5.300000000000011,-0.03925925925925933,Close entry(s) order TEST,BuySignal,
2262,LONG,2021-01-20,133.7,1.0,2021-01-21,134.5,1.0,0.8000000000000114,0.0,0.0,0.8000000000000114,0.005983545250560995,Close entry(s) order TEST,BuySignal,
2263,LONG,2021-01-22,133.8,1.0,2021-01-25,129.9,1.0,-3.9000000000000057,0.0,0.0,-3.9000000000000057,-0.029147982062780353,Close entry(s) order TEST,BuySignal,
2264,LONG,2021-01-27,124.0,1.0,2021-01-28,126.2,1.0,2.200000000000003,0.0,0.0,2.200000000000003,0.01774193548387104,Close entry(s) order TEST,BuySignal,
2265,LONG,2021-01-29,124.4,1.0,2021-02-01,120.1,1.0,-4.300000000000011,0.0,0.0,-4.300000000000011,-0.03456591639871387,Close entry(s) order TEST,BuySignal,
2266,LONG,2021-02-02,125.0,1.0,2021-02-03,124.5,1.0,-0.5,0.0,0.0,-0.5,-0.0040000000000000036,Close entry(s) order TEST,BuySignal,
2267,LONG,2021-02-04,126.5,1.0,2021-02-05,129.0,1.0,2.5,0.0,0.0,2.5,0.01976284584980248,Close entry(s) order TEST,BuySignal,
2268,LONG,2021-02-08,127.2,1.0,2021-02-09,126.5,1.0,-0.7000000000000028,0.0,0.04999999999999716,-0.7000000000000028,-0.005503144654088077,Close entry(s) order TEST,BuySignal,
2269,LONG,2021-02-10,123.0,1.0,2021-02-11,123.0,1.0,0.0,0.0,0.04999999999999716,0.0,0.0,Close entry(s) order TEST,BuySignal,
2270,LONG,2021-02-12,125.0,1.0,2021-02-15,123.0,1.0,-2.0,0.0,0.0,-2.0,-0.016000000000000014,Close entry(s) order TEST,BuySignal,
2271,LONG,2021-02-16,124.9,1.0,2021-02-17,126.0,1.0,1.0999999999999943,0.0,0.0,1.0999999999999943,0.008807045636509248,Close entry(s) order TEST,BuySignal,
2272,LONG,2021-02-18,125.4,1.0,2021-02-19,126.7,1.0,1.2999999999999972,0.0,0.0,1.2999999999999972,0.010366826156299913,Close entry(s) order TEST,BuySignal,
2273,LONG,2021-02-22,125.8,1.0,2021-02-23,123.1,1.0,-2.700000000000003,0.0,0.0,-2.700000000000003,-0.021462639109697923,Close entry(s) order TEST,BuySignal,
2274,LONG,2021-02-24,122.5,1.0,2021-02-25,126.4,1.0,3.9000000000000057,0.0,0.04999999999999716,3.9000000000000057,0.03183673469387749,Close entry(s) order TEST,BuySignal,
2275,LONG,2021-02-26,129.0,1.0,2021-03-01,131.6,1.0,2.5999999999999943,0.0,0.0,2.5999999999999943,0.020155038759689825,Close entry(s) order TEST,BuySignal,
2276,LONG,2021-03-02,133.1,1.0,2021-03-03,134.4,1.0,1.3000000000000114,0.0,0.04999999999998295,1.3000000000000114,0.00976709241172058,Close entry(s) order TEST,BuySignal,
2277,LONG,2021-03-04,131.0,1.0,2021-03-05,138.0,1.0,7.0,0.0,0.0,7.0,0.05343511450381677,Close entry(s) order TEST,BuySignal,
2278,LONG,2021-03-08,134.2,1.0,2021-03-09,137.6,1.0,3.4000000000000057,0.0,0.0,3.4000000000000057,0.0253353204172877,Close entry(s) order TEST,BuySignal,
2279,LONG,2021-03-10,133.8,1.0,2021-03-12,137.5,1.0,3.6999999999999886,0.0,0.0,3.6999999999999886,0.027653213751868355,Close entry(s) order TEST,BuySignal,
2280,LONG,2021-03-15,133.1,1.0,2021-03-16,131.4,1.0,-1.6999999999999886,0.0,0.049990000000008195,-1.6999999999999886,-0.012772351615326749,Close entry(s) order TEST,BuySignal,
2281,LONG,2021-03-17,130.6,1.0,2021-03-18,129.5,1.0,-1.0999999999999943,0.0,0.049990000000008195,-1.0999999999999943,-0.008422664624808562,Close entry(s) order TEST,BuySignal,
2282,LONG,2021-03-19,134.0,1.0,2021-03-22,134.9,1.0,0.9000000000000057,0.0,0.0,0.9000000000000057,0.006716417910447747,Close entry(s) order TEST,BuySignal,
2283,LONG,2021-03-23,136.0,1.0,2021-03-24,134.1,1.0,-1.9000000000000057,0.0,0.0,-1.9000000000000057,-0.013970588235294179,Close entry(s) order TEST,BuySignal,
2284,LONG,2021-03-25,131.7,1.0,2021-03-26,134.9,1.0,3.200000000000017,0.0,0.0,3.200000000000017,0.024297646165527764,Close entry(s) order TEST,BuySignal,
2285,LONG,2021-03-30,135.6,1.0,2021-03-31,134.5,1.0,-1.0999999999999943,0.0,0.04999999999998295,-1.0999999999999943,-0.008112094395280156,Close entry(s) order TEST,BuySignal,
2286,LONG,2021-04-01,140.7,1.0,2021-04-05,148.5,1.0,7.800000000000011,0.0,0.0,7.800000000000011,0.05543710021321968,Close entry(s) order TEST,BuySignal,
2287,LONG,2021-04-06,139.0,1.0,2021-04-07,142.3,1.0,3.3000000000000114,0.0,0.0,3.3000000000000114,0.023741007194244768,Close entry(s) order TEST,BuySignal,
2288,LONG,2021-04-08,150.9,1.0,2021-04-09,154.0,1.0,3.0999999999999943,0.0,0.04999999999998295,3.0999999999999943,0.02054340622929085,Close entry(s) order TEST,BuySignal,
2289,LONG,2021-04-12,155.0,1.0,2021-04-13,150.1,1.0,-4.900000000000006,0.0,0.0,-4.900000000000006,-0.031612903225806455,Close entry(s) order TEST,BuySignal,
2290,LONG,2021-04-15,148.6,1.0,2021-04-16,145.9,1.0,-2.6999999999999886,0.0,0.04999999999998295,-2.6999999999999886,-0.018169582772543658,Close entry(s) order TEST,BuySignal,
2291,LONG,2021-04-19,139.6,1.0,2021-04-20,139.0,1.0,-0.5999999999999943,0.0,0.04999999999998295,-0.5999999999999943,-0.004297994269340966,Close entry(s) order TEST,BuySignal,
2292,LONG,2021-04-22,136.9,1.0,2021-04-23,136.3,1.0,-0.5999999999999943,0.0,0.04999999999998295,-0.5999999999999943,-0.0043827611395178545,Close entry(s) order TEST,BuySignal,
2293,LONG,2021-04-26,140.0,1.0,2021-04-27,145.8,1.0,5.800000000000011,0.0,0.0,5.800000000000011,0.04142857142857159,Close entry(s) order TEST,BuySignal,
2294,LONG,2021-04-28,154.0,1.0,2021-04-29,149.5,1.0,-4.5,0.0,0.0,-4.5,-0.02922077922077926,Close entry(s) order TEST,BuySignal,
2295,LONG,2021-04-30,144.6,1.0,2021-05-03,143.4,1.0,-1.1999999999999886,0.0,0.04999999999998295,-1.1999999999999886,-0.008298755186721962,Close entry(s) order TEST,BuySignal,
2296,LONG,2021-05-04,146.9,1.0,2021-05-05,140.4,1.0,-6.5,0.0,1.0000000003174137e-05,-6.5,-0.04424778761061943,Close entry(s) order TEST,BuySignal,
2297,LONG,2021-05-06,141.9,1.0,2021-05-07,145.0,1.0,3.0999999999999943,0.0,1.0000000003174137e-05,3.0999999999999943,0.021846370683579863,Close entry(s) order TEST,BuySignal,
2298,LONG,2021-05-10,146.9,1.0,2021-05-11,146.7,1.0,-0.20000000000001705,0.0,1.0000000003174137e-05,-0.20000000000001705,-0.001361470388019148,Close entry(s) order TEST,BuySignal,
2299,LONG,2021-05-12,145.2,1.0,2021-05-14,145.7,1.0,0.5,0.0,0.05000000000001137,0.5,0.003443526170798794,Close entry(s) order TEST,BuySignal,
2300,LONG,2021-05-17,144.0,1.0,2021-05-18,143.0,1.0,-1.0,0.0,0.0,-1.0,-0.00694444444444442,Close entry(s) order TEST,BuySignal,
2301,LONG,2021-05-19,142.0,1.0,2021-05-20,144.8,1.0,2.8000000000000114,0.0,0.0,2.8000000000000114,0.019718309859154903,Close entry(s) order TEST,BuySignal,
2302,LONG,2021-05-21,142.6,1.0,2021-05-24,149.0,1.0,6.400000000000006,0.0,0.04999999999998295,6.400000000000006,0.04488078541374474,Close entry(s) order TEST,BuySignal,
2303,LONG,2021-05-25,150.0,1.0,2021-05-26,144.2,1.0,-5.800000000000011,0.0,0.0,-5.800000000000011,-0.03866666666666674,Close entry(s) order TEST,BuySignal,
2304,LONG,2021-05-27,144.8,1.0,2021-05-28,149.9,1.0,5.099999999999994,0.0,0.0,5.099999999999994,0.035220994475138045,Close entry(s) order TEST,BuySignal,
2305,LONG,2021-05-31,150.2,1.0,2021-06-01,153.0,1.0,2.8000000000000114,0.0,0.0,2.8000000000000114,0.018641810918775148,Close entry(s) order TEST,BuySignal,
2306,LONG,2021-06-02,145.9,1.0,2021-06-03,150.6,1.0,4.699999999999989,0.0,1.0000000003174137e-05,4.699999999999989,0.032213845099382965,Close entry(s) order TEST,BuySignal,
2307,LONG,2021-06-04,150.3,1.0,2021-06-07,153.7,1.0,3.3999999999999773,0.0,0.0,3.3999999999999773,0.02262142381902854,Close entry(s) order TEST,BuySignal,
2308,LONG,2021-06-08,156.1,1.0,2021-06-09,165.0,1.0,8.900000000000006,0.0,0.04999999999998295,8.900000000000006,0.05701473414477909,Close entry(s) order TEST,BuySignal,
2309,LONG,2021-06-10,158.2,1.0,2021-06-11,156.4,1.0,-1.799999999999983,0.0,0.05000000000001137,-1.799999999999983,-0.011378002528444897,Close entry(s) order TEST,BuySignal,
2310,LONG,2021-06-14,153.5,1.0,2021-06-15,150.4,1.0,-3.0999999999999943,0.0,0.0,-3.0999999999999943,-0.020195439739413623,Close entry(s) order TEST,BuySignal,
2311,LONG,2021-06-16,155.0,1.0,2021-06-17,150.9,1.0,-4.099999999999994,0.0,0.0,-4.099999999999994,-0.02645161290322573,Close entry(s) order TEST,BuySignal,
2312,LONG,2021-06-18,147.1,1.0,2021-06-21,141.9,1.0,-5.199999999999989,0.0,1.0000000003174137e-05,-5.199999999999989,-0.035350101971447945,Close entry(s) order TEST,BuySignal,
2313,LONG,2021-06-22,146.0,1.0,2021-06-23,151.6,1.0,5.599999999999994,0.0,0.0,5.599999999999994,0.03835616438356171,Close entry(s) order TEST,BuySignal,
2314,LONG,2021-06-24,149.4,1.0,2021-06-25,148.5,1.0,-0.9000000000000057,0.0,0.049990000000008195,-0.9000000000000057,-0.006024096385542244,Close entry(s) order TEST,BuySignal,
2315,LONG,2021-06-28,147.2,1.0,2021-06-29,145.0,1.0,-2.1999999999999886,0.0,0.05000000000001137,-2.1999999999999886,-0.014945652173912971,Close entry(s) order TEST,BuySignal,
2316,LONG,2021-06-30,145.9,1.0,2021-07-01,143.5,1.0,-2.4000000000000057,0.0,0.049990000000008195,-2.4000000000000057,-0.016449623029472282,Close entry(s) order TEST,BuySignal,
2317,LONG,2021-07-02,143.9,1.0,2021-07-05,141.0,1.0,-2.9000000000000057,0.0,1.0000000003174137e-05,-2.9000000000000057,-0.020152883947185618,Close entry(s) order TEST,BuySignal,
2318,LONG,2021-07-06,140.0,1.0,2021-07-07,139.8,1.0,-0.19999999999998863,0.0,0.0,-0.19999999999998863,-0.0014285714285713347,Close entry(s) order TEST,BuySignal,
2319,LONG,2021-07-08,137.5,1.0,2021-07-09,138.9,1.0,1.4000000000000057,0.0,0.0,1.4000000000000057,0.010181818181818292,Close entry(s) order TEST,BuySignal,
2320,LONG,2021-07-12,141.0,1.0,2021-07-13,149.9,1.0,8.900000000000006,0.0,0.0,8.900000000000006,0.06312056737588656,Close entry(s) order TEST,BuySignal,
2321,LONG,2021-07-14,157.5,1.0,2021-07-15,158.6,1.0,1.0999999999999943,0.0,0.0,1.0999999999999943,0.0069841269841268705,Close entry(s) order TEST,BuySignal,
2322,LONG,2021-07-16,154.0,1.0,2021-07-19,150.8,1.0,-3.1999999999999886,0.0,0.0,-3.1999999999999886,-0.020779220779220675,Close entry(s) order TEST,BuySignal,
2323,LONG,2021-07-20,147.0,1.0,2021-07-22,144.1,1.0,-2.9000000000000057,0.0,0.0,-2.9000000000000057,-0.019727891156462674,Close entry(s) order TEST,BuySignal,
2324,LONG,2021-07-23,145.2,1.0,2021-07-26,147.0,1.0,1.8000000000000114,0.0,0.0,1.8000000000000114,0.012396694214876103,Close entry(s) order TEST,BuySignal,
2325,LONG,2021-07-27,146.3,1.0,2021-07-28,150.4,1.0,4.099999999999994,0.0,0.0,4.099999999999994,0.028024606971975397,Close entry(s) order TEST,BuySignal,
2326,LONG,2021-07-29,149.5,1.0,2021-07-30,143.0,1.0,-6.5,0.0,0.0,-6.5,-0.04347826086956519,Close entry(s) order TEST,BuySignal,
2327,LONG,2021-08-02,140.0,1.0,2021-08-03,138.1,1.0,-1.9000000000000057,0.0,0.0,-1.9000000000000057,-0.013571428571428568,Close entry(s) order TEST,BuySignal,
2328,LONG,2021-08-04,140.4,1.0,2021-08-05,137.7,1.0,-2.700000000000017,0.0,1.0000000003174137e-05,-2.700000000000017,-0.019230769230769384,Close entry(s) order TEST,BuySignal,
2329,LONG,2021-08-06,133.7,1.0,2021-08-09,132.8,1.0,-0.8999999999999773,0.0,0.0,-0.8999999999999773,-0.00673148840688087,Close entry(s) order TEST,BuySignal,
2330,LONG,2021-08-10,129.8,1.0,2021-08-11,124.8,1.0,-5.000000000000014,0.0,0.05000000000001137,-5.000000000000014,-0.03852080123266577,Close entry(s) order TEST,BuySignal,
2331,LONG,2021-08-12,127.5,1.0,2021-08-13,130.1,1.0,2.5999999999999943,0.0,0.04999999999999716,2.5999999999999943,0.02039215686274498,Close entry(s) order TEST,BuySignal,
2332,LONG,2021-08-16,125.3,1.0,2021-08-17,124.9,1.0,-0.3999999999999915,0.0,0.04999999999999716,-0.3999999999999915,-0.0031923383878690315,Close entry(s) order TEST,BuySignal,
2333,LONG,2021-08-18,119.0,1.0,2021-08-20,114.0,1.0,-5.0,0.0,0.0,-5.0,-0.04201680672268904,Close entry(s) order TEST,BuySignal,
2334,LONG,2021-08-23,112.2,1.0,2021-08-24,110.8,1.0,-1.4000000000000057,0.0,0.04999999999999716,-1.4000000000000057,-0.012477718360071388,Close entry(s) order TEST,BuySignal,
2335,LONG,2021-08-25,116.0,1.0,2021-08-26,120.4,1.0,4.400000000000006,0.0,0.0,4.400000000000006,0.037931034482758585,Close entry(s) order TEST,BuySignal,
2336,LONG,2021-08-27,117.4,1.0,2021-08-30,119.2,1.0,1.7999999999999972,0.0,0.0,1.7999999999999972,0.015332197614991383,Close entry(s) order TEST,BuySignal,
2337,LONG,2021-08-31,119.9,1.0,2021-09-01,118.2,1.0,-1.7000000000000028,0.0,0.0,-1.7000000000000028,-0.014178482068390341,Close entry(s) order TEST,BuySignal,
2338,LONG,2021-09-02,116.3,1.0,2021-09-03,118.1,1.0,1.7999999999999972,0.0,0.0,1.7999999999999972,0.015477214101461634,Close entry(s) order TEST,BuySignal,
2339,LONG,2021-09-06,118.5,1.0,2021-09-07,118.2,1.0,-0.29999999999999716,0.0,0.0,-0.29999999999999716,-0.0025316455696202667,Close entry(s) order TEST,BuySignal,
2340,LONG,2021-09-08,118.2,1.0,2021-09-09,118.7,1.0,0.5,0.0,0.04999999999999716,0.5,0.004230118443316444,Close entry(s) order TEST,BuySignal,
2341,LONG,2021-09-13,125.5,1.0,2021-09-14,123.5,1.0,-2.0,0.0,0.0,-2.0,-0.015936254980079667,Close entry(s) order TEST,BuySignal,
2342,LONG,2021-09-15,124.8,1.0,2021-09-16,124.9,1.0,0.10000000000000853,0.0,0.0,0.10000000000000853,0.0008012820512821595,Close entry(s) order TEST,BuySignal,
2343,LONG,2021-09-17,124.8,1.0,2021-09-20,122.0,1.0,-2.799999999999997,0.0,0.04999999999999716,-2.799999999999997,-0.022435897435897467,Close entry(s) order TEST,BuySignal,
2344,LONG,2021-09-21,125.0,1.0,2021-09-22,126.9,1.0,1.9000000000000057,0.0,0.0,1.9000000000000057,0.015200000000000102,Close entry(s) order TEST,BuySignal,
2345,LONG,2021-09-23,126.0,1.0,2021-09-24,128.0,1.0,2.0,0.0,0.0,2.0,0.015873015873015817,Close entry(s) order TEST,BuySignal,
2346,LONG,2021-09-27,129.0,1.0,2021-09-28,126.2,1.0,-2.799999999999997,0.0,0.0,-2.799999999999997,-0.02170542635658912,Close entry(s) order TEST,BuySignal,
2347,LONG,2021-09-29,126.7,1.0,2021-09-30,129.0,1.0,2.299999999999997,0.0,0.04999999999999716,2.299999999999997,0.01815311760063132,Close entry(s) order TEST,BuySignal,
2348,LONG,2021-10-01,144.0,1.0,2021-10-04,144.3,1.0,0.30000000000001137,0.0,0.0,0.30000000000001137,0.002083333333333437,Close entry(s) order TEST,BuySignal,
2349,LONG,2021-10-05,142.0,1.0,2021-10-06,149.0,1.0,7.0,0.0,0.0,7.0,0.04929577464788726,Close entry(s) order TEST,BuySignal,
2350,LONG,2021-10-07,146.1,1.0,2021-10-08,146.1,1.0,0.0,0.0,0.049990000000008195,0.0,0.0,Close entry(s) order TEST,BuySignal,
2351,LONG,2021-10-11,146.9,1.0,2021-10-12,147.9,1.0,1.0,0.0,0.04999999999998295,1.0,0.006807351940095296,Close entry(s) order TEST,BuySignal,
2352,LONG,2021-10-13,144.8,1.0,2021-10-14,148.4,1.0,3.5999999999999943,0.0,0.0,3.5999999999999943,0.024861878453038555,Close entry(s) order TEST,BuySignal,
2353,LONG,2021-10-18,149.5,1.0,2021-10-19,149.9,1.0,0.4000000000000057,0.0,0.0,0.4000000000000057,0.0026755852842810235,Close entry(s) order TEST,BuySignal,
2354,LONG,2021-10-20,140.0,1.0,2021-10-21,136.2,1.0,-3.8000000000000114,0.0,0.0,-3.8000000000000114,-0.027142857142857246,Close entry(s) order TEST,BuySignal,
2355,LONG,2021-10-22,128.0,1.0,2021-10-25,138.2,1.0,10.199999999999989,0.0,0.0,10.199999999999989,0.07968749999999991,Close entry(s) order TEST,BuySignal,
2356,LONG,2021-10-26,133.4,1.0,2021-10-27,133.4,1.0,0.0,0.0,0.049990000000008195,0.0,0.0,Close entry(s) order TEST,BuySignal,
2357,LONG,2021-10-28,130.9,1.0,2021-10-29,123.1,1.0,-7.800000000000011,0.0,0.049990000000008195,-7.800000000000011,-0.059587471352177346,Close entry(s) order TEST,BuySignal,
2358,LONG,2021-11-01,135.0,1.0,2021-11-02,132.2,1.0,-2.8000000000000114,0.0,0.0,-2.8000000000000114,-0.020740740740740837,Close entry(s) order TEST,BuySignal,
2359,LONG,2021-11-03,129.3,1.0,2021-11-04,129.5,1.0,0.19999999999998863,0.0,0.0,0.19999999999998863,0.0015467904098993568,Close entry(s) order TEST,BuySignal,
2360,LONG,2021-11-08,132.4,1.0,2021-11-09,128.8,1.0,-3.5999999999999943,0.0,0.049990000000008195,-3.5999999999999943,-0.027190332326283984,Close entry(s) order TEST,BuySignal,
2361,LONG,2021-11-10,132.1,1.0,2021-11-11,133.9,1.0,1.8000000000000114,0.0,1.0000000003174137e-05,1.8000000000000114,0.013626040878122803,Close entry(s) order TEST,BuySignal,
2362,LONG,2021-11-12,141.7,1.0,2021-11-15,146.5,1.0,4.800000000000011,0.0,0.0,4.800000000000011,0.03387438249823571,Close entry(s) order TEST,BuySignal,
2363,LONG,2021-11-16,141.3,1.0,2021-11-17,143.7,1.0,2.3999999999999773,0.0,0.0,2.3999999999999773,0.01698513800424606,Close entry(s) order TEST,BuySignal,
2364,LONG,2021-11-18,160.3,1.0,2021-11-22,154.5,1.0,-5.800000000000011,0.0,0.0,-5.800000000000011,-0.03618215845290085,Close entry(s) order TEST,BuySignal,
2365,LONG,2021-11-23,146.1,1.0,2021-11-24,150.1,1.0,4.0,0.0,0.04999999999998295,4.0,0.027378507871321123,Close entry(s) order TEST,BuySignal,
2366,LONG,2021-11-25,155.0,1.0,2021-11-26,163.1,1.0,8.099999999999994,0.0,0.0,8.099999999999994,0.05225806451612902,Close entry(s) order TEST,BuySignal,
2367,LONG,2021-11-29,171.4,1.0,2021-11-30,171.6,1.0,0.19999999999998863,0.0,1.0000000003174137e-05,0.19999999999998863,0.001166861143523823,Close entry(s) order TEST,BuySignal,
2368,LONG,2021-12-01,166.0,1.0,2021-12-02,166.2,1.0,0.19999999999998863,0.0,0.0,0.19999999999998863,0.00120481927710836,Close entry(s) order TEST,BuySignal,
2369,LONG,2021-12-03,171.5,1.0,2021-12-06,165.0,1.0,-6.5,0.0,0.0,-6.5,-0.03790087463556846,Close entry(s) order TEST,BuySignal,
2370,LONG,2021-12-07,166.0,1.0,2021-12-08,164.9,1.0,-1.0999999999999943,0.0,0.0,-1.0999999999999943,-0.0066265060240963125,Close entry(s) order TEST,BuySignal,
2371,LONG,2021-12-09,177.6,1.0,2021-12-10,176.8,1.0,-0.799999999999983,0.0,1.0000000003174137e-05,-0.799999999999983,-0.0045045045045044585,Close entry(s) order TEST,BuySignal,
2372,LONG,2021-12-13,185.0,1.0,2021-12-14,186.0,1.0,1.0,0.0,0.0,1.0,0.00540540540540535,Close entry(s) order TEST,BuySignal,
2373,LONG,2021-12-15,189.7,1.0,2021-12-16,181.6,1.0,-8.099999999999994,0.0,0.0,-8.099999999999994,-0.04269899841855562,Close entry(s) order TEST,BuySignal,
2374,LONG,2021-12-17,171.8,1.0,2021-12-20,164.8,1.0,-7.0,0.0,0.0,-7.0,-0.04074505238649595,Close entry(s) order TEST,BuySignal,
2375,LONG,2021-12-21,155.9,1.0,2021-12-22,162.1,1.0,6.199999999999989,0.0,1.0000000003174137e-05,6.199999999999989,0.039769082745349404,Close entry(s) order TEST,BuySignal,
2376,LONG,2021-12-23,169.0,1.0,2021-12-24,175.9,1.0,6.900000000000006,0.0,0.0,6.900000000000006,0.040828402366863914,Close entry(s) order TEST,BuySignal,
2377,LONG,2021-12-27,169.4,1.0,2021-12-28,176.4,1.0,7.0,0.0,0.04999999999998295,7.0,0.04132231404958686,Close entry(s) order TEST,BuySignal,
2378,LONG,2021-12-29,178.4,1.0,2021-12-30,179.9,1.0,1.5,0.0,1.0000000003174137e-05,1.5,0.008408071748879031,Close entry(s) order TEST,BuySignal,
2379,LONG,2021-12-31,176.0,1.0,2022-01-03,177.0,1.0,1.0,0.0,0.0,1.0,0.005681818181818121,Close entry(s) order TEST,BuySignal,
2380,LONG,2022-01-04,178.5,1.0,2022-01-05,185.0,1.0,6.5,0.0,0.0,6.5,0.036414565826330625,Close entry(s) order TEST,BuySignal,
2381,LONG,2022-01-06,178.5,1.0,2022-01-07,180.0,1.0,1.5,0.0,0.0,1.5,0.008403361344537785,Close entry(s) order TEST,BuySignal,
2382,LONG,2022-01-10,179.9,1.0,2022-01-11,180.6,1.0,0.6999999999999886,0.0,0.049990000000008195,0.6999999999999886,0.0038910505836575737,Close entry(s) order TEST,BuySignal,
2383,LONG,2022-01-12,180.1,1.0,2022-01-13,184.6,1.0,4.5,0.0,1.0000000003174137e-05,4.5,0.024986118822876158,Close entry(s) order TEST,BuySignal,
2384,LONG,2022-01-14,185.5,1.0,2022-01-17,191.9,1.0,6.400000000000006,0.0,0.0,6.400000000000006,0.0345013477088949,Close entry(s) order TEST,BuySignal,
2385,LONG,2022-01-18,196.5,1.0,2022-01-19,185.0,1.0,-11.5,0.0,0.0,-11.5,-0.058524173027989845,Close entry(s) order TEST,BuySignal,
2386,LONG,2022-01-20,182.6,1.0,2022-01-21,184.8,1.0,2.200000000000017,0.0,0.04999999999998295,2.200000000000017,0.012048192771084487,Close entry(s) order TEST,BuySignal,
2387,LONG,2022-01-24,179.3,1.0,2022-01-25,170.8,1.0,-8.5,0.0,0.0,-8.5,-0.047406581148912386,Close entry(s) order TEST,BuySignal,
2388,LONG,2022-01-27,175.9,1.0,2022-01-28,179.6,1.0,3.6999999999999886,0.0,1.0000000003174137e-05,3.6999999999999886,0.021034678794769723,Close entry(s) order TEST,BuySignal,
2389,LONG,2022-01-31,183.9,1.0,2022-02-01,187.0,1.0,3.0999999999999943,0.0,1.0000000003174137e-05,3.0999999999999943,0.016856987493202746,Close entry(s) order TEST,BuySignal,
2390,LONG,2022-02-02,189.2,1.0,2022-02-03,187.1,1.0,-2.0999999999999943,0.0,0.0,-2.0999999999999943,-0.0110993657505285,Close entry(s) order TEST,BuySignal,
2391,LONG,2022-02-04,190.0,1.0,2022-02-07,191.0,1.0,1.0,0.0,0.0,1.0,0.0052631578947368585,Close entry(s) order TEST,BuySignal,
2392,LONG,2022-02-08,181.8,1.0,2022-02-09,179.9,1.0,-1.9000000000000057,0.0,0.0,-1.9000000000000057,-0.010451045104510448,Close entry(s) order TEST,BuySignal,
2393,LONG,2022-02-10,182.0,1.0,2022-02-11,176.0,1.0,-6.0,0.0,0.0,-6.0,-0.03296703296703296,Close entry(s) order TEST,BuySignal,
2394,LONG,2022-02-14,169.0,1.0,2022-02-15,158.7,1.0,-10.300000000000011,0.0,0.0,-10.300000000000011,-0.0609467455621302,Close entry(s) order TEST,BuySignal,
2395,LONG,2022-02-16,162.0,1.0,2022-02-17,164.9,1.0,2.9000000000000057,0.0,0.0,2.9000000000000057,0.01790123456790127,Close entry(s) order TEST,BuySignal,
2396,LONG,2022-02-18,153.6,1.0,2022-02-21,151.1,1.0,-2.5,0.0,0.049990000000008195,-2.5,-0.01627604166666663,Close entry(s) order TEST,BuySignal,
2397,LONG,2022-02-22,142.5,1.0,2022-02-23,147.0,1.0,4.5,0.0,0.0,4.5,0.03157894736842115,Close entry(s) order TEST,BuySignal,
2398,LONG,2022-02-24,142.0,1.0,2022-02-25,142.5,1.0,0.5,0.0,0.0,0.5,0.0035211267605634866,Close entry(s) order TEST,BuySignal,
2399,LONG,2022-02-28,141.9,1.0,2022-03-02,142.2,1.0,0.29999999999998295,0.0,1.0000000003174137e-05,0.29999999999998295,0.002114164904862381,Close entry(s) order TEST,BuySignal,
2400,LONG,2022-03-03,149.0,1.0,2022-03-04,147.7,1.0,-1.3000000000000114,0.0,0.0,-1.3000000000000114,-0.008724832214765166,Close entry(s) order TEST,BuySignal,
2401,LONG,2022-03-07,140.2,1.0,2022-03-08,139.9,1.0,-0.29999999999998295,0.0,0.0,-0.29999999999998295,-0.002139800285306581,Close entry(s) order TEST,BuySignal,
2402,LONG,2022-03-09,141.9,1.0,2022-03-10,151.0,1.0,9.099999999999994,0.0,0.04999999999998295,9.099999999999994,0.06412966878083148,Close entry(s) order TEST,BuySignal,
2403,LONG,2022-03-11,148.8,1.0,2022-03-14,149.9,1.0,1.0999999999999943,0.0,0.05000000000001137,1.0999999999999943,0.007392473118279508,Close entry(s) order TEST,BuySignal,
2404,LONG,2022-03-15,147.1,1.0,2022-03-16,144.9,1.0,-2.1999999999999886,0.0,1.0000000003174137e-05,-2.1999999999999886,-0.014955812372535626,Close entry(s) order TEST,BuySignal,
2405,LONG,2022-03-17,144.9,1.0,2022-03-21,145.8,1.0,0.9000000000000057,0.0,0.04999999999998295,0.9000000000000057,0.006211180124223725,Close entry(s) order TEST,BuySignal,
2406,LONG,2022-03-22,151.4,1.0,2022-03-23,145.9,1.0,-5.5,0.0,1.0000000003174137e-05,-5.5,-0.03632760898282694,Close entry(s) order TEST,BuySignal,
2407,LONG,2022-03-24,147.5,1.0,2022-03-25,155.4,1.0,7.900000000000006,0.0,0.0,7.900000000000006,0.05355932203389835,Close entry(s) order TEST,BuySignal,
2408,LONG,2022-03-28,153.6,1.0,2022-03-29,153.0,1.0,-0.5999999999999943,0.0,1.0000000003174137e-05,-0.5999999999999943,-0.00390625,Close entry(s) order TEST,BuySignal,
2409,LONG,2022-03-30,166.1,1.0,2022-03-31,162.4,1.0,-3.6999999999999886,0.0,0.04999999999998295,-3.6999999999999886,-0.02227573750752554,Close entry(s) order TEST,BuySignal,
2410,LONG,2022-04-01,168.4,1.0,2022-04-04,182.4,1.0,14.0,0.0,0.049990000000008195,14.0,0.08313539192399055,Close entry(s) order TEST,BuySignal,
2411,LONG,2022-04-05,186.0,1.0,2022-04-06,185.9,1.0,-0.09999999999999432,0.0,0.0,-0.09999999999999432,-0.0005376344086021057,Close entry(s) order TEST,BuySignal,
2412,LONG,2022-04-07,198.9,1.0,2022-04-08,202.8,1.0,3.9000000000000057,0.0,0.04999999999998295,3.9000000000000057,0.019607843137254832,Close entry(s) order TEST,BuySignal,
2413,LONG,2022-04-11,194.6,1.0,2022-04-12,193.7,1.0,-0.9000000000000057,0.0,0.04999999999998295,-0.9000000000000057,-0.004624871531346386,Close entry(s) order TEST,BuySignal,
2414,LONG,2022-04-13,199.6,1.0,2022-04-18,213.0,1.0,13.400000000000006,0.0,1.0000000003174137e-05,13.400000000000006,0.06713426853707416,Close entry(s) order TEST,BuySignal,
2415,LONG,2022-04-19,213.0,1.0,2022-04-20,203.6,1.0,-9.400000000000006,0.0,0.0,-9.400000000000006,-0.04413145539906105,Close entry(s) order TEST,BuySignal,
2416,LONG,2022-04-21,204.9,1.0,2022-04-22,218.5,1.0,13.599999999999994,0.0,1.0000000003174137e-05,13.599999999999994,0.06637384089799903,Close entry(s) order TEST,BuySignal,
2417,LONG,2022-04-25,208.2,1.0,2022-04-26,211.9,1.0,3.700000000000017,0.0,0.0,3.700000000000017,0.01777137367915471,Close entry(s) order TEST,BuySignal,
2418,LONG,2022-04-27,210.0,1.0,2022-04-28,207.5,1.0,-2.5,0.0,0.0,-2.5,-0.011904761904761862,Close entry(s) order TEST,BuySignal,
2419,LONG,2022-04-29,209.7,1.0,2022-05-02,202.1,1.0,-7.599999999999994,0.0,0.0,-7.599999999999994,-0.03624225083452548,Close entry(s) order TEST,BuySignal,
2420,LONG,2022-05-04,201.4,1.0,2022-05-05,203.2,1.0,1.799999999999983,0.0,1.0000000003174137e-05,1.799999999999983,0.00893743793445867,Close entry(s) order TEST,BuySignal,
2421,LONG,2022-05-06,193.8,1.0,2022-05-09,197.7,1.0,3.8999999999999773,0.0,0.0,3.8999999999999773,0.020123839009287714,Close entry(s) order TEST,BuySignal,
2422,LONG,2022-05-10,188.9,1.0,2022-05-11,170.0,1.0,-18.900000000000006,0.0,0.04999999999998295,-18.900000000000006,-0.10005293806246696,Close entry(s) order TEST,BuySignal,
2423,LONG,2022-05-12,166.6,1.0,2022-05-13,172.0,1.0,5.400000000000006,0.0,0.049990000000008195,5.400000000000006,0.032412965186074505,Close entry(s) order TEST,BuySignal,
2424,LONG,2022-05-16,183.9,1.0,2022-05-17,187.0,1.0,3.0999999999999943,0.0,1.0000000003174137e-05,3.0999999999999943,0.016856987493202746,Close entry(s) order TEST,BuySignal,
2425,LONG,2022-05-18,192.1,1.0,2022-05-19,197.0,1.0,4.900000000000006,0.0,0.04999999999998295,4.900000000000006,0.025507548152004178,Close entry(s) order TEST,BuySignal,
2426,LONG,2022-05-20,211.0,1.0,2022-05-23,246.9,1.0,35.900000000000006,0.0,0.0,35.900000000000006,0.17014218009478665,Close entry(s) order TEST,BuySignal,
2427,LONG,2022-05-24,224.7,1.0,2022-05-25,215.0,1.0,-9.699999999999989,0.0,0.0,-9.699999999999989,-0.04316866933689356,Close entry(s) order TEST,BuySignal,
2428,LONG,2022-05-26,197.9,1.0,2022-05-27,206.0,1.0,8.099999999999994,0.0,0.04999999999998295,8.099999999999994,0.0409297625063163,Close entry(s) order TEST,BuySignal,
2429,LONG,2022-05-30,208.9,1.0,2022-05-31,219.8,1.0,10.900000000000006,0.0,0.04999999999998295,10.900000000000006,0.0521780756342749,Close entry(s) order TEST,BuySignal,
2430,LONG,2022-06-01,226.0,1.0,2022-06-02,232.2,1.0,6.199999999999989,0.0,0.0,6.199999999999989,0.02743362831858409,Close entry(s) order TEST,BuySignal,
2431,LONG,2022-06-03,233.3,1.0,2022-06-06,225.0,1.0,-8.300000000000011,0.0,0.0,-8.300000000000011,-0.03557651093013292,Close entry(s) order TEST,BuySignal,
2432,LONG,2022-06-07,232.9,1.0,2022-06-08,235.4,1.0,2.5,0.0,1.0000000003174137e-05,2.5,0.01073422069557739,Close entry(s) order TEST,BuySignal,
2433,LONG,2022-06-09,231.9,1.0,2022-06-10,233.0,1.0,1.0999999999999943,0.0,1.0000000003174137e-05,1.0999999999999943,0.004743423889607579,Close entry(s) order TEST,BuySignal,
2434,LONG,2022-06-13,230.0,1.0,2022-06-14,216.0,1.0,-14.0,0.0,0.0,-14.0,-0.060869565217391286,Close entry(s) order TEST,BuySignal,
2435,LONG,2022-06-15,220.6,1.0,2022-06-16,217.4,1.0,-3.1999999999999886,0.0,0.04999999999998295,-3.1999999999999886,-0.014505893019038929,Close entry(s) order TEST,BuySignal,
2436,LONG,2022-06-17,200.1,1.0,2022-06-20,206.0,1.0,5.900000000000006,0.0,0.049990000000008195,5.900000000000006,0.029485257371314466,Close entry(s) order TEST,BuySignal,
2437,LONG,2022-06-21,189.9,1.0,2022-06-22,196.6,1.0,6.699999999999989,0.0,1.0000000003174137e-05,6.699999999999989,0.03528172722485512,Close entry(s) order TEST,BuySignal,
2438,LONG,2022-06-23,200.4,1.0,2022-06-24,201.9,1.0,1.5,0.0,0.04999999999998295,1.5,0.007485029940119681,Close entry(s) order TEST,BuySignal,
2439,LONG,2022-06-27,220.0,1.0,2022-06-28,217.5,1.0,-2.5,0.0,0.0,-2.5,-0.011363636363636354,Close entry(s) order TEST,BuySignal,
2440,LONG,2022-06-29,223.0,1.0,2022-06-30,223.0,1.0,0.0,0.0,0.0,0.0,0.0,Close entry(s) order TEST,BuySignal,
2441,LONG,2022-07-01,217.0,1.0,2022-07-04,214.6,1.0,-2.4000000000000057,0.0,0.0,-2.4000000000000057,-0.011059907834101379,Close entry(s) order TEST,BuySignal,
2442,LONG,2022-07-05,213.5,1.0,2022-07-06,209.8,1.0,-3.6999999999999886,0.0,0.0,-3.6999999999999886,-0.0173302107728337,Close entry(s) order TEST,BuySignal,
2443,LONG,2022-07-07,222.9,1.0,2022-07-08,227.1,1.0,4.199999999999989,0.0,1.0000000003174137e-05,4.199999999999989,0.018842530282637826,Close entry(s) order TEST,BuySignal,
2444,LONG,2022-07-11,218.9,1.0,2022-07-12,222.4,1.0,3.5,0.0,1.0000000003174137e-05,3.5,0.0159890360895385,Close entry(s) order TEST,BuySignal,
2445,LONG,2022-07-13,215.1,1.0,2022-07-14,211.4,1.0,-3.6999999999999886,0.0,0.04999999999998295,-3.6999999999999886,-0.017201301720130124,Close entry(s) order TEST,BuySignal,
2446,LONG,2022-07-15,210.5,1.0,2022-07-18,211.6,1.0,1.0999999999999943,0.0,0.0,1.0999999999999943,0.005225653206650804,Close entry(s) order TEST,BuySignal,
2447,LONG,2022-07-19,213.6,1.0,2022-07-20,219.0,1.0,5.400000000000006,0.0,0.049990000000008195,5.400000000000006,0.02528089887640461,Close entry(s) order TEST,BuySignal,
2448,LONG,2022-07-21,212.9,1.0,2022-07-22,212.3,1.0,-0.5999999999999943,0.0,1.0000000003174137e-05,-0.5999999999999943,-0.0028182245185532917,Close entry(s) order TEST,BuySignal,
2449,LONG,2022-07-25,209.0,1.0,2022-07-26,208.5,1.0,-0.5,0.0,0.0,-0.5,-0.0023923444976076125,Close entry(s) order TEST,BuySignal,
2450,LONG,2022-07-27,211.4,1.0,2022-07-28,211.9,1.0,0.5,0.0,0.04999999999998295,0.5,0.002365184484389715,Close entry(s) order TEST,BuySignal,
2451,LONG,2022-07-29,214.0,1.0,2022-08-01,227.6,1.0,13.599999999999994,0.0,0.0,13.599999999999994,0.06355140186915875,Close entry(s) order TEST,BuySignal,
2452,LONG,2022-08-02,232.8,1.0,2022-08-03,227.0,1.0,-5.800000000000011,0.0,0.0,-5.800000000000011,-0.02491408934707906,Close entry(s) order TEST,BuySignal,
2453,LONG,2022-08-04,225.0,1.0,2022-08-05,209.1,1.0,-15.900000000000006,0.0,0.0,-15.900000000000006,-0.07066666666666666,Close entry(s) order TEST,BuySignal,
2454,LONG,2022-08-08,206.0,1.0,2022-08-10,210.9,1.0,4.900000000000006,0.0,0.0,4.900000000000006,0.02378640776699026,Close entry(s) order TEST,BuySignal,
2455,LONG,2022-08-11,207.6,1.0,2022-08-12,207.9,1.0,0.30000000000001137,0.0,0.04999999999998295,0.30000000000001137,0.0014450867052022698,Close entry(s) order TEST,BuySignal,
2456,LONG,2022-08-16,211.1,1.0,2022-08-17,227.7,1.0,16.599999999999994,0.0,0.049990000000008195,16.599999999999994,0.07863571766935107,Close entry(s) order TEST,BuySignal,
2457,LONG,2022-08-18,226.1,1.0,2022-08-19,227.3,1.0,1.200000000000017,0.0,0.04999999999998295,1.200000000000017,0.005307386112339829,Close entry(s) order TEST,BuySignal,
2458,LONG,2022-08-22,221.6,1.0,2022-08-23,216.7,1.0,-4.900000000000006,0.0,1.0000000003174137e-05,-4.900000000000006,-0.022111913357400703,Close entry(s) order TEST,BuySignal,
2459,LONG,2022-08-24,235.0,1.0,2022-08-25,234.8,1.0,-0.19999999999998863,0.0,0.0,-0.19999999999998863,-0.0008510638297871687,Close entry(s) order TEST,BuySignal,
2460,LONG,2022-08-26,230.2,1.0,2022-08-29,222.6,1.0,-7.599999999999994,0.0,0.0,-7.599999999999994,-0.03301476976542139,Close entry(s) order TEST,BuySignal,
2461,LONG,2022-08-30,226.0,1.0,2022-09-01,226.8,1.0,0.8000000000000114,0.0,0.0,0.8000000000000114,0.0035398230088496963,Close entry(s) order TEST,BuySignal,
2462,LONG,2022-09-02,228.9,1.0,2022-09-05,242.6,1.0,13.699999999999989,0.0,0.04999999999998295,13.699999999999989,0.0598514635211882,Close entry(s) order TEST,BuySignal,
2463,LONG,2022-09-06,256.6,1.0,2022-09-07,251.7,1.0,-4.900000000000034,0.0,9.999999974752427e-06,-4.900000000000034,-0.019095869056897974,Close entry(s) order TEST,BuySignal,
2464,LONG,2022-09-08,248.5,1.0,2022-09-09,257.6,1.0,9.100000000000023,0.0,0.0,9.100000000000023,0.03661971830985933,Close entry(s) order TEST,BuySignal,
2465,LONG,2022-09-12,248.2,1.0,2022-09-13,251.3,1.0,3.1000000000000227,0.0,0.05000000000001137,3.1000000000000227,0.012489927477840501,Close entry(s) order TEST,BuySignal,
2466,LONG,2022-09-14,242.2,1.0,2022-09-15,244.9,1.0,2.700000000000017,0.0,0.0,2.700000000000017,0.011147811725846557,Close entry(s) order TEST,BuySignal,
2467,LONG,2022-09-16,263.0,1.0,2022-09-19,254.0,1.0,-9.0,0.0,0.0,-9.0,-0.034220532319391594,Close entry(s) order TEST,BuySignal,
2468,LONG,2022-09-20,268.9,1.0,2022-09-21,273.2,1.0,4.300000000000011,0.0,9.999999974752427e-06,4.300000000000011,0.01599107474897732,Close entry(s) order TEST,BuySignal,
2469,LONG,2022-09-22,284.5,1.0,2022-09-23,295.0,1.0,10.5,0.0,0.0,10.5,0.03690685413005279,Close entry(s) order TEST,BuySignal,
2470,LONG,2022-09-26,277.9,1.0,2022-09-27,267.6,1.0,-10.299999999999955,0.0,9.999999974752427e-06,-10.299999999999955,-0.03706369197553061,Close entry(s) order TEST,BuySignal,
2471,LONG,2022-09-28,272.2,1.0,2022-09-29,270.0,1.0,-2.1999999999999886,0.0,1.0000000031595846e-05,-2.1999999999999886,-0.008082292432035176,Close entry(s) order TEST,BuySignal,
2472,LONG,2022-09-30,268.0,1.0,2022-10-03,264.5,1.0,-3.5,0.0,0.0,-3.5,-0.013059701492537323,Close entry(s) order TEST,BuySignal,
2473,LONG,2022-10-04,258.1,1.0,2022-10-06,262.0,1.0,3.8999999999999773,0.0,9.999999974752427e-06,3.8999999999999773,0.015110422316931382,Close entry(s) order TEST,BuySignal,
2474,LONG,2022-10-07,276.9,1.0,2022-10-10,270.5,1.0,-6.399999999999977,0.0,9.999999974752427e-06,-6.399999999999977,-0.023113037197544206,Close entry(s) order TEST,BuySignal,
2475,LONG,2022-10-11,270.2,1.0,2022-10-12,253.1,1.0,-17.099999999999994,0.0,1.0000000031595846e-05,-17.099999999999994,-0.06328645447816428,Close entry(s) order TEST,BuySignal,
2476,LONG,2022-10-13,244.0,1.0,2022-10-14,247.9,1.0,3.9000000000000057,0.0,0.0,3.9000000000000057,0.015983606557377072,Close entry(s) order TEST,BuySignal,
2477,LONG,2022-10-17,238.0,1.0,2022-10-18,236.3,1.0,-1.6999999999999886,0.0,0.0,-1.6999999999999886,-0.0071428571428571175,Close entry(s) order TEST,BuySignal,
2478,LONG,2022-10-19,227.5,1.0,2022-10-20,226.1,1.0,-1.4000000000000057,0.0,0.0,-1.4000000000000057,-0.006153846153846176,Close entry(s) order TEST,BuySignal,
2479,LONG,2022-10-21,230.4,1.0,2022-10-24,226.5,1.0,-3.9000000000000057,0.0,0.04999999999998295,-3.9000000000000057,-0.01692708333333337,Close entry(s) order TEST,BuySignal,
2480,LONG,2022-10-25,225.2,1.0,2022-10-27,224.1,1.0,-1.0999999999999943,0.0,0.05000000000001137,-1.0999999999999943,-0.004884547069271772,Close entry(s) order TEST,BuySignal,
2481,LONG,2022-10-28,224.9,1.0,2022-10-31,220.1,1.0,-4.800000000000011,0.0,1.0000000003174137e-05,-4.800000000000011,-0.02134281903068036,Close entry(s) order TEST,BuySignal,
2482,LONG,2022-11-01,221.5,1.0,2022-11-02,220.5,1.0,-1.0,0.0,0.0,-1.0,-0.004514672686230292,Close entry(s) order TEST,BuySignal,
2483,LONG,2022-11-03,218.2,1.0,2022-11-04,218.0,1.0,-0.19999999999998863,0.0,0.05000000000001137,-0.19999999999998863,-0.0009165902841429263,Close entry(s) order TEST,BuySignal,
2484,LONG,2022-11-07,228.5,1.0,2022-11-09,229.7,1.0,1.1999999999999886,0.0,0.0,1.1999999999999886,0.005251641137855589,Close entry(s) order TEST,BuySignal,
2485,LONG,2022-11-10,230.0,1.0,2022-11-11,235.5,1.0,5.5,0.0,0.0,5.5,0.023913043478260843,Close entry(s) order TEST,BuySignal,
2486,LONG,2022-11-14,229.0,1.0,2022-11-15,231.9,1.0,2.9000000000000057,0.0,0.0,2.9000000000000057,0.012663755458515391,Close entry(s) order TEST,BuySignal,
2487,LONG,2022-11-16,230.0,1.0,2022-11-17,230.4,1.0,0.4000000000000057,0.0,0.0,0.4000000000000057,0.0017391304347826875,Close entry(s) order TEST,BuySignal,
2488,LONG,2022-11-18,238.4,1.0,2022-11-21,237.9,1.0,-0.5,0.0,1.0000000003174137e-05,-0.5,-0.002097315436241587,Close entry(s) order TEST,BuySignal,
2489,LONG,2022-11-22,230.3,1.0,2022-11-23,236.6,1.0,6.299999999999983,0.0,0.0,6.299999999999983,0.027355623100303816,Close entry(s) order TEST,BuySignal,
2490,LONG,2022-11-24,234.6,1.0,2022-11-25,231.9,1.0,-2.6999999999999886,0.0,0.04999999999998295,-2.6999999999999886,-0.011508951406649537,Close entry(s) order TEST,BuySignal,
2491,LONG,2022-11-28,239.6,1.0,2022-11-29,248.4,1.0,8.800000000000011,0.0,0.049990000000008195,8.800000000000011,0.036727879799666185,Close entry(s) order TEST,BuySignal,
2492,LONG,2022-11-30,246.6,1.0,2022-12-01,250.5,1.0,3.9000000000000057,0.0,0.049990000000008195,3.9000000000000057,0.015815085158150888,Close entry(s) order TEST,BuySignal,
2493,LONG,2022-12-02,245.4,1.0,2022-12-05,250.3,1.0,4.900000000000006,0.0,1.0000000003174137e-05,4.900000000000006,0.01996740016299925,Close entry(s) order TEST,BuySignal,
2494,LONG,2022-12-06,254.1,1.0,2022-12-07,247.4,1.0,-6.699999999999989,0.0,0.049990000000008195,-6.699999999999989,-0.02636757182211724,Close entry(s) order TEST,BuySignal,
2495,LONG,2022-12-08,245.1,1.0,2022-12-09,247.0,1.0,1.9000000000000057,0.0,1.0000000003174137e-05,1.9000000000000057,0.007751937984496138,Close entry(s) order TEST,BuySignal,
2496,LONG,2022-12-12,244.5,1.0,2022-12-13,247.6,1.0,3.0999999999999943,0.0,0.0,3.0999999999999943,0.012678936605317048,Close entry(s) order TEST,BuySignal,
2497,LONG,2022-12-14,243.1,1.0,2022-12-15,244.1,1.0,1.0,0.0,0.049990000000008195,1.0,0.004113533525298196,Close entry(s) order TEST,BuySignal,
2498,LONG,2022-12-16,233.0,1.0,2022-12-19,232.9,1.0,-0.09999999999999432,0.0,0.0,-0.09999999999999432,-0.00042918454935625405,Close entry(s) order TEST,BuySignal,
2499,LONG,2022-12-20,230.6,1.0,2022-12-21,226.3,1.0,-4.299999999999983,0.0,1.0000000003174137e-05,-4.299999999999983,-0.018647007805724147,Close entry(s) order TEST,BuySignal,
2500,LONG,2022-12-22,220.9,1.0,2022-12-23,216.4,1.0,-4.5,0.0,0.04999999999998295,-4.5,-0.020371208691715714,Close entry(s) order TEST,BuySignal,
2501,LONG,2022-12-26,203.9,1.0,2022-12-27,218.0,1.0,14.099999999999994,0.0,1.0000000003174137e-05,14.099999999999994,0.06915154487493869,Close entry(s) order TEST,BuySignal,
2502,LONG,2022-12-28,226.4,1.0,2022-12-29,227.6,1.0,1.1999999999999886,0.0,0.049990000000008195,1.1999999999999886,0.005300353356890497,Close entry(s) order TEST,BuySignal,
2503,LONG,2022-12-30,227.4,1.0,2023-01-02,232.6,1.0,5.199999999999989,0.0,0.04999999999998295,5.199999999999989,0.022867194371152033,Close entry(s) order TEST,BuySignal,
2504,LONG,2023-01-03,238.1,1.0,2023-01-04,234.0,1.0,-4.099999999999994,0.0,1.0000000003174137e-05,-4.099999999999994,-0.017219655606887874,Close entry(s) order TEST,BuySignal,
2505,LONG,2023-01-05,229.1,1.0,2023-01-06,226.6,1.0,-2.5,0.0,0.04999999999998295,-2.5,-0.010912265386294195,Close entry(s) order TEST,BuySignal,
2506,LONG,2023-01-09,220.7,1.0,2023-01-10,221.0,1.0,0.30000000000001137,0.0,0.0,0.30000000000001137,0.001359311282283615,Close entry(s) order TEST,BuySignal,
2507,LONG,2023-01-11,218.4,1.0,2023-01-12,217.8,1.0,-0.5999999999999943,0.0,1.0000000003174137e-05,-0.5999999999999943,-0.0027472527472527375,Close entry(s) order TEST,BuySignal,
2508,LONG,2023-01-13,216.4,1.0,2023-01-16,217.0,1.0,0.5999999999999943,0.0,1.0000000003174137e-05,0.5999999999999943,0.0027726432532346745,Close entry(s) order TEST,BuySignal,
2509,LONG,2023-01-17,216.6,1.0,2023-01-18,216.3,1.0,-0.29999999999998295,0.0,0.049990000000008195,-0.29999999999998295,-0.0013850415512464131,Close entry(s) order TEST,BuySignal,
2510,LONG,2023-01-19,224.1,1.0,2023-01-20,226.1,1.0,2.0,0.0,0.04999999999998295,2.0,0.008924587237840287,Close entry(s) order TEST,BuySignal,
2511,LONG,2023-01-23,227.0,1.0,2023-01-24,228.4,1.0,1.4000000000000057,0.0,0.0,1.4000000000000057,0.006167400881057272,Close entry(s) order TEST,BuySignal,
2512,LONG,2023-01-25,225.4,1.0,2023-01-27,220.5,1.0,-4.900000000000006,0.0,0.04999999999998295,-4.900000000000006,-0.021739130434782594,Close entry(s) order TEST,BuySignal,
2513,LONG,2023-01-30,205.9,1.0,2023-01-31,204.9,1.0,-1.0,0.0,0.04999999999998295,-1.0,-0.004856726566294323,Close entry(s) order TEST,BuySignal,
2514,LONG,2023-02-01,211.8,1.0,2023-02-02,203.3,1.0,-8.5,0.0,0.0,-8.5,-0.040132200188857436,Close entry(s) order TEST,BuySignal,
2515,LONG,2023-02-03,215.0,1.0,2023-02-06,193.2,1.0,-21.80000000000001,0.0,0.0,-21.80000000000001,-0.10139534883720935,Close entry(s) order TEST,BuySignal,
2516,LONG,2023-02-07,196.4,1.0,2023-02-08,203.0,1.0,6.599999999999994,0.0,0.04999999999998295,6.599999999999994,0.033604887983706755,Close entry(s) order TEST,BuySignal,
2517,LONG,2023-02-09,202.5,1.0,2023-02-10,199.0,1.0,-3.5,0.0,0.0,-3.5,-0.01728395061728394,Close entry(s) order TEST,BuySignal,
2518,LONG,2023-02-13,207.1,1.0,2023-02-14,202.5,1.0,-4.599999999999994,0.0,1.0000000003174137e-05,-4.599999999999994,-0.022211492032834346,Close entry(s) order TEST,BuySignal,
2519,LONG,2023-02-15,194.6,1.0,2023-02-16,198.6,1.0,4.0,0.0,0.04999999999998295,4.0,0.020554984583761593,Close entry(s) order TEST,BuySignal,
2520,LONG,2023-02-17,194.7,1.0,2023-02-20,195.8,1.0,1.1000000000000227,0.0,0.0,1.1000000000000227,0.005649717514124353,Close entry(s) order TEST,BuySignal,
2521,LONG,2023-02-21,195.0,1.0,2023-02-22,192.1,1.0,-2.9000000000000057,0.0,0.0,-2.9000000000000057,-0.014871794871794908,Close entry(s) order TEST,BuySignal,
2522,LONG,2023-02-23,188.4,1.0,2023-02-24,187.0,1.0,-1.4000000000000057,0.0,1.0000000003174137e-05,-1.4000000000000057,-0.007430997876857748,Close entry(s) order TEST,BuySignal,
2523,LONG,2023-02-27,185.4,1.0,2023-02-28,181.0,1.0,-4.400000000000006,0.0,0.049990000000008195,-4.400000000000006,-0.02373247033441206,Close entry(s) order TEST,BuySignal,
2524,LONG,2023-03-01,184.1,1.0,2023-03-02,192.1,1.0,8.0,0.0,1.0000000003174137e-05,8.0,0.04345464421510048,Close entry(s) order TEST,BuySignal,
2525,LONG,2023-03-03,194.3,1.0,2023-03-06,200.0,1.0,5.699999999999989,0.0,0.0,5.699999999999989,0.029336078229541984,Close entry(s) order TEST,BuySignal,
2526,LONG,2023-03-08,204.5,1.0,2023-03-09,204.7,1.0,0.19999999999998863,0.0,0.0,0.19999999999998863,0.0009779951100243878,Close entry(s) order TEST,BuySignal,
2527,LONG,2023-03-10,207.0,1.0,2023-03-13,212.9,1.0,5.900000000000006,0.0,0.0,5.900000000000006,0.02850241545893728,Close entry(s) order TEST,BuySignal,
2528,LONG,2023-03-14,201.4,1.0,2023-03-15,202.0,1.0,0.5999999999999943,0.0,1.0000000003174137e-05,0.5999999999999943,0.002979145978152964,Close entry(s) order TEST,BuySignal,
2529,LONG,2023-03-16,200.2,1.0,2023-03-17,199.1,1.0,-1.0999999999999943,0.0,0.0,-1.0999999999999943,-0.005494505494505475,Close entry(s) order TEST,BuySignal,
2530,LONG,2023-03-20,198.8,1.0,2023-03-21,196.2,1.0,-2.6000000000000227,0.0,0.0,-2.6000000000000227,-0.01307847082494984,Close entry(s) order TEST,BuySignal,
2531,LONG,2023-03-22,195.2,1.0,2023-03-23,198.6,1.0,3.4000000000000057,0.0,0.05000000000001137,3.4000000000000057,0.017418032786885362,Close entry(s) order TEST,BuySignal,
2532,LONG,2023-03-24,199.0,1.0,2023-03-27,198.1,1.0,-0.9000000000000057,0.0,0.0,-0.9000000000000057,-0.004522613065326642,Close entry(s) order TEST,BuySignal,
2533,LONG,2023-03-28,191.6,1.0,2023-03-29,187.0,1.0,-4.599999999999994,0.0,1.0000000003174137e-05,-4.599999999999994,-0.024008350730688854,Close entry(s) order TEST,BuySignal,
2534,LONG,2023-03-31,200.0,1.0,2023-04-03,201.0,1.0,1.0,0.0,0.0,1.0,0.004999999999999893,Close entry(s) order TEST,BuySignal,
2535,LONG,2023-04-05,209.5,1.0,2023-04-06,214.4,1.0,4.900000000000006,0.0,0.0,4.900000000000006,0.023389021479713668,Close entry(s) order TEST,BuySignal,
2536,LONG,2023-04-10,219.4,1.0,2023-04-11,212.6,1.0,-6.800000000000011,0.0,1.0000000003174137e-05,-6.800000000000011,-0.030993618960802216,Close entry(s) order TEST,BuySignal,
2537,LONG,2023-04-12,214.6,1.0,2023-04-13,215.9,1.0,1.3000000000000114,0.0,1.0000000003174137e-05,1.3000000000000114,0.0060577819198508465,Close entry(s) order TEST,BuySignal,
2538,LONG,2023-04-17,222.2,1.0,2023-04-18,219.9,1.0,-2.299999999999983,0.0,0.05000000000001137,-2.299999999999983,-0.01035103510351032,Close entry(s) order TEST,BuySignal,
2539,LONG,2023-04-19,215.9,1.0,2023-04-20,222.0,1.0,6.099999999999994,0.0,0.04999999999998295,6.099999999999994,0.02825382121352482,Close entry(s) order TEST,BuySignal,
2540,LONG,2023-04-21,217.5,1.0,2023-04-24,215.2,1.0,-2.3000000000000114,0.0,0.0,-2.3000000000000114,-0.010574712643678263,Close entry(s) order TEST,BuySignal,
2541,LONG,2023-04-25,219.9,1.0,2023-04-26,218.1,1.0,-1.8000000000000114,0.0,0.04999999999998295,-1.8000000000000114,-0.008185538881309684,Close entry(s) order TEST,BuySignal,
2542,LONG,2023-04-27,221.2,1.0,2023-04-28,221.0,1.0,-0.19999999999998863,0.0,0.05000000000001137,-0.19999999999998863,-0.0009041591320071429,Close entry(s) order TEST,BuySignal,
2543,LONG,2023-05-02,226.3,1.0,2023-05-03,229.0,1.0,2.6999999999999886,0.0,0.0,2.6999999999999886,0.01193106495802021,Close entry(s) order TEST,BuySignal,
2544,LONG,2023-05-04,233.4,1.0,2023-05-05,235.5,1.0,2.0999999999999943,0.0,1.0000000003174137e-05,2.0999999999999943,0.008997429305912519,Close entry(s) order TEST,BuySignal,
2545,LONG,2023-05-08,230.9,1.0,2023-05-09,232.7,1.0,1.799999999999983,0.0,0.049990000000008195,1.799999999999983,0.0077955825032480774,Close entry(s) order TEST,BuySignal,
2546,LONG,2023-05-10,227.4,1.0,2023-05-11,225.1,1.0,-2.3000000000000114,0.0,0.04999999999998295,-2.3000000000000114,-0.010114335971855848,Close entry(s) order TEST,BuySignal,
2547,LONG,2023-05-12,227.1,1.0,2023-05-15,225.0,1.0,-2.0999999999999943,0.0,1.0000000003174137e-05,-2.0999999999999943,-0.009247027741083214,Close entry(s) order TEST,BuySignal,
2548,LONG,2023-05-16,231.6,1.0,2023-05-17,230.4,1.0,-1.1999999999999886,0.0,1.0000000003174137e-05,-1.1999999999999886,-0.005181347150258975,Close entry(s) order TEST,BuySignal,
2549,LONG,2023-05-18,236.8,1.0,2023-05-19,234.7,1.0,-2.1000000000000227,0.0,0.0,-2.1000000000000227,-0.008868243243243312,Close entry(s) order TEST,BuySignal,
2550,LONG,2023-05-22,238.2,1.0,2023-05-23,242.0,1.0,3.8000000000000114,0.0,0.05000000000001137,3.8000000000000114,0.015952980688497043,Close entry(s) order TEST,BuySignal,
2551,LONG,2023-05-24,239.9,1.0,2023-05-25,240.9,1.0,1.0,0.0,1.0000000003174137e-05,1.0,0.004168403501458862,Close entry(s) order TEST,BuySignal,
2552,LONG,2023-05-26,238.9,1.0,2023-05-29,243.9,1.0,5.0,0.0,0.04999999999998295,5.0,0.020929259104227604,Close entry(s) order TEST,BuySignal,
2553,LONG,2023-05-30,246.4,1.0,2023-05-31,250.0,1.0,3.5999999999999943,0.0,1.0000000003174137e-05,3.5999999999999943,0.014610389610389518,Close entry(s) order TEST,BuySignal,
2554,LONG,2023-06-01,253.6,1.0,2023-06-02,263.0,1.0,9.400000000000006,0.0,0.049990000000008195,9.400000000000006,0.037066246056782326,Close entry(s) order TEST,BuySignal,
2555,LONG,2023-06-05,270.0,1.0,2023-06-06,264.3,1.0,-5.699999999999989,0.0,0.0,-5.699999999999989,-0.02111111111111108,Close entry(s) order TEST,BuySignal,
2556,LONG,2023-06-07,271.0,1.0,2023-06-08,282.0,1.0,11.0,0.0,0.0,11.0,0.040590405904058935,Close entry(s) order TEST,BuySignal,
2557,LONG,2023-06-09,272.2,1.0,2023-06-12,273.8,1.0,1.6000000000000227,0.0,0.05000000000001137,1.6000000000000227,0.005878030859661987,Close entry(s) order TEST,BuySignal,
2558,LONG,2023-06-13,273.0,1.0,2023-06-14,269.5,1.0,-3.5,0.0,0.04998999999997977,-3.5,-0.012820512820512775,Close entry(s) order TEST,BuySignal,
2559,LONG,2023-06-15,270.9,1.0,2023-06-16,266.8,1.0,-4.099999999999966,0.0,0.04998999999997977,-4.099999999999966,-0.015134736064968513,Close entry(s) order TEST,BuySignal,
2560,LONG,2023-06-19,269.3,1.0,2023-06-20,265.6,1.0,-3.6999999999999886,0.0,1.0000000031595846e-05,-3.6999999999999886,-0.013739324173783873,Close entry(s) order TEST,BuySignal,
2561,LONG,2023-06-21,266.3,1.0,2023-06-22,268.3,1.0,2.0,0.0,1.0000000031595846e-05,2.0,0.007510326699211367,Close entry(s) order TEST,BuySignal,
2562,LONG,2023-06-23,268.1,1.0,2023-06-26,262.3,1.0,-5.800000000000011,0.0,9.999999974752427e-06,-5.800000000000011,-0.021633718761656096,Close entry(s) order TEST,BuySignal,
2563,LONG,2023-06-27,263.0,1.0,2023-06-28,263.0,1.0,0.0,0.0,0.0,0.0,0.0,Close entry(s) order TEST,BuySignal,
2564,LONG,2023-06-30,263.3,1.0,2023-07-03,262.0,1.0,-1.3000000000000114,0.0,1.0000000031595846e-05,-1.3000000000000114,-0.00493733383972661,Close entry(s) order TEST,BuySignal,
2565,LONG,2023-07-04,270.4,1.0,2023-07-05,267.5,1.0,-2.8999999999999773,0.0,9.999999974752427e-06,-2.8999999999999773,-0.01072485207100582,Close entry(s) order TEST,BuySignal,
2566,LONG,2023-07-06,285.2,1.0,2023-07-07,286.9,1.0,1.6999999999999886,0.0,0.05000000000001137,1.6999999999999886,0.005960729312763036,Close entry(s) order TEST,BuySignal,
2567,LONG,2023-07-10,295.2,1.0,2023-07-11,309.8,1.0,14.600000000000023,0.0,0.05000000000001137,14.600000000000023,0.04945799457994582,Close entry(s) order TEST,BuySignal,
2568,LONG,2023-07-12,304.3,1.0,2023-07-13,303.0,1.0,-1.3000000000000114,0.0,1.0000000031595846e-05,-1.3000000000000114,-0.0042720999014130845,Close entry(s) order TEST,BuySignal,
2569,LONG,2023-07-14,301.2,1.0,2023-07-17,304.5,1.0,3.3000000000000114,0.0,1.0000000031595846e-05,3.3000000000000114,0.010956175298804771,Close entry(s) order TEST,BuySignal,
2570,LONG,2023-07-18,311.0,1.0,2023-07-19,305.3,1.0,-5.699999999999989,0.0,0.0,-5.699999999999989,-0.018327974276527326,Close entry(s) order TEST,BuySignal,
2571,LONG,2023-07-20,322.5,1.0,2023-07-21,321.0,1.0,-1.5,0.0,0.0,-1.5,-0.0046511627906976605,Close entry(s) order TEST,BuySignal,
2572,LONG,2023-07-24,321.0,1.0,2023-07-25,321.0,1.0,0.0,0.0,0.0,0.0,0.0,Close entry(s) order TEST,BuySignal,
2573,LONG,2023-07-26,315.4,1.0,2023-07-27,312.5,1.0,-2.8999999999999773,0.0,9.999999974752427e-06,-2.8999999999999773,-0.009194673430564237,Close entry(s) order TEST,BuySignal,
2574,LONG,2023-07-28,319.0,1.0,2023-07-31,317.8,1.0,-1.1999999999999886,0.0,0.0,-1.1999999999999886,-0.0037617554858934144,Close entry(s) order TEST,BuySignal,
2575,LONG,2023-08-01,323.5,1.0,2023-08-02,326.6,1.0,3.1000000000000227,0.0,0.0,3.1000000000000227,0.009582689335394301,Close entry(s) order TEST,BuySignal,
2576,LONG,2023-08-03,326.1,1.0,2023-08-04,333.0,1.0,6.899999999999977,0.0,9.999999974752427e-06,6.899999999999977,0.021159153633854677,Close entry(s) order TEST,BuySignal,
2577,LONG,2023-08-07,325.0,1.0,2023-08-08,325.6,1.0,0.6000000000000227,0.0,0.0,0.6000000000000227,0.0018461538461538307,Close entry(s) order TEST,BuySignal,
2578,LONG,2023-08-09,335.5,1.0,2023-08-10,334.0,1.0,-1.5,0.0,0.0,-1.5,-0.0044709388971684305,Close entry(s) order TEST,BuySignal,
2579,LONG,2023-08-11,336.6,1.0,2023-08-14,327.5,1.0,-9.100000000000023,0.0,9.999999974752427e-06,-9.100000000000023,-0.02703505644682125,Close entry(s) order TEST,BuySignal,
2580,LONG,2023-08-16,325.0,1.0,2023-08-17,319.3,1.0,-5.699999999999989,0.0,0.0,-5.699999999999989,-0.017538461538461503,Close entry(s) order TEST,BuySignal,
2581,LONG,2023-08-18,316.6,1.0,2023-08-21,313.4,1.0,-3.2000000000000455,0.0,9.999999974752427e-06,-3.2000000000000455,-0.010107391029690604,Close entry(s) order TEST,BuySignal,
2582,LONG,2023-08-22,318.0,1.0,2023-08-23,324.1,1.0,6.100000000000023,0.0,0.04998999999997977,6.100000000000023,0.01918238993710708,Close entry(s) order TEST,BuySignal,
2583,LONG,2023-08-24,322.5,1.0,2023-08-25,323.4,1.0,0.8999999999999773,0.0,0.04998999999997977,0.8999999999999773,0.0027906976744185297,Close entry(s) order TEST,BuySignal,
2584,LONG,2023-08-28,318.0,1.0,2023-08-29,319.4,1.0,1.3999999999999773,0.0,0.04998999999997977,1.3999999999999773,0.004402515723270328,Close entry(s) order TEST,BuySignal,
2585,LONG,2023-08-30,319.9,1.0,2023-08-31,336.8,1.0,16.900000000000034,0.0,9.999999974752427e-06,16.900000000000034,0.052829009065332944,Close entry(s) order TEST,BuySignal,
2586,LONG,2023-09-01,328.6,1.0,2023-09-04,340.4,1.0,11.799999999999955,0.0,0.04998999999997977,11.799999999999955,0.03590992087644529,Close entry(s) order TEST,BuySignal,
2587,LONG,2023-09-05,337.4,1.0,2023-09-06,334.8,1.0,-2.599999999999966,0.0,0.04998999999997977,-2.599999999999966,-0.007705986959098854,Close entry(s) order TEST,BuySignal,
2588,LONG,2023-09-07,344.2,1.0,2023-09-08,356.0,1.0,11.800000000000011,0.0,1.0000000031595846e-05,11.800000000000011,0.03428239395700183,Close entry(s) order TEST,BuySignal,
2589,LONG,2023-09-11,383.8,1.0,2023-09-12,386.1,1.0,2.3000000000000114,0.0,1.0000000031595846e-05,2.3000000000000114,0.005992704533611226,Close entry(s) order TEST,BuySignal,
2590,LONG,2023-09-13,358.2,1.0,2023-09-14,362.0,1.0,3.8000000000000114,0.0,1.0000000031595846e-05,3.8000000000000114,0.010608598548297099,Close entry(s) order TEST,BuySignal,
2591,LONG,2023-09-15,386.0,1.0,2023-09-18,395.0,1.0,9.0,0.0,0.0,9.0,0.023316062176165886,Close entry(s) order TEST,BuySignal,
2592,LONG,2023-09-20,395.0,1.0,2023-09-21,397.4,1.0,2.3999999999999773,0.0,0.04998999999997977,2.3999999999999773,0.006075949367088551,Close entry(s) order TEST,BuySignal,
2593,LONG,2023-09-22,395.4,1.0,2023-09-25,389.8,1.0,-5.599999999999966,0.0,9.999999974752427e-06,-5.599999999999966,-0.014162873039959445,Close entry(s) order TEST,BuySignal,
2594,LONG,2023-09-26,400.0,1.0,2023-09-27,396.5,1.0,-3.5,0.0,0.0,-3.5,-0.008750000000000036,Close entry(s) order TEST,BuySignal,
2595,LONG,2023-09-28,398.0,1.0,2023-09-29,393.0,1.0,-5.0,0.0,0.04998999999997977,-5.0,-0.012562814070351758,Close entry(s) order TEST,BuySignal,
2596,LONG,2023-10-03,394.4,1.0,2023-10-04,387.5,1.0,-6.899999999999977,0.0,9.999999974752427e-06,-6.899999999999977,-0.01749492900608518,Close entry(s) order TEST,BuySignal,
2597,LONG,2023-10-05,381.5,1.0,2023-10-06,388.7,1.0,7.199999999999989,0.0,0.0,7.199999999999989,0.01887287024901707,Close entry(s) order TEST,BuySignal,
2598,LONG,2023-10-09,380.0,1.0,2023-10-10,384.1,1.0,4.100000000000023,0.0,0.04998999999997977,4.100000000000023,0.010789473684210682,Close entry(s) order TEST,BuySignal,
2599,LONG,2023-10-11,392.0,1.0,2023-10-12,410.4,1.0,18.399999999999977,0.0,0.0,18.399999999999977,0.04693877551020398,Close entry(s) order TEST,BuySignal,
2600,LONG,2023-10-13,420.0,1.0,2023-10-16,440.5,1.0,20.5,0.0,0.0,20.5,0.04880952380952386,Close entry(s) order TEST,BuySignal,
2601,LONG,2023-10-17,448.0,1.0,2023-10-18,452.5,1.0,4.5,0.0,0.0,4.5,0.010044642857142794,Close entry(s) order TEST,BuySignal,
2602,LONG,2023-10-19,451.0,1.0,2023-10-20,440.7,1.0,-10.300000000000011,0.0,0.04998999999997977,-10.300000000000011,-0.022838137472283804,Close entry(s) order TEST,BuySignal,
2603,LONG,2023-10-23,439.5,1.0,2023-10-25,415.0,1.0,-24.5,0.0,0.04998999999997977,-24.5,-0.055745164960182,Close entry(s) order TEST,BuySignal,
2604,LONG,2023-10-26,400.1,1.0,2023-10-27,402.9,1.0,2.7999999999999545,0.0,9.999999974752427e-06,2.7999999999999545,0.006998250437390441,Close entry(s) order TEST,BuySignal,
2605,LONG,2023-10-30,407.0,1.0,2023-10-31,416.4,1.0,9.399999999999977,0.0,0.0,9.399999999999977,0.023095823095823143,Close entry(s) order TEST,BuySignal,
2606,LONG,2023-11-01,427.0,1.0,2023-11-02,436.0,1.0,9.0,0.0,0.0,9.0,0.021077283372365363,Close entry(s) order TEST,BuySignal,
2607,LONG,2023-11-03,438.0,1.0,2023-11-06,459.9,1.0,21.899999999999977,0.0,0.0,21.899999999999977,0.050000000000000044,Close entry(s) order TEST,BuySignal,
2608,LONG,2023-11-07,447.6,1.0,2023-11-08,454.8,1.0,7.199999999999989,0.0,9.999999974752427e-06,7.199999999999989,0.01608579088471851,Close entry(s) order TEST,BuySignal,
2609,LONG,2023-11-09,480.0,1.0,2023-11-10,481.7,1.0,1.6999999999999886,0.0,0.0,1.6999999999999886,0.003541666666666554,Close entry(s) order TEST,BuySignal,
2610,LONG,2023-11-12,493.7,1.0,2023-11-13,531.0,1.0,37.30000000000001,0.0,0.0,37.30000000000001,0.07555195462831676,Close entry(s) order TEST,BuySignal,
2611,LONG,2023-11-15,530.2,1.0,2023-11-16,524.1,1.0,-6.100000000000023,0.0,0.04998000000000502,-6.100000000000023,-0.011505092417955498,Close entry(s) order TEST,BuySignal,
2612,LONG,2023-11-17,548.7,1.0,2023-11-20,548.8,1.0,0.09999999999990905,0.0,9.999999974752427e-06,0.09999999999990905,0.00018224895206842007,Close entry(s) order TEST,BuySignal,
2613,LONG,2023-11-21,539.0,1.0,2023-11-22,552.8,1.0,13.799999999999955,0.0,0.04998999999997977,13.799999999999955,0.02560296846011134,Close entry(s) order TEST,BuySignal,
2614,LONG,2023-11-23,542.4,1.0,2023-11-24,526.3,1.0,-16.100000000000023,0.0,2.0000000063191692e-05,-16.100000000000023,-0.029682890855457278,Close entry(s) order TEST,BuySignal,
2615,LONG,2023-11-28,525.8,1.0,2023-11-29,522.0,1.0,-3.7999999999999545,0.0,0.049999999999954525,-3.7999999999999545,-0.007227082540889995,Close entry(s) order TEST,BuySignal,
2616,LONG,2023-11-30,528.0,1.0,2023-12-01,530.8,1.0,2.7999999999999545,0.0,0.0,2.7999999999999545,0.005303030303030143,Close entry(s) order TEST,BuySignal,
2617,LONG,2023-12-04,537.4,1.0,2023-12-05,534.7,1.0,-2.699999999999932,0.0,2.0000000063191692e-05,-2.699999999999932,-0.0050241905470783665,Close entry(s) order TEST,BuySignal,
2618,LONG,2023-12-06,565.0,1.0,2023-12-07,554.9,1.0,-10.100000000000023,0.0,0.0,-10.100000000000023,-0.017876106194690267,Close entry(s) order TEST,BuySignal,
2619,LONG,2023-12-08,535.8,1.0,2023-12-11,541.1,1.0,5.300000000000068,0.0,0.049999999999954525,5.300000000000068,0.009891750653229003,Close entry(s) order TEST,BuySignal,
2620,LONG,2023-12-12,531.0,1.0,2023-12-13,548.1,1.0,17.100000000000023,0.0,0.0,17.100000000000023,0.03220338983050852,Close entry(s) order TEST,BuySignal,
2621,LONG,2023-12-14,540.0,1.0,2023-12-15,535.8,1.0,-4.2000000000000455,0.0,0.0,-4.2000000000000455,-0.007777777777777883,Close entry(s) order TEST,BuySignal,
2622,LONG,2023-12-18,534.0,1.0,2023-12-19,534.0,1.0,0.0,0.0,0.0,0.0,0.0,Close entry(s) order TEST,BuySignal,
2623,LONG,2023-12-20,542.3,1.0,2023-12-21,510.0,1.0,-32.299999999999955,0.0,9.999999974752427e-06,-32.299999999999955,-0.059561128526645635,Close entry(s) order TEST,BuySignal,
2624,LONG,2023-12-22,519.0,1.0,2023-12-26,530.5,1.0,11.5,0.0,0.04998999999997977,11.5,0.022157996146435543,Close entry(s) order TEST,BuySignal,
2625,LONG,2023-12-27,545.8,1.0,2023-12-28,552.0,1.0,6.2000000000000455,0.0,9.999999974752427e-06,6.2000000000000455,0.011359472334188325,Close entry(s) order TEST,BuySignal,
2626,LONG,2023-12-29,542.0,1.0,2024-01-01,548.0,1.0,6.0,0.0,0.0,6.0,0.011070110701107083,Close entry(s) order TEST,BuySignal,
2627,LONG,2024-01-02,574.9,1.0,2024-01-03,566.5,1.0,-8.399999999999977,0.0,2.0000000063191692e-05,-8.399999999999977,-0.01461123673682374,Close entry(s) order TEST,BuySignal,
2628,LONG,2024-01-04,559.3,1.0,2024-01-05,558.5,1.0,-0.7999999999999545,0.0,9.999999974752427e-06,-0.7999999999999545,-0.0014303593777935664,Close entry(s) order TEST,BuySignal,
2629,LONG,2024-01-08,560.2,1.0,2024-01-09,563.5,1.0,3.2999999999999545,0.0,9.999999974752427e-06,3.2999999999999545,0.005890753302391971,Close entry(s) order TEST,BuySignal,
2630,LONG,2024-01-10,537.3,1.0,2024-01-11,551.7,1.0,14.400000000000091,0.0,0.04998000000000502,14.400000000000091,0.026800670016750683,Close entry(s) order TEST,BuySignal,
2631,LONG,2024-01-12,543.2,1.0,2024-01-15,535.0,1.0,-8.200000000000045,0.0,0.04998000000000502,-8.200000000000045,-0.015095729013254844,Close entry(s) order TEST,BuySignal,
2632,LONG,2024-01-16,531.0,1.0,2024-01-17,539.0,1.0,8.0,0.0,0.0,8.0,0.015065913370998052,Close entry(s) order TEST,BuySignal,
2633,LONG,2024-01-18,585.0,1.0,2024-01-19,605.2,1.0,20.200000000000045,0.0,0.0,20.200000000000045,0.03452991452991472,Close entry(s) order TEST,BuySignal,
2634,LONG,2024-01-20,602.1,1.0,2024-01-23,593.0,1.0,-9.100000000000023,0.0,2.0000000063191692e-05,-9.100000000000023,-0.015113768476997191,Close entry(s) order TEST,BuySignal,
2635,LONG,2024-01-24,589.9,1.0,2024-01-25,591.0,1.0,1.1000000000000227,0.0,2.0000000063191692e-05,1.1000000000000227,0.0018647228343786626,Close entry(s) order TEST,BuySignal,
2636,LONG,2024-01-29,585.0,1.0,2024-01-30,583.8,1.0,-1.2000000000000455,0.0,0.04998999999997977,-1.2000000000000455,-0.002051282051282133,Close entry(s) order TEST,BuySignal,
2637,LONG,2024-01-31,585.2,1.0,2024-02-01,590.0,1.0,4.7999999999999545,0.0,9.999999974752427e-06,4.7999999999999545,0.008202323991797655,Close entry(s) order TEST,BuySignal,
2638,LONG,2024-02-02,597.0,1.0,2024-02-05,590.0,1.0,-7.0,0.0,0.0,-7.0,-0.011725293132328285,Close entry(s) order TEST,BuySignal,
2639,LONG,2024-02-06,599.0,1.0,2024-02-07,605.2,1.0,6.2000000000000455,0.0,0.04998999999997977,6.2000000000000455,0.010350584307178723,Close entry(s) order TEST,BuySignal,
2640,LONG,2024-02-08,590.7,1.0,2024-02-09,579.0,1.0,-11.700000000000045,0.0,0.04998000000000502,-11.700000000000045,-0.01980700863382434,Close entry(s) order TEST,BuySignal,
2641,LONG,2024-02-12,560.1,1.0,2024-02-13,540.1,1.0,-20.0,0.0,2.0000000063191692e-05,-20.0,-0.03570790930191037,Close entry(s) order TEST,BuySignal,
2642,LONG,2024-02-14,540.0,1.0,2024-02-15,564.4,1.0,24.399999999999977,0.0,0.0,24.399999999999977,0.04518518518518522,Close entry(s) order TEST,BuySignal,
2643,LONG,2024-02-16,568.4,1.0,2024-02-19,548.4,1.0,-20.0,0.0,2.0000000063191692e-05,-20.0,-0.035186488388458836,Close entry(s) order TEST,BuySignal,
2644,LONG,2024-02-20,550.0,1.0,2024-02-21,542.2,1.0,-7.7999999999999545,0.0,0.0,-7.7999999999999545,-0.014181818181818073,Close entry(s) order TEST,BuySignal,
2645,LONG,2024-02-22,530.1,1.0,2024-02-23,544.8,1.0,14.699999999999932,0.0,2.0000000063191692e-05,14.699999999999932,0.02773061686474243,Close entry(s) order TEST,BuySignal,
2646,LONG,2024-02-26,562.0,1.0,2024-02-27,562.0,1.0,0.0,0.0,0.04998999999997977,0.0,0.0,Close entry(s) order TEST,BuySignal,
2647,LONG,2024-02-28,555.0,1.0,2024-02-29,525.0,1.0,-30.0,0.0,0.0,-30.0,-0.05405405405405406,Close entry(s) order TEST,BuySignal,
2648,LONG,2024-03-01,521.5,1.0,2024-03-02,534.8,1.0,13.299999999999955,0.0,0.0,13.299999999999955,0.025503355704697972,Close entry(s) order TEST,BuySignal,
2649,LONG,2024-03-04,543.0,1.0,2024-03-05,540.1,1.0,-2.8999999999999773,0.0,0.0,-2.8999999999999773,-0.005340699815837846,Close entry(s) order TEST,BuySignal,
2650,LONG,2024-03-06,537.3,1.0,2024-03-07,542.7,1.0,5.400000000000091,0.0,9.999999974752427e-06,5.400000000000091,0.010050251256281673,Close entry(s) order TEST,BuySignal,
2651,LONG,2024-03-11,547.8,1.0,2024-03-12,542.0,1.0,-5.7999999999999545,0.0,0.04998000000000502,-5.7999999999999545,-0.01058780576852858,Close entry(s) order TEST,BuySignal,
2652,LONG,2024-03-13,528.5,1.0,2024-03-14,480.1,1.0,-48.39999999999998,0.0,0.04998999999997977,-48.39999999999998,-0.09157994323557228,Close entry(s) order TEST,BuySignal,
2653,LONG,2024-03-15,510.8,1.0,2024-03-18,512.1,1.0,1.3000000000000114,0.0,0.05000000000001137,1.3000000000000114,0.0025450274079874546,Close entry(s) order TEST,BuySignal,
2654,LONG,2024-03-19,518.8,1.0,2024-03-20,501.0,1.0,-17.799999999999955,0.0,9.999999974752427e-06,-17.799999999999955,-0.034309946029298266,Close entry(s) order TEST,BuySignal,
2655,LONG,2024-03-21,514.2,1.0,2024-03-22,526.4,1.0,12.199999999999932,0.0,9.999999974752427e-06,12.199999999999932,0.023726176584986325,Close entry(s) order TEST,BuySignal,
2656,LONG,2024-03-26,532.1,1.0,2024-03-27,527.0,1.0,-5.100000000000023,0.0,2.0000000063191692e-05,-5.100000000000023,-0.009584664536741228,Close entry(s) order TEST,BuySignal,
2657,LONG,2024-03-28,515.5,1.0,2024-04-01,528.0,1.0,12.5,0.0,0.0,12.5,0.02424830261881672,Close entry(s) order TEST,BuySignal,
2658,LONG,2024-04-02,558.0,1.0,2024-04-03,555.5,1.0,-2.5,0.0,0.0,-2.5,-0.0044802867383512135,Close entry(s) order TEST,BuySignal,
2659,LONG,2024-04-04,562.3,1.0,2024-04-05,583.5,1.0,21.200000000000045,0.0,9.999999974752427e-06,21.200000000000045,0.03770229414903081,Close entry(s) order TEST,BuySignal,
2660,LONG,2024-04-08,581.0,1.0,2024-04-09,582.7,1.0,1.7000000000000455,0.0,0.0,1.7000000000000455,0.002925989672977636,Close entry(s) order TEST,BuySignal,
2661,LONG,2024-04-10,574.0,1.0,2024-04-12,567.0,1.0,-7.0,0.0,0.04998999999997977,-7.0,-0.012195121951219523,Close entry(s) order TEST,BuySignal,
2662,LONG,2024-04-15,540.0,1.0,2024-04-16,554.0,1.0,14.0,0.0,0.0,14.0,0.025925925925925908,Close entry(s) order TEST,BuySignal,
2663,LONG,2024-04-18,557.0,1.0,2024-04-19,532.0,1.0,-25.0,0.0,0.0,-25.0,-0.044883303411131115,Close entry(s) order TEST,BuySignal,
2664,LONG,2024-04-22,539.5,1.0,2024-04-23,558.8,1.0,19.299999999999955,0.0,0.0,19.299999999999955,0.035773864689527146,Close entry(s) order TEST,BuySignal,
2665,LONG,2024-04-24,575.0,1.0,2024-04-25,575.0,1.0,0.0,0.0,0.0,0.0,0.0,Close entry(s) order TEST,BuySignal,
2666,LONG,2024-04-26,579.8,1.0,2024-04-29,579.0,1.0,-0.7999999999999545,0.0,9.999999974752427e-06,-0.7999999999999545,-0.0013797861331492633,Close entry(s) order TEST,BuySignal,
2667,LONG,2024-04-30,571.0,1.0,2024-05-02,565.0,1.0,-6.0,0.0,0.04998999999997977,-6.0,-0.010507880910682998,Close entry(s) order TEST,BuySignal,
2668,LONG,2024-05-03,610.0,1.0,2024-05-06,604.9,1.0,-5.100000000000023,0.0,0.0,-5.100000000000023,-0.008360655737704947,Close entry(s) order TEST,BuySignal,
2669,LONG,2024-05-07,582.0,1.0,2024-05-08,581.0,1.0,-1.0,0.0,0.0,-1.0,-0.0017182130584192379,Close entry(s) order TEST,BuySignal,
2670,LONG,2024-05-09,596.4,1.0,2024-05-10,562.3,1.0,-34.10000000000002,0.0,2.0000000063191692e-05,-34.10000000000002,-0.057176391683434025,Close entry(s) order TEST,BuySignal,
2671,LONG,2024-05-13,571.0,1.0,2024-05-14,585.0,1.0,14.0,0.0,0.0,14.0,0.024518388791593626,Close entry(s) order TEST,BuySignal,
2672,LONG,2024-05-15,598.0,1.0,2024-05-16,604.5,1.0,6.5,0.0,0.04998999999997977,6.5,0.010869565217391353,Close entry(s) order TEST,BuySignal,
2673,LONG,2024-05-17,605.0,1.0,2024-05-18,614.2,1.0,9.200000000000045,0.0,0.0,9.200000000000045,0.015206611570248052,Close entry(s) order TEST,BuySignal,
2674,LONG,2024-05-21,631.0,1.0,2024-05-22,615.0,1.0,-16.0,0.0,0.0,-16.0,-0.02535657686212356,Close entry(s) order TEST,BuySignal,
2675,LONG,2024-05-23,605.0,1.0,2024-05-24,605.0,1.0,0.0,0.0,0.0,0.0,0.0,Close entry(s) order TEST,BuySignal,
2676,LONG,2024-05-27,612.0,1.0,2024-05-28,610.9,1.0,-1.1000000000000227,0.0,0.0,-1.1000000000000227,-0.0017973856209150263,Close entry(s) order TEST,BuySignal,
2677,LONG,2024-05-29,592.0,1.0,2024-05-30,599.9,1.0,7.899999999999977,0.0,0.0,7.899999999999977,0.013344594594594472,Close entry(s) order TEST,BuySignal,
2678,LONG,2024-05-31,575.1,1.0,2024-06-03,575.9,1.0,0.7999999999999545,0.0,2.0000000063191692e-05,0.7999999999999545,0.0013910624239261704,Close entry(s) order TEST,BuySignal,
2679,LONG,2024-06-04,555.0,1.0,2024-06-05,489.3,1.0,-65.69999999999999,0.0,0.0,-65.69999999999999,-0.11837837837837839,Close entry(s) order TEST,BuySignal,
2680,LONG,2024-06-06,497.0,1.0,2024-06-07,517.2,1.0,20.200000000000045,0.0,0.0,20.200000000000045,0.040643863179074646,Close entry(s) order TEST,BuySignal,
2681,LONG,2024-06-10,535.0,1.0,2024-06-11,530.0,1.0,-5.0,0.0,0.0,-5.0,-0.009345794392523366,Close entry(s) order TEST,BuySignal,
2682,LONG,2024-06-12,527.0,1.0,2024-06-13,545.0,1.0,18.0,0.0,0.0,18.0,0.034155597722960174,Close entry(s) order TEST,BuySignal,
2683,LONG,2024-06-14,543.8,1.0,2024-06-18,543.0,1.0,-0.7999999999999545,0.0,9.999999974752427e-06,-0.7999999999999545,-0.0014711290915776498,Close entry(s) order TEST,BuySignal,
2684,LONG,2024-06-19,542.7,1.0,2024-06-20,528.0,1.0,-14.700000000000045,0.0,9.999999974752427e-06,-14.700000000000045,-0.02708678828081823,Close entry(s) order TEST,BuySignal,
2685,LONG,2024-06-21,527.0,1.0,2024-06-24,520.0,1.0,-7.0,0.0,0.0,-7.0,-0.013282732447817858,Close entry(s) order TEST,BuySignal,
2686,LONG,2024-06-25,518.0,1.0,2024-06-26,541.8,1.0,23.799999999999955,0.0,0.0,23.799999999999955,0.04594594594594592,Close entry(s) order TEST,BuySignal,
2687,LONG,2024-06-27,564.9,1.0,2024-06-28,549.9,1.0,-15.0,0.0,2.0000000063191692e-05,-15.0,-0.026553372278279364,Close entry(s) order TEST,BuySignal,
2688,LONG,2024-07-01,549.0,1.0,2024-07-02,563.0,1.0,14.0,0.0,0.04998999999997977,14.0,0.02550091074681249,Close entry(s) order TEST,BuySignal,
2689,LONG,2024-07-03,575.0,1.0,2024-07-04,596.5,1.0,21.5,0.0,0.0,21.5,0.037391304347826004,Close entry(s) order TEST,BuySignal,
2690,LONG,2024-07-05,605.1,1.0,2024-07-08,618.5,1.0,13.399999999999977,0.0,2.0000000063191692e-05,13.399999999999977,0.022145099983473804,Close entry(s) order TEST,BuySignal,
2691,LONG,2024-07-09,617.6,1.0,2024-07-10,650.5,1.0,32.89999999999998,0.0,2.0000000063191692e-05,32.89999999999998,0.05327072538860089,Close entry(s) order TEST,BuySignal,
2692,LONG,2024-07-11,653.0,1.0,2024-07-12,670.0,1.0,17.0,0.0,0.0,17.0,0.026033690658499253,Close entry(s) order TEST,BuySignal,
2693,LONG,2024-07-15,657.3,1.0,2024-07-16,637.0,1.0,-20.299999999999955,0.0,9.999999974752427e-06,-20.299999999999955,-0.03088391906283272,Close entry(s) order TEST,BuySignal,
2694,LONG,2024-07-18,645.0,1.0,2024-07-19,658.2,1.0,13.200000000000045,0.0,0.0,13.200000000000045,0.020465116279069884,Close entry(s) order TEST,BuySignal,
2695,LONG,2024-07-22,634.0,1.0,2024-07-23,660.0,1.0,26.0,0.0,0.0,26.0,0.04100946372239744,Close entry(s) order TEST,BuySignal,
2696,LONG,2024-07-24,646.8,1.0,2024-07-25,662.0,1.0,15.200000000000045,0.0,0.049999999999954525,15.200000000000045,0.023500309214594894,Close entry(s) order TEST,BuySignal,
2697,LONG,2024-07-26,642.0,1.0,2024-07-29,654.0,1.0,12.0,0.0,0.0,12.0,0.01869158878504673,Close entry(s) order TEST,BuySignal,
2698,LONG,2024-07-30,648.0,1.0,2024-07-31,647.9,1.0,-0.10000000000002274,0.0,0.0,-0.10000000000002274,-0.00015432098765433278,Close entry(s) order TEST,BuySignal,
2699,LONG,2024-08-01,644.0,1.0,2024-08-02,635.0,1.0,-9.0,0.0,0.0,-9.0,-0.013975155279503104,Close entry(s) order TEST,BuySignal,
2700,LONG,2024-08-05,636.5,1.0,2024-08-06,636.0,1.0,-0.5,0.0,0.0,-0.5,-0.0007855459544383603,Close entry(s) order TEST,BuySignal,
2701,LONG,2024-08-07,648.0,1.0,2024-08-08,636.0,1.0,-12.0,0.0,0.0,-12.0,-0.01851851851851849,Close entry(s) order TEST,BuySignal,
2702,LONG,2024-08-09,655.0,1.0,2024-08-12,645.0,1.0,-10.0,0.0,0.04998999999997977,-10.0,-0.01526717557251911,Close entry(s) order TEST,BuySignal,
2703,LONG,2024-08-13,697.0,1.0,2024-08-14,675.0,1.0,-22.0,0.0,0.04998999999997977,-22.0,-0.031563845050215256,Close entry(s) order TEST,BuySignal,
2704,LONG,2024-08-16,665.0,1.0,2024-08-19,712.0,1.0,47.0,0.0,0.0,47.0,0.07067669172932334,Close entry(s) order TEST,BuySignal,
2705,LONG,2024-08-20,719.0,1.0,2024-08-21,710.0,1.0,-9.0,0.0,0.0,-9.0,-0.012517385257301838,Close entry(s) order TEST,BuySignal,
2706,LONG,2024-08-22,720.0,1.0,2024-08-23,721.0,1.0,1.0,0.0,0.0,1.0,0.001388888888888884,Close entry(s) order TEST,BuySignal,
2707,LONG,2024-08-26,729.9,1.0,2024-08-27,735.0,1.0,5.100000000000023,0.0,2.0000000063191692e-05,5.100000000000023,0.006987258528565521,Close entry(s) order TEST,BuySignal,
2708,LONG,2024-08-28,717.5,1.0,2024-08-29,706.0,1.0,-11.5,0.0,0.0,-11.5,-0.016027874564459976,Close entry(s) order TEST,BuySignal,
2709,LONG,2024-08-30,709.3,1.0,2024-09-02,713.4,1.0,4.100000000000023,0.0,0.04998000000000502,4.100000000000023,0.005780346820809301,Close entry(s) order TEST,BuySignal,
2710,LONG,2024-09-03,700.3,1.0,2024-09-04,695.6,1.0,-4.699999999999932,0.0,9.999999974752427e-06,-4.699999999999932,-0.006711409395973034,Close entry(s) order TEST,BuySignal,
2711,LONG,2024-09-05,700.0,1.0,2024-09-06,704.0,1.0,4.0,0.0,0.0,4.0,0.005714285714285783,Close entry(s) order TEST,BuySignal,
2712,LONG,2024-09-09,681.0,1.0,2024-09-10,689.2,1.0,8.200000000000045,0.0,0.0,8.200000000000045,0.012041116005873764,Close entry(s) order TEST,BuySignal,
2713,LONG,2024-09-11,690.6,1.0,2024-09-12,686.0,1.0,-4.600000000000023,0.0,0.0,-4.600000000000023,-0.006660874601795541,Close entry(s) order TEST,BuySignal,
2714,LONG,2024-09-13,687.0,1.0,2024-09-16,688.9,1.0,1.8999999999999773,0.0,0.0,1.8999999999999773,0.002765647743813604,Close entry(s) order TEST,BuySignal,
2715,LONG,2024-09-17,680.0,1.0,2024-09-18,688.1,1.0,8.100000000000023,0.0,0.0,8.100000000000023,0.0119117647058824,Close entry(s) order TEST,BuySignal,
2716,LONG,2024-09-19,683.1,1.0,2024-09-20,660.0,1.0,-23.100000000000023,0.0,0.0,-23.100000000000023,-0.033816425120772986,Close entry(s) order TEST,BuySignal,
2717,LONG,2024-09-23,700.0,1.0,2024-09-24,685.0,1.0,-15.0,0.0,0.0,-15.0,-0.021428571428571463,Close entry(s) order TEST,BuySignal,
2718,LONG,2024-09-25,719.6,1.0,2024-09-26,715.8,1.0,-3.800000000000068,0.0,0.049999999999954525,-3.800000000000068,-0.0052807115063925325,Close entry(s) order TEST,BuySignal,
2719,LONG,2024-09-27,727.0,1.0,2024-09-30,743.4,1.0,16.399999999999977,0.0,0.049999999999954525,16.399999999999977,0.022558459422283406,Close entry(s) order TEST,BuySignal,
2720,LONG,2024-10-01,767.0,1.0,2024-10-03,742.5,1.0,-24.5,0.0,0.0,-24.5,-0.0319426336375489,Close entry(s) order TEST,BuySignal,
2721,LONG,2024-10-04,736.0,1.0,2024-10-07,720.2,1.0,-15.799999999999955,0.0,0.0,-15.799999999999955,-0.021467391304347716,Close entry(s) order TEST,BuySignal,
2722,LONG,2024-10-08,674.0,1.0,2024-10-09,690.0,1.0,16.0,0.0,0.049999999999954525,16.0,0.023738872403560762,Close entry(s) order TEST,BuySignal,
2723,LONG,2024-10-10,701.0,1.0,2024-10-11,693.0,1.0,-8.0,0.0,0.0,-8.0,-0.011412268188302432,Close entry(s) order TEST,BuySignal,
2724,LONG,2024-10-14,701.5,1.0,2024-10-15,715.0,1.0,13.5,0.0,0.0,13.5,0.0192444761225945,Close entry(s) order TEST,BuySignal,
2725,LONG,2024-10-16,710.2,1.0,2024-10-17,721.6,1.0,11.399999999999977,0.0,0.0,11.399999999999977,0.016051816389749396,Close entry(s) order TEST,BuySignal,
2726,LONG,2024-10-18,720.1,1.0,2024-10-21,715.6,1.0,-4.5,0.0,0.049999999999954525,-4.5,-0.006249132064991003,Close entry(s) order TEST,BuySignal,
2727,LONG,2024-10-22,715.5,1.0,2024-10-23,668.0,1.0,-47.5,0.0,0.0,-47.5,-0.06638714185883998,Close entry(s) order TEST,BuySignal,
2728,LONG,2024-10-24,711.0,1.0,2024-10-25,717.6,1.0,6.600000000000023,0.0,0.0,6.600000000000023,0.009282700421940904,Close entry(s) order TEST,BuySignal,
2729,LONG,2024-10-28,690.0,1.0,2024-10-29,720.0,1.0,30.0,0.0,0.0,30.0,0.04347826086956519,Close entry(s) order TEST,BuySignal,
2730,LONG,2024-10-30,725.4,1.0,2024-10-31,721.5,1.0,-3.8999999999999773,0.0,0.0,-3.8999999999999773,-0.005376344086021501,Close entry(s) order TEST,BuySignal,
2731,LONG,2024-11-01,732.0,1.0,2024-11-04,745.0,1.0,13.0,0.0,0.049999999999954525,13.0,0.01775956284153013,Close entry(s) order TEST,BuySignal,
2732,LONG,2024-11-05,731.7,1.0,2024-11-06,755.9,1.0,24.199999999999932,0.0,0.0,24.199999999999932,0.03307366406997403,Close entry(s) order TEST,BuySignal,
2733,LONG,2024-11-07,784.9,1.0,2024-11-08,799.0,1.0,14.100000000000023,0.0,0.049999999999954525,14.100000000000023,0.017964071856287456,Close entry(s) order TEST,BuySignal,
2734,LONG,2024-11-11,727.7,1.0,2024-11-12,746.0,1.0,18.299999999999955,0.0,0.0,18.299999999999955,0.025147725711144542,Close entry(s) order TEST,BuySignal,
2735,LONG,2024-11-13,728.0,1.0,2024-11-14,689.0,1.0,-39.0,0.0,0.049999999999954525,-39.0,-0.0535714285714286,Close entry(s) order TEST,BuySignal,
2736,LONG,2024-11-18,680.0,1.0,2024-11-19,680.0,1.0,0.0,0.0,0.0,0.0,0.0,Close entry(s) order TEST,BuySignal,
2737,LONG,2024-11-21,682.7,1.0,2024-11-22,698.4,1.0,15.699999999999932,0.0,0.0,15.699999999999932,0.022996923978321204,Close entry(s) order TEST,BuySignal,
2738,LONG,2024-11-25,725.0,1.0,2024-11-26,743.0,1.0,18.0,0.0,0.0,18.0,0.024827586206896513,Close entry(s) order TEST,BuySignal,
2739,LONG,2024-11-27,750.5,1.0,2024-11-28,759.1,1.0,8.600000000000023,0.0,0.049999999999954525,8.600000000000023,0.011459027315123382,Close entry(s) order TEST,BuySignal,
2740,LONG,2024-11-29,779.0,1.0,2024-12-02,780.0,1.0,1.0,0.0,0.0,1.0,0.0012836970474967568,Close entry(s) order TEST,BuySignal,
2741,LONG,2024-12-03,789.0,1.0,2024-12-04,788.5,1.0,-0.5,0.0,0.0,-0.5,-0.0006337135614702394,Close entry(s) order TEST,BuySignal,
2742,LONG,2024-12-05,791.5,1.0,2024-12-06,788.0,1.0,-3.5,0.0,0.049999999999954525,-3.5,-0.004421983575489619,Close entry(s) order TEST,BuySignal,
2743,LONG,2024-12-09,812.9,1.0,2024-12-10,802.0,1.0,-10.899999999999977,0.0,0.0,-10.899999999999977,-0.01340878336818796,Close entry(s) order TEST,BuySignal,
2744,LONG,2024-12-11,797.5,1.0,2024-12-12,804.0,1.0,6.5,0.0,0.049999999999954525,6.5,0.008150470219435713,Close entry(s) order TEST,BuySignal,
2745,LONG,2024-12-13,797.4,1.0,2024-12-16,782.1,1.0,-15.299999999999955,0.0,0.0,-15.299999999999955,-0.019187358916478492,Close entry(s) order TEST,BuySignal,
2746,LONG,2024-12-17,802.0,1.0,2024-12-18,791.0,1.0,-11.0,0.0,0.0,-11.0,-0.013715710723191998,Close entry(s) order TEST,BuySignal,
2747,LONG,2024-12-19,800.0,1.0,2024-12-20,777.9,1.0,-22.100000000000023,0.0,0.0,-22.100000000000023,-0.02762500000000001,Close entry(s) order TEST,BuySignal,
2748,LONG,2024-12-23,771.6,1.0,2024-12-24,769.0,1.0,-2.6000000000000227,0.0,0.049999999999954525,-2.6000000000000227,-0.0033696215655780737,Close entry(s) order TEST,BuySignal,
2749,LONG,2024-12-26,799.0,1.0,2024-12-27,793.5,1.0,-5.5,0.0,0.049999999999954525,-5.5,-0.006883604505632079,Close entry(s) order TEST,BuySignal,
2750,LONG,2024-12-30,810.2,1.0,2024-12-31,802.7,1.0,-7.5,0.0,0.0,-7.5,-0.00925697358676869,Close entry(s) order TEST,BuySignal,
2751,LONG,2025-01-01,813.0,1.0,2025-01-02,811.0,1.0,-2.0,0.0,0.049999999999954525,-2.0,-0.002460024600245969,Close entry(s) order TEST,BuySignal,
2752,LONG,2025-01-03,820.0,1.0,2025-01-06,817.0,1.0,-3.0,0.0,0.0,-3.0,-0.003658536585365857,Close entry(s) order TEST,BuySignal,
2753,LONG,2025-01-07,778.8,1.0,2025-01-08,795.0,1.0,16.200000000000045,0.0,0.0,16.200000000000045,0.02080123266563949,Close entry(s) order TEST,BuySignal,
2754,LONG,2025-01-09,789.8,1.0,2025-01-10,771.6,1.0,-18.199999999999932,0.0,0.0,-18.199999999999932,-0.023043808559128798,Close entry(s) order TEST,BuySignal,
2755,LONG,2025-01-13,751.0,1.0,2025-01-14,720.0,1.0,-31.0,0.0,0.0,-31.0,-0.04127829560585883,Close entry(s) order TEST,BuySignal,
2756,LONG,2025-01-15,745.0,1.0,2025-01-16,761.8,1.0,16.799999999999955,0.0,0.0,16.799999999999955,0.022550335570469704,Close entry(s) order TEST,BuySignal,
2757,LONG,2025-01-17,768.0,1.0,2025-01-20,791.5,1.0,23.5,0.0,0.0,23.5,0.03059895833333326,Close entry(s) order TEST,BuySignal,
2758,LONG,2025-01-21,798.5,1.0,2025-01-22,792.0,1.0,-6.5,0.0,0.049999999999954525,-6.5,-0.008140262993112102,Close entry(s) order TEST,BuySignal,
2759,LONG,2025-01-23,773.6,1.0,2025-01-24,800.6,1.0,27.0,0.0,0.0,27.0,0.0349017580144777,Close entry(s) order TEST,BuySignal,
2760,LONG,2025-01-27,771.0,1.0,2025-01-28,735.0,1.0,-36.0,0.0,0.0,-36.0,-0.046692607003890996,Close entry(s) order TEST,BuySignal,
2761,LONG,2025-01-29,717.7,1.0,2025-01-30,743.0,1.0,25.299999999999955,0.0,0.0,25.299999999999955,0.03525149784032311,Close entry(s) order TEST,BuySignal,
2762,LONG,2025-01-31,730.1,1.0,2025-02-01,742.0,1.0,11.899999999999977,0.0,0.049999999999954525,11.899999999999977,0.016299137104506256,Close entry(s) order TEST,BuySignal,
2763,LONG,2025-02-03,730.3,1.0,2025-02-04,734.0,1.0,3.7000000000000455,0.0,0.0,3.7000000000000455,0.005066411063946452,Close entry(s) order TEST,BuySignal,
2764,LONG,2025-02-05,724.0,1.0,2025-02-06,740.0,1.0,16.0,0.0,0.0,16.0,0.022099447513812098,Close entry(s) order TEST,BuySignal,
2765,LONG,2025-02-07,743.0,1.0,2025-02-10,787.0,1.0,44.0,0.0,0.0,44.0,0.05921938088829082,Close entry(s) order TEST,BuySignal,
2766,LONG,2025-02-11,766.4,1.0,2025-02-12,778.4,1.0,12.0,0.0,0.0,12.0,0.01565762004175375,Close entry(s) order TEST,BuySignal,
2767,LONG,2025-02-13,779.0,1.0,2025-02-14,800.0,1.0,21.0,0.0,0.0,21.0,0.02695763799743256,Close entry(s) order TEST,BuySignal,
2768,LONG,2025-02-17,737.5,1.0,2025-02-18,736.5,1.0,-1.0,0.0,0.0,-1.0,-0.0013559322033898091,Close entry(s) order TEST,BuySignal,
2769,LONG,2025-02-19,710.6,1.0,2025-02-20,726.0,1.0,15.399999999999977,0.0,0.049999999999954525,15.399999999999977,0.021671826625387025,Close entry(s) order TEST,BuySignal,
2770,LONG,2025-02-21,768.6,1.0,2025-02-24,767.3,1.0,-1.3000000000000682,0.0,0.0,-1.3000000000000682,-0.0016913869372886525,Close entry(s) order TEST,BuySignal,
2771,LONG,2025-02-25,760.0,1.0,2025-02-27,762.0,1.0,2.0,0.0,0.0,2.0,0.002631578947368318,Close entry(s) order TEST,BuySignal,
2772,LONG,2025-02-28,747.2,1.0,2025-03-03,738.0,1.0,-9.200000000000045,0.0,0.0,-9.200000000000045,-0.012312633832976538,Close entry(s) order TEST,BuySignal,
2773,LONG,2025-03-04,685.0,1.0,2025-03-05,735.0,1.0,50.0,0.0,0.0,50.0,0.07299270072992692,Close entry(s) order TEST,BuySignal,
2774,LONG,2025-03-06,758.5,1.0,2025-03-07,785.0,1.0,26.5,0.0,0.0,26.5,0.034937376400790976,Close entry(s) order TEST,BuySignal,
2775,LONG,2025-03-10,796.0,1.0,2025-03-11,790.0,1.0,-6.0,0.0,0.0,-6.0,-0.007537688442211032,Close entry(s) order TEST,BuySignal,
2776,LONG,2025-03-12,822.0,1.0,2025-03-13,822.0,1.0,0.0,0.0,0.0,0.0,0.0,Close entry(s) order TEST,BuySignal,
2777,LONG,2025-03-17,825.6,1.0,2025-03-18,813.5,1.0,-12.100000000000023,0.0,0.0,-12.100000000000023,-0.014656007751937983,Close entry(s) order TEST,BuySignal,
2778,LONG,2025-03-19,816.2,1.0,2025-03-20,814.4,1.0,-1.8000000000000682,0.0,0.049999999999954525,-1.8000000000000682,-0.002205341827983376,Close entry(s) order TEST,BuySignal,
2779,LONG,2025-03-21,875.5,1.0,2025-03-24,885.0,1.0,9.5,0.0,0.049999999999954525,9.5,0.010850942318675116,Close entry(s) order TEST,BuySignal,
2780,LONG,2025-03-25,872.9,1.0,2025-03-26,828.1,1.0,-44.799999999999955,0.0,0.049999999999954525,-44.799999999999955,-0.05132317562149158,Close entry(s) order TEST,BuySignal,
2781,LONG,2025-03-27,826.9,1.0,2025-03-28,875.2,1.0,48.30000000000007,0.0,0.049999999999954525,48.30000000000007,0.05841093239811346,Close entry(s) order TEST,BuySignal,
2782,LONG,2025-04-01,861.0,1.0,2025-04-02,850.1,1.0,-10.899999999999977,0.0,0.0,-10.899999999999977,-0.012659698025551669,Close entry(s) order TEST,BuySignal,
2783,LONG,2025-04-03,844.5,1.0,2025-04-04,855.0,1.0,10.5,0.0,0.0,10.5,0.01243339253996445,Close entry(s) order TEST,BuySignal,
2784,LONG,2025-04-07,664.3,1.0,2025-04-08,796.3,1.0,132.0,0.0,0.0,132.0,0.19870540418485616,Close entry(s) order TEST,BuySignal,
2785,LONG,2025-04-09,768.8,1.0,2025-04-11,770.0,1.0,1.2000000000000455,0.0,0.049999999999954525,1.2000000000000455,0.0015608740894901274,Close entry(s) order TEST,BuySignal,
2786,LONG,2025-04-15,764.9,1.0,2025-04-16,778.8,1.0,13.899999999999977,0.0,0.0,13.899999999999977,0.01817231010589615,Close entry(s) order TEST,BuySignal,
2787,LONG,2025-04-17,792.9,1.0,2025-04-21,779.9,1.0,-13.0,0.0,0.049999999999954525,-13.0,-0.01639551015260432,Close entry(s) order TEST,BuySignal,
2788,LONG,2025-04-22,787.0,1.0,2025-04-23,780.0,1.0,-7.0,0.0,0.049999999999954525,-7.0,-0.008894536213468918,Close entry(s) order TEST,BuySignal,
2789,LONG,2025-04-24,774.1,1.0,2025-04-25,789.5,1.0,15.399999999999977,0.0,0.049999999999954525,15.399999999999977,0.01989407053352288,Close entry(s) order TEST,BuySignal,
2790,LONG,2025-04-28,756.8,1.0,2025-04-29,778.0,1.0,21.200000000000045,0.0,0.0,21.200000000000045,0.028012684989429326,Close entry(s) order TEST,BuySignal,
2791,LONG,2025-04-30,770.0,1.0,2025-05-02,774.9,1.0,4.899999999999977,0.0,0.0,4.899999999999977,0.006363636363636349,Close entry(s) order TEST,BuySignal,
2792,LONG,2025-05-05,760.8,1.0,2025-05-06,767.6,1.0,6.800000000000068,0.0,0.049999999999954525,6.800000000000068,0.008937960042061155,Close entry(s) order TEST,BuySignal,
2793,LONG,2025-05-07,755.1,1.0,2025-05-08,766.0,1.0,10.899999999999977,0.0,0.0,10.899999999999977,0.014435174149119323,Close entry(s) order TEST,BuySignal,
2794,LONG,2025-05-09,725.0,1.0,2025-05-12,751.0,1.0,26.0,0.0,0.0,26.0,0.035862068965517135,Close entry(s) order TEST,BuySignal,
2795,LONG,2025-05-13,760.3,1.0,2025-05-14,767.0,1.0,6.7000000000000455,0.0,0.0,6.7000000000000455,0.008812310929896094,Close entry(s) order TEST,BuySignal,
2796,LONG,2025-05-15,775.0,1.0,2025-05-16,789.0,1.0,14.0,0.0,0.049999999999954525,14.0,0.01806451612903226,Close entry(s) order TEST,BuySignal,
2797,LONG,2025-05-19,777.0,1.0,2025-05-20,792.5,1.0,15.5,0.0,0.0,15.5,0.01994851994851987,Close entry(s) order TEST,BuySignal,
2798,LONG,2025-05-21,779.0,1.0,2025-05-22,771.0,1.0,-8.0,0.0,0.0,-8.0,-0.010269576379974277,Close entry(s) order TEST,BuySignal,
2799,LONG,2025-05-23,761.1,1.0,2025-05-26,762.1,1.0,1.0,0.0,0.049999999999954525,1.0,0.001313887793982449,Close entry(s) order TEST,BuySignal,
2800,LONG,2025-05-27,776.5,1.0,2025-05-28,790.5,1.0,14.0,0.0,0.049999999999954525,14.0,0.01802962009014819,Close entry(s) order TEST,BuySignal,
2801,LONG,2025-05-29,833.0,1.0,2025-05-30,896.0,1.0,63.0,0.0,0.0,63.0,0.07563025210084029,Close entry(s) order TEST,BuySignal,
2802,LONG,2025-06-02,930.0,1.0,2025-06-03,935.0,1.0,5.0,0.0,0.0,5.0,0.005376344086021501,Close entry(s) order TEST,BuySignal,
2803,LONG,2025-06-04,920.0,1.0,2025-06-05,922.0,1.0,2.0,0.0,0.0,2.0,0.0021739130434783593,Close entry(s) order TEST,BuySignal,
2804,LONG,2025-06-06,965.0,1.0,2025-06-09,967.0,1.0,2.0,0.0,0.049999999999954525,2.0,0.002072538860103723,Close entry(s) order TEST,BuySignal,
2805,LONG,2025-06-10,959.1,1.0,2025-06-11,965.0,1.0,5.899999999999977,0.0,0.0,5.899999999999977,0.0061516004587633955,Close entry(s) order TEST,BuySignal,
2806,LONG,2025-06-12,957.8,1.0,2025-06-13,906.4,1.0,-51.39999999999998,0.0,0.0,-51.39999999999998,-0.05366464815201499,Close entry(s) order TEST,BuySignal,
2807,LONG,2025-06-16,909.8,1.0,2025-06-17,918.0,1.0,8.200000000000045,0.0,0.0,8.200000000000045,0.009012969883490873,Close entry(s) order TEST,BuySignal,
2808,LONG,2025-06-18,914.0,1.0,2025-06-19,919.0,1.0,5.0,0.0,0.0,5.0,0.00547045951859948,Close entry(s) order TEST,BuySignal,
2809,LONG,2025-06-20,887.0,1.0,2025-06-23,907.0,1.0,20.0,0.0,0.049999999999954525,20.0,0.022547914317925688,Close entry(s) order TEST,BuySignal,
2810,LONG,2025-06-24,895.9,1.0,2025-06-25,922.0,1.0,26.100000000000023,0.0,0.0,26.100000000000023,0.029132715704877743,Close entry(s) order TEST,BuySignal,
2811,LONG,2025-06-26,940.0,1.0,2025-06-27,942.5,1.0,2.5,0.0,0.0,2.5,0.0026595744680850686,Close entry(s) order TEST,BuySignal,
2812,LONG,2025-06-30,943.3,1.0,2025-07-01,932.0,1.0,-11.299999999999955,0.0,0.0,-11.299999999999955,-0.01197922188063183,Close entry(s) order TEST,BuySignal,
2813,LONG,2025-07-02,919.0,1.0,2025-07-03,942.0,1.0,23.0,0.0,0.0,23.0,0.02502720348204579,Close entry(s) order TEST,BuySignal,
2814,LONG,2025-07-04,925.0,1.0,2025-07-07,930.0,1.0,5.0,0.0,0.0,5.0,0.00540540540540535,Close entry(s) order TEST,BuySignal,
2815,LONG,2025-07-08,926.0,1.0,2025-07-09,919.9,1.0,-6.100000000000023,0.0,0.049999999999954525,-6.100000000000023,-0.006587473002159894,Close entry(s) order TEST,BuySignal,
2816,LONG,2025-07-10,943.5,1.0,2025-07-11,934.0,1.0,-9.5,0.0,0.0,-9.5,-0.01006889242183362,Close entry(s) order TEST,BuySignal,
2817,LONG,2025-07-14,912.0,1.0,2025-07-15,920.0,1.0,8.0,0.0,0.0,8.0,0.00877192982456143,Close entry(s) order TEST,BuySignal,
2818,LONG,2025-07-16,908.0,1.0,2025-07-17,909.4,1.0,1.3999999999999773,0.0,0.0,1.3999999999999773,0.001541850220264207,Close entry(s) order TEST,BuySignal,
2819,LONG,2025-07-18,935.0,1.0,2025-07-21,918.9,1.0,-16.100000000000023,0.0,0.049999999999954525,-16.100000000000023,-0.01721925133689839,Close entry(s) order TEST,BuySignal,
2820,LONG,2025-07-22,934.9,1.0,2025-07-23,920.0,1.0,-14.899999999999977,0.0,0.0,-14.899999999999977,-0.015937533426034878,Close entry(s) order TEST,BuySignal,
2821,LONG,2025-07-24,923.0,1.0,2025-07-25,904.5,1.0,-18.5,0.0,0.0,-18.5,-0.02004333694474536,Close entry(s) order TEST,BuySignal,
2822,LONG,2025-07-28,887.7,1.0,2025-07-29,863.0,1.0,-24.700000000000045,0.0,0.0,-24.700000000000045,-0.027824715557057567,Close entry(s) order TEST,BuySignal,
2823,LONG,2025-07-30,925.0,1.0,2025-07-31,922.8,1.0,-2.2000000000000455,0.0,0.0,-2.2000000000000455,-0.0023783783783783985,Close entry(s) order TEST,BuySignal,
2824,LONG,2025-08-01,929.7,1.0,2025-08-04,900.6,1.0,-29.100000000000023,0.0,0.0,-29.100000000000023,-0.03130041949015816,Close entry(s) order TEST,BuySignal,
2825,LONG,2025-08-05,893.0,1.0,2025-08-06,880.1,1.0,-12.899999999999977,0.0,0.049999999999954525,-12.899999999999977,-0.014445688689809555,Close entry(s) order TEST,BuySignal,
2826,LONG,2025-08-07,870.0,1.0,2025-08-08,876.0,1.0,6.0,0.0,0.0,6.0,0.006896551724137945,Close entry(s) order TEST,BuySignal,
2827,LONG,2025-08-11,866.6,1.0,2025-08-12,870.0,1.0,3.3999999999999773,0.0,0.0,3.3999999999999773,0.003923378721440107,Close entry(s) order TEST,BuySignal,
2828,LONG,2025-08-13,885.0,1.0,2025-08-14,888.1,1.0,3.1000000000000227,0.0,0.0,3.1000000000000227,0.003502824858757192,Close entry(s) order TEST,BuySignal,
2829,LONG,2025-08-18,884.0,1.0,2025-08-19,884.0,1.0,0.0,0.0,0.0,0.0,0.0,Close entry(s) order TEST,BuySignal,
2830,LONG,2025-08-20,886.0,1.0,2025-08-21,876.0,1.0,-10.0,0.0,0.049999999999954525,-10.0,-0.011286681715575675,Close entry(s) order TEST,BuySignal,
2831,LONG,2025-08-22,895.0,1.0,2025-08-25,900.0,1.0,5.0,0.0,0.0,5.0,0.005586592178770999,Close entry(s) order TEST,BuySignal,
2832,LONG,2025-08-26,880.0,1.0,2025-08-28,865.2,1.0,-14.799999999999955,0.0,0.0,-14.799999999999955,-0.016818181818181732,Close entry(s) order TEST,BuySignal,
2833,LONG,2025-08-29,873.5,1.0,2025-09-01,837.0,1.0,-36.5,0.0,0.0,-36.5,-0.041785918717801906,Close entry(s) order TEST,BuySignal,
2834,LONG,2025-09-02,847.0,1.0,2025-09-03,822.6,1.0,-24.399999999999977,0.0,0.0,-24.399999999999977,-0.028807556080283292,Close entry(s) order TEST,BuySignal,
2835,LONG,2025-09-04,860.0,1.0,2025-09-05,842.1,1.0,-17.899999999999977,0.0,0.0,-17.899999999999977,-0.020813953488372117,Close entry(s) order TEST,BuySignal,
2836,LONG,2025-09-08,853.4,1.0,2025-09-09,859.5,1.0,6.100000000000023,0.0,0.0,6.100000000000023,0.007147879071947472,Close entry(s) order TEST,BuySignal,
2837,LONG,2025-09-10,890.0,1.0,2025-09-11,884.0,1.0,-6.0,0.0,0.0,-6.0,-0.006741573033707815,Close entry(s) order TEST,BuySignal,
2838,LONG,2025-09-12,873.9,1.0,2025-09-15,879.8,1.0,5.899999999999977,0.0,0.0,5.899999999999977,0.006751344547430982,Close entry(s) order TEST,BuySignal,
2839,LONG,2025-09-16,925.0,1.0,2025-09-17,908.0,1.0,-17.0,0.0,0.0,-17.0,-0.018378378378378413,Close entry(s) order TEST,BuySignal,
2840,LONG,2025-09-18,897.5,1.0,2025-09-19,898.0,1.0,0.5,0.0,0.049999999999954525,0.5,0.0005571030640667551,Close entry(s) order TEST,BuySignal,
2841,LONG,2025-09-22,905.9,1.0,2025-09-23,889.3,1.0,-16.600000000000023,0.0,0.049999999999954525,-16.600000000000023,-0.018324318357434644,Close entry(s) order TEST,BuySignal,
2842,LONG,2025-09-24,880.0,1.0,2025-09-25,879.7,1.0,-0.2999999999999545,0.0,0.0,-0.2999999999999545,-0.0003409090909090029,Close entry(s) order TEST,BuySignal,
2843,LONG,2025-09-26,865.1,1.0,2025-09-29,860.9,1.0,-4.2000000000000455,0.0,0.049999999999954525,-4.2000000000000455,-0.004854930065888441,Close entry(s) order TEST,BuySignal,
2844,LONG,2025-09-30,847.0,1.0,2025-10-01,851.4,1.0,4.399999999999977,0.0,0.0,4.399999999999977,0.0051948051948051965,Close entry(s) order TEST,BuySignal,
2845,LONG,2025-10-03,852.7,1.0,2025-10-06,863.6,1.0,10.899999999999977,0.0,0.0,10.899999999999977,0.012782924827019926,Close entry(s) order TEST,BuySignal,
2846,LONG,2025-10-07,852.0,1.0,2025-10-08,870.0,1.0,18.0,0.0,0.0,18.0,0.021126760563380254,Close entry(s) order TEST,BuySignal,
2847,LONG,2025-10-09,861.2,1.0,2025-10-10,858.5,1.0,-2.7000000000000455,0.0,0.049999999999954525,-2.7000000000000455,-0.0031351602415234936,Close entry(s) order TEST,BuySignal,
2848,LONG,2025-10-13,836.0,1.0,2025-10-14,853.1,1.0,17.100000000000023,0.0,0.0,17.100000000000023,0.020454545454545503,Close entry(s) order TEST,BuySignal,
2849,LONG,2025-10-15,825.0,1.0,2025-10-16,830.0,1.0,5.0,0.0,0.049999999999954525,5.0,0.0060606060606061,Close entry(s) order TEST,BuySignal,
2850,LONG,2025-10-17,840.0,1.0,2025-10-20,835.0,1.0,-5.0,0.0,0.049999999999954525,-5.0,-0.005952380952380931,Close entry(s) order TEST,BuySignal,
2851,LONG,2025-10-21,840.0,1.0,2025-10-23,860.0,1.0,20.0,0.0,0.0,20.0,0.023809523809523725,Close entry(s) order TEST,BuySignal,
2852,LONG,2025-10-24,845.0,1.0,2025-10-27,841.2,1.0,-3.7999999999999545,0.0,0.0,-3.7999999999999545,-0.004497041420118308,Close entry(s) order TEST,BuySignal,
2853,LONG,2025-10-28,875.0,1.0,2025-10-29,891.0,1.0,16.0,0.0,0.0,16.0,0.01828571428571424,Close entry(s) order TEST,BuySignal,
2854,LONG,2025-10-30,915.0,1.0,2025-10-31,945.0,1.0,30.0,0.0,0.0,30.0,0.032786885245901676,Close entry(s) order TEST,BuySignal,
2855,LONG,2025-11-03,970.0,1.0,2025-11-04,940.4,1.0,-29.600000000000023,0.0,0.0,-29.600000000000023,-0.030515463917525798,Close entry(s) order TEST,BuySignal,
2856,LONG,2025-11-06,910.0,1.0,2025-11-07,898.1,1.0,-11.899999999999977,0.0,0.0,-11.899999999999977,-0.013076923076923097,Close entry(s) order TEST,BuySignal,
2857,LONG,2025-11-10,912.0,1.0,2025-11-11,912.0,1.0,0.0,0.0,0.0,0.0,0.0,Close entry(s) order TEST,BuySignal,
2858,LONG,2025-11-12,920.0,1.0,2025-11-13,925.0,1.0,5.0,0.0,0.0,5.0,0.005434782608695565,Close entry(s) order TEST,BuySignal,
2859,LONG,2025-11-14,925.0,1.0,2025-11-17,927.6,1.0,2.6000000000000227,0.0,0.049999999999954525,2.6000000000000227,0.0028108108108109153,Close entry(s) order TEST,BuySignal,
2860,LONG,2025-11-18,911.9,1.0,2025-11-19,908.5,1.0,-3.3999999999999773,0.0,0.0,-3.3999999999999773,-0.003728478999890261,Close entry(s) order TEST,BuySignal,
2861,LONG,2025-11-20,890.5,1.0,2025-11-21,880.0,1.0,-10.5,0.0,0.0,-10.5,-0.01179112857944975,Close entry(s) order TEST,BuySignal,
2862,LONG,2025-11-24,868.6,1.0,2025-11-25,849.0,1.0,-19.600000000000023,0.0,0.049999999999954525,-19.600000000000023,-0.022565047202394717,Close entry(s) order TEST,BuySignal,
2863,LONG,2025-11-26,866.0,1.0,2025-11-27,879.7,1.0,13.700000000000045,0.0,0.0,13.700000000000045,0.015819861431870752,Close entry(s) order TEST,BuySignal,
2864,LONG,2025-11-28,875.0,1.0,2025-12-01,857.0,1.0,-18.0,0.0,0.0,-18.0,-0.020571428571428574,Close entry(s) order TEST,BuySignal,
2865,LONG,2025-12-02,862.0,1.0,2025-12-03,845.5,1.0,-16.5,0.0,0.0,-16.5,-0.019141531322505845,Close entry(s) order TEST,BuySignal,
2866,LONG,2025-12-04,833.1,1.0,2025-12-05,830.0,1.0,-3.1000000000000227,0.0,0.049999999999954525,-3.1000000000000227,-0.003721041891729726,Close entry(s) order TEST,BuySignal,
2867,LONG,2025-12-08,829.0,1.0,2025-12-09,805.0,1.0,-24.0,0.0,0.049999999999954525,-24.0,-0.02895054282267795,Close entry(s) order TEST,BuySignal,
2868,LONG,2025-12-10,811.0,1.0,2025-12-11,800.1,1.0,-10.899999999999977,0.0,0.049999999999954525,-10.899999999999977,-0.013440197287299616,Close entry(s) order TEST,BuySignal,
2869,LONG,2025-12-12,795.9,1.0,2025-12-15,795.4,1.0,-0.5,0.0,0.049999999999954525,-0.5,-0.0006282196255811279,Close entry(s) order TEST,BuySignal,
2870,LONG,2025-12-16,793.0,1.0,2025-12-17,806.0,1.0,13.0,0.0,0.0,13.0,0.016393442622950838,Close entry(s) order TEST,BuySignal,
2871,LONG,2025-12-18,789.5,1.0,2025-12-19,783.0,1.0,-6.5,0.0,0.049999999999954525,-6.5,-0.008233058898036716,Close entry(s) order TEST,BuySignal,
2872,LONG,2025-12-22,796.4,1.0,2025-12-23,806.0,1.0,9.600000000000023,0.0,0.0,9.600000000000023,0.012054244098443023,Close entry(s) order TEST,BuySignal,
2873,LONG,2025-12-24,818.9,1.0,2025-12-26,812.5,1.0,-6.399999999999977,0.0,0.0,-6.399999999999977,-0.00781536207107092,Close entry(s) order TEST,BuySignal,
2874,LONG,2025-12-29,807.0,1.0,2025-12-30,826.9,1.0,19.899999999999977,0.0,0.0,19.899999999999977,0.024659231722428787,Close entry(s) order TEST,BuySignal,
2875,LONG,2025-12-31,792.0,1.0,2026-01-01,812.0,1.0,20.0,0.0,0.049999999999954525,20.0,0.025252525252525304,Close entry(s) order TEST,BuySignal,
2876,LONG,2026-01-02,800.0,1.0,2026-01-05,817.8,1.0,17.799999999999955,0.0,0.0,17.799999999999955,0.02224999999999988,Close entry(s) order TEST,BuySignal,
2877,LONG,2026-01-06,805.0,1.0,2026-01-07,796.0,1.0,-9.0,0.0,0.0,-9.0,-0.011180124223602483,Close entry(s) order TEST,BuySignal,
2878,LONG,2026-01-08,794.5,1.0,2026-01-09,765.9,1.0,-28.600000000000023,0.0,0.0,-28.600000000000023,-0.03599748269351799,Close entry(s) order TEST,BuySignal,
2879,LONG,2026-01-12,757.1,1.0,2026-01-13,742.2,1.0,-14.899999999999977,0.0,0.0,-14.899999999999977,-0.01968035926561873,Close entry(s) order TEST,BuySignal,
2880,LONG,2026-01-14,740.7,1.0,2026-01-16,738.6,1.0,-2.1000000000000227,0.0,0.0,-2.1000000000000227,-0.0028351559335764165,Close entry(s) order TEST,BuySignal,
2881,LONG,2026-01-19,736.9,1.0,2026-01-20,790.8,1.0,53.89999999999998,0.0,0.049999999999954525,53.89999999999998,0.0731442529515538,Close entry(s) order TEST,BuySignal,
2882,LONG,2026-01-21,755.1,1.0,2026-01-22,756.1,1.0,1.0,0.0,0.049999999999954525,1.0,0.001324327903588829,Close entry(s) order TEST,BuySignal,
2883,LONG,2026-01-23,759.8,1.0,2026-01-27,740.1,1.0,-19.699999999999932,0.0,0.0,-19.699999999999932,-0.025927875756778018,Close entry(s) order TEST,BuySignal,
2884,LONG,2026-01-28,728.8,1.0,2026-01-29,754.0,1.0,25.200000000000045,0.0,0.0,25.200000000000045,0.03457738748627892,Close entry(s) order TEST,BuySignal,
2885,LONG,2026-01-30,738.0,1.0,2026-02-01,725.0,1.0,-13.0,0.0,0.0,-13.0,-0.017615176151761558,Close entry(s) order TEST,BuySignal,
2886,LONG,2026-02-02,733.9,1.0,2026-02-03,800.0,1.0,66.10000000000002,0.0,0.049999999999954525,66.10000000000002,0.09006676658945367,Close entry(s) order TEST,BuySignal,
2887,LONG,2026-02-04,808.0,1.0,2026-02-05,815.7,1.0,7.7000000000000455,0.0,0.0,7.7000000000000455,0.009529702970296983,Close entry(s) order TEST,BuySignal,
2888,LONG,2026-02-06,838.6,1.0,2026-02-09,837.5,1.0,-1.1000000000000227,0.0,0.049999999999954525,-1.1000000000000227,-0.0013117099928452447,Close entry(s) order TEST,BuySignal,
2889,LONG,2026-02-10,832.4,1.0,2026-02-11,834.1,1.0,1.7000000000000455,0.0,0.0,1.7000000000000455,0.0020422873618453075,Close entry(s) order TEST,BuySignal,
2890,LONG,2026-02-12,834.1,1.0,2026-02-13,830.0,1.0,-4.100000000000023,0.0,0.049999999999954525,-4.100000000000023,-0.004915477760460418,Close entry(s) order TEST,BuySignal,
2891,LONG,2026-02-16,802.6,1.0,2026-02-17,808.0,1.0,5.399999999999977,0.0,0.0,5.399999999999977,0.006728133565910843,Close entry(s) order TEST,BuySignal,
2892,LONG,2026-02-18,807.2,1.0,2026-02-19,809.2,1.0,2.0,0.0,0.049999999999954525,2.0,0.0024777006937561907,Close entry(s) order TEST,BuySignal,
2893,LONG,2026-02-20,785.2,1.0,2026-02-23,795.0,1.0,9.799999999999955,0.0,0.0,9.799999999999955,0.012480896586856804,Close entry(s) order TEST,BuySignal,
2894,LONG,2026-02-24,783.5,1.0,2026-02-25,776.4,1.0,-7.100000000000023,0.0,0.0,-7.100000000000023,-0.009061901723037669,Close entry(s) order TEST,BuySignal,
2895,LONG,2026-02-26,801.6,1.0,2026-02-27,828.0,1.0,26.399999999999977,0.0,0.0,26.399999999999977,0.03293413173652682,Close entry(s) order TEST,BuySignal,
2896,LONG,2026-03-02,780.0,1.0,2026-03-04,800.0,1.0,20.0,0.0,0.0,20.0,0.02564102564102555,Close entry(s) order TEST,BuySignal,
2897,LONG,2026-03-05,807.4,1.0,2026-03-06,816.0,1.0,8.600000000000023,0.0,0.0,8.600000000000023,0.010651473866732708,Close entry(s) order TEST,BuySignal,
2898,LONG,2026-03-09,800.0,1.0,2026-03-10,791.0,1.0,-9.0,0.0,0.0,-9.0,-0.011249999999999982,Close entry(s) order TEST,BuySignal,
2899,LONG,2026-03-11,820.5,1.0,2026-03-12,823.0,1.0,2.5,0.0,0.0,2.5,0.0030469226081657474,Close entry(s) order TEST,BuySignal,
2900,LONG,2026-03-13,836.0,1.0,2026-03-16,800.0,1.0,-36.0,0.0,0.0,-36.0,-0.0430622009569378,Close entry(s) order TEST,BuySignal,
2901,LONG,2026-03-17,804.2,1.0,2026-03-18,815.0,1.0,10.799999999999955,0.0,0.0,10.799999999999955,0.013429495150460102,Close entry(s) order TEST,BuySignal,
2902,LONG,2026-03-19,810.0,1.0,2026-03-20,804.5,1.0,-5.5,0.0,0.0,-5.5,-0.006790123456790087,Close entry(s) order TEST,BuySignal,
2903,LONG,2026-03-23,800.0,1.0,2026-03-24,795.0,1.0,-5.0,0.0,0.0,-5.0,-0.006249999999999978,Close entry(s) order TEST,BuySignal,
2904,LONG,2026-03-25,815.0,1.0,2026-03-27,831.0,1.0,16.0,0.0,0.0,16.0,0.019631901840490906,Close entry(s) order TEST,BuySignal,
2905,LONG,2026-03-30,817.4,1.0,2026-04-01,825.8,1.0,8.399999999999977,0.0,0.049999999999954525,8.399999999999977,0.010276486420357278,Close entry(s) order TEST,BuySignal,
2906,LONG,2026-04-02,819.9,1.0,2026-04-06,850.0,1.0,30.100000000000023,0.0,0.0,30.100000000000023,0.036711794121234265,Close entry(s) order TEST,BuySignal,
2907,LONG,2026-04-07,862.6,1.0,2026-04-08,910.0,1.0,47.39999999999998,0.0,0.0,47.39999999999998,0.05495015070716436,Close entry(s) order TEST,BuySignal,
2908,LONG,2026-04-09,920.0,1.0,2026-04-10,955.0,1.0,35.0,0.0,0.0,35.0,0.03804347826086962,Close entry(s) order TEST,BuySignal,
2909,LONG,2026-04-13,941.0,1.0,2026-04-15,1022.5,1.0,81.5,0.0,0.0,81.5,0.08660998937300746,Close entry(s) order TEST,BuySignal,
2910,LONG,2026-04-16,1065.0,1.0,2026-04-17,1080.0,1.0,15.0,0.0,0.0,15.0,0.014084507042253502,Close entry(s) order TEST,BuySignal,
2911,LONG,2026-04-20,1077.0,1.0,2026-04-21,1080.1,1.0,3.099999999999909,0.0,0.0,3.099999999999909,0.0028783658310120863,Close entry(s) order TEST,BuySignal,
2912,LONG,2026-04-22,1112.0,1.0,2026-04-23,1130.0,1.0,18.0,0.0,0.0,18.0,0.01618705035971213,Close entry(s) order TEST,BuySignal,
2913,LONG,2026-04-24,1210.0,1.0,2026-04-27,1224.5,1.0,14.5,0.0,0.0,14.5,0.011983471074380248,Close entry(s) order TEST,BuySignal,
2914,LONG,2026-04-28,1225.0,1.0,2026-04-29,1240.0,1.0,15.0,0.0,0.0,15.0,0.012244897959183598,Close entry(s) order TEST,BuySignal,
2915,LONG,2026-04-30,1262.0,1.0,2026-05-04,1285.0,1.0,23.0,0.0,0.049999999999954525,23.0,0.018225039619651273,Close entry(s) order TEST,BuySignal,
2916,LONG,2026-05-05,1238.0,1.0,2026-05-06,1261.9,1.0,23.90000000000009,0.0,0.0,23.90000000000009,0.01930533117932165,Close entry(s) order TEST,BuySignal,
2917,LONG,2026-05-07,1289.0,1.0,2026-05-08,1299.0,1.0,10.0,0.0,0.0,10.0,0.007757951900698279,Close entry(s) order TEST,BuySignal,
2918,LONG,2026-05-11,1288.0,1.0,2026-05-12,1330.9,1.0,42.90000000000009,0.0,0.0,42.90000000000009,0.03330745341614905,Close entry(s) order TEST,BuySignal,
2919,LONG,2026-05-13,1318.0,1.0,2026-05-14,1360.0,1.0,42.0,0.0,0.0,42.0,0.03186646433990892,Close entry(s) order TEST,BuySignal,
2920,LONG,2026-05-15,1374.8,1.0,2026-05-18,1309.0,1.0,-65.79999999999995,0.0,0.0,-65.79999999999995,-0.0478615071283095,Close entry(s) order TEST,BuySignal,
2921,LONG,2026-05-19,1300.1,1.0,2026-05-20,1278.2,1.0,-21.899999999999864,0.0,0.0,-21.899999999999864,-0.01684485808783931,Close entry(s) order TEST,BuySignal,
2922,LONG,2026-05-21,1320.0,1.0,2026-05-22,1281.9,1.0,-38.09999999999991,0.0,0.0,-38.09999999999991,-0.028863636363636314,Close entry(s) order TEST,BuySignal,
2923,LONG,2026-05-25,1284.9,1.0,2026-05-26,1294.9,1.0,10.0,0.0,0.0,10.0,0.007782706825433916,Close entry(s) order TEST,BuySignal,
2924,LONG,2026-05-27,1319.0,1.0,2026-05-29,1369.2,1.0,50.200000000000045,0.0,0.0,50.200000000000045,0.03805913570887043,Close entry(s) order TEST,BuySignal,
2925,LONG,2026-06-01,1380.1,1.0,2026-06-02,1373.1,1.0,-7.0,0.0,0.0,-7.0,-0.005072096224911227,Close entry(s) order TEST,BuySignal,
2926,LONG,2026-06-03,1385.1,1.0,2026-06-04,1418.5,1.0,33.40000000000009,0.0,0.0,33.40000000000009,0.0241137823983828,Close entry(s) order TEST,BuySignal,
2927,LONG,2026-06-05,1402.7,1.0,2026-06-08,1360.0,1.0,-42.700000000000045,0.0,0.0,-42.700000000000045,-0.030441291794396586,Close entry(s) order TEST,BuySignal,
2928,LONG,2026-06-09,1348.0,1.0,2026-06-10,1418.0,1.0,70.0,0.0,0.0,70.0,0.05192878338278928,Close entry(s) order TEST,BuySignal,
2929,LONG,2026-06-11,1370.0,1.0,2026-06-12,1400.0,1.0,30.0,0.0,0.0,30.0,0.021897810218978186,Close entry(s) order TEST,BuySignal,
2930,LONG,2026-06-15,1420.0,1.0,2026-06-16,1398.0,1.0,-22.0,0.0,0.0,-22.0,-0.015492957746478853,Close entry(s) order TEST,BuySignal,
2931,LONG,2026-06-17,1374.7,1.0,2026-06-18,1394.4,1.0,19.700000000000045,0.0,0.0,19.700000000000045,0.014330399359860468,Close entry(s) order TEST,BuySignal,
2932,LONG,2026-06-19,1389.0,1.0,2026-06-22,1426.3,1.0,37.299999999999955,0.0,0.0,37.299999999999955,0.026853851691864605,Close entry(s) order TEST,BuySignal,
2933,LONG,2026-06-23,1418.8,1.0,2026-06-24,1400.0,1.0,-18.799999999999955,0.0,0.0,-18.799999999999955,-0.013250634338877854,Close entry(s) order TEST,BuySignal,
2934,LONG,2026-06-25,1420.9,1.0,2026-06-29,1465.0,1.0,44.09999999999991,0.0,0.0,44.09999999999991,0.031036666901259613,Close entry(s) order TEST,BuySignal,
2935,LONG,2026-06-30,1520.0,1.0,2026-07-01,1530.1,1.0,10.099999999999909,0.0,0.0,10.099999999999909,0.006644736842105203,Close entry(s) order TEST,BuySignal,
2936,LONG,2026-07-02,1490.0,1.0,2026-07-03,1498.8,1.0,8.799999999999955,0.0,0.0,8.799999999999955,0.005906040268456314,Close entry(s) order TEST,BuySignal,
2937,LONG,2026-07-06,1425.0,1.0,2026-07-07,1544.9,1.0,119.90000000000009,0.0,0.0,119.90000000000009,0.08414035087719296,Close entry(s) order TEST,BuySignal,
2938,LONG,2026-07-08,1540.0,1.0,2026-07-09,1525.0,1.0,-15.0,0.0,0.0,-15.0,-0.009740259740259716,Close entry(s) order TEST,BuySignal,
2939,LONG,2026-07-10,1617.8,1.0,2026-07-13,1601.7,1.0,-16.09999999999991,0.0,0.0,-16.09999999999991,-0.00995178637656069,Close entry(s) order TEST,BuySignal,
2940,LONG,2026-07-14,1637.2,1.0,2026-07-15,1693.0,1.0,55.799999999999955,0.0,0.0,55.799999999999955,0.034082580014659136,Close entry(s) order TEST,BuySignal,
2941,LONG,2026-07-16,1694.0,1.0,2026-07-17,1695.0,1.0,1.0,0.0,0.0,1.0,0.0005903187721369996,Close entry(s) order TEST,BuySignal,
2942,LONG,2026-07-20,1585.0,1.0,2026-07-21,1625.0,1.0,40.0,0.0,0.0,40.0,0.025236593059936974,Close entry(s) order TEST,BuySignal,
2943,LONG,2026-07-22,1632.6,1.0,2026-07-23,1611.8,1.0,-20.799999999999955,0.0,0.0,-20.799999999999955,-0.01274041406345705,Close entry(s) order TEST,BuySignal,
2944,LONG,2026-07-24,1596.8,1.0,2026-07-27,1665.0,1.0,68.20000000000005,0.0,0.0,68.20000000000005,0.042710420841683305,Close entry(s) order TEST,BuySignal,
2945,LONG,2026-07-28,1619.9,1.0,2026-07-29,1645.0,1.0,25.09999999999991,0.0,0.0,25.09999999999991,0.015494783628619002,Close entry(s) order TEST,BuySignal,
2946,LONG,2026-07-30,1700.0,1.0,2026-07-31,1668.4,1.0,-31.59999999999991,0.0,0.0,-31.59999999999991,-0.018588235294117572,Close entry(s) order TEST,BuySignal,
2947,LONG,2026-08-03,1672.0,1.0,2026-08-04,1706.0,1.0,34.0,0.0,0.0,34.0,0.020334928229664984,Close entry(s) order TEST,BuySignal,
2948,LONG,2026-08-05,1738.8,1.0,2026-08-06,1800.0,1.0,61.200000000000045,0.0,0.0,61.200000000000045,0.035196687370600444,Close entry(s) order TEST,BuySignal,
2949,LONG,2026-08-07,1821.8,1.0,2026-08-10,1848.1,1.0,26.299999999999955,0.0,0.0,26.299999999999955,0.014436271819080027,Close entry(s) order TEST,BuySignal,
2950,LONG,2026-08-11,1848.1,1.0,2026-08-12,1844.4,1.0,-3.699999999999818,0.0,0.0,-3.699999999999818,-0.0020020561657917435,Close entry(s) order TEST,BuySignal,
2951,LONG,2026-08-13,1869.6,1.0,2026-08-14,1889.8,1.0,20.200000000000045,0.0,0.0,20.200000000000045,0.01080445014976461,Close entry(s) order TEST,BuySignal,
2952,LONG,2026-08-17,1873.3,1.0,2026-08-18,1886.6,1.0,13.299999999999955,0.0,0.0,13.299999999999955,0.007099770458549148,Close entry(s) order TEST,BuySignal,
2953,LONG,2026-08-19,1929.2,1.0,2026-08-20,1990.0,1.0,60.799999999999955,0.0,0.0,60.799999999999955,0.03151565415716351,Close entry(s) order TEST,BuySignal,
2954,LONG,2026-08-21,2175.0,1.0,2026-08-24,2290.0,1.0,115.0,0.0,0.0,115.0,0.05287356321839076,Close entry(s) order TEST,BuySignal,
