trade_number,direction,entry_dt,entry_price,entry_qty,exit_dt,exit_price,exit_qty,gross_pnl,commission,slippage,net_pnl,return_pct,exit_reason,entry_signal,duration_bars
1,LONG,2002-08-22,16.3,1.0,2002-09-03,16.3,1.0,0.0,0.0,0.0,0.0,0.0,Close entry(s) order TEST,TEST,8
2,LONG,2002-09-04,16.3,1.0,2002-09-05,16.3,1.0,0.0,0.0,0.0,0.0,0.0,Close entry(s) order TEST,TEST,1
3,LONG,2002-09-06,16.3,1.0,2002-09-09,16.3,1.0,0.0,0.0,0.0,0.0,0.0,Close entry(s) order TEST,TEST,1
4,LONG,2002-09-11,16.3,1.0,2002-09-12,16.3,1.0,0.0,0.0,0.0,0.0,0.0,Close entry(s) order TEST,TEST,1
5,LONG,2002-09-13,16.3,1.0,2002-09-16,16.3,1.0,0.0,0.0,0.0,0.0,0.0,Close entry(s) order TEST,TEST,1
6,LONG,2002-09-17,16.3,1.0,2002-09-18,16.3,1.0,0.0,0.0,0.0,0.0,0.0,Close entry(s) order TEST,TEST,1
7,LONG,2002-09-19,16.3,1.0,2002-09-20,16.3,1.0,0.0,0.0,0.0,0.0,0.0,Close entry(s) order TEST,TEST,1
8,LONG,2002-09-23,16.3,1.0,2002-09-24,16.3,1.0,0.0,0.0,0.0,0.0,0.0,Close entry(s) order TEST,TEST,1
9,LONG,2002-09-25,16.3,1.0,2002-09-26,16.3,1.0,0.0,0.0,0.0,0.0,0.0,Close entry(s) order TEST,TEST,1
10,LONG,2002-09-27,14.3,1.0,2002-09-30,14.3,1.0,0.0,0.0,0.0,0.0,0.0,Close entry(s) order TEST,TEST,1
11,LONG,2002-10-01,14.3,1.0,2002-10-03,16.3,1.0,2.0,0.0,0.0,2.0,13.99,Close entry(s) order TEST,TEST,1
12,LONG,2002-10-04,16.3,1.0,2002-10-07,16.3,1.0,0.0,0.0,0.0,0.0,0.0,Close entry(s) order TEST,TEST,1
13,LONG,2002-10-08,16.3,1.0,2002-10-09,16.3,1.0,0.0,0.0,0.0,0.0,0.0,Close entry(s) order TEST,TEST,1
14,LONG,2002-10-10,16.3,1.0,2002-10-11,16.3,1.0,0.0,0.0,0.0,0.0,0.0,Close entry(s) order TEST,TEST,1
15,LONG,2002-10-14,16.3,1.0,2002-10-16,16.3,1.0,0.0,0.0,0.0,0.0,0.0,Close entry(s) order TEST,TEST,1
16,LONG,2002-10-17,16.3,1.0,2002-10-18,16.3,1.0,0.0,0.0,0.0,0.0,0.0,Close entry(s) order TEST,TEST,1
17,LONG,2002-10-21,16.3,1.0,2002-10-22,16.3,1.0,0.0,0.0,0.0,0.0,0.0,Close entry(s) order TEST,TEST,1
18,LONG,2002-10-23,14.3,1.0,2002-10-24,16.3,1.0,2.0,0.0,0.0,2.0,13.99,Close entry(s) order TEST,TEST,1
19,LONG,2002-10-25,14.3,1.0,2002-10-28,14.3,1.0,0.0,0.0,0.0,0.0,0.0,Close entry(s) order TEST,TEST,1
20,LONG,2002-10-29,14.3,1.0,2002-10-30,14.3,1.0,0.0,0.0,0.0,0.0,0.0,Close entry(s) order TEST,TEST,1
21,LONG,2002-10-31,14.3,1.0,2002-11-01,14.3,1.0,0.0,0.0,0.0,0.0,0.0,Close entry(s) order TEST,TEST,1
22,LONG,2002-11-04,16.3,1.0,2002-11-05,14.3,1.0,-2.0,0.0,0.0,-2.0,-12.27,Close entry(s) order TEST,TEST,1
23,LONG,2002-11-07,18.4,1.0,2002-11-08,18.4,1.0,0.0,0.0,0.0,0.0,0.0,Close entry(s) order TEST,TEST,1
24,LONG,2002-11-11,22.4,1.0,2002-11-12,18.4,1.0,-4.0,0.0,0.0,-4.0,-17.86,Close entry(s) order TEST,TEST,1
25,LONG,2002-11-13,18.4,1.0,2002-11-14,18.4,1.0,0.0,0.0,0.0,0.0,0.0,Close entry(s) order TEST,TEST,1
26,LONG,2002-11-15,18.4,1.0,2002-11-18,18.4,1.0,0.0,0.0,0.0,0.0,0.0,Close entry(s) order TEST,TEST,1
27,LONG,2002-11-20,18.4,1.0,2002-11-21,20.4,1.0,2.0,0.0,0.0,2.0,10.87,Close entry(s) order TEST,TEST,1
28,LONG,2002-11-22,20.4,1.0,2002-11-25,18.4,1.0,-2.0,0.0,0.0,-2.0,-9.8,Close entry(s) order TEST,TEST,1
29,LONG,2002-11-26,18.4,1.0,2002-11-27,18.4,1.0,0.0,0.0,0.0,0.0,0.0,Close entry(s) order TEST,TEST,1
30,LONG,2002-11-28,18.4,1.0,2002-11-29,18.4,1.0,0.0,0.0,0.0,0.0,0.0,Close entry(s) order TEST,TEST,1
31,LONG,2002-12-02,18.4,1.0,2002-12-03,18.4,1.0,0.0,0.0,0.0,0.0,0.0,Close entry(s) order TEST,TEST,1
32,LONG,2002-12-04,18.4,1.0,2002-12-05,18.4,1.0,0.0,0.0,0.0,0.0,0.0,Close entry(s) order TEST,TEST,1
33,LONG,2002-12-06,18.4,1.0,2002-12-09,20.4,1.0,2.0,0.0,0.0,2.0,10.87,Close entry(s) order TEST,TEST,1
34,LONG,2002-12-10,20.4,1.0,2002-12-11,18.4,1.0,-2.0,0.0,0.0,-2.0,-9.8,Close entry(s) order TEST,TEST,1
35,LONG,2002-12-12,18.4,1.0,2002-12-13,18.4,1.0,0.0,0.0,0.0,0.0,0.0,Close entry(s) order TEST,TEST,1
36,LONG,2002-12-16,18.4,1.0,2002-12-17,18.4,1.0,0.0,0.0,0.0,0.0,0.0,Close entry(s) order TEST,TEST,1
37,LONG,2002-12-18,18.4,1.0,2002-12-19,20.4,1.0,2.0,0.0,0.0,2.0,10.87,Close entry(s) order TEST,TEST,1
38,LONG,2002-12-20,20.4,1.0,2002-12-23,20.4,1.0,0.0,0.0,0.0,0.0,0.0,Close entry(s) order TEST,TEST,1
39,LONG,2002-12-24,20.4,1.0,2002-12-26,20.4,1.0,0.0,0.0,0.0,0.0,0.0,Close entry(s) order TEST,TEST,1
40,LONG,2002-12-27,20.4,1.0,2002-12-30,18.4,1.0,-2.0,0.0,0.0,-2.0,-9.8,Close entry(s) order TEST,TEST,1
41,LONG,2002-12-31,18.4,1.0,2003-01-01,18.4,1.0,0.0,0.0,0.0,0.0,0.0,Close entry(s) order TEST,TEST,1
42,LONG,2003-01-02,18.4,1.0,2003-01-03,18.4,1.0,0.0,0.0,0.0,0.0,0.0,Close entry(s) order TEST,TEST,1
43,LONG,2003-01-06,18.4,1.0,2003-01-07,18.4,1.0,0.0,0.0,0.0,0.0,0.0,Close entry(s) order TEST,TEST,1
44,LONG,2003-01-08,18.4,1.0,2003-01-09,18.4,1.0,0.0,0.0,0.0,0.0,0.0,Close entry(s) order TEST,TEST,1
45,LONG,2003-01-10,18.4,1.0,2003-01-13,18.4,1.0,0.0,0.0,0.0,0.0,0.0,Close entry(s) order TEST,TEST,1
46,LONG,2003-01-14,18.4,1.0,2003-01-15,18.4,1.0,0.0,0.0,0.0,0.0,0.0,Close entry(s) order TEST,TEST,1
47,LONG,2003-01-16,18.4,1.0,2003-01-17,18.4,1.0,0.0,0.0,0.0,0.0,0.0,Close entry(s) order TEST,TEST,1
48,LONG,2003-01-20,18.4,1.0,2003-01-21,18.4,1.0,0.0,0.0,0.0,0.0,0.0,Close entry(s) order TEST,TEST,1
49,LONG,2003-01-22,18.4,1.0,2003-01-23,18.4,1.0,0.0,0.0,0.0,0.0,0.0,Close entry(s) order TEST,TEST,1
50,LONG,2003-01-24,18.4,1.0,2003-01-27,18.4,1.0,0.0,0.0,0.0,0.0,0.0,Close entry(s) order TEST,TEST,1
51,LONG,2003-01-28,16.3,1.0,2003-01-29,20.4,1.0,4.1,0.0,0.0,4.1,25.15,Close entry(s) order TEST,TEST,1
52,LONG,2003-01-30,18.4,1.0,2003-01-31,18.4,1.0,0.0,0.0,0.0,0.0,0.0,Close entry(s) order TEST,TEST,1
53,LONG,2003-02-03,20.4,1.0,2003-02-04,18.4,1.0,-2.0,0.0,0.0,-2.0,-9.8,Close entry(s) order TEST,TEST,1
54,LONG,2003-02-05,16.3,1.0,2003-02-06,18.4,1.0,2.1,0.0,0.0,2.1,12.88,Close entry(s) order TEST,TEST,1
55,LONG,2003-02-07,18.4,1.0,2003-02-10,16.3,1.0,-2.1,0.0,0.0,-2.1,-11.41,Close entry(s) order TEST,TEST,1
56,LONG,2003-02-11,16.3,1.0,2003-02-12,16.3,1.0,0.0,0.0,0.0,0.0,0.0,Close entry(s) order TEST,TEST,1
57,LONG,2003-02-14,16.3,1.0,2003-02-17,16.3,1.0,0.0,0.0,0.0,0.0,0.0,Close entry(s) order TEST,TEST,1
58,LONG,2003-02-18,16.3,1.0,2003-02-19,16.3,1.0,0.0,0.0,0.0,0.0,0.0,Close entry(s) order TEST,TEST,1
59,LONG,2003-02-20,16.3,1.0,2003-02-21,16.3,1.0,0.0,0.0,0.0,0.0,0.0,Close entry(s) order TEST,TEST,1
60,LONG,2003-02-24,16.3,1.0,2003-02-25,16.3,1.0,0.0,0.0,0.0,0.0,0.0,Close entry(s) order TEST,TEST,1
61,LONG,2003-02-26,14.3,1.0,2003-02-27,16.3,1.0,2.0,0.0,0.0,2.0,13.99,Close entry(s) order TEST,TEST,1
62,LONG,2003-02-28,16.3,1.0,2003-03-03,14.3,1.0,-2.0,0.0,0.0,-2.0,-12.27,Close entry(s) order TEST,TEST,1
63,LONG,2003-03-04,16.3,1.0,2003-03-05,14.3,1.0,-2.0,0.0,0.0,-2.0,-12.27,Close entry(s) order TEST,TEST,1
64,LONG,2003-03-06,14.3,1.0,2003-03-07,14.3,1.0,0.0,0.0,0.0,0.0,0.0,Close entry(s) order TEST,TEST,1
65,LONG,2003-03-10,14.3,1.0,2003-03-11,14.3,1.0,0.0,0.0,0.0,0.0,0.0,Close entry(s) order TEST,TEST,1
66,LONG,2003-03-12,14.3,1.0,2003-03-13,14.3,1.0,0.0,0.0,0.0,0.0,0.0,Close entry(s) order TEST,TEST,1
67,LONG,2003-03-17,14.3,1.0,2003-03-19,14.3,1.0,0.0,0.0,0.0,0.0,0.0,Close entry(s) order TEST,TEST,1
68,LONG,2003-03-20,16.3,1.0,2003-03-21,14.3,1.0,-2.0,0.0,0.0,-2.0,-12.27,Close entry(s) order TEST,TEST,1
69,LONG,2003-03-24,14.3,1.0,2003-03-25,14.3,1.0,0.0,0.0,0.0,0.0,0.0,Close entry(s) order TEST,TEST,1
70,LONG,2003-03-26,14.3,1.0,2003-03-27,14.3,1.0,0.0,0.0,0.0,0.0,0.0,Close entry(s) order TEST,TEST,1
71,LONG,2003-03-28,14.3,1.0,2003-03-31,14.3,1.0,0.0,0.0,0.0,0.0,0.0,Close entry(s) order TEST,TEST,1
72,LONG,2003-04-01,14.3,1.0,2003-04-02,14.3,1.0,0.0,0.0,0.0,0.0,0.0,Close entry(s) order TEST,TEST,1
73,LONG,2003-04-03,14.3,1.0,2003-04-04,14.3,1.0,0.0,0.0,0.0,0.0,0.0,Close entry(s) order TEST,TEST,1
74,LONG,2003-04-07,16.3,1.0,2003-04-08,16.3,1.0,0.0,0.0,0.0,0.0,0.0,Close entry(s) order TEST,TEST,1
75,LONG,2003-04-09,16.3,1.0,2003-04-10,16.3,1.0,0.0,0.0,0.0,0.0,0.0,Close entry(s) order TEST,TEST,1
76,LONG,2003-04-11,16.3,1.0,2003-04-15,14.3,1.0,-2.0,0.0,0.0,-2.0,-12.27,Close entry(s) order TEST,TEST,1
77,LONG,2003-04-16,16.3,1.0,2003-04-17,16.3,1.0,0.0,0.0,0.0,0.0,0.0,Close entry(s) order TEST,TEST,1
78,LONG,2003-04-21,16.3,1.0,2003-04-22,16.3,1.0,0.0,0.0,0.0,0.0,0.0,Close entry(s) order TEST,TEST,1
79,LONG,2003-04-23,16.3,1.0,2003-04-24,16.3,1.0,0.0,0.0,0.0,0.0,0.0,Close entry(s) order TEST,TEST,1
80,LONG,2003-04-25,16.3,1.0,2003-04-28,16.3,1.0,0.0,0.0,0.0,0.0,0.0,Close entry(s) order TEST,TEST,1
81,LONG,2003-04-29,16.3,1.0,2003-04-30,16.3,1.0,0.0,0.0,0.0,0.0,0.0,Close entry(s) order TEST,TEST,1
82,LONG,2003-05-02,14.3,1.0,2003-05-05,14.3,1.0,0.0,0.0,0.0,0.0,0.0,Close entry(s) order TEST,TEST,1
83,LONG,2003-05-06,14.3,1.0,2003-05-07,16.3,1.0,2.0,0.0,0.0,2.0,13.99,Close entry(s) order TEST,TEST,1
84,LONG,2003-05-08,16.3,1.0,2003-05-09,18.4,1.0,2.1,0.0,0.0,2.1,12.88,Close entry(s) order TEST,TEST,1
85,LONG,2003-05-12,18.4,1.0,2003-05-13,18.4,1.0,0.0,0.0,0.0,0.0,0.0,Close entry(s) order TEST,TEST,1
86,LONG,2003-05-14,20.4,1.0,2003-05-15,20.4,1.0,0.0,0.0,0.0,0.0,0.0,Close entry(s) order TEST,TEST,1
87,LONG,2003-05-16,24.5,1.0,2003-05-19,24.5,1.0,0.0,0.0,0.0,0.0,0.0,Close entry(s) order TEST,TEST,1
88,LONG,2003-05-20,24.5,1.0,2003-05-21,24.5,1.0,0.0,0.0,0.0,0.0,0.0,Close entry(s) order TEST,TEST,1
89,LONG,2003-05-22,24.5,1.0,2003-05-23,24.5,1.0,0.0,0.0,0.0,0.0,0.0,Close entry(s) order TEST,TEST,1
90,LONG,2003-05-26,24.5,1.0,2003-05-27,24.5,1.0,0.0,0.0,0.0,0.0,0.0,Close entry(s) order TEST,TEST,1
91,LONG,2003-05-28,22.4,1.0,2003-05-29,22.4,1.0,0.0,0.0,0.0,0.0,0.0,Close entry(s) order TEST,TEST,1
92,LONG,2003-05-30,22.4,1.0,2003-06-02,22.4,1.0,0.0,0.0,0.0,0.0,0.0,Close entry(s) order TEST,TEST,1
93,LONG,2003-06-03,22.4,1.0,2003-06-04,24.5,1.0,2.1,0.0,0.0,2.1,9.38,Close entry(s) order TEST,TEST,1
94,LONG,2003-06-05,24.5,1.0,2003-06-06,22.4,1.0,-2.1,0.0,0.0,-2.1,-8.57,Close entry(s) order TEST,TEST,1
95,LONG,2003-06-09,22.4,1.0,2003-06-10,22.4,1.0,0.0,0.0,0.0,0.0,0.0,Close entry(s) order TEST,TEST,1
96,LONG,2003-06-11,22.4,1.0,2003-06-12,22.4,1.0,0.0,0.0,0.0,0.0,0.0,Close entry(s) order TEST,TEST,1
97,LONG,2003-06-13,24.5,1.0,2003-06-16,24.5,1.0,0.0,0.0,0.0,0.0,0.0,Close entry(s) order TEST,TEST,1
98,LONG,2003-06-17,24.5,1.0,2003-06-18,24.5,1.0,0.0,0.0,0.0,0.0,0.0,Close entry(s) order TEST,TEST,1
99,LONG,2003-06-19,24.5,1.0,2003-06-20,28.6,1.0,4.1,0.0,0.0,4.1,16.73,Close entry(s) order TEST,TEST,1
100,LONG,2003-06-23,28.6,1.0,2003-06-24,28.6,1.0,0.0,0.0,0.0,0.0,0.0,Close entry(s) order TEST,TEST,1
101,LONG,2003-06-25,30.6,1.0,2003-06-26,36.7,1.0,6.1,0.0,0.0,6.1,19.93,Close entry(s) order TEST,TEST,1
102,LONG,2003-06-27,34.7,1.0,2003-06-30,36.7,1.0,2.0,0.0,0.0,2.0,5.76,Close entry(s) order TEST,TEST,1
103,LONG,2003-07-01,44.9,1.0,2003-07-02,44.9,1.0,0.0,0.0,0.0,0.0,0.0,Close entry(s) order TEST,TEST,1
104,LONG,2003-07-03,44.9,1.0,2003-07-04,44.9,1.0,0.0,0.0,0.0,0.0,0.0,Close entry(s) order TEST,TEST,1
105,LONG,2003-07-07,44.9,1.0,2003-07-08,49.0,1.0,4.1,0.0,0.0,4.1,9.13,Close entry(s) order TEST,TEST,1
106,LONG,2003-07-09,53.1,1.0,2003-07-10,51.0,1.0,-2.1,0.0,0.0,-2.1,-3.95,Close entry(s) order TEST,TEST,1
107,LONG,2003-07-11,53.1,1.0,2003-07-14,53.1,1.0,0.0,0.0,0.0,0.0,0.0,Close entry(s) order TEST,TEST,1
108,LONG,2003-07-15,55.1,1.0,2003-07-16,49.0,1.0,-6.1,0.0,0.0,-6.1,-11.07,Close entry(s) order TEST,TEST,1
109,LONG,2003-07-17,51.0,1.0,2003-07-18,46.9,1.0,-4.1,0.0,0.0,-4.1,-8.04,Close entry(s) order TEST,TEST,1
110,LONG,2003-07-21,46.9,1.0,2003-07-22,42.9,1.0,-4.0,0.0,0.0,-4.0,-8.53,Close entry(s) order TEST,TEST,1
111,LONG,2003-07-23,46.9,1.0,2003-07-24,44.9,1.0,-2.0,0.0,0.0,-2.0,-4.26,Close entry(s) order TEST,TEST,1
112,LONG,2003-07-25,44.9,1.0,2003-07-28,46.9,1.0,2.0,0.0,0.0,2.0,4.45,Close entry(s) order TEST,TEST,1
113,LONG,2003-07-29,44.9,1.0,2003-07-30,49.0,1.0,4.1,0.0,0.0,4.1,9.13,Close entry(s) order TEST,TEST,1
114,LONG,2003-07-31,53.1,1.0,2003-08-01,49.0,1.0,-4.1,0.0,0.0,-4.1,-7.72,Close entry(s) order TEST,TEST,1
115,LONG,2003-08-04,49.0,1.0,2003-08-05,49.0,1.0,0.0,0.0,0.0,0.0,0.0,Close entry(s) order TEST,TEST,1
116,LONG,2003-08-06,49.0,1.0,2003-08-07,46.9,1.0,-2.1,0.0,0.0,-2.1,-4.29,Close entry(s) order TEST,TEST,1
117,LONG,2003-08-08,51.0,1.0,2003-08-11,49.0,1.0,-2.0,0.0,0.0,-2.0,-3.92,Close entry(s) order TEST,TEST,1
118,LONG,2003-08-12,49.0,1.0,2003-08-13,49.0,1.0,0.0,0.0,0.0,0.0,0.0,Close entry(s) order TEST,TEST,1
119,LONG,2003-08-14,53.1,1.0,2003-08-18,51.0,1.0,-2.1,0.0,0.0,-2.1,-3.95,Close entry(s) order TEST,TEST,1
120,LONG,2003-08-19,61.2,1.0,2003-08-20,53.1,1.0,-8.1,0.0,0.0,-8.1,-13.24,Close entry(s) order TEST,TEST,1
121,LONG,2003-08-21,53.1,1.0,2003-08-22,49.0,1.0,-4.1,0.0,0.0,-4.1,-7.72,Close entry(s) order TEST,TEST,1
122,LONG,2003-08-25,51.0,1.0,2003-08-26,49.0,1.0,-2.0,0.0,0.0,-2.0,-3.92,Close entry(s) order TEST,TEST,1
123,LONG,2003-08-27,53.1,1.0,2003-08-28,51.0,1.0,-2.1,0.0,0.0,-2.1,-3.95,Close entry(s) order TEST,TEST,1
124,LONG,2003-08-29,51.0,1.0,2003-09-01,46.9,1.0,-4.1,0.0,0.0,-4.1,-8.04,Close entry(s) order TEST,TEST,1
125,LONG,2003-09-02,49.0,1.0,2003-09-03,51.0,1.0,2.0,0.0,0.0,2.0,4.08,Close entry(s) order TEST,TEST,1
126,LONG,2003-09-04,49.0,1.0,2003-09-05,51.0,1.0,2.0,0.0,0.0,2.0,4.08,Close entry(s) order TEST,TEST,1
127,LONG,2003-09-08,55.1,1.0,2003-09-09,57.1,1.0,2.0,0.0,0.0,2.0,3.63,Close entry(s) order TEST,TEST,1
128,LONG,2003-09-10,61.2,1.0,2003-09-11,61.2,1.0,0.0,0.0,0.0,0.0,0.0,Close entry(s) order TEST,TEST,1
129,LONG,2003-09-12,65.3,1.0,2003-09-15,65.3,1.0,0.0,0.0,0.0,0.0,0.0,Close entry(s) order TEST,TEST,1
130,LONG,2003-09-16,61.2,1.0,2003-09-17,65.3,1.0,4.1,0.0,0.0,4.1,6.7,Close entry(s) order TEST,TEST,1
131,LONG,2003-09-18,63.3,1.0,2003-09-19,61.2,1.0,-2.1,0.0,0.0,-2.1,-3.32,Close entry(s) order TEST,TEST,1
132,LONG,2003-09-22,59.2,1.0,2003-09-23,59.2,1.0,0.0,0.0,0.0,0.0,0.0,Close entry(s) order TEST,TEST,1
133,LONG,2003-09-24,63.3,1.0,2003-09-25,59.2,1.0,-4.1,0.0,0.0,-4.1,-6.48,Close entry(s) order TEST,TEST,1
134,LONG,2003-09-26,61.2,1.0,2003-09-29,65.3,1.0,4.1,0.0,0.0,4.1,6.7,Close entry(s) order TEST,TEST,1
135,LONG,2003-09-30,69.4,1.0,2003-10-01,69.4,1.0,0.0,0.0,0.0,0.0,0.0,Close entry(s) order TEST,TEST,1
136,LONG,2003-10-03,73.5,1.0,2003-10-06,75.5,1.0,2.0,0.0,0.0,2.0,2.72,Close entry(s) order TEST,TEST,1
137,LONG,2003-10-07,73.5,1.0,2003-10-08,73.5,1.0,0.0,0.0,0.0,0.0,0.0,Close entry(s) order TEST,TEST,1
138,LONG,2003-10-09,73.5,1.0,2003-10-10,79.6,1.0,6.1,0.0,0.0,6.1,8.3,Close entry(s) order TEST,TEST,1
139,LONG,2003-10-13,79.6,1.0,2003-10-14,77.6,1.0,-2.0,0.0,0.0,-2.0,-2.51,Close entry(s) order TEST,TEST,1
140,LONG,2003-10-15,79.6,1.0,2003-10-16,83.7,1.0,4.1,0.0,0.0,4.1,5.15,Close entry(s) order TEST,TEST,1
141,LONG,2003-10-17,79.6,1.0,2003-10-20,79.6,1.0,0.0,0.0,0.0,0.0,0.0,Close entry(s) order TEST,TEST,1
142,LONG,2003-10-21,75.5,1.0,2003-10-22,73.5,1.0,-2.0,0.0,0.0,-2.0,-2.65,Close entry(s) order TEST,TEST,1
143,LONG,2003-10-23,73.5,1.0,2003-10-24,77.6,1.0,4.1,0.0,0.0,4.1,5.58,Close entry(s) order TEST,TEST,1
144,LONG,2003-10-27,83.7,1.0,2003-10-28,83.7,1.0,0.0,0.0,0.0,0.0,0.0,Close entry(s) order TEST,TEST,1
145,LONG,2003-10-29,79.6,1.0,2003-10-30,79.6,1.0,0.0,0.0,0.0,0.0,0.0,Close entry(s) order TEST,TEST,1
146,LONG,2003-10-31,79.6,1.0,2003-11-03,83.7,1.0,4.1,0.0,0.0,4.1,5.15,Close entry(s) order TEST,TEST,1
147,LONG,2003-11-04,83.7,1.0,2003-11-05,81.6,1.0,-2.1,0.0,0.0,-2.1,-2.51,Close entry(s) order TEST,TEST,1
148,LONG,2003-11-06,83.7,1.0,2003-11-07,85.7,1.0,2.0,0.0,0.0,2.0,2.39,Close entry(s) order TEST,TEST,1
149,LONG,2003-11-10,95.9,1.0,2003-11-11,83.7,1.0,-12.2,0.0,0.0,-12.2,-12.72,Close entry(s) order TEST,TEST,1
150,LONG,2003-11-12,85.7,1.0,2003-11-13,87.8,1.0,2.1,0.0,0.0,2.1,2.45,Close entry(s) order TEST,TEST,1
151,LONG,2003-11-14,85.7,1.0,2003-11-17,87.8,1.0,2.1,0.0,0.0,2.1,2.45,Close entry(s) order TEST,TEST,1
152,LONG,2003-11-18,95.9,1.0,2003-11-19,95.9,1.0,0.0,0.0,0.0,0.0,0.0,Close entry(s) order TEST,TEST,1
153,LONG,2003-11-20,95.9,1.0,2003-11-21,87.8,1.0,-8.1,0.0,0.0,-8.1,-8.45,Close entry(s) order TEST,TEST,1
154,LONG,2003-11-24,91.8,1.0,2003-11-25,91.8,1.0,0.0,0.0,0.0,0.0,0.0,Close entry(s) order TEST,TEST,1
155,LONG,2003-11-27,91.8,1.0,2003-11-28,89.8,1.0,-2.0,0.0,0.0,-2.0,-2.18,Close entry(s) order TEST,TEST,1
156,LONG,2003-12-01,91.8,1.0,2003-12-02,89.8,1.0,-2.0,0.0,0.0,-2.0,-2.18,Close entry(s) order TEST,TEST,1
157,LONG,2003-12-03,89.8,1.0,2003-12-04,98.0,1.0,8.2,0.0,0.0,8.2,9.13,Close entry(s) order TEST,TEST,1
158,LONG,2003-12-05,102.0,1.0,2003-12-08,100.0,1.0,-2.0,0.0,0.0,-2.0,-1.96,Close entry(s) order TEST,TEST,1
159,LONG,2003-12-09,100.0,1.0,2003-12-10,100.0,1.0,0.0,0.0,0.0,0.0,0.0,Close entry(s) order TEST,TEST,1
160,LONG,2003-12-11,101.6,1.0,2003-12-12,99.0,1.0,-2.6,0.0,0.0,-2.6,-2.56,Close entry(s) order TEST,TEST,1
161,LONG,2003-12-15,106.1,1.0,2003-12-16,105.9,1.0,-0.2,0.0,0.0,-0.2,-0.19,Close entry(s) order TEST,TEST,1
162,LONG,2003-12-17,101.9,1.0,2003-12-18,100.0,1.0,-1.9,0.0,0.0,-1.9,-1.86,Close entry(s) order TEST,TEST,1
163,LONG,2003-12-19,100.0,1.0,2003-12-22,96.9,1.0,-3.1,0.0,0.0,-3.1,-3.1,Close entry(s) order TEST,TEST,1
164,LONG,2003-12-23,96.9,1.0,2003-12-24,106.1,1.0,9.2,0.0,0.0,9.2,9.49,Close entry(s) order TEST,TEST,1
165,LONG,2003-12-26,102.9,1.0,2003-12-29,105.4,1.0,2.5,0.0,0.0,2.5,2.43,Close entry(s) order TEST,TEST,1
166,LONG,2003-12-30,108.1,1.0,2003-12-31,105.1,1.0,-3.0,0.0,0.0,-3.0,-2.78,Close entry(s) order TEST,TEST,1
167,LONG,2004-01-01,103.4,1.0,2004-01-02,104.8,1.0,1.4,0.0,0.0,1.4,1.35,Close entry(s) order TEST,TEST,1
168,LONG,2004-01-05,104.4,1.0,2004-01-06,103.5,1.0,-0.9,0.0,0.0,-0.9,-0.86,Close entry(s) order TEST,TEST,1
169,LONG,2004-01-07,97.4,1.0,2004-01-08,105.9,1.0,8.5,0.0,0.0,8.5,8.73,Close entry(s) order TEST,TEST,1
170,LONG,2004-01-09,101.4,1.0,2004-01-12,91.8,1.0,-9.6,0.0,0.0,-9.6,-9.47,Close entry(s) order TEST,TEST,1
171,LONG,2004-01-13,88.8,1.0,2004-01-14,92.4,1.0,3.6,0.0,0.0,3.6,4.05,Close entry(s) order TEST,TEST,1
172,LONG,2004-01-15,95.8,1.0,2004-01-16,94.7,1.0,-1.1,0.0,0.0,-1.1,-1.15,Close entry(s) order TEST,TEST,1
173,LONG,2004-01-19,87.2,1.0,2004-01-20,87.3,1.0,0.1,0.0,0.0,0.1,0.11,Close entry(s) order TEST,TEST,1
174,LONG,2004-01-21,84.8,1.0,2004-01-22,79.4,1.0,-5.4,0.0,0.0,-5.4,-6.37,Close entry(s) order TEST,TEST,1
175,LONG,2004-01-23,82.4,1.0,2004-01-27,87.8,1.0,5.4,0.0,0.0,5.4,6.55,Close entry(s) order TEST,TEST,1
176,LONG,2004-01-28,89.8,1.0,2004-01-29,83.7,1.0,-6.1,0.0,0.0,-6.1,-6.79,Close entry(s) order TEST,TEST,1
177,LONG,2004-01-30,85.2,1.0,2004-02-03,80.5,1.0,-4.7,0.0,0.0,-4.7,-5.52,Close entry(s) order TEST,TEST,1
178,LONG,2004-02-04,76.5,1.0,2004-02-05,79.6,1.0,3.1,0.0,0.0,3.1,4.05,Close entry(s) order TEST,TEST,1
179,LONG,2004-02-06,78.0,1.0,2004-02-09,77.4,1.0,-0.6,0.0,0.0,-0.6,-0.77,Close entry(s) order TEST,TEST,1
180,LONG,2004-02-10,85.3,1.0,2004-02-11,79.7,1.0,-5.6,0.0,0.0,-5.6,-6.57,Close entry(s) order TEST,TEST,1
181,LONG,2004-02-12,81.4,1.0,2004-02-13,79.4,1.0,-2.0,0.0,0.0,-2.0,-2.46,Close entry(s) order TEST,TEST,1
182,LONG,2004-02-16,89.6,1.0,2004-02-17,84.5,1.0,-5.1,0.0,0.0,-5.1,-5.69,Close entry(s) order TEST,TEST,1
183,LONG,2004-02-18,84.1,1.0,2004-02-19,81.9,1.0,-2.2,0.0,0.0,-2.2,-2.62,Close entry(s) order TEST,TEST,1
184,LONG,2004-02-20,78.6,1.0,2004-02-23,77.8,1.0,-0.8,0.0,0.0,-0.8,-1.02,Close entry(s) order TEST,TEST,1
185,LONG,2004-02-24,74.4,1.0,2004-02-25,72.4,1.0,-2.0,0.0,0.0,-2.0,-2.69,Close entry(s) order TEST,TEST,1
186,LONG,2004-02-26,67.9,1.0,2004-02-27,69.0,1.0,1.1,0.0,0.0,1.1,1.62,Close entry(s) order TEST,TEST,1
187,LONG,2004-03-01,67.9,1.0,2004-03-03,79.4,1.0,11.5,0.0,0.0,11.5,16.94,Close entry(s) order TEST,TEST,1
188,LONG,2004-03-04,74.5,1.0,2004-03-05,72.8,1.0,-1.7,0.0,0.0,-1.7,-2.28,Close entry(s) order TEST,TEST,1
189,LONG,2004-03-08,72.2,1.0,2004-03-09,74.0,1.0,1.8,0.0,0.0,1.8,2.49,Close entry(s) order TEST,TEST,1
190,LONG,2004-03-10,72.7,1.0,2004-03-11,71.1,1.0,-1.6,0.0,0.0,-1.6,-2.2,Close entry(s) order TEST,TEST,1
191,LONG,2004-03-12,70.0,1.0,2004-03-15,72.2,1.0,2.2,0.0,0.0,2.2,3.14,Close entry(s) order TEST,TEST,1
192,LONG,2004-03-16,67.3,1.0,2004-03-17,67.3,1.0,0.0,0.0,0.0,0.0,0.0,Close entry(s) order TEST,TEST,1
193,LONG,2004-03-18,68.6,1.0,2004-03-19,66.1,1.0,-2.5,0.0,0.0,-2.5,-3.64,Close entry(s) order TEST,TEST,1
194,LONG,2004-03-22,63.3,1.0,2004-03-23,59.2,1.0,-4.1,0.0,0.0,-4.1,-6.48,Close entry(s) order TEST,TEST,1
195,LONG,2004-03-24,57.8,1.0,2004-03-25,58.2,1.0,0.4,0.0,0.0,0.4,0.69,Close entry(s) order TEST,TEST,1
196,LONG,2004-03-26,57.0,1.0,2004-03-29,59.6,1.0,2.6,0.0,0.0,2.6,4.56,Close entry(s) order TEST,TEST,1
197,LONG,2004-03-30,59.3,1.0,2004-03-31,61.6,1.0,2.3,0.0,0.0,2.3,3.88,Close entry(s) order TEST,TEST,1
198,LONG,2004-04-01,61.2,1.0,2004-04-02,65.3,1.0,4.1,0.0,0.0,4.1,6.7,Close entry(s) order TEST,TEST,1
199,LONG,2004-04-05,70.5,1.0,2004-04-06,73.5,1.0,3.0,0.0,0.0,3.0,4.26,Close entry(s) order TEST,TEST,1
200,LONG,2004-04-07,71.4,1.0,2004-04-08,72.3,1.0,0.9,0.0,0.0,0.9,1.26,Close entry(s) order TEST,TEST,1
201,LONG,2004-04-12,73.5,1.0,2004-04-13,73.5,1.0,0.0,0.0,0.0,0.0,0.0,Close entry(s) order TEST,TEST,1
202,LONG,2004-04-15,72.4,1.0,2004-04-16,74.5,1.0,2.1,0.0,0.0,2.1,2.9,Close entry(s) order TEST,TEST,1
203,LONG,2004-04-19,81.7,1.0,2004-04-20,75.9,1.0,-5.8,0.0,0.0,-5.8,-7.1,Close entry(s) order TEST,TEST,1
204,LONG,2004-04-21,72.6,1.0,2004-04-22,77.3,1.0,4.7,0.0,0.0,4.7,6.47,Close entry(s) order TEST,TEST,1
205,LONG,2004-04-23,80.1,1.0,2004-04-27,77.6,1.0,-2.5,0.0,0.0,-2.5,-3.12,Close entry(s) order TEST,TEST,1
206,LONG,2004-04-28,72.9,1.0,2004-04-29,73.6,1.0,0.7,0.0,0.0,0.7,0.96,Close entry(s) order TEST,TEST,1
207,LONG,2004-04-30,76.4,1.0,2004-05-03,77.6,1.0,1.2,0.0,0.0,1.2,1.57,Close entry(s) order TEST,TEST,1
208,LONG,2004-05-04,73.5,1.0,2004-05-05,75.5,1.0,2.0,0.0,0.0,2.0,2.72,Close entry(s) order TEST,TEST,1
209,LONG,2004-05-06,76.4,1.0,2004-05-07,76.5,1.0,0.1,0.0,0.0,0.1,0.13,Close entry(s) order TEST,TEST,1
210,LONG,2004-05-10,72.4,1.0,2004-05-11,73.0,1.0,0.6,0.0,0.0,0.6,0.83,Close entry(s) order TEST,TEST,1
211,LONG,2004-05-12,70.2,1.0,2004-05-13,69.4,1.0,-0.8,0.0,0.0,-0.8,-1.14,Close entry(s) order TEST,TEST,1
212,LONG,2004-05-14,72.2,1.0,2004-05-17,63.3,1.0,-8.9,0.0,0.0,-8.9,-12.33,Close entry(s) order TEST,TEST,1
213,LONG,2004-05-18,53.1,1.0,2004-05-19,62.2,1.0,9.1,0.0,0.0,9.1,17.14,Close entry(s) order TEST,TEST,1
214,LONG,2004-05-20,65.3,1.0,2004-05-21,67.1,1.0,1.8,0.0,0.0,1.8,2.76,Close entry(s) order TEST,TEST,1
215,LONG,2004-05-24,69.2,1.0,2004-05-25,67.8,1.0,-1.4,0.0,0.0,-1.4,-2.02,Close entry(s) order TEST,TEST,1
216,LONG,2004-05-26,69.3,1.0,2004-05-27,67.9,1.0,-1.4,0.0,0.0,-1.4,-2.02,Close entry(s) order TEST,TEST,1
217,LONG,2004-05-28,65.3,1.0,2004-05-31,55.4,1.0,-9.9,0.0,0.0,-9.9,-15.16,Close entry(s) order TEST,TEST,1
218,LONG,2004-06-01,56.1,1.0,2004-06-02,57.8,1.0,1.7,0.0,0.0,1.7,3.03,Close entry(s) order TEST,TEST,1
219,LONG,2004-06-03,59.4,1.0,2004-06-04,57.1,1.0,-2.3,0.0,0.0,-2.3,-3.87,Close entry(s) order TEST,TEST,1
220,LONG,2004-06-07,56.3,1.0,2004-06-08,57.1,1.0,0.8,0.0,0.0,0.8,1.42,Close entry(s) order TEST,TEST,1
221,LONG,2004-06-09,56.1,1.0,2004-06-10,56.1,1.0,0.0,0.0,0.0,0.0,0.0,Close entry(s) order TEST,TEST,1
222,LONG,2004-06-11,56.5,1.0,2004-06-14,54.6,1.0,-1.9,0.0,0.0,-1.9,-3.36,Close entry(s) order TEST,TEST,1
223,LONG,2004-06-15,56.7,1.0,2004-06-16,55.9,1.0,-0.8,0.0,0.0,-0.8,-1.41,Close entry(s) order TEST,TEST,1
224,LONG,2004-06-17,59.0,1.0,2004-06-18,58.4,1.0,-0.6,0.0,0.0,-0.6,-1.02,Close entry(s) order TEST,TEST,1
225,LONG,2004-06-21,58.0,1.0,2004-06-22,56.1,1.0,-1.9,0.0,0.0,-1.9,-3.28,Close entry(s) order TEST,TEST,1
226,LONG,2004-06-23,55.1,1.0,2004-06-24,55.3,1.0,0.2,0.0,0.0,0.2,0.36,Close entry(s) order TEST,TEST,1
227,LONG,2004-06-25,55.5,1.0,2004-06-28,56.9,1.0,1.4,0.0,0.0,1.4,2.52,Close entry(s) order TEST,TEST,1
228,LONG,2004-06-29,59.4,1.0,2004-06-30,57.1,1.0,-2.3,0.0,0.0,-2.3,-3.87,Close entry(s) order TEST,TEST,1
229,LONG,2004-07-01,59.7,1.0,2004-07-02,59.7,1.0,0.0,0.0,0.0,0.0,0.0,Close entry(s) order TEST,TEST,1
230,LONG,2004-07-05,59.6,1.0,2004-07-06,59.2,1.0,-0.4,0.0,0.0,-0.4,-0.67,Close entry(s) order TEST,TEST,1
231,LONG,2004-07-07,59.8,1.0,2004-07-08,63.1,1.0,3.3,0.0,0.0,3.3,5.52,Close entry(s) order TEST,TEST,1
232,LONG,2004-07-09,57.8,1.0,2004-07-12,60.0,1.0,2.2,0.0,0.0,2.2,3.81,Close entry(s) order TEST,TEST,1
233,LONG,2004-07-13,61.7,1.0,2004-07-14,61.8,1.0,0.1,0.0,0.0,0.1,0.16,Close entry(s) order TEST,TEST,1
234,LONG,2004-07-15,61.8,1.0,2004-07-16,65.6,1.0,3.8,0.0,0.0,3.8,6.15,Close entry(s) order TEST,TEST,1
235,LONG,2004-07-19,70.0,1.0,2004-07-20,71.9,1.0,1.9,0.0,0.0,1.9,2.71,Close entry(s) order TEST,TEST,1
236,LONG,2004-07-21,70.2,1.0,2004-07-22,70.4,1.0,0.2,0.0,0.0,0.2,0.28,Close entry(s) order TEST,TEST,1
237,LONG,2004-07-23,69.4,1.0,2004-07-26,69.4,1.0,0.0,0.0,0.0,0.0,0.0,Close entry(s) order TEST,TEST,1
238,LONG,2004-07-27,70.2,1.0,2004-07-28,66.3,1.0,-3.9,0.0,0.0,-3.9,-5.56,Close entry(s) order TEST,TEST,1
239,LONG,2004-07-29,66.1,1.0,2004-07-30,68.0,1.0,1.9,0.0,0.0,1.9,2.87,Close entry(s) order TEST,TEST,1
240,LONG,2004-08-02,61.2,1.0,2004-08-03,61.2,1.0,0.0,0.0,0.0,0.0,0.0,Close entry(s) order TEST,TEST,1
241,LONG,2004-08-04,64.3,1.0,2004-08-05,67.4,1.0,3.1,0.0,0.0,3.1,4.82,Close entry(s) order TEST,TEST,1
242,LONG,2004-08-06,67.6,1.0,2004-08-09,67.3,1.0,-0.3,0.0,0.0,-0.3,-0.44,Close entry(s) order TEST,TEST,1
243,LONG,2004-08-10,66.9,1.0,2004-08-11,66.9,1.0,0.0,0.0,0.0,0.0,0.0,Close entry(s) order TEST,TEST,1
244,LONG,2004-08-12,62.9,1.0,2004-08-13,62.4,1.0,-0.5,0.0,0.0,-0.5,-0.79,Close entry(s) order TEST,TEST,1
245,LONG,2004-08-16,62.4,1.0,2004-08-17,63.3,1.0,0.9,0.0,0.0,0.9,1.44,Close entry(s) order TEST,TEST,1
246,LONG,2004-08-18,63.3,1.0,2004-08-19,62.9,1.0,-0.4,0.0,0.0,-0.4,-0.63,Close entry(s) order TEST,TEST,1
247,LONG,2004-08-20,65.1,1.0,2004-08-23,65.5,1.0,0.4,0.0,0.0,0.4,0.61,Close entry(s) order TEST,TEST,1
248,LONG,2004-08-24,63.5,1.0,2004-08-25,64.0,1.0,0.5,0.0,0.0,0.5,0.79,Close entry(s) order TEST,TEST,1
249,LONG,2004-08-26,60.2,1.0,2004-08-27,64.3,1.0,4.1,0.0,0.0,4.1,6.81,Close entry(s) order TEST,TEST,1
250,LONG,2004-08-30,64.8,1.0,2004-08-31,69.4,1.0,4.6,0.0,0.0,4.6,7.1,Close entry(s) order TEST,TEST,1
251,LONG,2004-09-01,73.1,1.0,2004-09-02,69.4,1.0,-3.7,0.0,0.0,-3.7,-5.06,Close entry(s) order TEST,TEST,1
252,LONG,2004-09-03,67.6,1.0,2004-09-06,68.3,1.0,0.7,0.0,0.0,0.7,1.04,Close entry(s) order TEST,TEST,1
253,LONG,2004-09-07,69.5,1.0,2004-09-08,70.0,1.0,0.5,0.0,0.0,0.5,0.72,Close entry(s) order TEST,TEST,1
254,LONG,2004-09-09,77.6,1.0,2004-09-10,78.2,1.0,0.6,0.0,0.0,0.6,0.77,Close entry(s) order TEST,TEST,1
255,LONG,2004-09-13,80.8,1.0,2004-09-14,78.6,1.0,-2.2,0.0,0.0,-2.2,-2.72,Close entry(s) order TEST,TEST,1
256,LONG,2004-09-15,77.6,1.0,2004-09-16,77.0,1.0,-0.6,0.0,0.0,-0.6,-0.77,Close entry(s) order TEST,TEST,1
257,LONG,2004-09-17,78.1,1.0,2004-09-20,85.7,1.0,7.6,0.0,0.0,7.6,9.73,Close entry(s) order TEST,TEST,1
258,LONG,2004-09-21,86.0,1.0,2004-09-22,86.2,1.0,0.2,0.0,0.0,0.2,0.23,Close entry(s) order TEST,TEST,1
259,LONG,2004-09-23,83.6,1.0,2004-09-24,81.5,1.0,-2.1,0.0,0.0,-2.1,-2.51,Close entry(s) order TEST,TEST,1
260,LONG,2004-09-27,80.4,1.0,2004-09-28,80.5,1.0,0.1,0.0,0.0,0.1,0.12,Close entry(s) order TEST,TEST,1
261,LONG,2004-09-29,79.1,1.0,2004-09-30,79.4,1.0,0.3,0.0,0.0,0.3,0.38,Close entry(s) order TEST,TEST,1
262,LONG,2004-10-01,79.8,1.0,2004-10-04,81.6,1.0,1.8,0.0,0.0,1.8,2.26,Close entry(s) order TEST,TEST,1
263,LONG,2004-10-05,82.9,1.0,2004-10-06,85.6,1.0,2.7,0.0,0.0,2.7,3.26,Close entry(s) order TEST,TEST,1
264,LONG,2004-10-07,86.5,1.0,2004-10-08,86.1,1.0,-0.4,0.0,0.0,-0.4,-0.46,Close entry(s) order TEST,TEST,1
265,LONG,2004-10-11,87.2,1.0,2004-10-12,88.3,1.0,1.1,0.0,0.0,1.1,1.26,Close entry(s) order TEST,TEST,1
266,LONG,2004-10-14,84.2,1.0,2004-10-15,83.3,1.0,-0.9,0.0,0.0,-0.9,-1.07,Close entry(s) order TEST,TEST,1
267,LONG,2004-10-18,82.6,1.0,2004-10-19,80.5,1.0,-2.1,0.0,0.0,-2.1,-2.54,Close entry(s) order TEST,TEST,1
268,LONG,2004-10-20,81.0,1.0,2004-10-21,81.4,1.0,0.4,0.0,0.0,0.4,0.49,Close entry(s) order TEST,TEST,1
269,LONG,2004-10-25,88.6,1.0,2004-10-26,83.4,1.0,-5.2,0.0,0.0,-5.2,-5.87,Close entry(s) order TEST,TEST,1
270,LONG,2004-10-27,84.6,1.0,2004-10-28,84.5,1.0,-0.1,0.0,0.0,-0.1,-0.12,Close entry(s) order TEST,TEST,1
271,LONG,2004-10-29,82.7,1.0,2004-11-01,79.6,1.0,-3.1,0.0,0.0,-3.1,-3.75,Close entry(s) order TEST,TEST,1
272,LONG,2004-11-02,79.3,1.0,2004-11-03,80.0,1.0,0.7,0.0,0.0,0.7,0.88,Close entry(s) order TEST,TEST,1
273,LONG,2004-11-04,80.4,1.0,2004-11-05,79.8,1.0,-0.6,0.0,0.0,-0.6,-0.75,Close entry(s) order TEST,TEST,1
274,LONG,2004-11-08,79.3,1.0,2004-11-09,78.6,1.0,-0.7,0.0,0.0,-0.7,-0.88,Close entry(s) order TEST,TEST,1
275,LONG,2004-11-10,79.2,1.0,2004-11-11,81.3,1.0,2.1,0.0,0.0,2.1,2.65,Close entry(s) order TEST,TEST,1
276,LONG,2004-11-12,80.4,1.0,2004-11-16,80.6,1.0,0.2,0.0,0.0,0.2,0.25,Close entry(s) order TEST,TEST,1
277,LONG,2004-11-17,80.4,1.0,2004-11-18,78.6,1.0,-1.8,0.0,0.0,-1.8,-2.24,Close entry(s) order TEST,TEST,1
278,LONG,2004-11-19,81.1,1.0,2004-11-22,73.1,1.0,-8.0,0.0,0.0,-8.0,-9.86,Close entry(s) order TEST,TEST,1
279,LONG,2004-11-23,86.2,1.0,2004-11-24,87.2,1.0,1.0,0.0,0.0,1.0,1.16,Close entry(s) order TEST,TEST,1
280,LONG,2004-11-25,85.7,1.0,2004-11-29,85.0,1.0,-0.7,0.0,0.0,-0.7,-0.82,Close entry(s) order TEST,TEST,1
281,LONG,2004-11-30,85.2,1.0,2004-12-01,80.7,1.0,-4.5,0.0,0.0,-4.5,-5.28,Close entry(s) order TEST,TEST,1
282,LONG,2004-12-02,82.6,1.0,2004-12-03,85.7,1.0,3.1,0.0,0.0,3.1,3.75,Close entry(s) order TEST,TEST,1
283,LONG,2004-12-06,83.5,1.0,2004-12-07,85.2,1.0,1.7,0.0,0.0,1.7,2.04,Close entry(s) order TEST,TEST,1
284,LONG,2004-12-08,82.6,1.0,2004-12-09,83.8,1.0,1.2,0.0,0.0,1.2,1.45,Close entry(s) order TEST,TEST,1
285,LONG,2004-12-10,84.3,1.0,2004-12-13,83.3,1.0,-1.0,0.0,0.0,-1.0,-1.19,Close entry(s) order TEST,TEST,1
286,LONG,2004-12-14,84.2,1.0,2004-12-15,87.2,1.0,3.0,0.0,0.0,3.0,3.56,Close entry(s) order TEST,TEST,1
287,LONG,2004-12-16,86.8,1.0,2004-12-17,84.9,1.0,-1.9,0.0,0.0,-1.9,-2.19,Close entry(s) order TEST,TEST,1
288,LONG,2004-12-20,85.1,1.0,2004-12-21,84.9,1.0,-0.2,0.0,0.0,-0.2,-0.24,Close entry(s) order TEST,TEST,1
289,LONG,2004-12-22,84.4,1.0,2004-12-23,84.7,1.0,0.3,0.0,0.0,0.3,0.36,Close entry(s) order TEST,TEST,1
290,LONG,2004-12-24,86.2,1.0,2004-12-27,84.8,1.0,-1.4,0.0,0.0,-1.4,-1.62,Close entry(s) order TEST,TEST,1
291,LONG,2004-12-28,86.2,1.0,2004-12-29,89.8,1.0,3.6,0.0,0.0,3.6,4.18,Close entry(s) order TEST,TEST,1
292,LONG,2004-12-30,94.0,1.0,2004-12-31,89.6,1.0,-4.4,0.0,0.0,-4.4,-4.68,Close entry(s) order TEST,TEST,1
293,LONG,2005-01-03,91.4,1.0,2005-01-04,98.0,1.0,6.6,0.0,0.0,6.6,7.22,Close entry(s) order TEST,TEST,1
294,LONG,2005-01-05,96.9,1.0,2005-01-06,92.3,1.0,-4.6,0.0,0.0,-4.6,-4.75,Close entry(s) order TEST,TEST,1
295,LONG,2005-01-07,88.3,1.0,2005-01-10,91.1,1.0,2.8,0.0,0.0,2.8,3.17,Close entry(s) order TEST,TEST,1
296,LONG,2005-01-11,90.3,1.0,2005-01-12,87.8,1.0,-2.5,0.0,0.0,-2.5,-2.77,Close entry(s) order TEST,TEST,1
297,LONG,2005-01-13,81.6,1.0,2005-01-14,85.9,1.0,4.3,0.0,0.0,4.3,5.27,Close entry(s) order TEST,TEST,1
298,LONG,2005-01-17,84.6,1.0,2005-01-18,83.5,1.0,-1.1,0.0,0.0,-1.1,-1.3,Close entry(s) order TEST,TEST,1
299,LONG,2005-01-19,83.4,1.0,2005-01-20,87.6,1.0,4.2,0.0,0.0,4.2,5.04,Close entry(s) order TEST,TEST,1
300,LONG,2005-01-24,84.3,1.0,2005-01-25,83.6,1.0,-0.7,0.0,0.0,-0.7,-0.83,Close entry(s) order TEST,TEST,1
301,LONG,2005-01-27,85.2,1.0,2005-01-28,85.3,1.0,0.1,0.0,0.0,0.1,0.12,Close entry(s) order TEST,TEST,1
302,LONG,2005-01-31,85.7,1.0,2005-02-01,83.8,1.0,-1.9,0.0,0.0,-1.9,-2.22,Close entry(s) order TEST,TEST,1
303,LONG,2005-02-02,83.3,1.0,2005-02-03,83.9,1.0,0.6,0.0,0.0,0.6,0.72,Close entry(s) order TEST,TEST,1
304,LONG,2005-02-04,85.7,1.0,2005-02-07,84.2,1.0,-1.5,0.0,0.0,-1.5,-1.75,Close entry(s) order TEST,TEST,1
305,LONG,2005-02-08,85.3,1.0,2005-02-09,84.5,1.0,-0.8,0.0,0.0,-0.8,-0.94,Close entry(s) order TEST,TEST,1
306,LONG,2005-02-10,86.9,1.0,2005-02-11,91.8,1.0,4.9,0.0,0.0,4.9,5.64,Close entry(s) order TEST,TEST,1
307,LONG,2005-02-14,92.7,1.0,2005-02-15,88.8,1.0,-3.9,0.0,0.0,-3.9,-4.21,Close entry(s) order TEST,TEST,1
308,LONG,2005-02-16,90.2,1.0,2005-02-17,89.1,1.0,-1.1,0.0,0.0,-1.1,-1.22,Close entry(s) order TEST,TEST,1
309,LONG,2005-02-18,88.6,1.0,2005-02-21,88.0,1.0,-0.6,0.0,0.0,-0.6,-0.68,Close entry(s) order TEST,TEST,1
310,LONG,2005-02-22,87.9,1.0,2005-02-23,86.7,1.0,-1.2,0.0,0.0,-1.2,-1.37,Close entry(s) order TEST,TEST,1
311,LONG,2005-02-24,87.6,1.0,2005-02-25,88.4,1.0,0.8,0.0,0.0,0.8,0.91,Close entry(s) order TEST,TEST,1
312,LONG,2005-02-28,86.5,1.0,2005-03-01,85.3,1.0,-1.2,0.0,0.0,-1.2,-1.39,Close entry(s) order TEST,TEST,1
313,LONG,2005-03-02,83.7,1.0,2005-03-03,86.9,1.0,3.2,0.0,0.0,3.2,3.82,Close entry(s) order TEST,TEST,1
314,LONG,2005-03-04,86.5,1.0,2005-03-07,85.3,1.0,-1.2,0.0,0.0,-1.2,-1.39,Close entry(s) order TEST,TEST,1
315,LONG,2005-03-08,84.8,1.0,2005-03-09,83.7,1.0,-1.1,0.0,0.0,-1.1,-1.3,Close entry(s) order TEST,TEST,1
316,LONG,2005-03-10,82.4,1.0,2005-03-11,85.5,1.0,3.1,0.0,0.0,3.1,3.76,Close entry(s) order TEST,TEST,1
317,LONG,2005-03-14,83.3,1.0,2005-03-15,81.4,1.0,-1.9,0.0,0.0,-1.9,-2.28,Close entry(s) order TEST,TEST,1
318,LONG,2005-03-16,82.0,1.0,2005-03-17,81.7,1.0,-0.3,0.0,0.0,-0.3,-0.37,Close entry(s) order TEST,TEST,1
319,LONG,2005-03-18,79.6,1.0,2005-03-21,79.2,1.0,-0.4,0.0,0.0,-0.4,-0.5,Close entry(s) order TEST,TEST,1
320,LONG,2005-03-22,77.9,1.0,2005-03-23,75.1,1.0,-2.8,0.0,0.0,-2.8,-3.59,Close entry(s) order TEST,TEST,1
321,LONG,2005-03-24,71.6,1.0,2005-03-28,72.4,1.0,0.8,0.0,0.0,0.8,1.12,Close entry(s) order TEST,TEST,1
322,LONG,2005-03-29,72.2,1.0,2005-03-30,65.3,1.0,-6.9,0.0,0.0,-6.9,-9.56,Close entry(s) order TEST,TEST,1
323,LONG,2005-03-31,71.3,1.0,2005-04-01,72.2,1.0,0.9,0.0,0.0,0.9,1.26,Close entry(s) order TEST,TEST,1
324,LONG,2005-04-04,78.4,1.0,2005-04-05,80.3,1.0,1.9,0.0,0.0,1.9,2.42,Close entry(s) order TEST,TEST,1
325,LONG,2005-04-06,84.2,1.0,2005-04-07,79.9,1.0,-4.3,0.0,0.0,-4.3,-5.11,Close entry(s) order TEST,TEST,1
326,LONG,2005-04-08,78.6,1.0,2005-04-11,76.5,1.0,-2.1,0.0,0.0,-2.1,-2.67,Close entry(s) order TEST,TEST,1
327,LONG,2005-04-12,76.9,1.0,2005-04-13,78.7,1.0,1.8,0.0,0.0,1.8,2.34,Close entry(s) order TEST,TEST,1
328,LONG,2005-04-15,77.6,1.0,2005-04-18,73.7,1.0,-3.9,0.0,0.0,-3.9,-5.03,Close entry(s) order TEST,TEST,1
329,LONG,2005-04-19,77.1,1.0,2005-05-24,62.3,1.0,-14.8,0.0,0.0,-14.8,-19.2,Close entry(s) order TEST,TEST,1
330,LONG,2005-05-25,59.3,1.0,2005-05-26,57.8,1.0,-1.5,0.0,0.0,-1.5,-2.53,Close entry(s) order TEST,TEST,1
331,LONG,2005-05-27,62.1,1.0,2005-05-30,61.8,1.0,-0.3,0.0,0.0,-0.3,-0.48,Close entry(s) order TEST,TEST,1
332,LONG,2005-05-31,61.6,1.0,2005-06-01,60.5,1.0,-1.1,0.0,0.0,-1.1,-1.79,Close entry(s) order TEST,TEST,1
333,LONG,2005-06-02,62.8,1.0,2005-06-03,63.6,1.0,0.8,0.0,0.0,0.8,1.27,Close entry(s) order TEST,TEST,1
334,LONG,2005-06-06,62.9,1.0,2005-06-07,63.6,1.0,0.7,0.0,0.0,0.7,1.11,Close entry(s) order TEST,TEST,1
335,LONG,2005-06-08,63.0,1.0,2005-06-09,65.3,1.0,2.3,0.0,0.0,2.3,3.65,Close entry(s) order TEST,TEST,1
336,LONG,2005-06-10,69.3,1.0,2005-06-13,66.0,1.0,-3.3,0.0,0.0,-3.3,-4.76,Close entry(s) order TEST,TEST,1
337,LONG,2005-06-14,68.2,1.0,2005-06-15,69.3,1.0,1.1,0.0,0.0,1.1,1.61,Close entry(s) order TEST,TEST,1
338,LONG,2005-06-16,69.0,1.0,2005-06-17,70.8,1.0,1.8,0.0,0.0,1.8,2.61,Close entry(s) order TEST,TEST,1
339,LONG,2005-06-20,71.1,1.0,2005-06-21,69.7,1.0,-1.4,0.0,0.0,-1.4,-1.97,Close entry(s) order TEST,TEST,1
340,LONG,2005-06-22,67.9,1.0,2005-06-23,69.7,1.0,1.8,0.0,0.0,1.8,2.65,Close entry(s) order TEST,TEST,1
341,LONG,2005-06-24,70.0,1.0,2005-06-27,69.3,1.0,-0.7,0.0,0.0,-0.7,-1.0,Close entry(s) order TEST,TEST,1
342,LONG,2005-06-28,67.1,1.0,2005-06-29,66.0,1.0,-1.1,0.0,0.0,-1.1,-1.64,Close entry(s) order TEST,TEST,1
343,LONG,2005-06-30,66.3,1.0,2005-07-01,67.0,1.0,0.7,0.0,0.0,0.7,1.06,Close entry(s) order TEST,TEST,1
344,LONG,2005-07-04,72.5,1.0,2005-07-05,69.7,1.0,-2.8,0.0,0.0,-2.8,-3.86,Close entry(s) order TEST,TEST,1
345,LONG,2005-07-06,66.0,1.0,2005-07-07,68.5,1.0,2.5,0.0,0.0,2.5,3.79,Close entry(s) order TEST,TEST,1
346,LONG,2005-07-08,68.9,1.0,2005-07-11,70.0,1.0,1.1,0.0,0.0,1.1,1.6,Close entry(s) order TEST,TEST,1
347,LONG,2005-07-12,70.4,1.0,2005-07-13,74.9,1.0,4.5,0.0,0.0,4.5,6.39,Close entry(s) order TEST,TEST,1
348,LONG,2005-07-14,74.6,1.0,2005-07-15,72.0,1.0,-2.6,0.0,0.0,-2.6,-3.49,Close entry(s) order TEST,TEST,1
349,LONG,2005-07-18,72.0,1.0,2005-07-19,72.9,1.0,0.9,0.0,0.0,0.9,1.25,Close entry(s) order TEST,TEST,1
350,LONG,2005-07-20,72.8,1.0,2005-07-21,72.5,1.0,-0.3,0.0,0.0,-0.3,-0.41,Close entry(s) order TEST,TEST,1
351,LONG,2005-07-22,71.1,1.0,2005-07-25,72.0,1.0,0.9,0.0,0.0,0.9,1.27,Close entry(s) order TEST,TEST,1
352,LONG,2005-07-26,70.7,1.0,2005-07-27,72.9,1.0,2.2,0.0,0.0,2.2,3.11,Close entry(s) order TEST,TEST,1
353,LONG,2005-07-29,74.9,1.0,2005-08-01,78.5,1.0,3.6,0.0,0.0,3.6,4.81,Close entry(s) order TEST,TEST,1
354,LONG,2005-08-02,83.0,1.0,2005-08-03,81.3,1.0,-1.7,0.0,0.0,-1.7,-2.05,Close entry(s) order TEST,TEST,1
355,LONG,2005-08-04,84.2,1.0,2005-08-05,84.9,1.0,0.7,0.0,0.0,0.7,0.83,Close entry(s) order TEST,TEST,1
356,LONG,2005-08-08,83.0,1.0,2005-08-09,82.0,1.0,-1.0,0.0,0.0,-1.0,-1.2,Close entry(s) order TEST,TEST,1
357,LONG,2005-08-10,83.3,1.0,2005-08-11,82.3,1.0,-1.0,0.0,0.0,-1.0,-1.2,Close entry(s) order TEST,TEST,1
358,LONG,2005-08-12,82.9,1.0,2005-08-16,84.4,1.0,1.5,0.0,0.0,1.5,1.81,Close entry(s) order TEST,TEST,1
359,LONG,2005-08-17,81.4,1.0,2005-08-18,80.3,1.0,-1.1,0.0,0.0,-1.1,-1.35,Close entry(s) order TEST,TEST,1
360,LONG,2005-08-19,80.1,1.0,2005-08-22,81.0,1.0,0.9,0.0,0.0,0.9,1.12,Close entry(s) order TEST,TEST,1
361,LONG,2005-08-23,80.7,1.0,2005-08-24,78.0,1.0,-2.7,0.0,0.0,-2.7,-3.35,Close entry(s) order TEST,TEST,1
362,LONG,2005-08-25,76.5,1.0,2005-08-26,78.4,1.0,1.9,0.0,0.0,1.9,2.48,Close entry(s) order TEST,TEST,1
363,LONG,2005-08-29,77.5,1.0,2005-08-30,75.1,1.0,-2.4,0.0,0.0,-2.4,-3.1,Close entry(s) order TEST,TEST,1
364,LONG,2005-08-31,77.1,1.0,2005-09-01,76.7,1.0,-0.4,0.0,0.0,-0.4,-0.52,Close entry(s) order TEST,TEST,1
365,LONG,2005-09-02,81.8,1.0,2005-09-05,81.3,1.0,-0.5,0.0,0.0,-0.5,-0.61,Close entry(s) order TEST,TEST,1
366,LONG,2005-09-06,80.8,1.0,2005-09-08,80.6,1.0,-0.2,0.0,0.0,-0.2,-0.25,Close entry(s) order TEST,TEST,1
367,LONG,2005-09-09,79.8,1.0,2005-09-12,79.8,1.0,0.0,0.0,0.0,0.0,0.0,Close entry(s) order TEST,TEST,1
368,LONG,2005-09-13,80.9,1.0,2005-09-14,81.5,1.0,0.6,0.0,0.0,0.6,0.74,Close entry(s) order TEST,TEST,1
369,LONG,2005-09-15,81.0,1.0,2005-09-16,81.9,1.0,0.9,0.0,0.0,0.9,1.11,Close entry(s) order TEST,TEST,1
370,LONG,2005-09-19,82.9,1.0,2005-09-20,87.8,1.0,4.9,0.0,0.0,4.9,5.91,Close entry(s) order TEST,TEST,1
371,LONG,2005-09-21,87.0,1.0,2005-09-22,70.2,1.0,-16.8,0.0,0.0,-16.8,-19.31,Close entry(s) order TEST,TEST,1
372,LONG,2005-09-23,80.1,1.0,2005-09-26,79.9,1.0,-0.2,0.0,0.0,-0.2,-0.25,Close entry(s) order TEST,TEST,1
373,LONG,2005-09-27,87.0,1.0,2005-09-28,87.1,1.0,0.1,0.0,0.0,0.1,0.11,Close entry(s) order TEST,TEST,1
374,LONG,2005-09-29,87.1,1.0,2005-09-30,89.8,1.0,2.7,0.0,0.0,2.7,3.1,Close entry(s) order TEST,TEST,1
375,LONG,2005-10-03,87.8,1.0,2005-10-04,97.8,1.0,10.0,0.0,0.0,10.0,11.39,Close entry(s) order TEST,TEST,1
376,LONG,2005-10-05,106.3,1.0,2005-10-06,101.0,1.0,-5.3,0.0,0.0,-5.3,-4.99,Close entry(s) order TEST,TEST,1
377,LONG,2005-10-07,100.9,1.0,2005-10-10,110.0,1.0,9.1,0.0,0.0,9.1,9.02,Close entry(s) order TEST,TEST,1
378,LONG,2005-10-11,110.1,1.0,2005-10-13,104.0,1.0,-6.1,0.0,0.0,-6.1,-5.54,Close entry(s) order TEST,TEST,1
379,LONG,2005-10-14,96.1,1.0,2005-10-17,95.4,1.0,-0.7,0.0,0.0,-0.7,-0.73,Close entry(s) order TEST,TEST,1
380,LONG,2005-10-18,94.5,1.0,2005-10-19,92.5,1.0,-2.0,0.0,0.0,-2.0,-2.12,Close entry(s) order TEST,TEST,1
381,LONG,2005-10-20,91.0,1.0,2005-10-21,90.9,1.0,-0.1,0.0,0.0,-0.1,-0.11,Close entry(s) order TEST,TEST,1
382,LONG,2005-10-24,92.0,1.0,2005-10-25,92.0,1.0,0.0,0.0,0.0,0.0,0.0,Close entry(s) order TEST,TEST,1
383,LONG,2005-10-26,95.5,1.0,2005-10-27,94.0,1.0,-1.5,0.0,0.0,-1.5,-1.57,Close entry(s) order TEST,TEST,1
384,LONG,2005-10-28,93.0,1.0,2005-10-31,93.9,1.0,0.9,0.0,0.0,0.9,0.97,Close entry(s) order TEST,TEST,1
385,LONG,2005-11-02,96.0,1.0,2005-11-07,98.9,1.0,2.9,0.0,0.0,2.9,3.02,Close entry(s) order TEST,TEST,1
386,LONG,2005-11-08,102.1,1.0,2005-11-09,103.6,1.0,1.5,0.0,0.0,1.5,1.47,Close entry(s) order TEST,TEST,1
387,LONG,2005-11-10,103.0,1.0,2005-11-11,99.5,1.0,-3.5,0.0,0.0,-3.5,-3.4,Close entry(s) order TEST,TEST,1
388,LONG,2005-11-14,98.5,1.0,2005-11-16,99.5,1.0,1.0,0.0,0.0,1.0,1.02,Close entry(s) order TEST,TEST,1
389,LONG,2005-11-17,99.3,1.0,2005-11-18,95.6,1.0,-3.7,0.0,0.0,-3.7,-3.73,Close entry(s) order TEST,TEST,1
390,LONG,2005-11-21,95.6,1.0,2005-11-22,94.5,1.0,-1.1,0.0,0.0,-1.1,-1.15,Close entry(s) order TEST,TEST,1
391,LONG,2005-11-23,93.6,1.0,2005-11-24,90.8,1.0,-2.8,0.0,0.0,-2.8,-2.99,Close entry(s) order TEST,TEST,1
392,LONG,2005-11-25,92.4,1.0,2005-11-28,95.8,1.0,3.4,0.0,0.0,3.4,3.68,Close entry(s) order TEST,TEST,1
393,LONG,2005-11-29,94.4,1.0,2005-11-30,91.2,1.0,-3.2,0.0,0.0,-3.2,-3.39,Close entry(s) order TEST,TEST,1
394,LONG,2005-12-01,90.5,1.0,2005-12-02,89.9,1.0,-0.6,0.0,0.0,-0.6,-0.66,Close entry(s) order TEST,TEST,1
395,LONG,2005-12-05,83.0,1.0,2005-12-06,85.0,1.0,2.0,0.0,0.0,2.0,2.41,Close entry(s) order TEST,TEST,1
396,LONG,2005-12-07,86.5,1.0,2005-12-08,86.9,1.0,0.4,0.0,0.0,0.4,0.46,Close entry(s) order TEST,TEST,1
397,LONG,2005-12-09,86.0,1.0,2005-12-12,94.8,1.0,8.8,0.0,0.0,8.8,10.23,Close entry(s) order TEST,TEST,1
398,LONG,2005-12-13,93.5,1.0,2005-12-14,91.8,1.0,-1.7,0.0,0.0,-1.7,-1.82,Close entry(s) order TEST,TEST,1
399,LONG,2005-12-15,91.0,1.0,2005-12-16,91.0,1.0,0.0,0.0,0.0,0.0,0.0,Close entry(s) order TEST,TEST,1
400,LONG,2005-12-19,90.3,1.0,2005-12-20,88.6,1.0,-1.7,0.0,0.0,-1.7,-1.88,Close entry(s) order TEST,TEST,1
401,LONG,2005-12-21,87.4,1.0,2005-12-22,90.6,1.0,3.2,0.0,0.0,3.2,3.66,Close entry(s) order TEST,TEST,1
402,LONG,2005-12-23,88.7,1.0,2005-12-26,87.0,1.0,-1.7,0.0,0.0,-1.7,-1.92,Close entry(s) order TEST,TEST,1
403,LONG,2005-12-27,88.5,1.0,2005-12-28,88.3,1.0,-0.2,0.0,0.0,-0.2,-0.23,Close entry(s) order TEST,TEST,1
404,LONG,2005-12-29,87.0,1.0,2005-12-30,86.0,1.0,-1.0,0.0,0.0,-1.0,-1.15,Close entry(s) order TEST,TEST,1
405,LONG,2006-01-02,87.5,1.0,2006-01-03,87.0,1.0,-0.5,0.0,0.0,-0.5,-0.57,Close entry(s) order TEST,TEST,1
406,LONG,2006-01-04,86.3,1.0,2006-01-05,85.9,1.0,-0.4,0.0,0.0,-0.4,-0.46,Close entry(s) order TEST,TEST,1
407,LONG,2006-01-06,86.4,1.0,2006-01-09,91.2,1.0,4.8,0.0,0.0,4.8,5.56,Close entry(s) order TEST,TEST,1
408,LONG,2006-01-10,98.9,1.0,2006-01-12,97.0,1.0,-1.9,0.0,0.0,-1.9,-1.92,Close entry(s) order TEST,TEST,1
409,LONG,2006-01-13,97.9,1.0,2006-01-16,97.8,1.0,-0.1,0.0,0.0,-0.1,-0.1,Close entry(s) order TEST,TEST,1
410,LONG,2006-01-17,102.0,1.0,2006-01-18,97.0,1.0,-5.0,0.0,0.0,-5.0,-4.9,Close entry(s) order TEST,TEST,1
411,LONG,2006-01-19,97.9,1.0,2006-01-20,101.3,1.0,3.4,0.0,0.0,3.4,3.47,Close entry(s) order TEST,TEST,1
412,LONG,2006-01-23,99.3,1.0,2006-01-24,98.3,1.0,-1.0,0.0,0.0,-1.0,-1.01,Close entry(s) order TEST,TEST,1
413,LONG,2006-01-25,97.9,1.0,2006-01-27,97.9,1.0,0.0,0.0,0.0,0.0,0.0,Close entry(s) order TEST,TEST,1
414,LONG,2006-01-30,98.0,1.0,2006-01-31,96.1,1.0,-1.9,0.0,0.0,-1.9,-1.94,Close entry(s) order TEST,TEST,1
415,LONG,2006-02-01,96.6,1.0,2006-02-02,92.8,1.0,-3.8,0.0,0.0,-3.8,-3.93,Close entry(s) order TEST,TEST,1
416,LONG,2006-02-03,92.5,1.0,2006-02-06,92.6,1.0,0.1,0.0,0.0,0.1,0.11,Close entry(s) order TEST,TEST,1
417,LONG,2006-02-07,93.0,1.0,2006-02-08,91.2,1.0,-1.8,0.0,0.0,-1.8,-1.94,Close entry(s) order TEST,TEST,1
418,LONG,2006-02-10,90.3,1.0,2006-02-13,89.0,1.0,-1.3,0.0,0.0,-1.3,-1.44,Close entry(s) order TEST,TEST,1
419,LONG,2006-02-14,89.0,1.0,2006-02-15,89.5,1.0,0.5,0.0,0.0,0.5,0.56,Close entry(s) order TEST,TEST,1
420,LONG,2006-02-16,91.0,1.0,2006-02-17,90.0,1.0,-1.0,0.0,0.0,-1.0,-1.1,Close entry(s) order TEST,TEST,1
421,LONG,2006-02-20,88.2,1.0,2006-02-21,87.5,1.0,-0.7,0.0,0.0,-0.7,-0.79,Close entry(s) order TEST,TEST,1
422,LONG,2006-02-22,89.2,1.0,2006-02-23,89.0,1.0,-0.2,0.0,0.0,-0.2,-0.22,Close entry(s) order TEST,TEST,1
423,LONG,2006-02-24,91.5,1.0,2006-02-27,90.0,1.0,-1.5,0.0,0.0,-1.5,-1.64,Close entry(s) order TEST,TEST,1
424,LONG,2006-02-28,99.6,1.0,2006-03-01,92.0,1.0,-7.6,0.0,0.0,-7.6,-7.63,Close entry(s) order TEST,TEST,1
425,LONG,2006-03-02,90.0,1.0,2006-03-03,89.5,1.0,-0.5,0.0,0.0,-0.5,-0.56,Close entry(s) order TEST,TEST,1
426,LONG,2006-03-06,94.4,1.0,2006-03-07,91.8,1.0,-2.6,0.0,0.0,-2.6,-2.75,Close entry(s) order TEST,TEST,1
427,LONG,2006-03-08,90.0,1.0,2006-03-09,89.8,1.0,-0.2,0.0,0.0,-0.2,-0.22,Close entry(s) order TEST,TEST,1
428,LONG,2006-03-10,91.0,1.0,2006-03-13,91.0,1.0,0.0,0.0,0.0,0.0,0.0,Close entry(s) order TEST,TEST,1
429,LONG,2006-03-14,89.7,1.0,2006-03-16,90.5,1.0,0.8,0.0,0.0,0.8,0.89,Close entry(s) order TEST,TEST,1
430,LONG,2006-03-17,88.3,1.0,2006-03-20,88.3,1.0,0.0,0.0,0.0,0.0,0.0,Close entry(s) order TEST,TEST,1
431,LONG,2006-03-21,90.0,1.0,2006-03-22,86.7,1.0,-3.3,0.0,0.0,-3.3,-3.67,Close entry(s) order TEST,TEST,1
432,LONG,2006-03-23,86.4,1.0,2006-03-24,86.0,1.0,-0.4,0.0,0.0,-0.4,-0.46,Close entry(s) order TEST,TEST,1
433,LONG,2006-03-27,84.9,1.0,2006-03-28,84.8,1.0,-0.1,0.0,0.0,-0.1,-0.12,Close entry(s) order TEST,TEST,1
434,LONG,2006-03-29,84.4,1.0,2006-03-30,85.6,1.0,1.2,0.0,0.0,1.2,1.42,Close entry(s) order TEST,TEST,1
435,LONG,2006-03-31,86.4,1.0,2006-04-03,78.9,1.0,-7.5,0.0,0.0,-7.5,-8.68,Close entry(s) order TEST,TEST,1
436,LONG,2006-04-04,88.9,1.0,2006-04-05,85.7,1.0,-3.2,0.0,0.0,-3.2,-3.6,Close entry(s) order TEST,TEST,1
437,LONG,2006-04-07,85.1,1.0,2006-04-10,84.0,1.0,-1.1,0.0,0.0,-1.1,-1.29,Close entry(s) order TEST,TEST,1
438,LONG,2006-04-12,82.5,1.0,2006-04-13,82.5,1.0,0.0,0.0,0.0,0.0,0.0,Close entry(s) order TEST,TEST,1
439,LONG,2006-04-17,81.5,1.0,2006-04-18,88.6,1.0,7.1,0.0,0.0,7.1,8.71,Close entry(s) order TEST,TEST,1
440,LONG,2006-04-19,73.0,1.0,2006-04-20,76.8,1.0,3.8,0.0,0.0,3.8,5.21,Close entry(s) order TEST,TEST,1
441,LONG,2006-04-21,79.0,1.0,2006-04-24,76.1,1.0,-2.9,0.0,0.0,-2.9,-3.67,Close entry(s) order TEST,TEST,1
442,LONG,2006-04-25,77.0,1.0,2006-04-26,75.5,1.0,-1.5,0.0,0.0,-1.5,-1.95,Close entry(s) order TEST,TEST,1
443,LONG,2006-04-27,76.3,1.0,2006-04-28,72.0,1.0,-4.3,0.0,0.0,-4.3,-5.64,Close entry(s) order TEST,TEST,1
444,LONG,2006-05-02,78.8,1.0,2006-05-03,77.0,1.0,-1.8,0.0,0.0,-1.8,-2.28,Close entry(s) order TEST,TEST,1
445,LONG,2006-05-04,77.8,1.0,2006-05-05,78.2,1.0,0.4,0.0,0.0,0.4,0.51,Close entry(s) order TEST,TEST,1
446,LONG,2006-05-08,76.3,1.0,2006-05-09,78.4,1.0,2.1,0.0,0.0,2.1,2.75,Close entry(s) order TEST,TEST,1
447,LONG,2006-05-10,78.0,1.0,2006-05-11,90.0,1.0,12.0,0.0,0.0,12.0,15.38,Close entry(s) order TEST,TEST,1
448,LONG,2006-05-12,82.2,1.0,2006-05-15,83.2,1.0,1.0,0.0,0.0,1.0,1.22,Close entry(s) order TEST,TEST,1
449,LONG,2006-05-16,78.4,1.0,2006-05-17,77.0,1.0,-1.4,0.0,0.0,-1.4,-1.79,Close entry(s) order TEST,TEST,1
450,LONG,2006-05-18,79.0,1.0,2006-05-19,78.2,1.0,-0.8,0.0,0.0,-0.8,-1.01,Close entry(s) order TEST,TEST,1
451,LONG,2006-05-22,74.9,1.0,2006-05-23,72.2,1.0,-2.7,0.0,0.0,-2.7,-3.6,Close entry(s) order TEST,TEST,1
452,LONG,2006-05-24,74.0,1.0,2006-05-25,73.0,1.0,-1.0,0.0,0.0,-1.0,-1.35,Close entry(s) order TEST,TEST,1
453,LONG,2006-05-26,72.1,1.0,2006-05-29,71.5,1.0,-0.6,0.0,0.0,-0.6,-0.83,Close entry(s) order TEST,TEST,1
454,LONG,2006-05-30,71.7,1.0,2006-05-31,71.5,1.0,-0.2,0.0,0.0,-0.2,-0.28,Close entry(s) order TEST,TEST,1
455,LONG,2006-06-01,71.5,1.0,2006-06-02,67.5,1.0,-4.0,0.0,0.0,-4.0,-5.59,Close entry(s) order TEST,TEST,1
456,LONG,2006-06-05,66.0,1.0,2006-06-06,66.0,1.0,0.0,0.0,0.0,0.0,0.0,Close entry(s) order TEST,TEST,1
457,LONG,2006-06-07,63.0,1.0,2006-06-08,57.2,1.0,-5.8,0.0,0.0,-5.8,-9.21,Close entry(s) order TEST,TEST,1
458,LONG,2006-06-09,50.1,1.0,2006-06-12,59.8,1.0,9.7,0.0,0.0,9.7,19.36,Close entry(s) order TEST,TEST,1
459,LONG,2006-06-13,58.0,1.0,2006-06-14,59.5,1.0,1.5,0.0,0.0,1.5,2.59,Close entry(s) order TEST,TEST,1
460,LONG,2006-06-15,61.9,1.0,2006-06-16,64.0,1.0,2.1,0.0,0.0,2.1,3.39,Close entry(s) order TEST,TEST,1
461,LONG,2006-06-19,69.3,1.0,2006-06-20,70.0,1.0,0.7,0.0,0.0,0.7,1.01,Close entry(s) order TEST,TEST,1
462,LONG,2006-06-21,70.9,1.0,2006-06-22,73.0,1.0,2.1,0.0,0.0,2.1,2.96,Close entry(s) order TEST,TEST,1
463,LONG,2006-06-23,71.1,1.0,2006-06-26,74.3,1.0,3.2,0.0,0.0,3.2,4.5,Close entry(s) order TEST,TEST,1
464,LONG,2006-06-27,69.0,1.0,2006-06-28,65.0,1.0,-4.0,0.0,0.0,-4.0,-5.8,Close entry(s) order TEST,TEST,1
465,LONG,2006-06-29,67.0,1.0,2006-06-30,69.6,1.0,2.6,0.0,0.0,2.6,3.88,Close entry(s) order TEST,TEST,1
466,LONG,2006-07-03,68.8,1.0,2006-07-04,69.7,1.0,0.9,0.0,0.0,0.9,1.31,Close entry(s) order TEST,TEST,1
467,LONG,2006-07-05,66.0,1.0,2006-07-06,66.5,1.0,0.5,0.0,0.0,0.5,0.76,Close entry(s) order TEST,TEST,1
468,LONG,2006-07-07,65.8,1.0,2006-07-10,63.0,1.0,-2.8,0.0,0.0,-2.8,-4.26,Close entry(s) order TEST,TEST,1
469,LONG,2006-07-11,62.0,1.0,2006-07-12,59.1,1.0,-2.9,0.0,0.0,-2.9,-4.68,Close entry(s) order TEST,TEST,1
470,LONG,2006-07-13,60.4,1.0,2006-07-14,59.3,1.0,-1.1,0.0,0.0,-1.1,-1.82,Close entry(s) order TEST,TEST,1
471,LONG,2006-07-17,60.7,1.0,2006-07-18,60.4,1.0,-0.3,0.0,0.0,-0.3,-0.49,Close entry(s) order TEST,TEST,1
472,LONG,2006-07-19,57.8,1.0,2006-07-20,55.0,1.0,-2.8,0.0,0.0,-2.8,-4.84,Close entry(s) order TEST,TEST,1
473,LONG,2006-07-21,53.1,1.0,2006-07-24,50.8,1.0,-2.3,0.0,0.0,-2.3,-4.33,Close entry(s) order TEST,TEST,1
474,LONG,2006-07-25,49.7,1.0,2006-07-26,50.0,1.0,0.3,0.0,0.0,0.3,0.6,Close entry(s) order TEST,TEST,1
475,LONG,2006-07-27,53.0,1.0,2006-07-28,53.0,1.0,0.0,0.0,0.0,0.0,0.0,Close entry(s) order TEST,TEST,1
476,LONG,2006-07-31,61.5,1.0,2006-08-01,67.0,1.0,5.5,0.0,0.0,5.5,8.94,Close entry(s) order TEST,TEST,1
477,LONG,2006-08-02,64.3,1.0,2006-08-03,65.0,1.0,0.7,0.0,0.0,0.7,1.09,Close entry(s) order TEST,TEST,1
478,LONG,2006-08-04,64.8,1.0,2006-08-07,63.2,1.0,-1.6,0.0,0.0,-1.6,-2.47,Close entry(s) order TEST,TEST,1
479,LONG,2006-08-08,61.5,1.0,2006-08-09,62.0,1.0,0.5,0.0,0.0,0.5,0.81,Close entry(s) order TEST,TEST,1
480,LONG,2006-08-10,63.0,1.0,2006-08-11,64.2,1.0,1.2,0.0,0.0,1.2,1.9,Close entry(s) order TEST,TEST,1
481,LONG,2006-08-14,65.5,1.0,2006-08-16,70.0,1.0,4.5,0.0,0.0,4.5,6.87,Close entry(s) order TEST,TEST,1
482,LONG,2006-08-17,70.0,1.0,2006-08-18,68.5,1.0,-1.5,0.0,0.0,-1.5,-2.14,Close entry(s) order TEST,TEST,1
483,LONG,2006-08-21,70.1,1.0,2006-08-22,69.1,1.0,-1.0,0.0,0.0,-1.0,-1.43,Close entry(s) order TEST,TEST,1
484,LONG,2006-08-23,71.1,1.0,2006-08-24,75.0,1.0,3.9,0.0,0.0,3.9,5.49,Close entry(s) order TEST,TEST,1
485,LONG,2006-08-25,77.0,1.0,2006-08-28,75.6,1.0,-1.4,0.0,0.0,-1.4,-1.82,Close entry(s) order TEST,TEST,1
486,LONG,2006-08-29,75.0,1.0,2006-08-30,77.5,1.0,2.5,0.0,0.0,2.5,3.33,Close entry(s) order TEST,TEST,1
487,LONG,2006-08-31,75.0,1.0,2006-09-01,74.0,1.0,-1.0,0.0,0.0,-1.0,-1.33,Close entry(s) order TEST,TEST,1
488,LONG,2006-09-04,72.1,1.0,2006-09-05,77.1,1.0,5.0,0.0,0.0,5.0,6.93,Close entry(s) order TEST,TEST,1
489,LONG,2006-09-06,79.3,1.0,2006-09-07,75.2,1.0,-4.1,0.0,0.0,-4.1,-5.17,Close entry(s) order TEST,TEST,1
490,LONG,2006-09-08,76.6,1.0,2006-09-11,78.9,1.0,2.3,0.0,0.0,2.3,3.0,Close entry(s) order TEST,TEST,1
491,LONG,2006-09-12,75.0,1.0,2006-09-13,78.5,1.0,3.5,0.0,0.0,3.5,4.67,Close entry(s) order TEST,TEST,1
492,LONG,2006-09-14,78.4,1.0,2006-09-15,76.5,1.0,-1.9,0.0,0.0,-1.9,-2.42,Close entry(s) order TEST,TEST,1
493,LONG,2006-09-18,76.0,1.0,2006-09-19,77.9,1.0,1.9,0.0,0.0,1.9,2.5,Close entry(s) order TEST,TEST,1
494,LONG,2006-09-20,77.9,1.0,2006-09-21,76.0,1.0,-1.9,0.0,0.0,-1.9,-2.44,Close entry(s) order TEST,TEST,1
495,LONG,2006-09-22,75.3,1.0,2006-09-25,76.5,1.0,1.2,0.0,0.0,1.2,1.59,Close entry(s) order TEST,TEST,1
496,LONG,2006-09-26,76.1,1.0,2006-09-27,74.8,1.0,-1.3,0.0,0.0,-1.3,-1.71,Close entry(s) order TEST,TEST,1
497,LONG,2006-09-28,73.9,1.0,2006-09-29,72.5,1.0,-1.4,0.0,0.0,-1.4,-1.89,Close entry(s) order TEST,TEST,1
498,LONG,2006-10-03,73.0,1.0,2006-10-04,75.1,1.0,2.1,0.0,0.0,2.1,2.88,Close entry(s) order TEST,TEST,1
499,LONG,2006-10-05,74.0,1.0,2006-10-06,73.0,1.0,-1.0,0.0,0.0,-1.0,-1.35,Close entry(s) order TEST,TEST,1
500,LONG,2006-10-09,72.5,1.0,2006-10-10,75.8,1.0,3.3,0.0,0.0,3.3,4.55,Close entry(s) order TEST,TEST,1
501,LONG,2006-10-11,75.5,1.0,2006-10-12,76.9,1.0,1.4,0.0,0.0,1.4,1.85,Close entry(s) order TEST,TEST,1
502,LONG,2006-10-13,78.1,1.0,2006-10-16,78.5,1.0,0.4,0.0,0.0,0.4,0.51,Close entry(s) order TEST,TEST,1
503,LONG,2006-10-17,77.5,1.0,2006-10-18,75.3,1.0,-2.2,0.0,0.0,-2.2,-2.84,Close entry(s) order TEST,TEST,1
504,LONG,2006-10-19,75.9,1.0,2006-10-20,74.5,1.0,-1.4,0.0,0.0,-1.4,-1.84,Close entry(s) order TEST,TEST,1
505,LONG,2006-10-23,73.9,1.0,2006-10-26,72.8,1.0,-1.1,0.0,0.0,-1.1,-1.49,Close entry(s) order TEST,TEST,1
506,LONG,2006-10-27,72.5,1.0,2006-10-30,71.6,1.0,-0.9,0.0,0.0,-0.9,-1.24,Close entry(s) order TEST,TEST,1
507,LONG,2006-10-31,71.1,1.0,2006-11-01,70.9,1.0,-0.2,0.0,0.0,-0.2,-0.28,Close entry(s) order TEST,TEST,1
508,LONG,2006-11-02,71.0,1.0,2006-11-03,72.3,1.0,1.3,0.0,0.0,1.3,1.83,Close entry(s) order TEST,TEST,1
509,LONG,2006-11-06,71.5,1.0,2006-11-07,75.5,1.0,4.0,0.0,0.0,4.0,5.59,Close entry(s) order TEST,TEST,1
510,LONG,2006-11-08,76.4,1.0,2006-11-09,76.1,1.0,-0.3,0.0,0.0,-0.3,-0.39,Close entry(s) order TEST,TEST,1
511,LONG,2006-11-10,81.8,1.0,2006-11-13,81.7,1.0,-0.1,0.0,0.0,-0.1,-0.12,Close entry(s) order TEST,TEST,1
512,LONG,2006-11-14,82.6,1.0,2006-11-15,83.6,1.0,1.0,0.0,0.0,1.0,1.21,Close entry(s) order TEST,TEST,1
513,LONG,2006-11-16,81.5,1.0,2006-11-17,79.5,1.0,-2.0,0.0,0.0,-2.0,-2.45,Close entry(s) order TEST,TEST,1
514,LONG,2006-11-20,77.5,1.0,2006-11-21,78.0,1.0,0.5,0.0,0.0,0.5,0.65,Close entry(s) order TEST,TEST,1
515,LONG,2006-11-22,78.7,1.0,2006-11-23,79.1,1.0,0.4,0.0,0.0,0.4,0.51,Close entry(s) order TEST,TEST,1
516,LONG,2006-11-24,83.9,1.0,2006-11-27,86.4,1.0,2.5,0.0,0.0,2.5,2.98,Close entry(s) order TEST,TEST,1
517,LONG,2006-11-28,83.5,1.0,2006-11-29,84.9,1.0,1.4,0.0,0.0,1.4,1.68,Close entry(s) order TEST,TEST,1
518,LONG,2006-11-30,87.0,1.0,2006-12-01,86.5,1.0,-0.5,0.0,0.0,-0.5,-0.57,Close entry(s) order TEST,TEST,1
519,LONG,2006-12-04,89.7,1.0,2006-12-05,92.0,1.0,2.3,0.0,0.0,2.3,2.56,Close entry(s) order TEST,TEST,1
520,LONG,2006-12-06,91.6,1.0,2006-12-07,88.6,1.0,-3.0,0.0,0.0,-3.0,-3.28,Close entry(s) order TEST,TEST,1
521,LONG,2006-12-08,89.8,1.0,2006-12-11,85.0,1.0,-4.8,0.0,0.0,-4.8,-5.35,Close entry(s) order TEST,TEST,1
522,LONG,2006-12-12,85.3,1.0,2006-12-13,82.4,1.0,-2.9,0.0,0.0,-2.9,-3.4,Close entry(s) order TEST,TEST,1
523,LONG,2006-12-14,90.4,1.0,2006-12-15,90.6,1.0,0.2,0.0,0.0,0.2,0.22,Close entry(s) order TEST,TEST,1
524,LONG,2006-12-18,91.4,1.0,2006-12-19,89.9,1.0,-1.5,0.0,0.0,-1.5,-1.64,Close entry(s) order TEST,TEST,1
525,LONG,2006-12-20,88.3,1.0,2006-12-21,86.2,1.0,-2.1,0.0,0.0,-2.1,-2.38,Close entry(s) order TEST,TEST,1
526,LONG,2006-12-22,86.7,1.0,2006-12-26,85.3,1.0,-1.4,0.0,0.0,-1.4,-1.61,Close entry(s) order TEST,TEST,1
527,LONG,2006-12-27,86.8,1.0,2006-12-28,88.9,1.0,2.1,0.0,0.0,2.1,2.42,Close entry(s) order TEST,TEST,1
528,LONG,2006-12-29,89.0,1.0,2007-01-02,92.9,1.0,3.9,0.0,0.0,3.9,4.38,Close entry(s) order TEST,TEST,1
529,LONG,2007-01-03,95.3,1.0,2007-01-04,101.0,1.0,5.7,0.0,0.0,5.7,5.98,Close entry(s) order TEST,TEST,1
530,LONG,2007-01-05,101.0,1.0,2007-01-08,107.3,1.0,6.3,0.0,0.0,6.3,6.24,Close entry(s) order TEST,TEST,1
531,LONG,2007-01-09,107.0,1.0,2007-01-10,101.0,1.0,-6.0,0.0,0.0,-6.0,-5.61,Close entry(s) order TEST,TEST,1
532,LONG,2007-01-11,103.9,1.0,2007-01-12,106.0,1.0,2.1,0.0,0.0,2.1,2.02,Close entry(s) order TEST,TEST,1
533,LONG,2007-01-15,106.5,1.0,2007-01-16,105.2,1.0,-1.3,0.0,0.0,-1.3,-1.22,Close entry(s) order TEST,TEST,1
534,LONG,2007-01-17,106.5,1.0,2007-01-18,105.0,1.0,-1.5,0.0,0.0,-1.5,-1.41,Close entry(s) order TEST,TEST,1
535,LONG,2007-01-19,113.2,1.0,2007-01-22,110.9,1.0,-2.3,0.0,0.0,-2.3,-2.03,Close entry(s) order TEST,TEST,1
536,LONG,2007-01-23,111.0,1.0,2007-01-24,111.0,1.0,0.0,0.0,0.0,0.0,0.0,Close entry(s) order TEST,TEST,1
537,LONG,2007-01-25,116.0,1.0,2007-01-29,115.3,1.0,-0.7,0.0,0.0,-0.7,-0.6,Close entry(s) order TEST,TEST,1
538,LONG,2007-01-31,117.0,1.0,2007-02-01,118.3,1.0,1.3,0.0,0.0,1.3,1.11,Close entry(s) order TEST,TEST,1
539,LONG,2007-02-02,118.5,1.0,2007-02-05,123.8,1.0,5.3,0.0,0.0,5.3,4.47,Close entry(s) order TEST,TEST,1
540,LONG,2007-02-06,123.0,1.0,2007-02-07,124.9,1.0,1.9,0.0,0.0,1.9,1.54,Close entry(s) order TEST,TEST,1
541,LONG,2007-02-08,122.0,1.0,2007-02-09,120.9,1.0,-1.1,0.0,0.0,-1.1,-0.9,Close entry(s) order TEST,TEST,1
542,LONG,2007-02-12,122.3,1.0,2007-02-13,113.4,1.0,-8.9,0.0,0.0,-8.9,-7.28,Close entry(s) order TEST,TEST,1
543,LONG,2007-02-14,112.0,1.0,2007-02-15,113.9,1.0,1.9,0.0,0.0,1.9,1.7,Close entry(s) order TEST,TEST,1
544,LONG,2007-02-19,117.5,1.0,2007-02-20,108.0,1.0,-9.5,0.0,0.0,-9.5,-8.09,Close entry(s) order TEST,TEST,1
545,LONG,2007-02-21,115.3,1.0,2007-02-22,109.8,1.0,-5.5,0.0,0.0,-5.5,-4.77,Close entry(s) order TEST,TEST,1
546,LONG,2007-02-23,111.5,1.0,2007-02-26,109.0,1.0,-2.5,0.0,0.0,-2.5,-2.24,Close entry(s) order TEST,TEST,1
547,LONG,2007-02-27,112.5,1.0,2007-02-28,105.0,1.0,-7.5,0.0,0.0,-7.5,-6.67,Close entry(s) order TEST,TEST,1
548,LONG,2007-03-01,109.5,1.0,2007-03-02,108.0,1.0,-1.5,0.0,0.0,-1.5,-1.37,Close entry(s) order TEST,TEST,1
549,LONG,2007-03-05,101.1,1.0,2007-03-06,103.0,1.0,1.9,0.0,0.0,1.9,1.88,Close entry(s) order TEST,TEST,1
550,LONG,2007-03-07,100.0,1.0,2007-03-08,98.5,1.0,-1.5,0.0,0.0,-1.5,-1.5,Close entry(s) order TEST,TEST,1
551,LONG,2007-03-09,100.5,1.0,2007-03-12,98.5,1.0,-2.0,0.0,0.0,-2.0,-1.99,Close entry(s) order TEST,TEST,1
552,LONG,2007-03-13,106.0,1.0,2007-03-14,96.5,1.0,-9.5,0.0,0.0,-9.5,-8.96,Close entry(s) order TEST,TEST,1
553,LONG,2007-03-15,106.9,1.0,2007-03-16,105.0,1.0,-1.9,0.0,0.0,-1.9,-1.78,Close entry(s) order TEST,TEST,1
554,LONG,2007-03-19,103.9,1.0,2007-03-20,102.0,1.0,-1.9,0.0,0.0,-1.9,-1.83,Close entry(s) order TEST,TEST,1
555,LONG,2007-03-21,102.8,1.0,2007-03-22,104.0,1.0,1.2,0.0,0.0,1.2,1.17,Close entry(s) order TEST,TEST,1
556,LONG,2007-03-23,103.0,1.0,2007-03-26,104.8,1.0,1.8,0.0,0.0,1.8,1.75,Close entry(s) order TEST,TEST,1
557,LONG,2007-03-28,102.1,1.0,2007-03-29,101.8,1.0,-0.3,0.0,0.0,-0.3,-0.29,Close entry(s) order TEST,TEST,1
558,LONG,2007-03-30,102.0,1.0,2007-04-02,100.2,1.0,-1.8,0.0,0.0,-1.8,-1.76,Close entry(s) order TEST,TEST,1
559,LONG,2007-04-03,100.0,1.0,2007-04-04,100.1,1.0,0.1,0.0,0.0,0.1,0.1,Close entry(s) order TEST,TEST,1
560,LONG,2007-04-05,102.6,1.0,2007-04-09,104.0,1.0,1.4,0.0,0.0,1.4,1.36,Close entry(s) order TEST,TEST,1
561,LONG,2007-04-10,102.5,1.0,2007-04-11,106.0,1.0,3.5,0.0,0.0,3.5,3.41,Close entry(s) order TEST,TEST,1
562,LONG,2007-04-12,115.5,1.0,2007-04-13,117.1,1.0,1.6,0.0,0.0,1.6,1.39,Close entry(s) order TEST,TEST,1
563,LONG,2007-04-16,126.4,1.0,2007-04-17,126.7,1.0,0.3,0.0,0.0,0.3,0.24,Close entry(s) order TEST,TEST,1
564,LONG,2007-04-18,127.8,1.0,2007-04-19,125.5,1.0,-2.3,0.0,0.0,-2.3,-1.8,Close entry(s) order TEST,TEST,1
565,LONG,2007-04-20,124.4,1.0,2007-04-23,125.0,1.0,0.6,0.0,0.0,0.6,0.48,Close entry(s) order TEST,TEST,1
566,LONG,2007-04-24,125.0,1.0,2007-04-25,128.1,1.0,3.1,0.0,0.0,3.1,2.48,Close entry(s) order TEST,TEST,1
567,LONG,2007-04-26,134.0,1.0,2007-04-27,131.1,1.0,-2.9,0.0,0.0,-2.9,-2.16,Close entry(s) order TEST,TEST,1
568,LONG,2007-04-30,133.9,1.0,2007-05-03,139.0,1.0,5.1,0.0,0.0,5.1,3.81,Close entry(s) order TEST,TEST,1
569,LONG,2007-05-04,139.4,1.0,2007-05-07,139.0,1.0,-0.4,0.0,0.0,-0.4,-0.29,Close entry(s) order TEST,TEST,1
570,LONG,2007-05-08,138.6,1.0,2007-05-09,136.1,1.0,-2.5,0.0,0.0,-2.5,-1.8,Close entry(s) order TEST,TEST,1
571,LONG,2007-05-10,138.1,1.0,2007-05-11,138.0,1.0,-0.1,0.0,0.0,-0.1,-0.07,Close entry(s) order TEST,TEST,1
572,LONG,2007-05-14,143.7,1.0,2007-05-15,143.9,1.0,0.2,0.0,0.0,0.2,0.14,Close entry(s) order TEST,TEST,1
573,LONG,2007-05-16,145.5,1.0,2007-05-17,149.3,1.0,3.8,0.0,0.0,3.8,2.61,Close entry(s) order TEST,TEST,1
574,LONG,2007-05-18,151.0,1.0,2007-05-21,152.6,1.0,1.6,0.0,0.0,1.6,1.06,Close entry(s) order TEST,TEST,1
575,LONG,2007-05-22,161.0,1.0,2007-05-23,159.3,1.0,-1.7,0.0,0.0,-1.7,-1.06,Close entry(s) order TEST,TEST,1
576,LONG,2007-05-24,162.0,1.0,2007-05-25,156.8,1.0,-5.2,0.0,0.0,-5.2,-3.21,Close entry(s) order TEST,TEST,1
577,LONG,2007-05-28,162.0,1.0,2007-05-29,172.9,1.0,10.9,0.0,0.0,10.9,6.73,Close entry(s) order TEST,TEST,1
578,LONG,2007-05-30,175.1,1.0,2007-05-31,174.9,1.0,-0.2,0.0,0.0,-0.2,-0.11,Close entry(s) order TEST,TEST,1
579,LONG,2007-06-01,180.8,1.0,2007-06-04,182.1,1.0,1.3,0.0,0.0,1.3,0.72,Close entry(s) order TEST,TEST,1
580,LONG,2007-06-05,178.1,1.0,2007-06-06,171.3,1.0,-6.8,0.0,0.0,-6.8,-3.82,Close entry(s) order TEST,TEST,1
581,LONG,2007-06-07,177.0,1.0,2007-06-08,177.6,1.0,0.6,0.0,0.0,0.6,0.34,Close entry(s) order TEST,TEST,1
582,LONG,2007-06-11,179.9,1.0,2007-06-12,183.5,1.0,3.6,0.0,0.0,3.6,2.0,Close entry(s) order TEST,TEST,1
583,LONG,2007-06-13,180.0,1.0,2007-06-14,176.8,1.0,-3.2,0.0,0.0,-3.2,-1.78,Close entry(s) order TEST,TEST,1
584,LONG,2007-06-15,181.9,1.0,2007-06-18,190.1,1.0,8.2,0.0,0.0,8.2,4.51,Close entry(s) order TEST,TEST,1
585,LONG,2007-06-19,196.9,1.0,2007-06-20,205.3,1.0,8.4,0.0,0.0,8.4,4.27,Close entry(s) order TEST,TEST,1
586,LONG,2007-06-21,214.0,1.0,2007-06-22,208.0,1.0,-6.0,0.0,0.0,-6.0,-2.8,Close entry(s) order TEST,TEST,1
587,LONG,2007-06-25,204.9,1.0,2007-06-26,211.9,1.0,7.0,0.0,0.0,7.0,3.42,Close entry(s) order TEST,TEST,1
588,LONG,2007-06-27,206.0,1.0,2007-06-28,204.6,1.0,-1.4,0.0,0.0,-1.4,-0.68,Close entry(s) order TEST,TEST,1
589,LONG,2007-06-29,214.0,1.0,2007-07-02,222.9,1.0,8.9,0.0,0.0,8.9,4.16,Close entry(s) order TEST,TEST,1
590,LONG,2007-07-03,240.0,1.0,2007-07-04,232.1,1.0,-7.9,0.0,0.0,-7.9,-3.29,Close entry(s) order TEST,TEST,1
591,LONG,2007-07-05,234.1,1.0,2007-07-06,228.0,1.0,-6.1,0.0,0.0,-6.1,-2.61,Close entry(s) order TEST,TEST,1
592,LONG,2007-07-09,232.5,1.0,2007-07-10,237.9,1.0,5.4,0.0,0.0,5.4,2.32,Close entry(s) order TEST,TEST,1
593,LONG,2007-07-11,230.0,1.0,2007-07-12,233.5,1.0,3.5,0.0,0.0,3.5,1.52,Close entry(s) order TEST,TEST,1
594,LONG,2007-07-13,235.4,1.0,2007-07-16,236.0,1.0,0.6,0.0,0.0,0.6,0.25,Close entry(s) order TEST,TEST,1
595,LONG,2007-07-17,246.1,1.0,2007-07-18,245.0,1.0,-1.1,0.0,0.0,-1.1,-0.45,Close entry(s) order TEST,TEST,1
596,LONG,2007-07-19,253.7,1.0,2007-07-20,250.0,1.0,-3.7,0.0,0.0,-3.7,-1.46,Close entry(s) order TEST,TEST,1
597,LONG,2007-07-23,252.0,1.0,2007-07-24,250.5,1.0,-1.5,0.0,0.0,-1.5,-0.6,Close entry(s) order TEST,TEST,1
598,LONG,2007-07-25,260.5,1.0,2007-07-26,258.0,1.0,-2.5,0.0,0.0,-2.5,-0.96,Close entry(s) order TEST,TEST,1
599,LONG,2007-07-27,252.0,1.0,2007-07-30,245.0,1.0,-7.0,0.0,0.0,-7.0,-2.78,Close entry(s) order TEST,TEST,1
600,LONG,2007-07-31,251.0,1.0,2007-08-01,244.5,1.0,-6.5,0.0,0.0,-6.5,-2.59,Close entry(s) order TEST,TEST,1
601,LONG,2007-08-02,230.0,1.0,2007-08-03,242.9,1.0,12.9,0.0,0.0,12.9,5.61,Close entry(s) order TEST,TEST,1
602,LONG,2007-08-06,239.0,1.0,2007-08-07,245.8,1.0,6.8,0.0,0.0,6.8,2.85,Close entry(s) order TEST,TEST,1
603,LONG,2007-08-08,243.0,1.0,2007-08-09,251.8,1.0,8.8,0.0,0.0,8.8,3.62,Close entry(s) order TEST,TEST,1
604,LONG,2007-08-10,242.0,1.0,2007-08-13,247.7,1.0,5.7,0.0,0.0,5.7,2.36,Close entry(s) order TEST,TEST,1
605,LONG,2007-08-14,244.0,1.0,2007-08-16,233.0,1.0,-11.0,0.0,0.0,-11.0,-4.51,Close entry(s) order TEST,TEST,1
606,LONG,2007-08-17,224.7,1.0,2007-08-20,226.4,1.0,1.7,0.0,0.0,1.7,0.76,Close entry(s) order TEST,TEST,1
607,LONG,2007-08-21,225.3,1.0,2007-08-22,217.7,1.0,-7.6,0.0,0.0,-7.6,-3.37,Close entry(s) order TEST,TEST,1
608,LONG,2007-08-23,209.7,1.0,2007-08-24,218.1,1.0,8.4,0.0,0.0,8.4,4.01,Close entry(s) order TEST,TEST,1
609,LONG,2007-08-27,232.1,1.0,2007-08-28,226.5,1.0,-5.6,0.0,0.0,-5.6,-2.41,Close entry(s) order TEST,TEST,1
610,LONG,2007-08-29,224.3,1.0,2007-08-30,227.4,1.0,3.1,0.0,0.0,3.1,1.38,Close entry(s) order TEST,TEST,1
611,LONG,2007-08-31,241.0,1.0,2007-09-03,254.0,1.0,13.0,0.0,0.0,13.0,5.39,Close entry(s) order TEST,TEST,1
612,LONG,2007-09-04,256.0,1.0,2007-09-05,256.7,1.0,0.7,0.0,0.0,0.7,0.27,Close entry(s) order TEST,TEST,1
613,LONG,2007-09-06,254.4,1.0,2007-09-07,243.7,1.0,-10.7,0.0,0.0,-10.7,-4.21,Close entry(s) order TEST,TEST,1
614,LONG,2007-09-10,227.6,1.0,2007-09-11,232.0,1.0,4.4,0.0,0.0,4.4,1.93,Close entry(s) order TEST,TEST,1
615,LONG,2007-09-12,238.8,1.0,2007-09-13,250.9,1.0,12.1,0.0,0.0,12.1,5.07,Close entry(s) order TEST,TEST,1
616,LONG,2007-09-14,271.0,1.0,2007-09-17,258.5,1.0,-12.5,0.0,0.0,-12.5,-4.61,Close entry(s) order TEST,TEST,1
617,LONG,2007-09-18,266.5,1.0,2007-09-19,276.0,1.0,9.5,0.0,0.0,9.5,3.56,Close entry(s) order TEST,TEST,1
618,LONG,2007-09-20,279.0,1.0,2007-09-21,291.3,1.0,12.3,0.0,0.0,12.3,4.41,Close entry(s) order TEST,TEST,1
619,LONG,2007-09-24,285.0,1.0,2007-09-25,286.0,1.0,1.0,0.0,0.0,1.0,0.35,Close entry(s) order TEST,TEST,1
620,LONG,2007-09-26,286.4,1.0,2007-09-27,297.8,1.0,11.4,0.0,0.0,11.4,3.98,Close entry(s) order TEST,TEST,1
621,LONG,2007-09-28,300.0,1.0,2007-10-01,297.0,1.0,-3.0,0.0,0.0,-3.0,-1.0,Close entry(s) order TEST,TEST,1
622,LONG,2007-10-03,302.8,1.0,2007-10-04,301.0,1.0,-1.8,0.0,0.0,-1.8,-0.59,Close entry(s) order TEST,TEST,1
623,LONG,2007-10-05,313.0,1.0,2007-10-08,315.0,1.0,2.0,0.0,0.0,2.0,0.64,Close entry(s) order TEST,TEST,1
624,LONG,2007-10-09,297.1,1.0,2007-10-10,306.8,1.0,9.7,0.0,0.0,9.7,3.26,Close entry(s) order TEST,TEST,1
625,LONG,2007-10-11,315.4,1.0,2007-10-12,319.8,1.0,4.4,0.0,0.0,4.4,1.4,Close entry(s) order TEST,TEST,1
626,LONG,2007-10-15,340.0,1.0,2007-10-16,340.0,1.0,0.0,0.0,0.0,0.0,0.0,Close entry(s) order TEST,TEST,1
627,LONG,2007-10-17,325.0,1.0,2007-10-18,335.0,1.0,10.0,0.0,0.0,10.0,3.08,Close entry(s) order TEST,TEST,1
628,LONG,2007-10-19,301.0,1.0,2007-10-22,279.7,1.0,-21.3,0.0,0.0,-21.3,-7.08,Close entry(s) order TEST,TEST,1
629,LONG,2007-10-23,293.6,1.0,2007-10-24,328.0,1.0,34.4,0.0,0.0,34.4,11.72,Close entry(s) order TEST,TEST,1
630,LONG,2007-10-25,330.0,1.0,2007-10-26,325.0,1.0,-5.0,0.0,0.0,-5.0,-1.52,Close entry(s) order TEST,TEST,1
631,LONG,2007-10-29,331.0,1.0,2007-10-30,341.5,1.0,10.5,0.0,0.0,10.5,3.17,Close entry(s) order TEST,TEST,1
632,LONG,2007-10-31,325.0,1.0,2007-11-01,332.6,1.0,7.6,0.0,0.0,7.6,2.34,Close entry(s) order TEST,TEST,1
633,LONG,2007-11-02,319.0,1.0,2007-11-05,320.0,1.0,1.0,0.0,0.0,1.0,0.31,Close entry(s) order TEST,TEST,1
634,LONG,2007-11-06,321.3,1.0,2007-11-07,323.0,1.0,1.7,0.0,0.0,1.7,0.53,Close entry(s) order TEST,TEST,1
635,LONG,2007-11-08,309.0,1.0,2007-11-12,331.0,1.0,22.0,0.0,0.0,22.0,7.12,Close entry(s) order TEST,TEST,1
636,LONG,2007-11-13,370.0,1.0,2007-11-14,401.0,1.0,31.0,0.0,0.0,31.0,8.38,Close entry(s) order TEST,TEST,1
637,LONG,2007-11-15,420.0,1.0,2007-11-16,400.0,1.0,-20.0,0.0,0.0,-20.0,-4.76,Close entry(s) order TEST,TEST,1
638,LONG,2007-11-19,390.0,1.0,2007-11-20,395.5,1.0,5.5,0.0,0.0,5.5,1.41,Close entry(s) order TEST,TEST,1
639,LONG,2007-11-21,415.0,1.0,2007-11-22,385.0,1.0,-30.0,0.0,0.0,-30.0,-7.23,Close entry(s) order TEST,TEST,1
640,LONG,2007-11-23,382.0,1.0,2007-11-26,404.0,1.0,22.0,0.0,0.0,22.0,5.76,Close entry(s) order TEST,TEST,1
641,LONG,2007-11-27,395.0,1.0,2007-11-28,392.0,1.0,-3.0,0.0,0.0,-3.0,-0.76,Close entry(s) order TEST,TEST,1
642,LONG,2007-11-29,393.7,1.0,2007-11-30,382.0,1.0,-11.7,0.0,0.0,-11.7,-2.97,Close entry(s) order TEST,TEST,1
643,LONG,2007-12-03,422.8,1.0,2007-12-04,431.0,1.0,8.2,0.0,0.0,8.2,1.94,Close entry(s) order TEST,TEST,1
644,LONG,2007-12-05,420.0,1.0,2007-12-06,448.0,1.0,28.0,0.0,0.0,28.0,6.67,Close entry(s) order TEST,TEST,1
645,LONG,2007-12-07,425.0,1.0,2007-12-10,425.0,1.0,0.0,0.0,0.0,0.0,0.0,Close entry(s) order TEST,TEST,1
646,LONG,2007-12-11,445.0,1.0,2007-12-12,469.5,1.0,24.5,0.0,0.0,24.5,5.51,Close entry(s) order TEST,TEST,1
647,LONG,2007-12-13,477.0,1.0,2007-12-14,471.0,1.0,-6.0,0.0,0.0,-6.0,-1.26,Close entry(s) order TEST,TEST,1
648,LONG,2007-12-17,465.0,1.0,2007-12-18,432.0,1.0,-33.0,0.0,0.0,-33.0,-7.1,Close entry(s) order TEST,TEST,1
649,LONG,2007-12-19,441.0,1.0,2007-12-20,435.0,1.0,-6.0,0.0,0.0,-6.0,-1.36,Close entry(s) order TEST,TEST,1
650,LONG,2007-12-24,438.5,1.0,2007-12-26,442.0,1.0,3.5,0.0,0.0,3.5,0.8,Close entry(s) order TEST,TEST,1
651,LONG,2007-12-27,449.0,1.0,2007-12-28,440.0,1.0,-9.0,0.0,0.0,-9.0,-2.0,Close entry(s) order TEST,TEST,1
652,LONG,2007-12-31,454.6,1.0,2008-01-01,458.7,1.0,4.1,0.0,0.0,4.1,0.9,Close entry(s) order TEST,TEST,1
653,LONG,2008-01-02,459.8,1.0,2008-01-03,455.0,1.0,-4.8,0.0,0.0,-4.8,-1.04,Close entry(s) order TEST,TEST,1
654,LONG,2008-01-04,456.0,1.0,2008-01-07,455.9,1.0,-0.1,0.0,0.0,-0.1,-0.02,Close entry(s) order TEST,TEST,1
655,LONG,2008-01-08,467.0,1.0,2008-01-09,453.0,1.0,-14.0,0.0,0.0,-14.0,-3.0,Close entry(s) order TEST,TEST,1
656,LONG,2008-01-10,455.0,1.0,2008-01-11,480.0,1.0,25.0,0.0,0.0,25.0,5.49,Close entry(s) order TEST,TEST,1
657,LONG,2008-01-14,451.0,1.0,2008-01-15,490.0,1.0,39.0,0.0,0.0,39.0,8.65,Close entry(s) order TEST,TEST,1
658,LONG,2008-01-16,503.0,1.0,2008-01-17,490.0,1.0,-13.0,0.0,0.0,-13.0,-2.58,Close entry(s) order TEST,TEST,1
659,LONG,2008-01-18,530.5,1.0,2008-01-21,494.0,1.0,-36.5,0.0,0.0,-36.5,-6.88,Close entry(s) order TEST,TEST,1
660,LONG,2008-01-22,409.0,1.0,2008-01-23,466.0,1.0,57.0,0.0,0.0,57.0,13.94,Close entry(s) order TEST,TEST,1
661,LONG,2008-01-24,475.0,1.0,2008-01-25,461.0,1.0,-14.0,0.0,0.0,-14.0,-2.95,Close entry(s) order TEST,TEST,1
662,LONG,2008-01-28,487.0,1.0,2008-01-29,515.0,1.0,28.0,0.0,0.0,28.0,5.75,Close entry(s) order TEST,TEST,1
663,LONG,2008-01-30,516.4,1.0,2008-01-31,482.4,1.0,-34.0,0.0,0.0,-34.0,-6.58,Close entry(s) order TEST,TEST,1
664,LONG,2008-02-01,481.0,1.0,2008-02-04,478.7,1.0,-2.3,0.0,0.0,-2.3,-0.48,Close entry(s) order TEST,TEST,1
665,LONG,2008-02-05,465.0,1.0,2008-02-06,470.0,1.0,5.0,0.0,0.0,5.0,1.08,Close entry(s) order TEST,TEST,1
666,LONG,2008-02-07,472.2,1.0,2008-02-08,455.0,1.0,-17.2,0.0,0.0,-17.2,-3.64,Close entry(s) order TEST,TEST,1
667,LONG,2008-02-11,424.0,1.0,2008-02-12,390.0,1.0,-34.0,0.0,0.0,-34.0,-8.02,Close entry(s) order TEST,TEST,1
668,LONG,2008-02-13,411.0,1.0,2008-02-14,415.0,1.0,4.0,0.0,0.0,4.0,0.97,Close entry(s) order TEST,TEST,1
669,LONG,2008-02-15,415.0,1.0,2008-02-18,446.9,1.0,31.9,0.0,0.0,31.9,7.69,Close entry(s) order TEST,TEST,1
670,LONG,2008-02-19,476.0,1.0,2008-02-20,470.0,1.0,-6.0,0.0,0.0,-6.0,-1.26,Close entry(s) order TEST,TEST,1
671,LONG,2008-02-21,477.3,1.0,2008-02-22,465.0,1.0,-12.3,0.0,0.0,-12.3,-2.58,Close entry(s) order TEST,TEST,1
672,LONG,2008-02-25,465.0,1.0,2008-02-26,449.0,1.0,-16.0,0.0,0.0,-16.0,-3.44,Close entry(s) order TEST,TEST,1
673,LONG,2008-02-27,452.0,1.0,2008-02-28,449.8,1.0,-2.2,0.0,0.0,-2.2,-0.49,Close entry(s) order TEST,TEST,1
674,LONG,2008-02-29,454.0,1.0,2008-03-03,431.3,1.0,-22.7,0.0,0.0,-22.7,-5.0,Close entry(s) order TEST,TEST,1
675,LONG,2008-03-04,414.9,1.0,2008-03-05,409.8,1.0,-5.1,0.0,0.0,-5.1,-1.23,Close entry(s) order TEST,TEST,1
676,LONG,2008-03-07,365.5,1.0,2008-03-10,374.0,1.0,8.5,0.0,0.0,8.5,2.33,Close entry(s) order TEST,TEST,1
677,LONG,2008-03-11,384.0,1.0,2008-03-12,412.0,1.0,28.0,0.0,0.0,28.0,7.29,Close entry(s) order TEST,TEST,1
678,LONG,2008-03-13,410.0,1.0,2008-03-14,380.0,1.0,-30.0,0.0,0.0,-30.0,-7.32,Close entry(s) order TEST,TEST,1
679,LONG,2008-03-17,363.0,1.0,2008-03-18,344.0,1.0,-19.0,0.0,0.0,-19.0,-5.23,Close entry(s) order TEST,TEST,1
680,LONG,2008-03-19,345.0,1.0,2008-03-24,325.0,1.0,-20.0,0.0,0.0,-20.0,-5.8,Close entry(s) order TEST,TEST,1
681,LONG,2008-03-25,298.1,1.0,2008-03-26,332.3,1.0,34.2,0.0,0.0,34.2,11.47,Close entry(s) order TEST,TEST,1
682,LONG,2008-03-27,340.0,1.0,2008-03-28,373.5,1.0,33.5,0.0,0.0,33.5,9.85,Close entry(s) order TEST,TEST,1
683,LONG,2008-03-31,389.0,1.0,2008-04-01,381.0,1.0,-8.0,0.0,0.0,-8.0,-2.06,Close entry(s) order TEST,TEST,1
684,LONG,2008-04-02,385.0,1.0,2008-04-03,376.0,1.0,-9.0,0.0,0.0,-9.0,-2.34,Close entry(s) order TEST,TEST,1
685,LONG,2008-04-04,382.5,1.0,2008-04-07,379.0,1.0,-3.5,0.0,0.0,-3.5,-0.92,Close entry(s) order TEST,TEST,1
686,LONG,2008-04-08,380.0,1.0,2008-04-09,378.0,1.0,-2.0,0.0,0.0,-2.0,-0.53,Close entry(s) order TEST,TEST,1
687,LONG,2008-04-10,384.7,1.0,2008-04-11,390.0,1.0,5.3,0.0,0.0,5.3,1.38,Close entry(s) order TEST,TEST,1
688,LONG,2008-04-15,387.3,1.0,2008-04-16,399.0,1.0,11.7,0.0,0.0,11.7,3.02,Close entry(s) order TEST,TEST,1
689,LONG,2008-04-17,408.0,1.0,2008-04-21,406.0,1.0,-2.0,0.0,0.0,-2.0,-0.49,Close entry(s) order TEST,TEST,1
690,LONG,2008-04-22,412.0,1.0,2008-04-23,409.0,1.0,-3.0,0.0,0.0,-3.0,-0.73,Close entry(s) order TEST,TEST,1
691,LONG,2008-04-24,449.0,1.0,2008-04-25,426.3,1.0,-22.7,0.0,0.0,-22.7,-5.06,Close entry(s) order TEST,TEST,1
692,LONG,2008-04-28,453.7,1.0,2008-04-29,438.1,1.0,-15.6,0.0,0.0,-15.6,-3.44,Close entry(s) order TEST,TEST,1
693,LONG,2008-04-30,419.8,1.0,2008-05-02,408.8,1.0,-11.0,0.0,0.0,-11.0,-2.62,Close entry(s) order TEST,TEST,1
694,LONG,2008-05-05,402.0,1.0,2008-05-06,407.0,1.0,5.0,0.0,0.0,5.0,1.24,Close entry(s) order TEST,TEST,1
695,LONG,2008-05-07,395.0,1.0,2008-05-08,405.0,1.0,10.0,0.0,0.0,10.0,2.53,Close entry(s) order TEST,TEST,1
696,LONG,2008-05-09,409.0,1.0,2008-05-12,386.0,1.0,-23.0,0.0,0.0,-23.0,-5.62,Close entry(s) order TEST,TEST,1
697,LONG,2008-05-13,385.0,1.0,2008-05-14,379.3,1.0,-5.7,0.0,0.0,-5.7,-1.48,Close entry(s) order TEST,TEST,1
698,LONG,2008-05-15,382.0,1.0,2008-05-16,384.2,1.0,2.2,0.0,0.0,2.2,0.58,Close entry(s) order TEST,TEST,1
699,LONG,2008-05-20,380.0,1.0,2008-05-21,367.0,1.0,-13.0,0.0,0.0,-13.0,-3.42,Close entry(s) order TEST,TEST,1
700,LONG,2008-05-22,390.1,1.0,2008-05-23,378.0,1.0,-12.1,0.0,0.0,-12.1,-3.1,Close entry(s) order TEST,TEST,1
701,LONG,2008-05-26,376.0,1.0,2008-05-27,359.0,1.0,-17.0,0.0,0.0,-17.0,-4.52,Close entry(s) order TEST,TEST,1
702,LONG,2008-05-28,342.5,1.0,2008-05-29,363.4,1.0,20.9,0.0,0.0,20.9,6.1,Close entry(s) order TEST,TEST,1
703,LONG,2008-05-30,380.0,1.0,2008-06-02,387.0,1.0,7.0,0.0,0.0,7.0,1.84,Close entry(s) order TEST,TEST,1
704,LONG,2008-06-03,375.0,1.0,2008-06-04,385.0,1.0,10.0,0.0,0.0,10.0,2.67,Close entry(s) order TEST,TEST,1
705,LONG,2008-06-05,383.0,1.0,2008-06-06,390.0,1.0,7.0,0.0,0.0,7.0,1.83,Close entry(s) order TEST,TEST,1
706,LONG,2008-06-09,385.9,1.0,2008-06-10,365.5,1.0,-20.4,0.0,0.0,-20.4,-5.29,Close entry(s) order TEST,TEST,1
707,LONG,2008-06-11,344.5,1.0,2008-06-12,342.0,1.0,-2.5,0.0,0.0,-2.5,-0.73,Close entry(s) order TEST,TEST,1
708,LONG,2008-06-13,340.0,1.0,2008-06-16,349.8,1.0,9.8,0.0,0.0,9.8,2.88,Close entry(s) order TEST,TEST,1
709,LONG,2008-06-17,375.0,1.0,2008-06-18,391.9,1.0,16.9,0.0,0.0,16.9,4.51,Close entry(s) order TEST,TEST,1
710,LONG,2008-06-19,374.0,1.0,2008-06-20,365.0,1.0,-9.0,0.0,0.0,-9.0,-2.41,Close entry(s) order TEST,TEST,1
711,LONG,2008-06-23,357.0,1.0,2008-06-24,335.0,1.0,-22.0,0.0,0.0,-22.0,-6.16,Close entry(s) order TEST,TEST,1
712,LONG,2008-06-25,309.0,1.0,2008-06-26,325.5,1.0,16.5,0.0,0.0,16.5,5.34,Close entry(s) order TEST,TEST,1
713,LONG,2008-06-27,310.0,1.0,2008-06-30,304.8,1.0,-5.2,0.0,0.0,-5.2,-1.68,Close entry(s) order TEST,TEST,1
714,LONG,2008-07-01,314.9,1.0,2008-07-02,305.0,1.0,-9.9,0.0,0.0,-9.9,-3.14,Close entry(s) order TEST,TEST,1
715,LONG,2008-07-03,312.0,1.0,2008-07-04,314.0,1.0,2.0,0.0,0.0,2.0,0.64,Close entry(s) order TEST,TEST,1
716,LONG,2008-07-07,299.0,1.0,2008-07-08,314.0,1.0,15.0,0.0,0.0,15.0,5.02,Close entry(s) order TEST,TEST,1
717,LONG,2008-07-09,306.8,1.0,2008-07-10,302.5,1.0,-4.3,0.0,0.0,-4.3,-1.4,Close entry(s) order TEST,TEST,1
718,LONG,2008-07-11,314.0,1.0,2008-07-14,306.8,1.0,-7.2,0.0,0.0,-7.2,-2.29,Close entry(s) order TEST,TEST,1
719,LONG,2008-07-15,299.0,1.0,2008-07-16,290.0,1.0,-9.0,0.0,0.0,-9.0,-3.01,Close entry(s) order TEST,TEST,1
720,LONG,2008-07-17,282.5,1.0,2008-07-18,287.4,1.0,4.9,0.0,0.0,4.9,1.73,Close entry(s) order TEST,TEST,1
721,LONG,2008-07-21,293.7,1.0,2008-07-22,290.4,1.0,-3.3,0.0,0.0,-3.3,-1.12,Close entry(s) order TEST,TEST,1
722,LONG,2008-07-23,320.0,1.0,2008-07-24,337.0,1.0,17.0,0.0,0.0,17.0,5.31,Close entry(s) order TEST,TEST,1
723,LONG,2008-07-25,323.0,1.0,2008-07-28,337.0,1.0,14.0,0.0,0.0,14.0,4.33,Close entry(s) order TEST,TEST,1
724,LONG,2008-07-29,337.0,1.0,2008-07-30,332.5,1.0,-4.5,0.0,0.0,-4.5,-1.34,Close entry(s) order TEST,TEST,1
725,LONG,2008-07-31,329.7,1.0,2008-08-01,322.0,1.0,-7.7,0.0,0.0,-7.7,-2.34,Close entry(s) order TEST,TEST,1
726,LONG,2008-08-04,335.0,1.0,2008-08-05,353.0,1.0,18.0,0.0,0.0,18.0,5.37,Close entry(s) order TEST,TEST,1
727,LONG,2008-08-06,372.0,1.0,2008-08-07,356.6,1.0,-15.4,0.0,0.0,-15.4,-4.14,Close entry(s) order TEST,TEST,1
728,LONG,2008-08-08,345.0,1.0,2008-08-11,358.1,1.0,13.1,0.0,0.0,13.1,3.8,Close entry(s) order TEST,TEST,1
729,LONG,2008-08-12,366.8,1.0,2008-08-13,354.0,1.0,-12.8,0.0,0.0,-12.8,-3.49,Close entry(s) order TEST,TEST,1
730,LONG,2008-08-14,345.0,1.0,2008-08-18,341.0,1.0,-4.0,0.0,0.0,-4.0,-1.16,Close entry(s) order TEST,TEST,1
731,LONG,2008-08-19,340.0,1.0,2008-08-20,342.9,1.0,2.9,0.0,0.0,2.9,0.85,Close entry(s) order TEST,TEST,1
732,LONG,2008-08-21,344.1,1.0,2008-08-22,341.0,1.0,-3.1,0.0,0.0,-3.1,-0.9,Close entry(s) order TEST,TEST,1
733,LONG,2008-08-25,347.0,1.0,2008-08-26,340.0,1.0,-7.0,0.0,0.0,-7.0,-2.02,Close entry(s) order TEST,TEST,1
734,LONG,2008-08-27,339.0,1.0,2008-08-28,318.0,1.0,-21.0,0.0,0.0,-21.0,-6.19,Close entry(s) order TEST,TEST,1
735,LONG,2008-08-29,313.0,1.0,2008-09-01,315.3,1.0,2.3,0.0,0.0,2.3,0.73,Close entry(s) order TEST,TEST,1
736,LONG,2008-09-02,328.0,1.0,2008-09-04,338.1,1.0,10.1,0.0,0.0,10.1,3.08,Close entry(s) order TEST,TEST,1
737,LONG,2008-09-05,325.1,1.0,2008-09-08,340.0,1.0,14.9,0.0,0.0,14.9,4.58,Close entry(s) order TEST,TEST,1
738,LONG,2008-09-09,330.0,1.0,2008-09-10,320.0,1.0,-10.0,0.0,0.0,-10.0,-3.03,Close entry(s) order TEST,TEST,1
739,LONG,2008-09-11,320.0,1.0,2008-09-12,315.5,1.0,-4.5,0.0,0.0,-4.5,-1.41,Close entry(s) order TEST,TEST,1
740,LONG,2008-09-15,303.1,1.0,2008-09-16,267.0,1.0,-36.1,0.0,0.0,-36.1,-11.91,Close entry(s) order TEST,TEST,1
741,LONG,2008-09-17,268.0,1.0,2008-09-18,260.0,1.0,-8.0,0.0,0.0,-8.0,-2.99,Close entry(s) order TEST,TEST,1
742,LONG,2008-09-19,265.0,1.0,2008-09-22,263.0,1.0,-2.0,0.0,0.0,-2.0,-0.75,Close entry(s) order TEST,TEST,1
743,LONG,2008-09-23,252.9,1.0,2008-09-24,252.0,1.0,-0.9,0.0,0.0,-0.9,-0.36,Close entry(s) order TEST,TEST,1
744,LONG,2008-09-25,250.6,1.0,2008-09-26,255.0,1.0,4.4,0.0,0.0,4.4,1.76,Close entry(s) order TEST,TEST,1
745,LONG,2008-09-29,245.0,1.0,2008-09-30,225.0,1.0,-20.0,0.0,0.0,-20.0,-8.16,Close entry(s) order TEST,TEST,1
746,LONG,2008-10-01,240.8,1.0,2008-10-03,249.2,1.0,8.4,0.0,0.0,8.4,3.49,Close entry(s) order TEST,TEST,1
747,LONG,2008-10-06,245.0,1.0,2008-10-07,220.3,1.0,-24.7,0.0,0.0,-24.7,-10.08,Close entry(s) order TEST,TEST,1
748,LONG,2008-10-08,189.0,1.0,2008-10-10,170.0,1.0,-19.0,0.0,0.0,-19.0,-10.05,Close entry(s) order TEST,TEST,1
749,LONG,2008-10-13,145.1,1.0,2008-10-14,153.9,1.0,8.8,0.0,0.0,8.8,6.06,Close entry(s) order TEST,TEST,1
750,LONG,2008-10-15,140.0,1.0,2008-10-16,120.0,1.0,-20.0,0.0,0.0,-20.0,-14.29,Close entry(s) order TEST,TEST,1
751,LONG,2008-10-17,135.0,1.0,2008-10-20,133.0,1.0,-2.0,0.0,0.0,-2.0,-1.48,Close entry(s) order TEST,TEST,1
752,LONG,2008-10-21,128.0,1.0,2008-10-22,125.2,1.0,-2.8,0.0,0.0,-2.8,-2.19,Close entry(s) order TEST,TEST,1
753,LONG,2008-10-23,120.0,1.0,2008-10-24,107.0,1.0,-13.0,0.0,0.0,-13.0,-10.83,Close entry(s) order TEST,TEST,1
754,LONG,2008-10-27,93.0,1.0,2008-10-29,104.8,1.0,11.8,0.0,0.0,11.8,12.69,Close entry(s) order TEST,TEST,1
755,LONG,2008-10-31,107.0,1.0,2008-11-03,119.8,1.0,12.8,0.0,0.0,12.8,11.96,Close entry(s) order TEST,TEST,1
756,LONG,2008-11-04,131.0,1.0,2008-11-05,145.9,1.0,14.9,0.0,0.0,14.9,11.37,Close entry(s) order TEST,TEST,1
757,LONG,2008-11-06,115.0,1.0,2008-11-07,114.9,1.0,-0.1,0.0,0.0,-0.1,-0.09,Close entry(s) order TEST,TEST,1
758,LONG,2008-11-10,126.0,1.0,2008-11-11,118.3,1.0,-7.7,0.0,0.0,-7.7,-6.11,Close entry(s) order TEST,TEST,1
759,LONG,2008-11-12,108.3,1.0,2008-11-14,110.0,1.0,1.7,0.0,0.0,1.7,1.57,Close entry(s) order TEST,TEST,1
760,LONG,2008-11-17,110.5,1.0,2008-11-18,114.8,1.0,4.3,0.0,0.0,4.3,3.89,Close entry(s) order TEST,TEST,1
761,LONG,2008-11-19,105.0,1.0,2008-11-20,96.0,1.0,-9.0,0.0,0.0,-9.0,-8.57,Close entry(s) order TEST,TEST,1
762,LONG,2008-11-21,94.0,1.0,2008-11-24,92.8,1.0,-1.2,0.0,0.0,-1.2,-1.28,Close entry(s) order TEST,TEST,1
763,LONG,2008-11-25,97.0,1.0,2008-11-26,90.0,1.0,-7.0,0.0,0.0,-7.0,-7.22,Close entry(s) order TEST,TEST,1
764,LONG,2008-11-28,87.1,1.0,2008-12-01,81.5,1.0,-5.6,0.0,0.0,-5.6,-6.43,Close entry(s) order TEST,TEST,1
765,LONG,2008-12-02,76.1,1.0,2008-12-03,79.4,1.0,3.3,0.0,0.0,3.3,4.34,Close entry(s) order TEST,TEST,1
766,LONG,2008-12-04,80.9,1.0,2008-12-05,89.0,1.0,8.1,0.0,0.0,8.1,10.01,Close entry(s) order TEST,TEST,1
767,LONG,2008-12-08,88.0,1.0,2008-12-10,85.1,1.0,-2.9,0.0,0.0,-2.9,-3.3,Close entry(s) order TEST,TEST,1
768,LONG,2008-12-11,86.3,1.0,2008-12-12,88.0,1.0,1.7,0.0,0.0,1.7,1.97,Close entry(s) order TEST,TEST,1
769,LONG,2008-12-15,101.0,1.0,2008-12-16,118.8,1.0,17.8,0.0,0.0,17.8,17.62,Close entry(s) order TEST,TEST,1
770,LONG,2008-12-17,128.5,1.0,2008-12-18,110.0,1.0,-18.5,0.0,0.0,-18.5,-14.4,Close entry(s) order TEST,TEST,1
771,LONG,2008-12-19,109.0,1.0,2008-12-22,115.0,1.0,6.0,0.0,0.0,6.0,5.5,Close entry(s) order TEST,TEST,1
772,LONG,2008-12-23,108.0,1.0,2008-12-24,104.8,1.0,-3.2,0.0,0.0,-3.2,-2.96,Close entry(s) order TEST,TEST,1
773,LONG,2008-12-26,109.4,1.0,2008-12-29,101.0,1.0,-8.4,0.0,0.0,-8.4,-7.68,Close entry(s) order TEST,TEST,1
774,LONG,2008-12-30,104.9,1.0,2008-12-31,109.1,1.0,4.2,0.0,0.0,4.2,4.0,Close entry(s) order TEST,TEST,1
775,LONG,2009-01-02,117.0,1.0,2009-01-05,121.0,1.0,4.0,0.0,0.0,4.0,3.42,Close entry(s) order TEST,TEST,1
776,LONG,2009-01-06,119.0,1.0,2009-01-07,121.8,1.0,2.8,0.0,0.0,2.8,2.35,Close entry(s) order TEST,TEST,1
777,LONG,2009-01-09,101.0,1.0,2009-01-12,91.0,1.0,-10.0,0.0,0.0,-10.0,-9.9,Close entry(s) order TEST,TEST,1
778,LONG,2009-01-13,91.1,1.0,2009-01-14,93.0,1.0,1.9,0.0,0.0,1.9,2.09,Close entry(s) order TEST,TEST,1
779,LONG,2009-01-15,91.0,1.0,2009-01-16,91.1,1.0,0.1,0.0,0.0,0.1,0.11,Close entry(s) order TEST,TEST,1
780,LONG,2009-01-19,94.6,1.0,2009-01-20,93.0,1.0,-1.6,0.0,0.0,-1.6,-1.69,Close entry(s) order TEST,TEST,1
781,LONG,2009-01-21,86.1,1.0,2009-01-22,87.2,1.0,1.1,0.0,0.0,1.1,1.28,Close entry(s) order TEST,TEST,1
782,LONG,2009-01-23,82.8,1.0,2009-01-27,73.0,1.0,-9.8,0.0,0.0,-9.8,-11.84,Close entry(s) order TEST,TEST,1
783,LONG,2009-01-28,68.0,1.0,2009-01-29,77.5,1.0,9.5,0.0,0.0,9.5,13.97,Close entry(s) order TEST,TEST,1
784,LONG,2009-01-30,75.0,1.0,2009-02-02,70.9,1.0,-4.1,0.0,0.0,-4.1,-5.47,Close entry(s) order TEST,TEST,1
785,LONG,2009-02-03,66.4,1.0,2009-02-04,66.5,1.0,0.1,0.0,0.0,0.1,0.15,Close entry(s) order TEST,TEST,1
786,LONG,2009-02-05,66.0,1.0,2009-02-06,66.8,1.0,0.8,0.0,0.0,0.8,1.21,Close entry(s) order TEST,TEST,1
787,LONG,2009-02-09,64.2,1.0,2009-02-10,69.0,1.0,4.8,0.0,0.0,4.8,7.48,Close entry(s) order TEST,TEST,1
788,LONG,2009-02-11,69.0,1.0,2009-02-12,75.0,1.0,6.0,0.0,0.0,6.0,8.7,Close entry(s) order TEST,TEST,1
789,LONG,2009-02-13,77.1,1.0,2009-02-16,75.6,1.0,-1.5,0.0,0.0,-1.5,-1.95,Close entry(s) order TEST,TEST,1
790,LONG,2009-02-17,68.0,1.0,2009-02-18,65.5,1.0,-2.5,0.0,0.0,-2.5,-3.68,Close entry(s) order TEST,TEST,1
791,LONG,2009-02-19,66.3,1.0,2009-02-20,66.8,1.0,0.5,0.0,0.0,0.5,0.75,Close entry(s) order TEST,TEST,1
792,LONG,2009-02-24,64.5,1.0,2009-02-25,63.4,1.0,-1.1,0.0,0.0,-1.1,-1.71,Close entry(s) order TEST,TEST,1
793,LONG,2009-02-26,63.3,1.0,2009-02-27,57.1,1.0,-6.2,0.0,0.0,-6.2,-9.79,Close entry(s) order TEST,TEST,1
794,LONG,2009-03-02,60.6,1.0,2009-03-03,56.5,1.0,-4.1,0.0,0.0,-4.1,-6.77,Close entry(s) order TEST,TEST,1
795,LONG,2009-03-04,55.0,1.0,2009-03-05,57.8,1.0,2.8,0.0,0.0,2.8,5.09,Close entry(s) order TEST,TEST,1
796,LONG,2009-03-06,50.3,1.0,2009-03-09,45.0,1.0,-5.3,0.0,0.0,-5.3,-10.54,Close entry(s) order TEST,TEST,1
797,LONG,2009-03-12,50.0,1.0,2009-03-13,51.1,1.0,1.1,0.0,0.0,1.1,2.2,Close entry(s) order TEST,TEST,1
798,LONG,2009-03-16,55.0,1.0,2009-03-17,50.1,1.0,-4.9,0.0,0.0,-4.9,-8.91,Close entry(s) order TEST,TEST,1
799,LONG,2009-03-18,61.0,1.0,2009-03-19,70.9,1.0,9.9,0.0,0.0,9.9,16.23,Close entry(s) order TEST,TEST,1
800,LONG,2009-03-20,71.0,1.0,2009-03-23,70.9,1.0,-0.1,0.0,0.0,-0.1,-0.14,Close entry(s) order TEST,TEST,1
801,LONG,2009-03-24,72.0,1.0,2009-03-25,68.0,1.0,-4.0,0.0,0.0,-4.0,-5.56,Close entry(s) order TEST,TEST,1
802,LONG,2009-03-26,80.0,1.0,2009-03-27,76.0,1.0,-4.0,0.0,0.0,-4.0,-5.0,Close entry(s) order TEST,TEST,1
803,LONG,2009-03-30,80.0,1.0,2009-03-31,74.0,1.0,-6.0,0.0,0.0,-6.0,-7.5,Close entry(s) order TEST,TEST,1
804,LONG,2009-04-01,76.4,1.0,2009-04-02,80.0,1.0,3.6,0.0,0.0,3.6,4.71,Close entry(s) order TEST,TEST,1
805,LONG,2009-04-06,81.7,1.0,2009-04-08,81.0,1.0,-0.7,0.0,0.0,-0.7,-0.86,Close entry(s) order TEST,TEST,1
806,LONG,2009-04-09,89.4,1.0,2009-04-13,87.8,1.0,-1.6,0.0,0.0,-1.6,-1.79,Close entry(s) order TEST,TEST,1
807,LONG,2009-04-15,94.0,1.0,2009-04-16,98.0,1.0,4.0,0.0,0.0,4.0,4.26,Close entry(s) order TEST,TEST,1
808,LONG,2009-04-17,88.5,1.0,2009-04-20,91.9,1.0,3.4,0.0,0.0,3.4,3.84,Close entry(s) order TEST,TEST,1
809,LONG,2009-04-21,87.9,1.0,2009-04-22,105.0,1.0,17.1,0.0,0.0,17.1,19.45,Close entry(s) order TEST,TEST,1
810,LONG,2009-04-23,101.0,1.0,2009-04-24,102.3,1.0,1.3,0.0,0.0,1.3,1.29,Close entry(s) order TEST,TEST,1
811,LONG,2009-04-27,101.0,1.0,2009-04-28,102.0,1.0,1.0,0.0,0.0,1.0,0.99,Close entry(s) order TEST,TEST,1
812,LONG,2009-04-29,93.2,1.0,2009-05-04,100.6,1.0,7.4,0.0,0.0,7.4,7.94,Close entry(s) order TEST,TEST,1
813,LONG,2009-05-05,106.0,1.0,2009-05-06,108.8,1.0,2.8,0.0,0.0,2.8,2.64,Close entry(s) order TEST,TEST,1
814,LONG,2009-05-07,106.9,1.0,2009-05-08,109.1,1.0,2.2,0.0,0.0,2.2,2.06,Close entry(s) order TEST,TEST,1
815,LONG,2009-05-11,117.4,1.0,2009-05-12,108.0,1.0,-9.4,0.0,0.0,-9.4,-8.01,Close entry(s) order TEST,TEST,1
816,LONG,2009-05-13,117.0,1.0,2009-05-14,109.1,1.0,-7.9,0.0,0.0,-7.9,-6.75,Close entry(s) order TEST,TEST,1
817,LONG,2009-05-15,115.0,1.0,2009-05-18,120.2,1.0,5.2,0.0,0.0,5.2,4.52,Close entry(s) order TEST,TEST,1
818,LONG,2009-05-19,135.0,1.0,2009-05-20,134.0,1.0,-1.0,0.0,0.0,-1.0,-0.74,Close entry(s) order TEST,TEST,1
819,LONG,2009-05-21,150.1,1.0,2009-05-22,144.1,1.0,-6.0,0.0,0.0,-6.0,-4.0,Close entry(s) order TEST,TEST,1
820,LONG,2009-05-25,153.7,1.0,2009-05-26,168.7,1.0,15.0,0.0,0.0,15.0,9.76,Close entry(s) order TEST,TEST,1
821,LONG,2009-05-27,162.5,1.0,2009-05-28,167.9,1.0,5.4,0.0,0.0,5.4,3.32,Close entry(s) order TEST,TEST,1
822,LONG,2009-05-29,170.0,1.0,2009-06-01,172.9,1.0,2.9,0.0,0.0,2.9,1.71,Close entry(s) order TEST,TEST,1
823,LONG,2009-06-02,196.4,1.0,2009-06-03,205.0,1.0,8.6,0.0,0.0,8.6,4.38,Close entry(s) order TEST,TEST,1
824,LONG,2009-06-04,230.0,1.0,2009-06-05,237.9,1.0,7.9,0.0,0.0,7.9,3.43,Close entry(s) order TEST,TEST,1
825,LONG,2009-06-08,224.8,1.0,2009-06-09,201.0,1.0,-23.8,0.0,0.0,-23.8,-10.59,Close entry(s) order TEST,TEST,1
826,LONG,2009-06-10,222.0,1.0,2009-06-11,218.5,1.0,-3.5,0.0,0.0,-3.5,-1.58,Close entry(s) order TEST,TEST,1
827,LONG,2009-06-12,225.7,1.0,2009-06-15,227.7,1.0,2.0,0.0,0.0,2.0,0.89,Close entry(s) order TEST,TEST,1
828,LONG,2009-06-16,207.5,1.0,2009-06-17,217.0,1.0,9.5,0.0,0.0,9.5,4.58,Close entry(s) order TEST,TEST,1
829,LONG,2009-06-18,201.0,1.0,2009-06-19,196.9,1.0,-4.1,0.0,0.0,-4.1,-2.04,Close entry(s) order TEST,TEST,1
830,LONG,2009-06-22,210.0,1.0,2009-06-23,192.6,1.0,-17.4,0.0,0.0,-17.4,-8.29,Close entry(s) order TEST,TEST,1
831,LONG,2009-06-24,202.6,1.0,2009-06-25,219.8,1.0,17.2,0.0,0.0,17.2,8.49,Close entry(s) order TEST,TEST,1
832,LONG,2009-06-26,208.9,1.0,2009-06-29,205.9,1.0,-3.0,0.0,0.0,-3.0,-1.44,Close entry(s) order TEST,TEST,1
833,LONG,2009-06-30,214.8,1.0,2009-07-01,193.0,1.0,-21.8,0.0,0.0,-21.8,-10.15,Close entry(s) order TEST,TEST,1
834,LONG,2009-07-02,204.0,1.0,2009-07-03,194.1,1.0,-9.9,0.0,0.0,-9.9,-4.85,Close entry(s) order TEST,TEST,1
835,LONG,2009-07-06,198.3,1.0,2009-07-07,186.2,1.0,-12.1,0.0,0.0,-12.1,-6.1,Close entry(s) order TEST,TEST,1
836,LONG,2009-07-08,192.0,1.0,2009-07-09,186.4,1.0,-5.6,0.0,0.0,-5.6,-2.92,Close entry(s) order TEST,TEST,1
837,LONG,2009-07-10,195.7,1.0,2009-07-13,178.6,1.0,-17.1,0.0,0.0,-17.1,-8.74,Close entry(s) order TEST,TEST,1
838,LONG,2009-07-14,178.1,1.0,2009-07-15,188.0,1.0,9.9,0.0,0.0,9.9,5.56,Close entry(s) order TEST,TEST,1
839,LONG,2009-07-16,209.4,1.0,2009-07-17,201.0,1.0,-8.4,0.0,0.0,-8.4,-4.01,Close entry(s) order TEST,TEST,1
840,LONG,2009-07-20,204.9,1.0,2009-07-21,196.0,1.0,-8.9,0.0,0.0,-8.9,-4.34,Close entry(s) order TEST,TEST,1
841,LONG,2009-07-22,193.4,1.0,2009-07-23,201.1,1.0,7.7,0.0,0.0,7.7,3.98,Close entry(s) order TEST,TEST,1
842,LONG,2009-07-24,210.1,1.0,2009-07-27,215.0,1.0,4.9,0.0,0.0,4.9,2.33,Close entry(s) order TEST,TEST,1
843,LONG,2009-07-28,213.0,1.0,2009-07-29,227.0,1.0,14.0,0.0,0.0,14.0,6.57,Close entry(s) order TEST,TEST,1
844,LONG,2009-07-30,227.1,1.0,2009-07-31,230.7,1.0,3.6,0.0,0.0,3.6,1.59,Close entry(s) order TEST,TEST,1
845,LONG,2009-08-03,228.4,1.0,2009-08-04,232.4,1.0,4.0,0.0,0.0,4.0,1.75,Close entry(s) order TEST,TEST,1
846,LONG,2009-08-05,229.0,1.0,2009-08-06,225.6,1.0,-3.4,0.0,0.0,-3.4,-1.48,Close entry(s) order TEST,TEST,1
847,LONG,2009-08-07,220.9,1.0,2009-08-10,215.9,1.0,-5.0,0.0,0.0,-5.0,-2.26,Close entry(s) order TEST,TEST,1
848,LONG,2009-08-11,206.6,1.0,2009-08-12,213.3,1.0,6.7,0.0,0.0,6.7,3.24,Close entry(s) order TEST,TEST,1
849,LONG,2009-08-13,216.0,1.0,2009-08-14,221.5,1.0,5.5,0.0,0.0,5.5,2.55,Close entry(s) order TEST,TEST,1
850,LONG,2009-08-17,207.3,1.0,2009-08-18,200.0,1.0,-7.3,0.0,0.0,-7.3,-3.52,Close entry(s) order TEST,TEST,1
851,LONG,2009-08-19,211.6,1.0,2009-08-20,207.0,1.0,-4.6,0.0,0.0,-4.6,-2.17,Close entry(s) order TEST,TEST,1
852,LONG,2009-08-21,214.3,1.0,2009-08-24,224.0,1.0,9.7,0.0,0.0,9.7,4.53,Close entry(s) order TEST,TEST,1
853,LONG,2009-08-25,226.0,1.0,2009-08-26,233.6,1.0,7.6,0.0,0.0,7.6,3.36,Close entry(s) order TEST,TEST,1
854,LONG,2009-08-27,236.1,1.0,2009-08-28,246.0,1.0,9.9,0.0,0.0,9.9,4.19,Close entry(s) order TEST,TEST,1
855,LONG,2009-08-31,240.1,1.0,2009-09-01,235.0,1.0,-5.1,0.0,0.0,-5.1,-2.12,Close entry(s) order TEST,TEST,1
856,LONG,2009-09-02,230.9,1.0,2009-09-03,229.0,1.0,-1.9,0.0,0.0,-1.9,-0.82,Close entry(s) order TEST,TEST,1
857,LONG,2009-09-04,232.5,1.0,2009-09-07,243.0,1.0,10.5,0.0,0.0,10.5,4.52,Close entry(s) order TEST,TEST,1
858,LONG,2009-09-08,257.0,1.0,2009-09-09,248.0,1.0,-9.0,0.0,0.0,-9.0,-3.5,Close entry(s) order TEST,TEST,1
859,LONG,2009-09-10,249.5,1.0,2009-09-11,250.1,1.0,0.6,0.0,0.0,0.6,0.24,Close entry(s) order TEST,TEST,1
860,LONG,2009-09-14,248.0,1.0,2009-09-15,248.0,1.0,0.0,0.0,0.0,0.0,0.0,Close entry(s) order TEST,TEST,1
861,LONG,2009-09-16,257.0,1.0,2009-09-17,261.0,1.0,4.0,0.0,0.0,4.0,1.56,Close entry(s) order TEST,TEST,1
862,LONG,2009-09-18,265.4,1.0,2009-09-22,271.0,1.0,5.6,0.0,0.0,5.6,2.11,Close entry(s) order TEST,TEST,1
863,LONG,2009-09-23,277.0,1.0,2009-09-24,262.0,1.0,-15.0,0.0,0.0,-15.0,-5.42,Close entry(s) order TEST,TEST,1
864,LONG,2009-09-25,259.0,1.0,2009-09-29,261.0,1.0,2.0,0.0,0.0,2.0,0.77,Close entry(s) order TEST,TEST,1
865,LONG,2009-09-30,255.9,1.0,2009-10-01,260.0,1.0,4.1,0.0,0.0,4.1,1.6,Close entry(s) order TEST,TEST,1
866,LONG,2009-10-05,259.7,1.0,2009-10-06,264.8,1.0,5.1,0.0,0.0,5.1,1.96,Close entry(s) order TEST,TEST,1
867,LONG,2009-10-07,264.0,1.0,2009-10-08,274.0,1.0,10.0,0.0,0.0,10.0,3.79,Close entry(s) order TEST,TEST,1
868,LONG,2009-10-09,275.0,1.0,2009-10-12,269.1,1.0,-5.9,0.0,0.0,-5.9,-2.15,Close entry(s) order TEST,TEST,1
869,LONG,2009-10-14,278.8,1.0,2009-10-15,282.0,1.0,3.2,0.0,0.0,3.2,1.15,Close entry(s) order TEST,TEST,1
870,LONG,2009-10-16,280.0,1.0,2009-10-20,283.0,1.0,3.0,0.0,0.0,3.0,1.07,Close entry(s) order TEST,TEST,1
871,LONG,2009-10-21,284.9,1.0,2009-10-22,275.9,1.0,-9.0,0.0,0.0,-9.0,-3.16,Close entry(s) order TEST,TEST,1
872,LONG,2009-10-23,272.0,1.0,2009-10-26,281.3,1.0,9.3,0.0,0.0,9.3,3.42,Close entry(s) order TEST,TEST,1
873,LONG,2009-10-27,281.0,1.0,2009-10-28,266.1,1.0,-14.9,0.0,0.0,-14.9,-5.3,Close entry(s) order TEST,TEST,1
874,LONG,2009-10-29,262.1,1.0,2009-10-30,260.0,1.0,-2.1,0.0,0.0,-2.1,-0.8,Close entry(s) order TEST,TEST,1
875,LONG,2009-11-03,255.9,1.0,2009-11-04,251.0,1.0,-4.9,0.0,0.0,-4.9,-1.91,Close entry(s) order TEST,TEST,1
876,LONG,2009-11-05,259.0,1.0,2009-11-06,268.0,1.0,9.0,0.0,0.0,9.0,3.47,Close entry(s) order TEST,TEST,1
877,LONG,2009-11-09,282.0,1.0,2009-11-10,281.0,1.0,-1.0,0.0,0.0,-1.0,-0.35,Close entry(s) order TEST,TEST,1
878,LONG,2009-11-11,277.0,1.0,2009-11-12,285.0,1.0,8.0,0.0,0.0,8.0,2.89,Close entry(s) order TEST,TEST,1
879,LONG,2009-11-13,277.0,1.0,2009-11-16,284.6,1.0,7.6,0.0,0.0,7.6,2.74,Close entry(s) order TEST,TEST,1
880,LONG,2009-11-17,290.0,1.0,2009-11-18,284.0,1.0,-6.0,0.0,0.0,-6.0,-2.07,Close entry(s) order TEST,TEST,1
881,LONG,2009-11-19,285.9,1.0,2009-11-20,289.7,1.0,3.8,0.0,0.0,3.8,1.33,Close entry(s) order TEST,TEST,1
882,LONG,2009-11-23,286.4,1.0,2009-11-24,280.0,1.0,-6.4,0.0,0.0,-6.4,-2.23,Close entry(s) order TEST,TEST,1
883,LONG,2009-11-25,279.4,1.0,2009-11-26,280.0,1.0,0.6,0.0,0.0,0.6,0.21,Close entry(s) order TEST,TEST,1
884,LONG,2009-11-27,268.0,1.0,2009-11-30,272.0,1.0,4.0,0.0,0.0,4.0,1.49,Close entry(s) order TEST,TEST,1
885,LONG,2009-12-01,279.0,1.0,2009-12-02,281.8,1.0,2.8,0.0,0.0,2.8,1.0,Close entry(s) order TEST,TEST,1
886,LONG,2009-12-03,280.9,1.0,2009-12-04,277.3,1.0,-3.6,0.0,0.0,-3.6,-1.28,Close entry(s) order TEST,TEST,1
887,LONG,2009-12-07,278.0,1.0,2009-12-08,273.0,1.0,-5.0,0.0,0.0,-5.0,-1.8,Close entry(s) order TEST,TEST,1
888,LONG,2009-12-09,280.0,1.0,2009-12-10,271.0,1.0,-9.0,0.0,0.0,-9.0,-3.21,Close entry(s) order TEST,TEST,1
889,LONG,2009-12-11,271.0,1.0,2009-12-14,275.0,1.0,4.0,0.0,0.0,4.0,1.48,Close entry(s) order TEST,TEST,1
890,LONG,2009-12-15,268.0,1.0,2009-12-16,261.8,1.0,-6.2,0.0,0.0,-6.2,-2.31,Close entry(s) order TEST,TEST,1
891,LONG,2009-12-17,261.0,1.0,2009-12-18,261.0,1.0,0.0,0.0,0.0,0.0,0.0,Close entry(s) order TEST,TEST,1
892,LONG,2009-12-21,261.0,1.0,2009-12-22,259.6,1.0,-1.4,0.0,0.0,-1.4,-0.54,Close entry(s) order TEST,TEST,1
893,LONG,2009-12-23,264.8,1.0,2009-12-24,268.0,1.0,3.2,0.0,0.0,3.2,1.21,Close entry(s) order TEST,TEST,1
894,LONG,2009-12-29,268.2,1.0,2009-12-30,273.0,1.0,4.8,0.0,0.0,4.8,1.79,Close entry(s) order TEST,TEST,1
895,LONG,2009-12-31,271.5,1.0,2010-01-04,270.8,1.0,-0.7,0.0,0.0,-0.7,-0.26,Close entry(s) order TEST,TEST,1
896,LONG,2010-01-05,279.0,1.0,2010-01-06,276.2,1.0,-2.8,0.0,0.0,-2.8,-1.0,Close entry(s) order TEST,TEST,1
897,LONG,2010-01-07,277.1,1.0,2010-01-08,276.3,1.0,-0.8,0.0,0.0,-0.8,-0.29,Close entry(s) order TEST,TEST,1
898,LONG,2010-01-11,284.0,1.0,2010-01-12,286.0,1.0,2.0,0.0,0.0,2.0,0.7,Close entry(s) order TEST,TEST,1
899,LONG,2010-01-13,275.2,1.0,2010-01-14,284.0,1.0,8.8,0.0,0.0,8.8,3.2,Close entry(s) order TEST,TEST,1
900,LONG,2010-01-15,281.8,1.0,2010-01-18,278.7,1.0,-3.1,0.0,0.0,-3.1,-1.1,Close entry(s) order TEST,TEST,1
901,LONG,2010-01-19,280.0,1.0,2010-01-20,282.0,1.0,2.0,0.0,0.0,2.0,0.71,Close entry(s) order TEST,TEST,1
902,LONG,2010-01-21,280.0,1.0,2010-01-22,264.5,1.0,-15.5,0.0,0.0,-15.5,-5.54,Close entry(s) order TEST,TEST,1
903,LONG,2010-01-25,265.2,1.0,2010-01-27,269.0,1.0,3.8,0.0,0.0,3.8,1.43,Close entry(s) order TEST,TEST,1
904,LONG,2010-01-28,258.5,1.0,2010-01-29,257.9,1.0,-0.6,0.0,0.0,-0.6,-0.23,Close entry(s) order TEST,TEST,1
905,LONG,2010-02-01,260.1,1.0,2010-02-02,265.3,1.0,5.2,0.0,0.0,5.2,2.0,Close entry(s) order TEST,TEST,1
906,LONG,2010-02-03,262.0,1.0,2010-02-04,265.8,1.0,3.8,0.0,0.0,3.8,1.45,Close entry(s) order TEST,TEST,1
907,LONG,2010-02-05,255.0,1.0,2010-02-08,251.0,1.0,-4.0,0.0,0.0,-4.0,-1.57,Close entry(s) order TEST,TEST,1
908,LONG,2010-02-09,242.1,1.0,2010-02-10,248.5,1.0,6.4,0.0,0.0,6.4,2.64,Close entry(s) order TEST,TEST,1
909,LONG,2010-02-11,243.9,1.0,2010-02-15,240.7,1.0,-3.2,0.0,0.0,-3.2,-1.31,Close entry(s) order TEST,TEST,1
910,LONG,2010-02-16,240.8,1.0,2010-02-17,246.0,1.0,5.2,0.0,0.0,5.2,2.16,Close entry(s) order TEST,TEST,1
911,LONG,2010-02-18,253.0,1.0,2010-02-19,246.0,1.0,-7.0,0.0,0.0,-7.0,-2.77,Close entry(s) order TEST,TEST,1
912,LONG,2010-02-22,242.1,1.0,2010-02-23,234.5,1.0,-7.6,0.0,0.0,-7.6,-3.14,Close entry(s) order TEST,TEST,1
913,LONG,2010-02-24,230.0,1.0,2010-02-25,230.0,1.0,0.0,0.0,0.0,0.0,0.0,Close entry(s) order TEST,TEST,1
914,LONG,2010-02-26,240.9,1.0,2010-03-02,241.7,1.0,0.8,0.0,0.0,0.8,0.33,Close entry(s) order TEST,TEST,1
915,LONG,2010-03-03,251.0,1.0,2010-03-04,257.7,1.0,6.7,0.0,0.0,6.7,2.67,Close entry(s) order TEST,TEST,1
916,LONG,2010-03-05,262.0,1.0,2010-03-08,268.5,1.0,6.5,0.0,0.0,6.5,2.48,Close entry(s) order TEST,TEST,1
917,LONG,2010-03-09,265.0,1.0,2010-03-10,265.8,1.0,0.8,0.0,0.0,0.8,0.3,Close entry(s) order TEST,TEST,1
918,LONG,2010-03-11,264.0,1.0,2010-03-12,264.0,1.0,0.0,0.0,0.0,0.0,0.0,Close entry(s) order TEST,TEST,1
919,LONG,2010-03-15,262.0,1.0,2010-03-16,255.1,1.0,-6.9,0.0,0.0,-6.9,-2.63,Close entry(s) order TEST,TEST,1
920,LONG,2010-03-17,268.8,1.0,2010-03-18,270.4,1.0,1.6,0.0,0.0,1.6,0.6,Close entry(s) order TEST,TEST,1
921,LONG,2010-03-19,282.0,1.0,2010-03-22,279.9,1.0,-2.1,0.0,0.0,-2.1,-0.74,Close entry(s) order TEST,TEST,1
922,LONG,2010-03-23,283.0,1.0,2010-03-25,279.0,1.0,-4.0,0.0,0.0,-4.0,-1.41,Close entry(s) order TEST,TEST,1
923,LONG,2010-03-26,283.7,1.0,2010-03-29,282.4,1.0,-1.3,0.0,0.0,-1.3,-0.46,Close entry(s) order TEST,TEST,1
924,LONG,2010-03-30,278.0,1.0,2010-03-31,276.3,1.0,-1.7,0.0,0.0,-1.7,-0.61,Close entry(s) order TEST,TEST,1
925,LONG,2010-04-01,275.0,1.0,2010-04-05,280.0,1.0,5.0,0.0,0.0,5.0,1.82,Close entry(s) order TEST,TEST,1
926,LONG,2010-04-06,288.0,1.0,2010-04-07,294.0,1.0,6.0,0.0,0.0,6.0,2.08,Close entry(s) order TEST,TEST,1
927,LONG,2010-04-08,292.0,1.0,2010-04-09,278.6,1.0,-13.4,0.0,0.0,-13.4,-4.59,Close entry(s) order TEST,TEST,1
928,LONG,2010-04-12,284.8,1.0,2010-04-13,277.5,1.0,-7.3,0.0,0.0,-7.3,-2.56,Close entry(s) order TEST,TEST,1
929,LONG,2010-04-15,284.5,1.0,2010-04-16,278.1,1.0,-6.4,0.0,0.0,-6.4,-2.25,Close entry(s) order TEST,TEST,1
930,LONG,2010-04-19,268.0,1.0,2010-04-20,265.0,1.0,-3.0,0.0,0.0,-3.0,-1.12,Close entry(s) order TEST,TEST,1
931,LONG,2010-04-21,269.0,1.0,2010-04-22,270.0,1.0,1.0,0.0,0.0,1.0,0.37,Close entry(s) order TEST,TEST,1
932,LONG,2010-04-23,269.9,1.0,2010-04-26,272.0,1.0,2.1,0.0,0.0,2.1,0.78,Close entry(s) order TEST,TEST,1
933,LONG,2010-04-27,274.8,1.0,2010-04-28,270.0,1.0,-4.8,0.0,0.0,-4.8,-1.75,Close entry(s) order TEST,TEST,1
934,LONG,2010-04-29,266.0,1.0,2010-04-30,271.9,1.0,5.9,0.0,0.0,5.9,2.22,Close entry(s) order TEST,TEST,1
935,LONG,2010-05-03,269.0,1.0,2010-05-04,272.5,1.0,3.5,0.0,0.0,3.5,1.3,Close entry(s) order TEST,TEST,1
936,LONG,2010-05-05,265.5,1.0,2010-05-06,268.3,1.0,2.8,0.0,0.0,2.8,1.05,Close entry(s) order TEST,TEST,1
937,LONG,2010-05-07,266.9,1.0,2010-05-10,261.5,1.0,-5.4,0.0,0.0,-5.4,-2.02,Close entry(s) order TEST,TEST,1
938,LONG,2010-05-11,271.0,1.0,2010-05-12,261.1,1.0,-9.9,0.0,0.0,-9.9,-3.65,Close entry(s) order TEST,TEST,1
939,LONG,2010-05-13,266.0,1.0,2010-05-14,264.0,1.0,-2.0,0.0,0.0,-2.0,-0.75,Close entry(s) order TEST,TEST,1
940,LONG,2010-05-17,252.0,1.0,2010-05-18,251.0,1.0,-1.0,0.0,0.0,-1.0,-0.4,Close entry(s) order TEST,TEST,1
941,LONG,2010-05-19,240.1,1.0,2010-05-20,232.0,1.0,-8.1,0.0,0.0,-8.1,-3.37,Close entry(s) order TEST,TEST,1
942,LONG,2010-05-21,225.8,1.0,2010-05-24,239.9,1.0,14.1,0.0,0.0,14.1,6.24,Close entry(s) order TEST,TEST,1
943,LONG,2010-05-25,230.1,1.0,2010-05-26,220.0,1.0,-10.1,0.0,0.0,-10.1,-4.39,Close entry(s) order TEST,TEST,1
944,LONG,2010-05-27,222.7,1.0,2010-05-28,239.9,1.0,17.2,0.0,0.0,17.2,7.72,Close entry(s) order TEST,TEST,1
945,LONG,2010-05-31,227.0,1.0,2010-06-01,224.9,1.0,-2.1,0.0,0.0,-2.1,-0.93,Close entry(s) order TEST,TEST,1
946,LONG,2010-06-02,217.0,1.0,2010-06-03,221.5,1.0,4.5,0.0,0.0,4.5,2.07,Close entry(s) order TEST,TEST,1
947,LONG,2010-06-04,215.1,1.0,2010-06-07,224.9,1.0,9.8,0.0,0.0,9.8,4.56,Close entry(s) order TEST,TEST,1
948,LONG,2010-06-08,227.0,1.0,2010-06-09,224.0,1.0,-3.0,0.0,0.0,-3.0,-1.32,Close entry(s) order TEST,TEST,1
949,LONG,2010-06-10,223.7,1.0,2010-06-11,229.0,1.0,5.3,0.0,0.0,5.3,2.37,Close entry(s) order TEST,TEST,1
950,LONG,2010-06-14,234.9,1.0,2010-06-15,241.0,1.0,6.1,0.0,0.0,6.1,2.6,Close entry(s) order TEST,TEST,1
951,LONG,2010-06-16,245.0,1.0,2010-06-17,242.6,1.0,-2.4,0.0,0.0,-2.4,-0.98,Close entry(s) order TEST,TEST,1
952,LONG,2010-06-18,244.0,1.0,2010-06-21,243.0,1.0,-1.0,0.0,0.0,-1.0,-0.41,Close entry(s) order TEST,TEST,1
953,LONG,2010-06-22,244.0,1.0,2010-06-23,235.0,1.0,-9.0,0.0,0.0,-9.0,-3.69,Close entry(s) order TEST,TEST,1
954,LONG,2010-06-24,240.1,1.0,2010-06-25,236.9,1.0,-3.2,0.0,0.0,-3.2,-1.33,Close entry(s) order TEST,TEST,1
955,LONG,2010-06-28,237.6,1.0,2010-06-29,240.0,1.0,2.4,0.0,0.0,2.4,1.01,Close entry(s) order TEST,TEST,1
956,LONG,2010-06-30,233.1,1.0,2010-07-01,232.0,1.0,-1.1,0.0,0.0,-1.1,-0.47,Close entry(s) order TEST,TEST,1
957,LONG,2010-07-02,232.6,1.0,2010-07-05,227.9,1.0,-4.7,0.0,0.0,-4.7,-2.02,Close entry(s) order TEST,TEST,1
958,LONG,2010-07-06,229.0,1.0,2010-07-07,233.6,1.0,4.6,0.0,0.0,4.6,2.01,Close entry(s) order TEST,TEST,1
959,LONG,2010-07-08,234.9,1.0,2010-07-09,237.7,1.0,2.8,0.0,0.0,2.8,1.19,Close entry(s) order TEST,TEST,1
960,LONG,2010-07-12,243.3,1.0,2010-07-13,243.0,1.0,-0.3,0.0,0.0,-0.3,-0.12,Close entry(s) order TEST,TEST,1
961,LONG,2010-07-14,249.6,1.0,2010-07-15,244.9,1.0,-4.7,0.0,0.0,-4.7,-1.88,Close entry(s) order TEST,TEST,1
962,LONG,2010-07-16,244.5,1.0,2010-07-19,248.6,1.0,4.1,0.0,0.0,4.1,1.68,Close entry(s) order TEST,TEST,1
963,LONG,2010-07-20,245.6,1.0,2010-07-21,250.0,1.0,4.4,0.0,0.0,4.4,1.79,Close entry(s) order TEST,TEST,1
964,LONG,2010-07-22,251.0,1.0,2010-07-23,253.4,1.0,2.4,0.0,0.0,2.4,0.96,Close entry(s) order TEST,TEST,1
965,LONG,2010-07-26,249.9,1.0,2010-07-27,245.0,1.0,-4.9,0.0,0.0,-4.9,-1.96,Close entry(s) order TEST,TEST,1
966,LONG,2010-07-28,249.0,1.0,2010-07-29,256.0,1.0,7.0,0.0,0.0,7.0,2.81,Close entry(s) order TEST,TEST,1
967,LONG,2010-07-30,247.9,1.0,2010-08-02,248.9,1.0,1.0,0.0,0.0,1.0,0.4,Close entry(s) order TEST,TEST,1
968,LONG,2010-08-03,249.0,1.0,2010-08-04,249.0,1.0,0.0,0.0,0.0,0.0,0.0,Close entry(s) order TEST,TEST,1
969,LONG,2010-08-05,247.8,1.0,2010-08-06,250.0,1.0,2.2,0.0,0.0,2.2,0.89,Close entry(s) order TEST,TEST,1
970,LONG,2010-08-09,251.6,1.0,2010-08-10,254.0,1.0,2.4,0.0,0.0,2.4,0.95,Close entry(s) order TEST,TEST,1
971,LONG,2010-08-11,251.0,1.0,2010-08-12,244.8,1.0,-6.2,0.0,0.0,-6.2,-2.47,Close entry(s) order TEST,TEST,1
972,LONG,2010-08-13,250.1,1.0,2010-08-16,254.9,1.0,4.8,0.0,0.0,4.8,1.92,Close entry(s) order TEST,TEST,1
973,LONG,2010-08-17,253.7,1.0,2010-08-18,249.1,1.0,-4.6,0.0,0.0,-4.6,-1.81,Close entry(s) order TEST,TEST,1
974,LONG,2010-08-19,251.3,1.0,2010-08-20,248.4,1.0,-2.9,0.0,0.0,-2.9,-1.15,Close entry(s) order TEST,TEST,1
975,LONG,2010-08-23,250.1,1.0,2010-08-24,247.1,1.0,-3.0,0.0,0.0,-3.0,-1.2,Close entry(s) order TEST,TEST,1
976,LONG,2010-08-25,241.3,1.0,2010-08-26,241.4,1.0,0.1,0.0,0.0,0.1,0.04,Close entry(s) order TEST,TEST,1
977,LONG,2010-08-27,239.0,1.0,2010-08-30,238.0,1.0,-1.0,0.0,0.0,-1.0,-0.42,Close entry(s) order TEST,TEST,1
978,LONG,2010-08-31,236.0,1.0,2010-09-01,233.6,1.0,-2.4,0.0,0.0,-2.4,-1.02,Close entry(s) order TEST,TEST,1
979,LONG,2010-09-02,241.0,1.0,2010-09-03,248.9,1.0,7.9,0.0,0.0,7.9,3.28,Close entry(s) order TEST,TEST,1
980,LONG,2010-09-06,246.9,1.0,2010-09-07,252.0,1.0,5.1,0.0,0.0,5.1,2.07,Close entry(s) order TEST,TEST,1
981,LONG,2010-09-08,251.1,1.0,2010-09-09,258.0,1.0,6.9,0.0,0.0,6.9,2.75,Close entry(s) order TEST,TEST,1
982,LONG,2010-09-13,256.8,1.0,2010-09-14,261.1,1.0,4.3,0.0,0.0,4.3,1.67,Close entry(s) order TEST,TEST,1
983,LONG,2010-09-15,256.9,1.0,2010-09-16,257.9,1.0,1.0,0.0,0.0,1.0,0.39,Close entry(s) order TEST,TEST,1
984,LONG,2010-09-17,253.9,1.0,2010-09-20,256.1,1.0,2.2,0.0,0.0,2.2,0.87,Close entry(s) order TEST,TEST,1
985,LONG,2010-09-21,256.0,1.0,2010-09-22,253.1,1.0,-2.9,0.0,0.0,-2.9,-1.13,Close entry(s) order TEST,TEST,1
986,LONG,2010-09-23,258.0,1.0,2010-09-24,257.4,1.0,-0.6,0.0,0.0,-0.6,-0.23,Close entry(s) order TEST,TEST,1
987,LONG,2010-09-27,261.0,1.0,2010-09-28,268.5,1.0,7.5,0.0,0.0,7.5,2.87,Close entry(s) order TEST,TEST,1
988,LONG,2010-09-29,271.0,1.0,2010-09-30,268.9,1.0,-2.1,0.0,0.0,-2.1,-0.77,Close entry(s) order TEST,TEST,1
989,LONG,2010-10-01,269.1,1.0,2010-10-04,274.0,1.0,4.9,0.0,0.0,4.9,1.82,Close entry(s) order TEST,TEST,1
990,LONG,2010-10-05,271.8,1.0,2010-10-06,272.6,1.0,0.8,0.0,0.0,0.8,0.29,Close entry(s) order TEST,TEST,1
991,LONG,2010-10-07,273.8,1.0,2010-10-08,269.0,1.0,-4.8,0.0,0.0,-4.8,-1.75,Close entry(s) order TEST,TEST,1
992,LONG,2010-10-11,268.7,1.0,2010-10-12,271.1,1.0,2.4,0.0,0.0,2.4,0.89,Close entry(s) order TEST,TEST,1
993,LONG,2010-10-13,264.0,1.0,2010-10-14,263.0,1.0,-1.0,0.0,0.0,-1.0,-0.38,Close entry(s) order TEST,TEST,1
994,LONG,2010-10-15,263.4,1.0,2010-10-18,256.8,1.0,-6.6,0.0,0.0,-6.6,-2.51,Close entry(s) order TEST,TEST,1
995,LONG,2010-10-19,270.0,1.0,2010-10-20,254.1,1.0,-15.9,0.0,0.0,-15.9,-5.89,Close entry(s) order TEST,TEST,1
996,LONG,2010-10-21,249.4,1.0,2010-10-22,251.9,1.0,2.5,0.0,0.0,2.5,1.0,Close entry(s) order TEST,TEST,1
997,LONG,2010-10-25,250.8,1.0,2010-10-26,249.0,1.0,-1.8,0.0,0.0,-1.8,-0.72,Close entry(s) order TEST,TEST,1
998,LONG,2010-10-27,250.9,1.0,2010-10-28,249.9,1.0,-1.0,0.0,0.0,-1.0,-0.4,Close entry(s) order TEST,TEST,1
999,LONG,2010-10-29,248.4,1.0,2010-11-01,249.5,1.0,1.1,0.0,0.0,1.1,0.44,Close entry(s) order TEST,TEST,1
1000,LONG,2010-11-02,261.0,1.0,2010-11-03,263.0,1.0,2.0,0.0,0.0,2.0,0.77,Close entry(s) order TEST,TEST,1
1001,LONG,2010-11-04,261.5,1.0,2010-11-05,264.4,1.0,2.9,0.0,0.0,2.9,1.11,Close entry(s) order TEST,TEST,1
1002,LONG,2010-11-08,262.0,1.0,2010-11-09,263.8,1.0,1.8,0.0,0.0,1.8,0.69,Close entry(s) order TEST,TEST,1
1003,LONG,2010-11-10,269.0,1.0,2010-11-11,268.4,1.0,-0.6,0.0,0.0,-0.6,-0.22,Close entry(s) order TEST,TEST,1
1004,LONG,2010-11-12,266.0,1.0,2010-11-15,256.4,1.0,-9.6,0.0,0.0,-9.6,-3.61,Close entry(s) order TEST,TEST,1
1005,LONG,2010-11-16,259.0,1.0,2010-11-18,253.9,1.0,-5.1,0.0,0.0,-5.1,-1.97,Close entry(s) order TEST,TEST,1
1006,LONG,2010-11-19,255.0,1.0,2010-11-22,245.0,1.0,-10.0,0.0,0.0,-10.0,-3.92,Close entry(s) order TEST,TEST,1
1007,LONG,2010-11-23,238.5,1.0,2010-11-24,237.0,1.0,-1.5,0.0,0.0,-1.5,-0.63,Close entry(s) order TEST,TEST,1
1008,LONG,2010-11-25,237.3,1.0,2010-11-26,229.1,1.0,-8.2,0.0,0.0,-8.2,-3.46,Close entry(s) order TEST,TEST,1
1009,LONG,2010-11-29,208.2,1.0,2010-11-30,202.0,1.0,-6.2,0.0,0.0,-6.2,-2.98,Close entry(s) order TEST,TEST,1
1010,LONG,2010-12-01,209.0,1.0,2010-12-02,221.3,1.0,12.3,0.0,0.0,12.3,5.89,Close entry(s) order TEST,TEST,1
1011,LONG,2010-12-03,190.5,1.0,2010-12-06,174.9,1.0,-15.6,0.0,0.0,-15.6,-8.19,Close entry(s) order TEST,TEST,1
1012,LONG,2010-12-07,175.0,1.0,2010-12-08,170.0,1.0,-5.0,0.0,0.0,-5.0,-2.86,Close entry(s) order TEST,TEST,1
1013,LONG,2010-12-09,165.0,1.0,2010-12-10,152.1,1.0,-12.9,0.0,0.0,-12.9,-7.82,Close entry(s) order TEST,TEST,1
1014,LONG,2010-12-13,156.6,1.0,2010-12-14,166.7,1.0,10.1,0.0,0.0,10.1,6.45,Close entry(s) order TEST,TEST,1
1015,LONG,2010-12-15,171.0,1.0,2010-12-16,169.9,1.0,-1.1,0.0,0.0,-1.1,-0.64,Close entry(s) order TEST,TEST,1
1016,LONG,2010-12-20,169.4,1.0,2010-12-21,167.0,1.0,-2.4,0.0,0.0,-2.4,-1.42,Close entry(s) order TEST,TEST,1
1017,LONG,2010-12-22,169.5,1.0,2010-12-23,175.1,1.0,5.6,0.0,0.0,5.6,3.3,Close entry(s) order TEST,TEST,1
1018,LONG,2010-12-24,168.9,1.0,2010-12-27,171.5,1.0,2.6,0.0,0.0,2.6,1.54,Close entry(s) order TEST,TEST,1
1019,LONG,2010-12-28,167.1,1.0,2010-12-29,167.0,1.0,-0.1,0.0,0.0,-0.1,-0.06,Close entry(s) order TEST,TEST,1
1020,LONG,2010-12-30,165.8,1.0,2010-12-31,165.4,1.0,-0.4,0.0,0.0,-0.4,-0.24,Close entry(s) order TEST,TEST,1
1021,LONG,2011-01-03,171.4,1.0,2011-01-04,173.0,1.0,1.6,0.0,0.0,1.6,0.93,Close entry(s) order TEST,TEST,1
1022,LONG,2011-01-05,177.1,1.0,2011-01-06,177.2,1.0,0.1,0.0,0.0,0.1,0.06,Close entry(s) order TEST,TEST,1
1023,LONG,2011-01-07,175.2,1.0,2011-01-10,168.8,1.0,-6.4,0.0,0.0,-6.4,-3.65,Close entry(s) order TEST,TEST,1
1024,LONG,2011-01-11,167.2,1.0,2011-01-12,162.0,1.0,-5.2,0.0,0.0,-5.2,-3.11,Close entry(s) order TEST,TEST,1
1025,LONG,2011-01-13,164.3,1.0,2011-01-14,160.0,1.0,-4.3,0.0,0.0,-4.3,-2.62,Close entry(s) order TEST,TEST,1
1026,LONG,2011-01-17,151.1,1.0,2011-01-18,148.5,1.0,-2.6,0.0,0.0,-2.6,-1.72,Close entry(s) order TEST,TEST,1
1027,LONG,2011-01-19,149.3,1.0,2011-01-20,146.7,1.0,-2.6,0.0,0.0,-2.6,-1.74,Close entry(s) order TEST,TEST,1
1028,LONG,2011-01-21,152.0,1.0,2011-01-24,163.6,1.0,11.6,0.0,0.0,11.6,7.63,Close entry(s) order TEST,TEST,1
1029,LONG,2011-01-25,160.0,1.0,2011-01-27,159.9,1.0,-0.1,0.0,0.0,-0.1,-0.06,Close entry(s) order TEST,TEST,1
1030,LONG,2011-01-28,149.9,1.0,2011-01-31,146.4,1.0,-3.5,0.0,0.0,-3.5,-2.33,Close entry(s) order TEST,TEST,1
1031,LONG,2011-02-01,152.4,1.0,2011-02-02,151.4,1.0,-1.0,0.0,0.0,-1.0,-0.66,Close entry(s) order TEST,TEST,1
1032,LONG,2011-02-03,151.7,1.0,2011-02-04,152.1,1.0,0.4,0.0,0.0,0.4,0.26,Close entry(s) order TEST,TEST,1
1033,LONG,2011-02-07,159.0,1.0,2011-02-08,168.3,1.0,9.3,0.0,0.0,9.3,5.85,Close entry(s) order TEST,TEST,1
1034,LONG,2011-02-09,168.6,1.0,2011-02-10,168.7,1.0,0.1,0.0,0.0,0.1,0.06,Close entry(s) order TEST,TEST,1
1035,LONG,2011-02-11,174.0,1.0,2011-02-14,173.8,1.0,-0.2,0.0,0.0,-0.2,-0.11,Close entry(s) order TEST,TEST,1
1036,LONG,2011-02-15,184.5,1.0,2011-02-16,180.1,1.0,-4.4,0.0,0.0,-4.4,-2.38,Close entry(s) order TEST,TEST,1
1037,LONG,2011-02-17,184.0,1.0,2011-02-18,187.9,1.0,3.9,0.0,0.0,3.9,2.12,Close entry(s) order TEST,TEST,1
1038,LONG,2011-02-21,183.4,1.0,2011-02-22,191.0,1.0,7.6,0.0,0.0,7.6,4.14,Close entry(s) order TEST,TEST,1
1039,LONG,2011-02-23,191.0,1.0,2011-02-24,194.6,1.0,3.6,0.0,0.0,3.6,1.88,Close entry(s) order TEST,TEST,1
1040,LONG,2011-02-25,184.2,1.0,2011-02-28,189.0,1.0,4.8,0.0,0.0,4.8,2.61,Close entry(s) order TEST,TEST,1
1041,LONG,2011-03-01,194.7,1.0,2011-03-03,190.2,1.0,-4.5,0.0,0.0,-4.5,-2.31,Close entry(s) order TEST,TEST,1
1042,LONG,2011-03-04,182.1,1.0,2011-03-07,178.1,1.0,-4.0,0.0,0.0,-4.0,-2.2,Close entry(s) order TEST,TEST,1
1043,LONG,2011-03-08,177.3,1.0,2011-03-09,184.3,1.0,7.0,0.0,0.0,7.0,3.95,Close entry(s) order TEST,TEST,1
1044,LONG,2011-03-10,188.0,1.0,2011-03-11,183.9,1.0,-4.1,0.0,0.0,-4.1,-2.18,Close entry(s) order TEST,TEST,1
1045,LONG,2011-03-14,188.5,1.0,2011-03-15,194.5,1.0,6.0,0.0,0.0,6.0,3.18,Close entry(s) order TEST,TEST,1
1046,LONG,2011-03-16,198.5,1.0,2011-03-17,203.0,1.0,4.5,0.0,0.0,4.5,2.27,Close entry(s) order TEST,TEST,1
1047,LONG,2011-03-18,200.4,1.0,2011-03-21,202.6,1.0,2.2,0.0,0.0,2.2,1.1,Close entry(s) order TEST,TEST,1
1048,LONG,2011-03-22,196.6,1.0,2011-03-23,194.0,1.0,-2.6,0.0,0.0,-2.6,-1.32,Close entry(s) order TEST,TEST,1
1049,LONG,2011-03-24,193.0,1.0,2011-03-25,202.6,1.0,9.6,0.0,0.0,9.6,4.97,Close entry(s) order TEST,TEST,1
1050,LONG,2011-03-28,206.1,1.0,2011-03-29,202.1,1.0,-4.0,0.0,0.0,-4.0,-1.94,Close entry(s) order TEST,TEST,1
1051,LONG,2011-03-30,199.7,1.0,2011-03-31,203.1,1.0,3.4,0.0,0.0,3.4,1.7,Close entry(s) order TEST,TEST,1
1052,LONG,2011-04-01,208.1,1.0,2011-04-04,202.0,1.0,-6.1,0.0,0.0,-6.1,-2.93,Close entry(s) order TEST,TEST,1
1053,LONG,2011-04-05,206.1,1.0,2011-04-06,209.9,1.0,3.8,0.0,0.0,3.8,1.84,Close entry(s) order TEST,TEST,1
1054,LONG,2011-04-07,208.9,1.0,2011-04-08,209.0,1.0,0.1,0.0,0.0,0.1,0.05,Close entry(s) order TEST,TEST,1
1055,LONG,2011-04-11,210.0,1.0,2011-04-13,213.0,1.0,3.0,0.0,0.0,3.0,1.43,Close entry(s) order TEST,TEST,1
1056,LONG,2011-04-15,212.1,1.0,2011-04-18,212.5,1.0,0.4,0.0,0.0,0.4,0.19,Close entry(s) order TEST,TEST,1
1057,LONG,2011-04-19,201.6,1.0,2011-04-20,208.1,1.0,6.5,0.0,0.0,6.5,3.22,Close entry(s) order TEST,TEST,1
1058,LONG,2011-04-21,204.4,1.0,2011-04-25,203.0,1.0,-1.4,0.0,0.0,-1.4,-0.68,Close entry(s) order TEST,TEST,1
1059,LONG,2011-04-26,201.0,1.0,2011-04-27,200.4,1.0,-0.6,0.0,0.0,-0.6,-0.3,Close entry(s) order TEST,TEST,1
1060,LONG,2011-04-28,197.3,1.0,2011-04-29,198.6,1.0,1.3,0.0,0.0,1.3,0.66,Close entry(s) order TEST,TEST,1
1061,LONG,2011-05-02,192.0,1.0,2011-05-03,185.0,1.0,-7.0,0.0,0.0,-7.0,-3.65,Close entry(s) order TEST,TEST,1
1062,LONG,2011-05-04,182.5,1.0,2011-05-05,192.0,1.0,9.5,0.0,0.0,9.5,5.21,Close entry(s) order TEST,TEST,1
1063,LONG,2011-05-06,185.2,1.0,2011-05-09,190.6,1.0,5.4,0.0,0.0,5.4,2.92,Close entry(s) order TEST,TEST,1
1064,LONG,2011-05-10,192.0,1.0,2011-05-11,187.0,1.0,-5.0,0.0,0.0,-5.0,-2.6,Close entry(s) order TEST,TEST,1
1065,LONG,2011-05-12,186.4,1.0,2011-05-13,181.8,1.0,-4.6,0.0,0.0,-4.6,-2.47,Close entry(s) order TEST,TEST,1
1066,LONG,2011-05-16,180.2,1.0,2011-05-17,177.9,1.0,-2.3,0.0,0.0,-2.3,-1.28,Close entry(s) order TEST,TEST,1
1067,LONG,2011-05-18,176.1,1.0,2011-05-19,177.8,1.0,1.7,0.0,0.0,1.7,0.97,Close entry(s) order TEST,TEST,1
1068,LONG,2011-05-20,174.4,1.0,2011-05-23,172.3,1.0,-2.1,0.0,0.0,-2.1,-1.2,Close entry(s) order TEST,TEST,1
1069,LONG,2011-05-24,175.0,1.0,2011-05-25,178.1,1.0,3.1,0.0,0.0,3.1,1.77,Close entry(s) order TEST,TEST,1
1070,LONG,2011-05-26,173.4,1.0,2011-05-27,172.8,1.0,-0.6,0.0,0.0,-0.6,-0.35,Close entry(s) order TEST,TEST,1
1071,LONG,2011-05-30,179.0,1.0,2011-05-31,176.5,1.0,-2.5,0.0,0.0,-2.5,-1.4,Close entry(s) order TEST,TEST,1
1072,LONG,2011-06-01,177.1,1.0,2011-06-02,174.4,1.0,-2.7,0.0,0.0,-2.7,-1.52,Close entry(s) order TEST,TEST,1
1073,LONG,2011-06-03,178.0,1.0,2011-06-06,168.3,1.0,-9.7,0.0,0.0,-9.7,-5.45,Close entry(s) order TEST,TEST,1
1074,LONG,2011-06-07,167.1,1.0,2011-06-08,173.0,1.0,5.9,0.0,0.0,5.9,3.53,Close entry(s) order TEST,TEST,1
1075,LONG,2011-06-09,173.5,1.0,2011-06-10,174.0,1.0,0.5,0.0,0.0,0.5,0.29,Close entry(s) order TEST,TEST,1
1076,LONG,2011-06-13,173.0,1.0,2011-06-14,174.9,1.0,1.9,0.0,0.0,1.9,1.1,Close entry(s) order TEST,TEST,1
1077,LONG,2011-06-15,171.4,1.0,2011-06-16,168.4,1.0,-3.0,0.0,0.0,-3.0,-1.75,Close entry(s) order TEST,TEST,1
1078,LONG,2011-06-17,166.7,1.0,2011-06-20,166.5,1.0,-0.2,0.0,0.0,-0.2,-0.12,Close entry(s) order TEST,TEST,1
1079,LONG,2011-06-21,160.1,1.0,2011-06-22,161.6,1.0,1.5,0.0,0.0,1.5,0.94,Close entry(s) order TEST,TEST,1
1080,LONG,2011-06-23,155.6,1.0,2011-06-24,157.0,1.0,1.4,0.0,0.0,1.4,0.9,Close entry(s) order TEST,TEST,1
1081,LONG,2011-06-27,160.1,1.0,2011-06-28,162.9,1.0,2.8,0.0,0.0,2.8,1.75,Close entry(s) order TEST,TEST,1
1082,LONG,2011-06-29,176.0,1.0,2011-06-30,175.9,1.0,-0.1,0.0,0.0,-0.1,-0.06,Close entry(s) order TEST,TEST,1
1083,LONG,2011-07-01,174.0,1.0,2011-07-04,175.2,1.0,1.2,0.0,0.0,1.2,0.69,Close entry(s) order TEST,TEST,1
1084,LONG,2011-07-05,175.0,1.0,2011-07-06,170.1,1.0,-4.9,0.0,0.0,-4.9,-2.8,Close entry(s) order TEST,TEST,1
1085,LONG,2011-07-07,172.1,1.0,2011-07-08,171.1,1.0,-1.0,0.0,0.0,-1.0,-0.58,Close entry(s) order TEST,TEST,1
1086,LONG,2011-07-11,172.0,1.0,2011-07-12,166.0,1.0,-6.0,0.0,0.0,-6.0,-3.49,Close entry(s) order TEST,TEST,1
1087,LONG,2011-07-13,166.6,1.0,2011-07-14,169.0,1.0,2.4,0.0,0.0,2.4,1.44,Close entry(s) order TEST,TEST,1
1088,LONG,2011-07-15,168.4,1.0,2011-07-18,165.4,1.0,-3.0,0.0,0.0,-3.0,-1.78,Close entry(s) order TEST,TEST,1
1089,LONG,2011-07-19,166.5,1.0,2011-07-20,167.0,1.0,0.5,0.0,0.0,0.5,0.3,Close entry(s) order TEST,TEST,1
1090,LONG,2011-07-21,163.1,1.0,2011-07-22,163.8,1.0,0.7,0.0,0.0,0.7,0.43,Close entry(s) order TEST,TEST,1
1091,LONG,2011-07-25,165.9,1.0,2011-07-26,166.1,1.0,0.2,0.0,0.0,0.2,0.12,Close entry(s) order TEST,TEST,1
1092,LONG,2011-07-27,162.9,1.0,2011-07-28,162.3,1.0,-0.6,0.0,0.0,-0.6,-0.37,Close entry(s) order TEST,TEST,1
1093,LONG,2011-07-29,152.0,1.0,2011-08-01,152.0,1.0,0.0,0.0,0.0,0.0,0.0,Close entry(s) order TEST,TEST,1
1094,LONG,2011-08-02,151.4,1.0,2011-08-03,149.0,1.0,-2.4,0.0,0.0,-2.4,-1.59,Close entry(s) order TEST,TEST,1
1095,LONG,2011-08-04,151.1,1.0,2011-08-05,145.0,1.0,-6.1,0.0,0.0,-6.1,-4.04,Close entry(s) order TEST,TEST,1
1096,LONG,2011-08-08,137.4,1.0,2011-08-09,136.0,1.0,-1.4,0.0,0.0,-1.4,-1.02,Close entry(s) order TEST,TEST,1
1097,LONG,2011-08-10,136.1,1.0,2011-08-11,135.1,1.0,-1.0,0.0,0.0,-1.0,-0.73,Close entry(s) order TEST,TEST,1
1098,LONG,2011-08-12,147.5,1.0,2011-08-16,146.0,1.0,-1.5,0.0,0.0,-1.5,-1.02,Close entry(s) order TEST,TEST,1
1099,LONG,2011-08-17,135.7,1.0,2011-08-18,138.7,1.0,3.0,0.0,0.0,3.0,2.21,Close entry(s) order TEST,TEST,1
1100,LONG,2011-08-19,129.1,1.0,2011-08-22,130.0,1.0,0.9,0.0,0.0,0.9,0.7,Close entry(s) order TEST,TEST,1
1101,LONG,2011-08-23,134.0,1.0,2011-08-24,133.0,1.0,-1.0,0.0,0.0,-1.0,-0.75,Close entry(s) order TEST,TEST,1
1102,LONG,2011-08-25,132.0,1.0,2011-08-26,124.0,1.0,-8.0,0.0,0.0,-8.0,-6.06,Close entry(s) order TEST,TEST,1
1103,LONG,2011-08-29,120.8,1.0,2011-08-30,123.1,1.0,2.3,0.0,0.0,2.3,1.9,Close entry(s) order TEST,TEST,1
1104,LONG,2011-09-02,123.0,1.0,2011-09-05,118.5,1.0,-4.5,0.0,0.0,-4.5,-3.66,Close entry(s) order TEST,TEST,1
1105,LONG,2011-09-06,121.5,1.0,2011-09-07,128.3,1.0,6.8,0.0,0.0,6.8,5.6,Close entry(s) order TEST,TEST,1
1106,LONG,2011-09-08,130.1,1.0,2011-09-09,129.0,1.0,-1.1,0.0,0.0,-1.1,-0.85,Close entry(s) order TEST,TEST,1
1107,LONG,2011-09-12,123.0,1.0,2011-09-13,121.9,1.0,-1.1,0.0,0.0,-1.1,-0.89,Close entry(s) order TEST,TEST,1
1108,LONG,2011-09-14,123.5,1.0,2011-09-15,123.5,1.0,0.0,0.0,0.0,0.0,0.0,Close entry(s) order TEST,TEST,1
1109,LONG,2011-09-16,123.8,1.0,2011-09-19,121.3,1.0,-2.5,0.0,0.0,-2.5,-2.02,Close entry(s) order TEST,TEST,1
1110,LONG,2011-09-20,123.7,1.0,2011-09-21,124.5,1.0,0.8,0.0,0.0,0.8,0.65,Close entry(s) order TEST,TEST,1
1111,LONG,2011-09-22,122.1,1.0,2011-09-23,118.8,1.0,-3.3,0.0,0.0,-3.3,-2.7,Close entry(s) order TEST,TEST,1
1112,LONG,2011-09-26,117.0,1.0,2011-09-27,115.8,1.0,-1.2,0.0,0.0,-1.2,-1.03,Close entry(s) order TEST,TEST,1
1113,LONG,2011-09-28,115.3,1.0,2011-09-29,110.0,1.0,-5.3,0.0,0.0,-5.3,-4.6,Close entry(s) order TEST,TEST,1
1114,LONG,2011-09-30,115.6,1.0,2011-10-03,110.4,1.0,-5.2,0.0,0.0,-5.2,-4.5,Close entry(s) order TEST,TEST,1
1115,LONG,2011-10-04,107.0,1.0,2011-10-05,106.7,1.0,-0.3,0.0,0.0,-0.3,-0.28,Close entry(s) order TEST,TEST,1
1116,LONG,2011-10-07,111.7,1.0,2011-10-10,109.6,1.0,-2.1,0.0,0.0,-2.1,-1.88,Close entry(s) order TEST,TEST,1
1117,LONG,2011-10-11,113.5,1.0,2011-10-12,118.8,1.0,5.3,0.0,0.0,5.3,4.67,Close entry(s) order TEST,TEST,1
1118,LONG,2011-10-13,122.7,1.0,2011-10-14,117.3,1.0,-5.4,0.0,0.0,-5.4,-4.4,Close entry(s) order TEST,TEST,1
1119,LONG,2011-10-17,119.0,1.0,2011-10-18,111.1,1.0,-7.9,0.0,0.0,-7.9,-6.64,Close entry(s) order TEST,TEST,1
1120,LONG,2011-10-19,116.0,1.0,2011-10-20,114.7,1.0,-1.3,0.0,0.0,-1.3,-1.12,Close entry(s) order TEST,TEST,1
1121,LONG,2011-10-21,112.5,1.0,2011-10-24,112.8,1.0,0.3,0.0,0.0,0.3,0.27,Close entry(s) order TEST,TEST,1
1122,LONG,2011-10-25,104.4,1.0,2011-10-26,103.3,1.0,-1.1,0.0,0.0,-1.1,-1.05,Close entry(s) order TEST,TEST,1
1123,LONG,2011-10-28,106.5,1.0,2011-10-31,106.1,1.0,-0.4,0.0,0.0,-0.4,-0.38,Close entry(s) order TEST,TEST,1
1124,LONG,2011-11-01,107.3,1.0,2011-11-02,105.8,1.0,-1.5,0.0,0.0,-1.5,-1.4,Close entry(s) order TEST,TEST,1
1125,LONG,2011-11-03,102.0,1.0,2011-11-04,106.0,1.0,4.0,0.0,0.0,4.0,3.92,Close entry(s) order TEST,TEST,1
1126,LONG,2011-11-08,106.5,1.0,2011-11-09,106.6,1.0,0.1,0.0,0.0,0.1,0.09,Close entry(s) order TEST,TEST,1
1127,LONG,2011-11-11,101.0,1.0,2011-11-14,97.0,1.0,-4.0,0.0,0.0,-4.0,-3.96,Close entry(s) order TEST,TEST,1
1128,LONG,2011-11-15,90.3,1.0,2011-11-16,85.3,1.0,-5.0,0.0,0.0,-5.0,-5.54,Close entry(s) order TEST,TEST,1
1129,LONG,2011-11-17,86.0,1.0,2011-11-18,81.8,1.0,-4.2,0.0,0.0,-4.2,-4.88,Close entry(s) order TEST,TEST,1
1130,LONG,2011-11-21,78.5,1.0,2011-11-22,76.4,1.0,-2.1,0.0,0.0,-2.1,-2.68,Close entry(s) order TEST,TEST,1
1131,LONG,2011-11-23,73.1,1.0,2011-11-24,72.0,1.0,-1.1,0.0,0.0,-1.1,-1.5,Close entry(s) order TEST,TEST,1
1132,LONG,2011-11-25,72.3,1.0,2011-11-28,71.0,1.0,-1.3,0.0,0.0,-1.3,-1.8,Close entry(s) order TEST,TEST,1
1133,LONG,2011-11-29,75.2,1.0,2011-11-30,71.5,1.0,-3.7,0.0,0.0,-3.7,-4.92,Close entry(s) order TEST,TEST,1
1134,LONG,2011-12-01,73.8,1.0,2011-12-02,69.6,1.0,-4.2,0.0,0.0,-4.2,-5.69,Close entry(s) order TEST,TEST,1
1135,LONG,2011-12-05,72.3,1.0,2011-12-07,69.1,1.0,-3.2,0.0,0.0,-3.2,-4.43,Close entry(s) order TEST,TEST,1
1136,LONG,2011-12-08,69.0,1.0,2011-12-09,66.0,1.0,-3.0,0.0,0.0,-3.0,-4.35,Close entry(s) order TEST,TEST,1
1137,LONG,2011-12-12,69.0,1.0,2011-12-13,68.1,1.0,-0.9,0.0,0.0,-0.9,-1.3,Close entry(s) order TEST,TEST,1
1138,LONG,2011-12-14,79.3,1.0,2011-12-15,76.8,1.0,-2.5,0.0,0.0,-2.5,-3.15,Close entry(s) order TEST,TEST,1
1139,LONG,2011-12-16,83.5,1.0,2011-12-19,79.6,1.0,-3.9,0.0,0.0,-3.9,-4.67,Close entry(s) order TEST,TEST,1
1140,LONG,2011-12-20,81.4,1.0,2011-12-21,80.3,1.0,-1.1,0.0,0.0,-1.1,-1.35,Close entry(s) order TEST,TEST,1
1141,LONG,2011-12-22,81.8,1.0,2011-12-23,83.0,1.0,1.2,0.0,0.0,1.2,1.47,Close entry(s) order TEST,TEST,1
1142,LONG,2011-12-26,82.8,1.0,2011-12-27,82.5,1.0,-0.3,0.0,0.0,-0.3,-0.36,Close entry(s) order TEST,TEST,1
1143,LONG,2011-12-28,83.1,1.0,2011-12-29,87.9,1.0,4.8,0.0,0.0,4.8,5.78,Close entry(s) order TEST,TEST,1
1144,LONG,2011-12-30,88.2,1.0,2012-01-02,83.1,1.0,-5.1,0.0,0.0,-5.1,-5.78,Close entry(s) order TEST,TEST,1
1145,LONG,2012-01-03,88.4,1.0,2012-01-04,87.9,1.0,-0.5,0.0,0.0,-0.5,-0.57,Close entry(s) order TEST,TEST,1
1146,LONG,2012-01-05,90.9,1.0,2012-01-06,96.0,1.0,5.1,0.0,0.0,5.1,5.61,Close entry(s) order TEST,TEST,1
1147,LONG,2012-01-09,102.5,1.0,2012-01-10,100.2,1.0,-2.3,0.0,0.0,-2.3,-2.24,Close entry(s) order TEST,TEST,1
1148,LONG,2012-01-11,101.5,1.0,2012-01-12,104.0,1.0,2.5,0.0,0.0,2.5,2.46,Close entry(s) order TEST,TEST,1
1149,LONG,2012-01-13,105.0,1.0,2012-01-16,111.0,1.0,6.0,0.0,0.0,6.0,5.71,Close entry(s) order TEST,TEST,1
1150,LONG,2012-01-17,110.5,1.0,2012-01-18,110.0,1.0,-0.5,0.0,0.0,-0.5,-0.45,Close entry(s) order TEST,TEST,1
1151,LONG,2012-01-19,113.0,1.0,2012-01-20,112.5,1.0,-0.5,0.0,0.0,-0.5,-0.44,Close entry(s) order TEST,TEST,1
1152,LONG,2012-01-23,121.7,1.0,2012-01-24,121.0,1.0,-0.7,0.0,0.0,-0.7,-0.58,Close entry(s) order TEST,TEST,1
1153,LONG,2012-01-25,118.1,1.0,2012-01-27,126.8,1.0,8.7,0.0,0.0,8.7,7.37,Close entry(s) order TEST,TEST,1
1154,LONG,2012-01-30,119.4,1.0,2012-01-31,116.8,1.0,-2.6,0.0,0.0,-2.6,-2.18,Close entry(s) order TEST,TEST,1
1155,LONG,2012-02-01,116.8,1.0,2012-02-02,111.0,1.0,-5.8,0.0,0.0,-5.8,-4.97,Close entry(s) order TEST,TEST,1
1156,LONG,2012-02-03,122.0,1.0,2012-02-06,125.0,1.0,3.0,0.0,0.0,3.0,2.46,Close entry(s) order TEST,TEST,1
1157,LONG,2012-02-07,127.1,1.0,2012-02-08,126.0,1.0,-1.1,0.0,0.0,-1.1,-0.87,Close entry(s) order TEST,TEST,1
1158,LONG,2012-02-09,124.5,1.0,2012-02-10,131.4,1.0,6.9,0.0,0.0,6.9,5.54,Close entry(s) order TEST,TEST,1
1159,LONG,2012-02-13,135.0,1.0,2012-02-14,135.4,1.0,0.4,0.0,0.0,0.4,0.3,Close entry(s) order TEST,TEST,1
1160,LONG,2012-02-15,137.8,1.0,2012-02-16,141.0,1.0,3.2,0.0,0.0,3.2,2.32,Close entry(s) order TEST,TEST,1
1161,LONG,2012-02-17,150.3,1.0,2012-02-21,138.2,1.0,-12.1,0.0,0.0,-12.1,-8.05,Close entry(s) order TEST,TEST,1
1162,LONG,2012-02-22,152.9,1.0,2012-02-23,147.5,1.0,-5.4,0.0,0.0,-5.4,-3.53,Close entry(s) order TEST,TEST,1
1163,LONG,2012-02-24,145.0,1.0,2012-02-27,141.5,1.0,-3.5,0.0,0.0,-3.5,-2.41,Close entry(s) order TEST,TEST,1
1164,LONG,2012-02-28,134.8,1.0,2012-02-29,140.0,1.0,5.2,0.0,0.0,5.2,3.86,Close entry(s) order TEST,TEST,1
1165,LONG,2012-03-01,143.9,1.0,2012-03-02,149.5,1.0,5.6,0.0,0.0,5.6,3.89,Close entry(s) order TEST,TEST,1
1166,LONG,2012-03-05,145.0,1.0,2012-03-06,138.9,1.0,-6.1,0.0,0.0,-6.1,-4.21,Close entry(s) order TEST,TEST,1
1167,LONG,2012-03-07,132.4,1.0,2012-03-09,133.9,1.0,1.5,0.0,0.0,1.5,1.13,Close entry(s) order TEST,TEST,1
1168,LONG,2012-03-12,142.6,1.0,2012-03-13,140.8,1.0,-1.8,0.0,0.0,-1.8,-1.26,Close entry(s) order TEST,TEST,1
1169,LONG,2012-03-14,139.8,1.0,2012-03-15,140.3,1.0,0.5,0.0,0.0,0.5,0.36,Close entry(s) order TEST,TEST,1
1170,LONG,2012-03-16,139.9,1.0,2012-03-19,141.0,1.0,1.1,0.0,0.0,1.1,0.79,Close entry(s) order TEST,TEST,1
1171,LONG,2012-03-20,141.0,1.0,2012-03-21,134.2,1.0,-6.8,0.0,0.0,-6.8,-4.82,Close entry(s) order TEST,TEST,1
1172,LONG,2012-03-22,147.5,1.0,2012-03-23,136.9,1.0,-10.6,0.0,0.0,-10.6,-7.19,Close entry(s) order TEST,TEST,1
1173,LONG,2012-03-26,145.1,1.0,2012-03-27,139.9,1.0,-5.2,0.0,0.0,-5.2,-3.58,Close entry(s) order TEST,TEST,1
1174,LONG,2012-03-28,138.1,1.0,2012-03-29,131.0,1.0,-7.1,0.0,0.0,-7.1,-5.14,Close entry(s) order TEST,TEST,1
1175,LONG,2012-03-30,129.1,1.0,2012-04-02,135.4,1.0,6.3,0.0,0.0,6.3,4.88,Close entry(s) order TEST,TEST,1
1176,LONG,2012-04-03,135.7,1.0,2012-04-04,133.2,1.0,-2.5,0.0,0.0,-2.5,-1.84,Close entry(s) order TEST,TEST,1
1177,LONG,2012-04-09,131.3,1.0,2012-04-10,131.7,1.0,0.4,0.0,0.0,0.4,0.3,Close entry(s) order TEST,TEST,1
1178,LONG,2012-04-11,134.9,1.0,2012-04-12,135.5,1.0,0.6,0.0,0.0,0.6,0.44,Close entry(s) order TEST,TEST,1
1179,LONG,2012-04-13,140.7,1.0,2012-04-16,134.4,1.0,-6.3,0.0,0.0,-6.3,-4.48,Close entry(s) order TEST,TEST,1
1180,LONG,2012-04-17,133.3,1.0,2012-04-18,136.0,1.0,2.7,0.0,0.0,2.7,2.03,Close entry(s) order TEST,TEST,1
1181,LONG,2012-04-19,136.4,1.0,2012-04-20,133.6,1.0,-2.8,0.0,0.0,-2.8,-2.05,Close entry(s) order TEST,TEST,1
1182,LONG,2012-04-23,132.0,1.0,2012-04-24,126.6,1.0,-5.4,0.0,0.0,-5.4,-4.09,Close entry(s) order TEST,TEST,1
1183,LONG,2012-04-25,128.9,1.0,2012-04-26,125.4,1.0,-3.5,0.0,0.0,-3.5,-2.72,Close entry(s) order TEST,TEST,1
1184,LONG,2012-04-27,123.4,1.0,2012-04-30,126.3,1.0,2.9,0.0,0.0,2.9,2.35,Close entry(s) order TEST,TEST,1
1185,LONG,2012-05-02,126.0,1.0,2012-05-03,124.1,1.0,-1.9,0.0,0.0,-1.9,-1.51,Close entry(s) order TEST,TEST,1
1186,LONG,2012-05-04,122.6,1.0,2012-05-07,124.9,1.0,2.3,0.0,0.0,2.3,1.88,Close entry(s) order TEST,TEST,1
1187,LONG,2012-05-08,124.0,1.0,2012-05-09,119.5,1.0,-4.5,0.0,0.0,-4.5,-3.63,Close entry(s) order TEST,TEST,1
1188,LONG,2012-05-10,121.8,1.0,2012-05-11,118.3,1.0,-3.5,0.0,0.0,-3.5,-2.87,Close entry(s) order TEST,TEST,1
1189,LONG,2012-05-14,117.0,1.0,2012-05-15,113.0,1.0,-4.0,0.0,0.0,-4.0,-3.42,Close entry(s) order TEST,TEST,1
1190,LONG,2012-05-16,115.3,1.0,2012-05-17,119.5,1.0,4.2,0.0,0.0,4.2,3.64,Close entry(s) order TEST,TEST,1
1191,LONG,2012-05-18,115.3,1.0,2012-05-21,124.0,1.0,8.7,0.0,0.0,8.7,7.55,Close entry(s) order TEST,TEST,1
1192,LONG,2012-05-22,124.0,1.0,2012-05-23,120.0,1.0,-4.0,0.0,0.0,-4.0,-3.23,Close entry(s) order TEST,TEST,1
1193,LONG,2012-05-24,116.8,1.0,2012-05-25,122.1,1.0,5.3,0.0,0.0,5.3,4.54,Close entry(s) order TEST,TEST,1
1194,LONG,2012-05-28,119.5,1.0,2012-05-29,122.4,1.0,2.9,0.0,0.0,2.9,2.43,Close entry(s) order TEST,TEST,1
1195,LONG,2012-05-30,121.5,1.0,2012-05-31,120.0,1.0,-1.5,0.0,0.0,-1.5,-1.23,Close entry(s) order TEST,TEST,1
1196,LONG,2012-06-01,118.3,1.0,2012-06-04,114.4,1.0,-3.9,0.0,0.0,-3.9,-3.3,Close entry(s) order TEST,TEST,1
1197,LONG,2012-06-05,120.8,1.0,2012-06-06,121.0,1.0,0.2,0.0,0.0,0.2,0.17,Close entry(s) order TEST,TEST,1
1198,LONG,2012-06-07,125.0,1.0,2012-06-08,121.8,1.0,-3.2,0.0,0.0,-3.2,-2.56,Close entry(s) order TEST,TEST,1
1199,LONG,2012-06-11,124.0,1.0,2012-06-12,120.2,1.0,-3.8,0.0,0.0,-3.8,-3.06,Close entry(s) order TEST,TEST,1
1200,LONG,2012-06-13,123.1,1.0,2012-06-14,120.7,1.0,-2.4,0.0,0.0,-2.4,-1.95,Close entry(s) order TEST,TEST,1
1201,LONG,2012-06-15,119.3,1.0,2012-06-18,121.3,1.0,2.0,0.0,0.0,2.0,1.68,Close entry(s) order TEST,TEST,1
1202,LONG,2012-06-19,119.5,1.0,2012-06-20,117.2,1.0,-2.3,0.0,0.0,-2.3,-1.92,Close entry(s) order TEST,TEST,1
1203,LONG,2012-06-21,119.3,1.0,2012-06-22,120.1,1.0,0.8,0.0,0.0,0.8,0.67,Close entry(s) order TEST,TEST,1
1204,LONG,2012-06-25,123.0,1.0,2012-06-26,121.0,1.0,-2.0,0.0,0.0,-2.0,-1.63,Close entry(s) order TEST,TEST,1
1205,LONG,2012-06-27,119.9,1.0,2012-06-28,118.0,1.0,-1.9,0.0,0.0,-1.9,-1.58,Close entry(s) order TEST,TEST,1
1206,LONG,2012-06-29,117.0,1.0,2012-07-02,119.0,1.0,2.0,0.0,0.0,2.0,1.71,Close entry(s) order TEST,TEST,1
1207,LONG,2012-07-03,119.8,1.0,2012-07-04,120.8,1.0,1.0,0.0,0.0,1.0,0.83,Close entry(s) order TEST,TEST,1
1208,LONG,2012-07-05,121.5,1.0,2012-07-06,120.5,1.0,-1.0,0.0,0.0,-1.0,-0.82,Close entry(s) order TEST,TEST,1
1209,LONG,2012-07-09,117.9,1.0,2012-07-10,115.2,1.0,-2.7,0.0,0.0,-2.7,-2.29,Close entry(s) order TEST,TEST,1
1210,LONG,2012-07-11,117.6,1.0,2012-07-12,116.8,1.0,-0.8,0.0,0.0,-0.8,-0.68,Close entry(s) order TEST,TEST,1
1211,LONG,2012-07-13,118.3,1.0,2012-07-16,116.9,1.0,-1.4,0.0,0.0,-1.4,-1.18,Close entry(s) order TEST,TEST,1
1212,LONG,2012-07-17,114.7,1.0,2012-07-18,113.3,1.0,-1.4,0.0,0.0,-1.4,-1.22,Close entry(s) order TEST,TEST,1
1213,LONG,2012-07-19,113.5,1.0,2012-07-20,113.0,1.0,-0.5,0.0,0.0,-0.5,-0.44,Close entry(s) order TEST,TEST,1
1214,LONG,2012-07-23,112.0,1.0,2012-07-24,110.2,1.0,-1.8,0.0,0.0,-1.8,-1.61,Close entry(s) order TEST,TEST,1
1215,LONG,2012-07-25,112.9,1.0,2012-07-26,109.3,1.0,-3.6,0.0,0.0,-3.6,-3.19,Close entry(s) order TEST,TEST,1
1216,LONG,2012-07-27,107.4,1.0,2012-07-30,104.2,1.0,-3.2,0.0,0.0,-3.2,-2.98,Close entry(s) order TEST,TEST,1
1217,LONG,2012-07-31,105.8,1.0,2012-08-01,100.3,1.0,-5.5,0.0,0.0,-5.5,-5.2,Close entry(s) order TEST,TEST,1
1218,LONG,2012-08-02,103.0,1.0,2012-08-03,101.9,1.0,-1.1,0.0,0.0,-1.1,-1.07,Close entry(s) order TEST,TEST,1
1219,LONG,2012-08-06,105.0,1.0,2012-08-07,98.6,1.0,-6.4,0.0,0.0,-6.4,-6.1,Close entry(s) order TEST,TEST,1
1220,LONG,2012-08-08,100.5,1.0,2012-08-09,101.0,1.0,0.5,0.0,0.0,0.5,0.5,Close entry(s) order TEST,TEST,1
1221,LONG,2012-08-10,99.8,1.0,2012-08-13,103.0,1.0,3.2,0.0,0.0,3.2,3.21,Close entry(s) order TEST,TEST,1
1222,LONG,2012-08-14,104.6,1.0,2012-08-16,100.1,1.0,-4.5,0.0,0.0,-4.5,-4.3,Close entry(s) order TEST,TEST,1
1223,LONG,2012-08-17,102.1,1.0,2012-08-21,100.2,1.0,-1.9,0.0,0.0,-1.9,-1.86,Close entry(s) order TEST,TEST,1
1224,LONG,2012-08-22,99.3,1.0,2012-08-23,100.0,1.0,0.7,0.0,0.0,0.7,0.7,Close entry(s) order TEST,TEST,1
1225,LONG,2012-08-24,96.8,1.0,2012-08-27,96.5,1.0,-0.3,0.0,0.0,-0.3,-0.31,Close entry(s) order TEST,TEST,1
1226,LONG,2012-08-28,96.3,1.0,2012-08-29,86.7,1.0,-9.6,0.0,0.0,-9.6,-9.97,Close entry(s) order TEST,TEST,1
1227,LONG,2012-08-30,91.4,1.0,2012-08-31,94.1,1.0,2.7,0.0,0.0,2.7,2.95,Close entry(s) order TEST,TEST,1
1228,LONG,2012-09-03,95.8,1.0,2012-09-04,94.7,1.0,-1.1,0.0,0.0,-1.1,-1.15,Close entry(s) order TEST,TEST,1
1229,LONG,2012-09-05,93.8,1.0,2012-09-06,96.3,1.0,2.5,0.0,0.0,2.5,2.67,Close entry(s) order TEST,TEST,1
1230,LONG,2012-09-07,98.8,1.0,2012-09-10,103.0,1.0,4.2,0.0,0.0,4.2,4.25,Close entry(s) order TEST,TEST,1
1231,LONG,2012-09-11,103.0,1.0,2012-09-12,103.1,1.0,0.1,0.0,0.0,0.1,0.1,Close entry(s) order TEST,TEST,1
1232,LONG,2012-09-13,100.7,1.0,2012-09-14,101.0,1.0,0.3,0.0,0.0,0.3,0.3,Close entry(s) order TEST,TEST,1
1233,LONG,2012-09-17,101.7,1.0,2012-09-18,101.1,1.0,-0.6,0.0,0.0,-0.6,-0.59,Close entry(s) order TEST,TEST,1
1234,LONG,2012-09-20,103.0,1.0,2012-09-21,101.7,1.0,-1.3,0.0,0.0,-1.3,-1.26,Close entry(s) order TEST,TEST,1
1235,LONG,2012-09-24,99.1,1.0,2012-09-25,102.1,1.0,3.0,0.0,0.0,3.0,3.03,Close entry(s) order TEST,TEST,1
1236,LONG,2012-09-26,101.3,1.0,2012-09-27,101.0,1.0,-0.3,0.0,0.0,-0.3,-0.3,Close entry(s) order TEST,TEST,1
1237,LONG,2012-09-28,100.0,1.0,2012-10-01,102.7,1.0,2.7,0.0,0.0,2.7,2.7,Close entry(s) order TEST,TEST,1
1238,LONG,2012-10-03,102.0,1.0,2012-10-04,100.7,1.0,-1.3,0.0,0.0,-1.3,-1.27,Close entry(s) order TEST,TEST,1
1239,LONG,2012-10-05,101.0,1.0,2012-10-08,100.5,1.0,-0.5,0.0,0.0,-0.5,-0.5,Close entry(s) order TEST,TEST,1
1240,LONG,2012-10-09,99.1,1.0,2012-10-10,100.0,1.0,0.9,0.0,0.0,0.9,0.91,Close entry(s) order TEST,TEST,1
1241,LONG,2012-10-11,99.3,1.0,2012-10-12,99.2,1.0,-0.1,0.0,0.0,-0.1,-0.1,Close entry(s) order TEST,TEST,1
1242,LONG,2012-10-15,99.8,1.0,2012-10-16,98.5,1.0,-1.3,0.0,0.0,-1.3,-1.3,Close entry(s) order TEST,TEST,1
1243,LONG,2012-10-17,98.3,1.0,2012-10-18,97.8,1.0,-0.5,0.0,0.0,-0.5,-0.51,Close entry(s) order TEST,TEST,1
1244,LONG,2012-10-19,97.9,1.0,2012-10-22,98.0,1.0,0.1,0.0,0.0,0.1,0.1,Close entry(s) order TEST,TEST,1
1245,LONG,2012-10-23,98.7,1.0,2012-10-25,97.3,1.0,-1.4,0.0,0.0,-1.4,-1.42,Close entry(s) order TEST,TEST,1
1246,LONG,2012-10-26,98.9,1.0,2012-10-29,98.0,1.0,-0.9,0.0,0.0,-0.9,-0.91,Close entry(s) order TEST,TEST,1
1247,LONG,2012-10-30,97.0,1.0,2012-10-31,98.0,1.0,1.0,0.0,0.0,1.0,1.03,Close entry(s) order TEST,TEST,1
1248,LONG,2012-11-01,96.8,1.0,2012-11-02,97.3,1.0,0.5,0.0,0.0,0.5,0.52,Close entry(s) order TEST,TEST,1
1249,LONG,2012-11-05,98.3,1.0,2012-11-06,97.3,1.0,-1.0,0.0,0.0,-1.0,-1.02,Close entry(s) order TEST,TEST,1
1250,LONG,2012-11-07,100.0,1.0,2012-11-08,101.1,1.0,1.1,0.0,0.0,1.1,1.1,Close entry(s) order TEST,TEST,1
1251,LONG,2012-11-09,103.4,1.0,2012-11-12,100.3,1.0,-3.1,0.0,0.0,-3.1,-3.0,Close entry(s) order TEST,TEST,1
1252,LONG,2012-11-13,101.3,1.0,2012-11-15,100.6,1.0,-0.7,0.0,0.0,-0.7,-0.69,Close entry(s) order TEST,TEST,1
1253,LONG,2012-11-16,101.9,1.0,2012-11-19,106.7,1.0,4.8,0.0,0.0,4.8,4.71,Close entry(s) order TEST,TEST,1
1254,LONG,2012-11-20,105.0,1.0,2012-11-21,102.5,1.0,-2.5,0.0,0.0,-2.5,-2.38,Close entry(s) order TEST,TEST,1
1255,LONG,2012-11-22,104.4,1.0,2012-11-23,105.1,1.0,0.7,0.0,0.0,0.7,0.67,Close entry(s) order TEST,TEST,1
1256,LONG,2012-11-26,103.5,1.0,2012-11-27,104.0,1.0,0.5,0.0,0.0,0.5,0.48,Close entry(s) order TEST,TEST,1
1257,LONG,2012-11-29,103.3,1.0,2012-11-30,103.2,1.0,-0.1,0.0,0.0,-0.1,-0.1,Close entry(s) order TEST,TEST,1
1258,LONG,2012-12-03,105.8,1.0,2012-12-04,105.0,1.0,-0.8,0.0,0.0,-0.8,-0.76,Close entry(s) order TEST,TEST,1
1259,LONG,2012-12-05,106.0,1.0,2012-12-06,111.5,1.0,5.5,0.0,0.0,5.5,5.19,Close entry(s) order TEST,TEST,1
1260,LONG,2012-12-07,110.5,1.0,2012-12-10,109.8,1.0,-0.7,0.0,0.0,-0.7,-0.63,Close entry(s) order TEST,TEST,1
1261,LONG,2012-12-11,109.1,1.0,2012-12-12,109.0,1.0,-0.1,0.0,0.0,-0.1,-0.09,Close entry(s) order TEST,TEST,1
1262,LONG,2012-12-13,109.3,1.0,2012-12-14,108.0,1.0,-1.3,0.0,0.0,-1.3,-1.19,Close entry(s) order TEST,TEST,1
1263,LONG,2012-12-17,107.5,1.0,2012-12-18,108.2,1.0,0.7,0.0,0.0,0.7,0.65,Close entry(s) order TEST,TEST,1
1264,LONG,2012-12-19,107.0,1.0,2012-12-20,107.5,1.0,0.5,0.0,0.0,0.5,0.47,Close entry(s) order TEST,TEST,1
1265,LONG,2012-12-21,110.1,1.0,2012-12-24,109.7,1.0,-0.4,0.0,0.0,-0.4,-0.36,Close entry(s) order TEST,TEST,1
1266,LONG,2012-12-26,108.0,1.0,2012-12-27,107.3,1.0,-0.7,0.0,0.0,-0.7,-0.65,Close entry(s) order TEST,TEST,1
1267,LONG,2012-12-28,104.0,1.0,2012-12-31,106.2,1.0,2.2,0.0,0.0,2.2,2.12,Close entry(s) order TEST,TEST,1
1268,LONG,2013-01-01,107.2,1.0,2013-01-02,106.0,1.0,-1.2,0.0,0.0,-1.2,-1.12,Close entry(s) order TEST,TEST,1
1269,LONG,2013-01-03,105.0,1.0,2013-01-04,105.9,1.0,0.9,0.0,0.0,0.9,0.86,Close entry(s) order TEST,TEST,1
1270,LONG,2013-01-07,105.0,1.0,2013-01-08,108.7,1.0,3.7,0.0,0.0,3.7,3.52,Close entry(s) order TEST,TEST,1
1271,LONG,2013-01-09,108.4,1.0,2013-01-10,107.7,1.0,-0.7,0.0,0.0,-0.7,-0.65,Close entry(s) order TEST,TEST,1
1272,LONG,2013-01-11,108.0,1.0,2013-01-14,103.8,1.0,-4.2,0.0,0.0,-4.2,-3.89,Close entry(s) order TEST,TEST,1
1273,LONG,2013-01-15,105.3,1.0,2013-01-16,104.8,1.0,-0.5,0.0,0.0,-0.5,-0.47,Close entry(s) order TEST,TEST,1
1274,LONG,2013-01-17,101.6,1.0,2013-01-18,100.0,1.0,-1.6,0.0,0.0,-1.6,-1.57,Close entry(s) order TEST,TEST,1
1275,LONG,2013-01-21,100.5,1.0,2013-01-22,99.8,1.0,-0.7,0.0,0.0,-0.7,-0.7,Close entry(s) order TEST,TEST,1
1276,LONG,2013-01-23,99.3,1.0,2013-01-24,100.5,1.0,1.2,0.0,0.0,1.2,1.21,Close entry(s) order TEST,TEST,1
1277,LONG,2013-01-25,97.9,1.0,2013-01-28,94.3,1.0,-3.6,0.0,0.0,-3.6,-3.68,Close entry(s) order TEST,TEST,1
1278,LONG,2013-01-29,94.5,1.0,2013-01-30,95.8,1.0,1.3,0.0,0.0,1.3,1.38,Close entry(s) order TEST,TEST,1
1279,LONG,2013-01-31,93.4,1.0,2013-02-01,99.8,1.0,6.4,0.0,0.0,6.4,6.85,Close entry(s) order TEST,TEST,1
1280,LONG,2013-02-04,98.3,1.0,2013-02-05,97.5,1.0,-0.8,0.0,0.0,-0.8,-0.81,Close entry(s) order TEST,TEST,1
1281,LONG,2013-02-06,95.8,1.0,2013-02-07,94.8,1.0,-1.0,0.0,0.0,-1.0,-1.04,Close entry(s) order TEST,TEST,1
1282,LONG,2013-02-08,93.1,1.0,2013-02-11,94.2,1.0,1.1,0.0,0.0,1.1,1.18,Close entry(s) order TEST,TEST,1
1283,LONG,2013-02-12,92.9,1.0,2013-02-13,93.5,1.0,0.6,0.0,0.0,0.6,0.65,Close entry(s) order TEST,TEST,1
1284,LONG,2013-02-14,92.0,1.0,2013-02-15,87.5,1.0,-4.5,0.0,0.0,-4.5,-4.89,Close entry(s) order TEST,TEST,1
1285,LONG,2013-02-18,90.7,1.0,2013-02-19,90.8,1.0,0.1,0.0,0.0,0.1,0.11,Close entry(s) order TEST,TEST,1
1286,LONG,2013-02-20,90.9,1.0,2013-02-21,86.2,1.0,-4.7,0.0,0.0,-4.7,-5.17,Close entry(s) order TEST,TEST,1
1287,LONG,2013-02-22,85.2,1.0,2013-02-25,83.8,1.0,-1.4,0.0,0.0,-1.4,-1.64,Close entry(s) order TEST,TEST,1
1288,LONG,2013-02-26,69.8,1.0,2013-02-27,62.0,1.0,-7.8,0.0,0.0,-7.8,-11.17,Close entry(s) order TEST,TEST,1
1289,LONG,2013-02-28,59.9,1.0,2013-03-01,55.1,1.0,-4.8,0.0,0.0,-4.8,-8.01,Close entry(s) order TEST,TEST,1
1290,LONG,2013-03-04,58.8,1.0,2013-03-05,55.8,1.0,-3.0,0.0,0.0,-3.0,-5.1,Close entry(s) order TEST,TEST,1
1291,LONG,2013-03-06,58.9,1.0,2013-03-07,60.0,1.0,1.1,0.0,0.0,1.1,1.87,Close entry(s) order TEST,TEST,1
1292,LONG,2013-03-08,59.4,1.0,2013-03-11,60.8,1.0,1.4,0.0,0.0,1.4,2.36,Close entry(s) order TEST,TEST,1
1293,LONG,2013-03-12,59.2,1.0,2013-03-13,58.0,1.0,-1.2,0.0,0.0,-1.2,-2.03,Close entry(s) order TEST,TEST,1
1294,LONG,2013-03-14,52.5,1.0,2013-03-15,53.0,1.0,0.5,0.0,0.0,0.5,0.95,Close entry(s) order TEST,TEST,1
1295,LONG,2013-03-18,52.5,1.0,2013-03-19,52.7,1.0,0.2,0.0,0.0,0.2,0.38,Close entry(s) order TEST,TEST,1
1296,LONG,2013-03-20,51.4,1.0,2013-03-21,49.0,1.0,-2.4,0.0,0.0,-2.4,-4.67,Close entry(s) order TEST,TEST,1
1297,LONG,2013-03-22,46.5,1.0,2013-03-25,48.2,1.0,1.7,0.0,0.0,1.7,3.66,Close entry(s) order TEST,TEST,1
1298,LONG,2013-03-26,49.6,1.0,2013-03-28,50.1,1.0,0.5,0.0,0.0,0.5,1.01,Close entry(s) order TEST,TEST,1
1299,LONG,2013-04-01,51.3,1.0,2013-04-02,55.0,1.0,3.7,0.0,0.0,3.7,7.21,Close entry(s) order TEST,TEST,1
1300,LONG,2013-04-03,56.0,1.0,2013-04-04,57.0,1.0,1.0,0.0,0.0,1.0,1.79,Close entry(s) order TEST,TEST,1
1301,LONG,2013-04-05,54.3,1.0,2013-04-08,56.5,1.0,2.2,0.0,0.0,2.2,4.05,Close entry(s) order TEST,TEST,1
1302,LONG,2013-04-09,56.3,1.0,2013-04-10,55.5,1.0,-0.8,0.0,0.0,-0.8,-1.42,Close entry(s) order TEST,TEST,1
1303,LONG,2013-04-11,55.0,1.0,2013-04-12,51.4,1.0,-3.6,0.0,0.0,-3.6,-6.55,Close entry(s) order TEST,TEST,1
1304,LONG,2013-04-15,49.0,1.0,2013-04-16,47.1,1.0,-1.9,0.0,0.0,-1.9,-3.88,Close entry(s) order TEST,TEST,1
1305,LONG,2013-04-17,48.8,1.0,2013-04-18,52.0,1.0,3.2,0.0,0.0,3.2,6.56,Close entry(s) order TEST,TEST,1
1306,LONG,2013-04-22,52.0,1.0,2013-04-23,53.5,1.0,1.5,0.0,0.0,1.5,2.88,Close entry(s) order TEST,TEST,1
1307,LONG,2013-04-25,50.8,1.0,2013-04-26,51.6,1.0,0.8,0.0,0.0,0.8,1.57,Close entry(s) order TEST,TEST,1
1308,LONG,2013-04-29,54.2,1.0,2013-04-30,53.6,1.0,-0.6,0.0,0.0,-0.6,-1.11,Close entry(s) order TEST,TEST,1
1309,LONG,2013-05-02,52.7,1.0,2013-05-03,50.5,1.0,-2.2,0.0,0.0,-2.2,-4.17,Close entry(s) order TEST,TEST,1
1310,LONG,2013-05-06,50.5,1.0,2013-05-07,50.0,1.0,-0.5,0.0,0.0,-0.5,-0.99,Close entry(s) order TEST,TEST,1
1311,LONG,2013-05-08,51.0,1.0,2013-05-09,51.3,1.0,0.3,0.0,0.0,0.3,0.59,Close entry(s) order TEST,TEST,1
1312,LONG,2013-05-10,50.9,1.0,2013-05-13,50.6,1.0,-0.3,0.0,0.0,-0.3,-0.59,Close entry(s) order TEST,TEST,1
1313,LONG,2013-05-14,49.6,1.0,2013-05-15,49.4,1.0,-0.2,0.0,0.0,-0.2,-0.4,Close entry(s) order TEST,TEST,1
1314,LONG,2013-05-16,51.3,1.0,2013-05-17,50.2,1.0,-1.1,0.0,0.0,-1.1,-2.14,Close entry(s) order TEST,TEST,1
1315,LONG,2013-05-20,50.0,1.0,2013-05-21,51.0,1.0,1.0,0.0,0.0,1.0,2.0,Close entry(s) order TEST,TEST,1
1316,LONG,2013-05-22,50.0,1.0,2013-05-23,49.0,1.0,-1.0,0.0,0.0,-1.0,-2.0,Close entry(s) order TEST,TEST,1
1317,LONG,2013-05-24,48.0,1.0,2013-05-27,47.0,1.0,-1.0,0.0,0.0,-1.0,-2.08,Close entry(s) order TEST,TEST,1
1318,LONG,2013-05-28,48.0,1.0,2013-05-29,48.0,1.0,0.0,0.0,0.0,0.0,0.0,Close entry(s) order TEST,TEST,1
1319,LONG,2013-05-30,47.0,1.0,2013-05-31,49.3,1.0,2.3,0.0,0.0,2.3,4.89,Close entry(s) order TEST,TEST,1
1320,LONG,2013-06-03,45.5,1.0,2013-06-04,48.1,1.0,2.6,0.0,0.0,2.6,5.71,Close entry(s) order TEST,TEST,1
1321,LONG,2013-06-05,47.2,1.0,2013-06-06,46.2,1.0,-1.0,0.0,0.0,-1.0,-2.12,Close entry(s) order TEST,TEST,1
1322,LONG,2013-06-07,47.2,1.0,2013-06-10,46.5,1.0,-0.7,0.0,0.0,-0.7,-1.48,Close entry(s) order TEST,TEST,1
1323,LONG,2013-06-11,45.1,1.0,2013-06-12,43.0,1.0,-2.1,0.0,0.0,-2.1,-4.66,Close entry(s) order TEST,TEST,1
1324,LONG,2013-06-13,43.3,1.0,2013-06-14,44.5,1.0,1.2,0.0,0.0,1.2,2.77,Close entry(s) order TEST,TEST,1
1325,LONG,2013-06-17,43.1,1.0,2013-06-18,44.1,1.0,1.0,0.0,0.0,1.0,2.32,Close entry(s) order TEST,TEST,1
1326,LONG,2013-06-19,43.5,1.0,2013-06-20,46.0,1.0,2.5,0.0,0.0,2.5,5.75,Close entry(s) order TEST,TEST,1
1327,LONG,2013-06-21,49.0,1.0,2013-06-24,49.1,1.0,0.1,0.0,0.0,0.1,0.2,Close entry(s) order TEST,TEST,1
1328,LONG,2013-06-25,44.0,1.0,2013-06-26,45.3,1.0,1.3,0.0,0.0,1.3,2.95,Close entry(s) order TEST,TEST,1
1329,LONG,2013-06-27,44.0,1.0,2013-06-28,43.3,1.0,-0.7,0.0,0.0,-0.7,-1.59,Close entry(s) order TEST,TEST,1
1330,LONG,2013-07-01,43.2,1.0,2013-07-02,46.0,1.0,2.8,0.0,0.0,2.8,6.48,Close entry(s) order TEST,TEST,1
1331,LONG,2013-07-03,44.0,1.0,2013-07-04,44.5,1.0,0.5,0.0,0.0,0.5,1.14,Close entry(s) order TEST,TEST,1
1332,LONG,2013-07-05,42.2,1.0,2013-07-08,42.0,1.0,-0.2,0.0,0.0,-0.2,-0.47,Close entry(s) order TEST,TEST,1
1333,LONG,2013-07-09,43.0,1.0,2013-07-10,44.0,1.0,1.0,0.0,0.0,1.0,2.33,Close entry(s) order TEST,TEST,1
1334,LONG,2013-07-11,42.9,1.0,2013-07-12,42.5,1.0,-0.4,0.0,0.0,-0.4,-0.93,Close entry(s) order TEST,TEST,1
1335,LONG,2013-07-15,42.5,1.0,2013-07-16,43.0,1.0,0.5,0.0,0.0,0.5,1.18,Close entry(s) order TEST,TEST,1
1336,LONG,2013-07-17,44.5,1.0,2013-07-18,43.0,1.0,-1.5,0.0,0.0,-1.5,-3.37,Close entry(s) order TEST,TEST,1
1337,LONG,2013-07-19,45.5,1.0,2013-07-22,45.2,1.0,-0.3,0.0,0.0,-0.3,-0.66,Close entry(s) order TEST,TEST,1
1338,LONG,2013-07-23,44.4,1.0,2013-07-24,44.0,1.0,-0.4,0.0,0.0,-0.4,-0.9,Close entry(s) order TEST,TEST,1
1339,LONG,2013-07-25,43.6,1.0,2013-07-26,42.3,1.0,-1.3,0.0,0.0,-1.3,-2.98,Close entry(s) order TEST,TEST,1
1340,LONG,2013-07-29,42.0,1.0,2013-07-30,41.0,1.0,-1.0,0.0,0.0,-1.0,-2.38,Close entry(s) order TEST,TEST,1
1341,LONG,2013-07-31,40.0,1.0,2013-08-01,37.2,1.0,-2.8,0.0,0.0,-2.8,-7.0,Close entry(s) order TEST,TEST,1
1342,LONG,2013-08-02,32.0,1.0,2013-08-05,36.0,1.0,4.0,0.0,0.0,4.0,12.5,Close entry(s) order TEST,TEST,1
1343,LONG,2013-08-06,36.0,1.0,2013-08-07,28.3,1.0,-7.7,0.0,0.0,-7.7,-21.39,Close entry(s) order TEST,TEST,1
1344,LONG,2013-08-08,38.0,1.0,2013-08-12,35.2,1.0,-2.8,0.0,0.0,-2.8,-7.37,Close entry(s) order TEST,TEST,1
1345,LONG,2013-08-13,32.3,1.0,2013-08-14,32.8,1.0,0.5,0.0,0.0,0.5,1.55,Close entry(s) order TEST,TEST,1
1346,LONG,2013-08-16,31.0,1.0,2013-08-19,29.9,1.0,-1.1,0.0,0.0,-1.1,-3.55,Close entry(s) order TEST,TEST,1
1347,LONG,2013-08-20,28.5,1.0,2013-08-21,28.4,1.0,-0.1,0.0,0.0,-0.1,-0.35,Close entry(s) order TEST,TEST,1
1348,LONG,2013-08-22,28.0,1.0,2013-08-23,30.2,1.0,2.2,0.0,0.0,2.2,7.86,Close entry(s) order TEST,TEST,1
1349,LONG,2013-08-26,31.0,1.0,2013-08-27,32.0,1.0,1.0,0.0,0.0,1.0,3.23,Close entry(s) order TEST,TEST,1
1350,LONG,2013-08-28,31.0,1.0,2013-08-29,32.3,1.0,1.3,0.0,0.0,1.3,4.19,Close entry(s) order TEST,TEST,1
1351,LONG,2013-08-30,33.0,1.0,2013-09-02,34.7,1.0,1.7,0.0,0.0,1.7,5.15,Close entry(s) order TEST,TEST,1
1352,LONG,2013-09-03,35.0,1.0,2013-09-04,34.5,1.0,-0.5,0.0,0.0,-0.5,-1.43,Close entry(s) order TEST,TEST,1
1353,LONG,2013-09-05,34.6,1.0,2013-09-06,34.5,1.0,-0.1,0.0,0.0,-0.1,-0.29,Close entry(s) order TEST,TEST,1
1354,LONG,2013-09-10,36.7,1.0,2013-09-11,36.4,1.0,-0.3,0.0,0.0,-0.3,-0.82,Close entry(s) order TEST,TEST,1
1355,LONG,2013-09-12,36.8,1.0,2013-09-13,38.5,1.0,1.7,0.0,0.0,1.7,4.62,Close entry(s) order TEST,TEST,1
1356,LONG,2013-09-16,37.3,1.0,2013-09-17,35.0,1.0,-2.3,0.0,0.0,-2.3,-6.17,Close entry(s) order TEST,TEST,1
1357,LONG,2013-09-18,34.0,1.0,2013-09-19,33.5,1.0,-0.5,0.0,0.0,-0.5,-1.47,Close entry(s) order TEST,TEST,1
1358,LONG,2013-09-20,34.2,1.0,2013-09-23,32.3,1.0,-1.9,0.0,0.0,-1.9,-5.56,Close entry(s) order TEST,TEST,1
1359,LONG,2013-09-24,31.0,1.0,2013-09-25,29.9,1.0,-1.1,0.0,0.0,-1.1,-3.55,Close entry(s) order TEST,TEST,1
1360,LONG,2013-09-26,29.0,1.0,2013-09-27,28.4,1.0,-0.6,0.0,0.0,-0.6,-2.07,Close entry(s) order TEST,TEST,1
1361,LONG,2013-09-30,28.6,1.0,2013-10-01,30.0,1.0,1.4,0.0,0.0,1.4,4.9,Close entry(s) order TEST,TEST,1
1362,LONG,2013-10-03,30.0,1.0,2013-10-04,30.0,1.0,0.0,0.0,0.0,0.0,0.0,Close entry(s) order TEST,TEST,1
1363,LONG,2013-10-07,30.2,1.0,2013-10-08,32.0,1.0,1.8,0.0,0.0,1.8,5.96,Close entry(s) order TEST,TEST,1
1364,LONG,2013-10-09,31.0,1.0,2013-10-10,32.5,1.0,1.5,0.0,0.0,1.5,4.84,Close entry(s) order TEST,TEST,1
1365,LONG,2013-10-11,33.0,1.0,2013-10-14,33.3,1.0,0.3,0.0,0.0,0.3,0.91,Close entry(s) order TEST,TEST,1
1366,LONG,2013-10-15,33.2,1.0,2013-10-17,34.0,1.0,0.8,0.0,0.0,0.8,2.41,Close entry(s) order TEST,TEST,1
1367,LONG,2013-10-18,32.5,1.0,2013-10-21,33.7,1.0,1.2,0.0,0.0,1.2,3.69,Close entry(s) order TEST,TEST,1
1368,LONG,2013-10-22,34.5,1.0,2013-10-23,38.9,1.0,4.4,0.0,0.0,4.4,12.75,Close entry(s) order TEST,TEST,1
1369,LONG,2013-10-24,39.6,1.0,2013-10-25,40.3,1.0,0.7,0.0,0.0,0.7,1.77,Close entry(s) order TEST,TEST,1
1370,LONG,2013-10-28,39.3,1.0,2013-10-29,38.9,1.0,-0.4,0.0,0.0,-0.4,-1.02,Close entry(s) order TEST,TEST,1
1371,LONG,2013-10-30,38.4,1.0,2013-10-31,41.3,1.0,2.9,0.0,0.0,2.9,7.55,Close entry(s) order TEST,TEST,1
1372,LONG,2013-11-01,43.0,1.0,2013-11-05,42.2,1.0,-0.8,0.0,0.0,-0.8,-1.86,Close entry(s) order TEST,TEST,1
1373,LONG,2013-11-06,42.5,1.0,2013-11-07,42.3,1.0,-0.2,0.0,0.0,-0.2,-0.47,Close entry(s) order TEST,TEST,1
1374,LONG,2013-11-08,42.5,1.0,2013-11-11,41.0,1.0,-1.5,0.0,0.0,-1.5,-3.53,Close entry(s) order TEST,TEST,1
1375,LONG,2013-11-12,40.8,1.0,2013-11-13,38.0,1.0,-2.8,0.0,0.0,-2.8,-6.86,Close entry(s) order TEST,TEST,1
1376,LONG,2013-11-14,37.5,1.0,2013-11-18,38.6,1.0,1.1,0.0,0.0,1.1,2.93,Close entry(s) order TEST,TEST,1
1377,LONG,2013-11-19,38.5,1.0,2013-11-20,38.8,1.0,0.3,0.0,0.0,0.3,0.78,Close entry(s) order TEST,TEST,1
1378,LONG,2013-11-21,37.6,1.0,2013-11-22,39.0,1.0,1.4,0.0,0.0,1.4,3.72,Close entry(s) order TEST,TEST,1
1379,LONG,2013-11-25,38.4,1.0,2013-11-26,39.0,1.0,0.6,0.0,0.0,0.6,1.56,Close entry(s) order TEST,TEST,1
1380,LONG,2013-11-27,33.9,1.0,2013-11-28,34.5,1.0,0.6,0.0,0.0,0.6,1.77,Close entry(s) order TEST,TEST,1
1381,LONG,2013-11-29,36.8,1.0,2013-12-02,39.3,1.0,2.5,0.0,0.0,2.5,6.79,Close entry(s) order TEST,TEST,1
1382,LONG,2013-12-03,39.3,1.0,2013-12-04,38.1,1.0,-1.2,0.0,0.0,-1.2,-3.05,Close entry(s) order TEST,TEST,1
1383,LONG,2013-12-05,38.5,1.0,2013-12-06,38.3,1.0,-0.2,0.0,0.0,-0.2,-0.52,Close entry(s) order TEST,TEST,1
1384,LONG,2013-12-09,39.5,1.0,2013-12-10,37.3,1.0,-2.2,0.0,0.0,-2.2,-5.57,Close entry(s) order TEST,TEST,1
1385,LONG,2013-12-11,37.1,1.0,2013-12-12,36.8,1.0,-0.3,0.0,0.0,-0.3,-0.81,Close entry(s) order TEST,TEST,1
1386,LONG,2013-12-13,36.2,1.0,2013-12-16,36.0,1.0,-0.2,0.0,0.0,-0.2,-0.55,Close entry(s) order TEST,TEST,1
1387,LONG,2013-12-17,35.7,1.0,2013-12-18,35.3,1.0,-0.4,0.0,0.0,-0.4,-1.12,Close entry(s) order TEST,TEST,1
1388,LONG,2013-12-19,37.5,1.0,2013-12-20,44.4,1.0,6.9,0.0,0.0,6.9,18.4,Close entry(s) order TEST,TEST,1
1389,LONG,2013-12-23,47.0,1.0,2013-12-24,50.0,1.0,3.0,0.0,0.0,3.0,6.38,Close entry(s) order TEST,TEST,1
1390,LONG,2013-12-26,51.0,1.0,2013-12-27,54.9,1.0,3.9,0.0,0.0,3.9,7.65,Close entry(s) order TEST,TEST,1
1391,LONG,2013-12-30,61.0,1.0,2013-12-31,63.8,1.0,2.8,0.0,0.0,2.8,4.59,Close entry(s) order TEST,TEST,1
1392,LONG,2014-01-01,64.8,1.0,2014-01-02,63.0,1.0,-1.8,0.0,0.0,-1.8,-2.78,Close entry(s) order TEST,TEST,1
1393,LONG,2014-01-03,58.2,1.0,2014-01-06,58.0,1.0,-0.2,0.0,0.0,-0.2,-0.34,Close entry(s) order TEST,TEST,1
1394,LONG,2014-01-07,62.1,1.0,2014-01-08,64.3,1.0,2.2,0.0,0.0,2.2,3.54,Close entry(s) order TEST,TEST,1
1395,LONG,2014-01-09,62.0,1.0,2014-01-10,61.1,1.0,-0.9,0.0,0.0,-0.9,-1.45,Close entry(s) order TEST,TEST,1
1396,LONG,2014-01-13,63.8,1.0,2014-01-14,66.9,1.0,3.1,0.0,0.0,3.1,4.86,Close entry(s) order TEST,TEST,1
1397,LONG,2014-01-15,64.6,1.0,2014-01-16,66.4,1.0,1.8,0.0,0.0,1.8,2.79,Close entry(s) order TEST,TEST,1
1398,LONG,2014-01-17,65.7,1.0,2014-01-20,64.0,1.0,-1.7,0.0,0.0,-1.7,-2.59,Close entry(s) order TEST,TEST,1
1399,LONG,2014-01-21,65.0,1.0,2014-01-22,66.0,1.0,1.0,0.0,0.0,1.0,1.54,Close entry(s) order TEST,TEST,1
1400,LONG,2014-01-23,65.5,1.0,2014-01-24,67.0,1.0,1.5,0.0,0.0,1.5,2.29,Close entry(s) order TEST,TEST,1
1401,LONG,2014-01-27,65.1,1.0,2014-01-28,64.0,1.0,-1.1,0.0,0.0,-1.1,-1.69,Close entry(s) order TEST,TEST,1
1402,LONG,2014-01-29,61.5,1.0,2014-01-30,57.0,1.0,-4.5,0.0,0.0,-4.5,-7.32,Close entry(s) order TEST,TEST,1
1403,LONG,2014-01-31,53.1,1.0,2014-02-03,58.0,1.0,4.9,0.0,0.0,4.9,9.23,Close entry(s) order TEST,TEST,1
1404,LONG,2014-02-04,59.0,1.0,2014-02-05,61.8,1.0,2.8,0.0,0.0,2.8,4.75,Close entry(s) order TEST,TEST,1
1405,LONG,2014-02-06,64.8,1.0,2014-02-07,65.0,1.0,0.2,0.0,0.0,0.2,0.31,Close entry(s) order TEST,TEST,1
1406,LONG,2014-02-10,65.7,1.0,2014-02-11,66.4,1.0,0.7,0.0,0.0,0.7,1.07,Close entry(s) order TEST,TEST,1
1407,LONG,2014-02-12,64.5,1.0,2014-02-13,64.7,1.0,0.2,0.0,0.0,0.2,0.31,Close entry(s) order TEST,TEST,1
1408,LONG,2014-02-14,65.4,1.0,2014-02-17,63.0,1.0,-2.4,0.0,0.0,-2.4,-3.67,Close entry(s) order TEST,TEST,1
1409,LONG,2014-02-18,63.3,1.0,2014-02-19,61.0,1.0,-2.3,0.0,0.0,-2.3,-3.63,Close entry(s) order TEST,TEST,1
1410,LONG,2014-02-20,63.0,1.0,2014-02-21,63.0,1.0,0.0,0.0,0.0,0.0,0.0,Close entry(s) order TEST,TEST,1
1411,LONG,2014-02-24,63.5,1.0,2014-02-25,62.0,1.0,-1.5,0.0,0.0,-1.5,-2.36,Close entry(s) order TEST,TEST,1
1412,LONG,2014-02-26,61.0,1.0,2014-02-28,61.5,1.0,0.5,0.0,0.0,0.5,0.82,Close entry(s) order TEST,TEST,1
1413,LONG,2014-03-03,63.3,1.0,2014-03-04,64.9,1.0,1.6,0.0,0.0,1.6,2.53,Close entry(s) order TEST,TEST,1
1414,LONG,2014-03-05,65.0,1.0,2014-03-06,63.8,1.0,-1.2,0.0,0.0,-1.2,-1.85,Close entry(s) order TEST,TEST,1
1415,LONG,2014-03-07,67.8,1.0,2014-03-10,63.5,1.0,-4.3,0.0,0.0,-4.3,-6.34,Close entry(s) order TEST,TEST,1
1416,LONG,2014-03-11,67.3,1.0,2014-03-12,72.4,1.0,5.1,0.0,0.0,5.1,7.58,Close entry(s) order TEST,TEST,1
1417,LONG,2014-03-13,70.0,1.0,2014-03-14,67.1,1.0,-2.9,0.0,0.0,-2.9,-4.14,Close entry(s) order TEST,TEST,1
1418,LONG,2014-03-18,73.1,1.0,2014-03-19,73.4,1.0,0.3,0.0,0.0,0.3,0.41,Close entry(s) order TEST,TEST,1
1419,LONG,2014-03-20,71.4,1.0,2014-03-21,70.5,1.0,-0.9,0.0,0.0,-0.9,-1.26,Close entry(s) order TEST,TEST,1
1420,LONG,2014-03-24,69.7,1.0,2014-03-25,68.1,1.0,-1.6,0.0,0.0,-1.6,-2.3,Close entry(s) order TEST,TEST,1
1421,LONG,2014-03-26,70.5,1.0,2014-03-27,68.7,1.0,-1.8,0.0,0.0,-1.8,-2.55,Close entry(s) order TEST,TEST,1
1422,LONG,2014-03-28,68.7,1.0,2014-03-31,67.0,1.0,-1.7,0.0,0.0,-1.7,-2.47,Close entry(s) order TEST,TEST,1
1423,LONG,2014-04-01,69.0,1.0,2014-04-02,68.1,1.0,-0.9,0.0,0.0,-0.9,-1.3,Close entry(s) order TEST,TEST,1
1424,LONG,2014-04-03,73.0,1.0,2014-04-04,70.1,1.0,-2.9,0.0,0.0,-2.9,-3.97,Close entry(s) order TEST,TEST,1
1425,LONG,2014-04-07,72.8,1.0,2014-04-09,71.8,1.0,-1.0,0.0,0.0,-1.0,-1.37,Close entry(s) order TEST,TEST,1
1426,LONG,2014-04-10,80.9,1.0,2014-04-11,77.8,1.0,-3.1,0.0,0.0,-3.1,-3.83,Close entry(s) order TEST,TEST,1
1427,LONG,2014-04-15,76.7,1.0,2014-04-16,78.8,1.0,2.1,0.0,0.0,2.1,2.74,Close entry(s) order TEST,TEST,1
1428,LONG,2014-04-17,78.0,1.0,2014-04-21,79.5,1.0,1.5,0.0,0.0,1.5,1.92,Close entry(s) order TEST,TEST,1
1429,LONG,2014-04-22,80.1,1.0,2014-04-23,77.6,1.0,-2.5,0.0,0.0,-2.5,-3.12,Close entry(s) order TEST,TEST,1
1430,LONG,2014-04-25,80.1,1.0,2014-04-28,79.0,1.0,-1.1,0.0,0.0,-1.1,-1.37,Close entry(s) order TEST,TEST,1
1431,LONG,2014-04-29,78.3,1.0,2014-04-30,81.5,1.0,3.2,0.0,0.0,3.2,4.09,Close entry(s) order TEST,TEST,1
1432,LONG,2014-05-02,81.3,1.0,2014-05-05,78.0,1.0,-3.3,0.0,0.0,-3.3,-4.06,Close entry(s) order TEST,TEST,1
1433,LONG,2014-05-06,76.8,1.0,2014-05-07,75.6,1.0,-1.2,0.0,0.0,-1.2,-1.56,Close entry(s) order TEST,TEST,1
1434,LONG,2014-05-08,75.3,1.0,2014-05-09,79.0,1.0,3.7,0.0,0.0,3.7,4.91,Close entry(s) order TEST,TEST,1
1435,LONG,2014-05-12,78.4,1.0,2014-05-13,79.0,1.0,0.6,0.0,0.0,0.6,0.77,Close entry(s) order TEST,TEST,1
1436,LONG,2014-05-14,82.0,1.0,2014-05-15,81.0,1.0,-1.0,0.0,0.0,-1.0,-1.22,Close entry(s) order TEST,TEST,1
1437,LONG,2014-05-16,79.2,1.0,2014-05-19,78.2,1.0,-1.0,0.0,0.0,-1.0,-1.26,Close entry(s) order TEST,TEST,1
1438,LONG,2014-05-20,83.5,1.0,2014-05-21,88.0,1.0,4.5,0.0,0.0,4.5,5.39,Close entry(s) order TEST,TEST,1
1439,LONG,2014-05-22,87.1,1.0,2014-05-23,89.1,1.0,2.0,0.0,0.0,2.0,2.3,Close entry(s) order TEST,TEST,1
1440,LONG,2014-05-26,90.0,1.0,2014-05-27,82.5,1.0,-7.5,0.0,0.0,-7.5,-8.33,Close entry(s) order TEST,TEST,1
1441,LONG,2014-05-28,80.5,1.0,2014-05-29,78.3,1.0,-2.2,0.0,0.0,-2.2,-2.73,Close entry(s) order TEST,TEST,1
1442,LONG,2014-05-30,77.9,1.0,2014-06-02,80.9,1.0,3.0,0.0,0.0,3.0,3.85,Close entry(s) order TEST,TEST,1
1443,LONG,2014-06-03,81.5,1.0,2014-06-04,86.8,1.0,5.3,0.0,0.0,5.3,6.5,Close entry(s) order TEST,TEST,1
1444,LONG,2014-06-05,97.9,1.0,2014-06-06,97.4,1.0,-0.5,0.0,0.0,-0.5,-0.51,Close entry(s) order TEST,TEST,1
1445,LONG,2014-06-09,97.8,1.0,2014-06-10,103.5,1.0,5.7,0.0,0.0,5.7,5.83,Close entry(s) order TEST,TEST,1
1446,LONG,2014-06-11,103.8,1.0,2014-06-12,97.8,1.0,-6.0,0.0,0.0,-6.0,-5.78,Close entry(s) order TEST,TEST,1
1447,LONG,2014-06-13,97.4,1.0,2014-06-16,89.0,1.0,-8.4,0.0,0.0,-8.4,-8.62,Close entry(s) order TEST,TEST,1
1448,LONG,2014-06-17,91.4,1.0,2014-06-18,95.2,1.0,3.8,0.0,0.0,3.8,4.16,Close entry(s) order TEST,TEST,1
1449,LONG,2014-06-19,93.0,1.0,2014-06-20,90.0,1.0,-3.0,0.0,0.0,-3.0,-3.23,Close entry(s) order TEST,TEST,1
1450,LONG,2014-06-23,84.3,1.0,2014-06-24,85.1,1.0,0.8,0.0,0.0,0.8,0.95,Close entry(s) order TEST,TEST,1
1451,LONG,2014-06-25,87.3,1.0,2014-06-26,85.8,1.0,-1.5,0.0,0.0,-1.5,-1.72,Close entry(s) order TEST,TEST,1
1452,LONG,2014-06-27,85.1,1.0,2014-06-30,84.0,1.0,-1.1,0.0,0.0,-1.1,-1.29,Close entry(s) order TEST,TEST,1
1453,LONG,2014-07-01,88.0,1.0,2014-07-02,92.5,1.0,4.5,0.0,0.0,4.5,5.11,Close entry(s) order TEST,TEST,1
1454,LONG,2014-07-03,94.2,1.0,2014-07-04,91.8,1.0,-2.4,0.0,0.0,-2.4,-2.55,Close entry(s) order TEST,TEST,1
1455,LONG,2014-07-07,92.0,1.0,2014-07-08,91.0,1.0,-1.0,0.0,0.0,-1.0,-1.09,Close entry(s) order TEST,TEST,1
1456,LONG,2014-07-09,85.0,1.0,2014-07-10,85.1,1.0,0.1,0.0,0.0,0.1,0.12,Close entry(s) order TEST,TEST,1
1457,LONG,2014-07-11,88.2,1.0,2014-07-14,86.8,1.0,-1.4,0.0,0.0,-1.4,-1.59,Close entry(s) order TEST,TEST,1
1458,LONG,2014-07-15,81.7,1.0,2014-07-16,85.6,1.0,3.9,0.0,0.0,3.9,4.77,Close entry(s) order TEST,TEST,1
1459,LONG,2014-07-17,87.4,1.0,2014-07-18,87.0,1.0,-0.4,0.0,0.0,-0.4,-0.46,Close entry(s) order TEST,TEST,1
1460,LONG,2014-07-21,87.5,1.0,2014-07-22,91.5,1.0,4.0,0.0,0.0,4.0,4.57,Close entry(s) order TEST,TEST,1
1461,LONG,2014-07-23,88.1,1.0,2014-07-24,89.1,1.0,1.0,0.0,0.0,1.0,1.14,Close entry(s) order TEST,TEST,1
1462,LONG,2014-07-25,88.1,1.0,2014-07-28,82.7,1.0,-5.4,0.0,0.0,-5.4,-6.13,Close entry(s) order TEST,TEST,1
1463,LONG,2014-07-30,84.1,1.0,2014-07-31,82.0,1.0,-2.1,0.0,0.0,-2.1,-2.5,Close entry(s) order TEST,TEST,1
1464,LONG,2014-08-01,81.3,1.0,2014-08-04,86.7,1.0,5.4,0.0,0.0,5.4,6.64,Close entry(s) order TEST,TEST,1
1465,LONG,2014-08-05,82.6,1.0,2014-08-06,86.8,1.0,4.2,0.0,0.0,4.2,5.08,Close entry(s) order TEST,TEST,1
1466,LONG,2014-08-07,83.8,1.0,2014-08-08,77.6,1.0,-6.2,0.0,0.0,-6.2,-7.4,Close entry(s) order TEST,TEST,1
1467,LONG,2014-08-11,79.9,1.0,2014-08-12,79.2,1.0,-0.7,0.0,0.0,-0.7,-0.88,Close entry(s) order TEST,TEST,1
1468,LONG,2014-08-13,77.5,1.0,2014-08-14,72.0,1.0,-5.5,0.0,0.0,-5.5,-7.1,Close entry(s) order TEST,TEST,1
1469,LONG,2014-08-18,70.9,1.0,2014-08-19,75.1,1.0,4.2,0.0,0.0,4.2,5.92,Close entry(s) order TEST,TEST,1
1470,LONG,2014-08-20,75.0,1.0,2014-08-21,76.2,1.0,1.2,0.0,0.0,1.2,1.6,Close entry(s) order TEST,TEST,1
1471,LONG,2014-08-22,76.3,1.0,2014-08-25,73.7,1.0,-2.6,0.0,0.0,-2.6,-3.41,Close entry(s) order TEST,TEST,1
1472,LONG,2014-08-26,70.2,1.0,2014-08-27,70.9,1.0,0.7,0.0,0.0,0.7,1.0,Close entry(s) order TEST,TEST,1
1473,LONG,2014-08-28,69.2,1.0,2014-09-01,67.1,1.0,-2.1,0.0,0.0,-2.1,-3.03,Close entry(s) order TEST,TEST,1
1474,LONG,2014-09-02,68.0,1.0,2014-09-03,71.2,1.0,3.2,0.0,0.0,3.2,4.71,Close entry(s) order TEST,TEST,1
1475,LONG,2014-09-04,75.0,1.0,2014-09-05,77.3,1.0,2.3,0.0,0.0,2.3,3.07,Close entry(s) order TEST,TEST,1
1476,LONG,2014-09-08,77.8,1.0,2014-09-09,74.5,1.0,-3.3,0.0,0.0,-3.3,-4.24,Close entry(s) order TEST,TEST,1
1477,LONG,2014-09-10,74.9,1.0,2014-09-11,77.6,1.0,2.7,0.0,0.0,2.7,3.6,Close entry(s) order TEST,TEST,1
1478,LONG,2014-09-12,79.4,1.0,2014-09-15,80.1,1.0,0.7,0.0,0.0,0.7,0.88,Close entry(s) order TEST,TEST,1
1479,LONG,2014-09-16,79.6,1.0,2014-09-17,77.9,1.0,-1.7,0.0,0.0,-1.7,-2.14,Close entry(s) order TEST,TEST,1
1480,LONG,2014-09-18,73.9,1.0,2014-09-19,76.0,1.0,2.1,0.0,0.0,2.1,2.84,Close entry(s) order TEST,TEST,1
1481,LONG,2014-09-22,81.9,1.0,2014-09-23,83.7,1.0,1.8,0.0,0.0,1.8,2.2,Close entry(s) order TEST,TEST,1
1482,LONG,2014-09-24,76.3,1.0,2014-09-25,82.2,1.0,5.9,0.0,0.0,5.9,7.73,Close entry(s) order TEST,TEST,1
1483,LONG,2014-09-26,77.7,1.0,2014-09-29,75.1,1.0,-2.6,0.0,0.0,-2.6,-3.35,Close entry(s) order TEST,TEST,1
1484,LONG,2014-09-30,73.1,1.0,2014-10-01,76.1,1.0,3.0,0.0,0.0,3.0,4.1,Close entry(s) order TEST,TEST,1
1485,LONG,2014-10-07,77.1,1.0,2014-10-08,75.0,1.0,-2.1,0.0,0.0,-2.1,-2.72,Close entry(s) order TEST,TEST,1
1486,LONG,2014-10-09,78.2,1.0,2014-10-10,81.4,1.0,3.2,0.0,0.0,3.2,4.09,Close entry(s) order TEST,TEST,1
1487,LONG,2014-10-13,81.6,1.0,2014-10-14,83.9,1.0,2.3,0.0,0.0,2.3,2.82,Close entry(s) order TEST,TEST,1
1488,LONG,2014-10-16,80.7,1.0,2014-10-17,78.8,1.0,-1.9,0.0,0.0,-1.9,-2.35,Close entry(s) order TEST,TEST,1
1489,LONG,2014-10-20,82.0,1.0,2014-10-21,78.3,1.0,-3.7,0.0,0.0,-3.7,-4.51,Close entry(s) order TEST,TEST,1
1490,LONG,2014-10-22,78.1,1.0,2014-10-23,79.7,1.0,1.6,0.0,0.0,1.6,2.05,Close entry(s) order TEST,TEST,1
1491,LONG,2014-10-27,79.8,1.0,2014-10-28,78.3,1.0,-1.5,0.0,0.0,-1.5,-1.88,Close entry(s) order TEST,TEST,1
1492,LONG,2014-10-29,76.0,1.0,2014-10-30,76.5,1.0,0.5,0.0,0.0,0.5,0.66,Close entry(s) order TEST,TEST,1
1493,LONG,2014-10-31,75.5,1.0,2014-11-03,76.6,1.0,1.1,0.0,0.0,1.1,1.46,Close entry(s) order TEST,TEST,1
1494,LONG,2014-11-05,76.0,1.0,2014-11-07,75.6,1.0,-0.4,0.0,0.0,-0.4,-0.53,Close entry(s) order TEST,TEST,1
1495,LONG,2014-11-10,74.5,1.0,2014-11-11,74.0,1.0,-0.5,0.0,0.0,-0.5,-0.67,Close entry(s) order TEST,TEST,1
1496,LONG,2014-11-12,74.9,1.0,2014-11-13,73.0,1.0,-1.9,0.0,0.0,-1.9,-2.54,Close entry(s) order TEST,TEST,1
1497,LONG,2014-11-14,73.6,1.0,2014-11-17,74.1,1.0,0.5,0.0,0.0,0.5,0.68,Close entry(s) order TEST,TEST,1
1498,LONG,2014-11-18,74.0,1.0,2014-11-19,78.0,1.0,4.0,0.0,0.0,4.0,5.41,Close entry(s) order TEST,TEST,1
1499,LONG,2014-11-20,76.4,1.0,2014-11-21,77.2,1.0,0.8,0.0,0.0,0.8,1.05,Close entry(s) order TEST,TEST,1
1500,LONG,2014-11-24,75.8,1.0,2014-11-25,75.3,1.0,-0.5,0.0,0.0,-0.5,-0.66,Close entry(s) order TEST,TEST,1
1501,LONG,2014-11-26,73.2,1.0,2014-11-27,74.8,1.0,1.6,0.0,0.0,1.6,2.19,Close entry(s) order TEST,TEST,1
1502,LONG,2014-11-28,77.0,1.0,2014-12-01,74.0,1.0,-3.0,0.0,0.0,-3.0,-3.9,Close entry(s) order TEST,TEST,1
1503,LONG,2014-12-02,73.6,1.0,2014-12-03,74.4,1.0,0.8,0.0,0.0,0.8,1.09,Close entry(s) order TEST,TEST,1
1504,LONG,2014-12-04,77.2,1.0,2014-12-05,76.0,1.0,-1.2,0.0,0.0,-1.2,-1.55,Close entry(s) order TEST,TEST,1
1505,LONG,2014-12-08,78.2,1.0,2014-12-09,76.0,1.0,-2.2,0.0,0.0,-2.2,-2.81,Close entry(s) order TEST,TEST,1
1506,LONG,2014-12-10,76.6,1.0,2014-12-11,73.8,1.0,-2.8,0.0,0.0,-2.8,-3.66,Close entry(s) order TEST,TEST,1
1507,LONG,2014-12-12,74.7,1.0,2014-12-15,70.4,1.0,-4.3,0.0,0.0,-4.3,-5.76,Close entry(s) order TEST,TEST,1
1508,LONG,2014-12-16,68.0,1.0,2014-12-17,66.7,1.0,-1.3,0.0,0.0,-1.3,-1.91,Close entry(s) order TEST,TEST,1
1509,LONG,2014-12-18,66.4,1.0,2014-12-19,69.0,1.0,2.6,0.0,0.0,2.6,3.92,Close entry(s) order TEST,TEST,1
1510,LONG,2014-12-22,68.9,1.0,2014-12-23,69.1,1.0,0.2,0.0,0.0,0.2,0.29,Close entry(s) order TEST,TEST,1
1511,LONG,2014-12-24,66.7,1.0,2014-12-26,66.7,1.0,0.0,0.0,0.0,0.0,0.0,Close entry(s) order TEST,TEST,1
1512,LONG,2014-12-29,67.7,1.0,2014-12-30,67.7,1.0,0.0,0.0,0.0,0.0,0.0,Close entry(s) order TEST,TEST,1
1513,LONG,2014-12-31,69.4,1.0,2015-01-01,68.5,1.0,-0.9,0.0,0.0,-0.9,-1.3,Close entry(s) order TEST,TEST,1
1514,LONG,2015-01-02,68.7,1.0,2015-01-05,70.2,1.0,1.5,0.0,0.0,1.5,2.18,Close entry(s) order TEST,TEST,1
1515,LONG,2015-01-06,71.4,1.0,2015-01-07,67.5,1.0,-3.9,0.0,0.0,-3.9,-5.46,Close entry(s) order TEST,TEST,1
1516,LONG,2015-01-08,69.7,1.0,2015-01-09,69.4,1.0,-0.3,0.0,0.0,-0.3,-0.43,Close entry(s) order TEST,TEST,1
1517,LONG,2015-01-12,68.0,1.0,2015-01-13,68.9,1.0,0.9,0.0,0.0,0.9,1.32,Close entry(s) order TEST,TEST,1
1518,LONG,2015-01-14,67.2,1.0,2015-01-15,67.3,1.0,0.1,0.0,0.0,0.1,0.15,Close entry(s) order TEST,TEST,1
1519,LONG,2015-01-16,68.8,1.0,2015-01-19,67.0,1.0,-1.8,0.0,0.0,-1.8,-2.62,Close entry(s) order TEST,TEST,1
1520,LONG,2015-01-20,67.6,1.0,2015-01-21,68.8,1.0,1.2,0.0,0.0,1.2,1.78,Close entry(s) order TEST,TEST,1
1521,LONG,2015-01-22,67.5,1.0,2015-01-23,66.8,1.0,-0.7,0.0,0.0,-0.7,-1.04,Close entry(s) order TEST,TEST,1
1522,LONG,2015-01-27,66.4,1.0,2015-01-28,66.6,1.0,0.2,0.0,0.0,0.2,0.3,Close entry(s) order TEST,TEST,1
1523,LONG,2015-01-29,72.0,1.0,2015-01-30,70.6,1.0,-1.4,0.0,0.0,-1.4,-1.94,Close entry(s) order TEST,TEST,1
1524,LONG,2015-02-02,68.0,1.0,2015-02-03,68.3,1.0,0.3,0.0,0.0,0.3,0.44,Close entry(s) order TEST,TEST,1
1525,LONG,2015-02-04,68.1,1.0,2015-02-05,66.4,1.0,-1.7,0.0,0.0,-1.7,-2.5,Close entry(s) order TEST,TEST,1
1526,LONG,2015-02-06,65.4,1.0,2015-02-09,63.9,1.0,-1.5,0.0,0.0,-1.5,-2.29,Close entry(s) order TEST,TEST,1
1527,LONG,2015-02-10,61.8,1.0,2015-02-11,64.8,1.0,3.0,0.0,0.0,3.0,4.85,Close entry(s) order TEST,TEST,1
1528,LONG,2015-02-12,62.6,1.0,2015-02-13,65.8,1.0,3.2,0.0,0.0,3.2,5.11,Close entry(s) order TEST,TEST,1
1529,LONG,2015-02-16,63.9,1.0,2015-02-18,66.3,1.0,2.4,0.0,0.0,2.4,3.76,Close entry(s) order TEST,TEST,1
1530,LONG,2015-02-19,64.0,1.0,2015-02-20,61.5,1.0,-2.5,0.0,0.0,-2.5,-3.91,Close entry(s) order TEST,TEST,1
1531,LONG,2015-02-23,65.9,1.0,2015-02-24,64.7,1.0,-1.2,0.0,0.0,-1.2,-1.82,Close entry(s) order TEST,TEST,1
1532,LONG,2015-02-25,66.5,1.0,2015-02-26,66.5,1.0,0.0,0.0,0.0,0.0,0.0,Close entry(s) order TEST,TEST,1
1533,LONG,2015-02-27,65.7,1.0,2015-02-28,69.7,1.0,4.0,0.0,0.0,4.0,6.09,Close entry(s) order TEST,TEST,1
1534,LONG,2015-03-02,68.3,1.0,2015-03-03,66.8,1.0,-1.5,0.0,0.0,-1.5,-2.2,Close entry(s) order TEST,TEST,1
1535,LONG,2015-03-04,69.0,1.0,2015-03-05,66.3,1.0,-2.7,0.0,0.0,-2.7,-3.91,Close entry(s) order TEST,TEST,1
1536,LONG,2015-03-09,65.1,1.0,2015-03-10,64.0,1.0,-1.1,0.0,0.0,-1.1,-1.69,Close entry(s) order TEST,TEST,1
1537,LONG,2015-03-11,63.0,1.0,2015-03-12,63.8,1.0,0.8,0.0,0.0,0.8,1.27,Close entry(s) order TEST,TEST,1
1538,LONG,2015-03-13,64.6,1.0,2015-03-16,64.9,1.0,0.3,0.0,0.0,0.3,0.46,Close entry(s) order TEST,TEST,1
1539,LONG,2015-03-17,64.1,1.0,2015-03-18,62.4,1.0,-1.7,0.0,0.0,-1.7,-2.65,Close entry(s) order TEST,TEST,1
1540,LONG,2015-03-19,62.8,1.0,2015-03-20,60.2,1.0,-2.6,0.0,0.0,-2.6,-4.14,Close entry(s) order TEST,TEST,1
1541,LONG,2015-03-23,60.4,1.0,2015-03-24,57.5,1.0,-2.9,0.0,0.0,-2.9,-4.8,Close entry(s) order TEST,TEST,1
1542,LONG,2015-03-25,54.3,1.0,2015-03-26,54.8,1.0,0.5,0.0,0.0,0.5,0.92,Close entry(s) order TEST,TEST,1
1543,LONG,2015-03-27,53.0,1.0,2015-03-30,53.0,1.0,0.0,0.0,0.0,0.0,0.0,Close entry(s) order TEST,TEST,1
1544,LONG,2015-03-31,53.7,1.0,2015-04-01,53.2,1.0,-0.5,0.0,0.0,-0.5,-0.93,Close entry(s) order TEST,TEST,1
1545,LONG,2015-04-06,56.9,1.0,2015-04-07,55.8,1.0,-1.1,0.0,0.0,-1.1,-1.93,Close entry(s) order TEST,TEST,1
1546,LONG,2015-04-08,56.7,1.0,2015-04-09,57.6,1.0,0.9,0.0,0.0,0.9,1.59,Close entry(s) order TEST,TEST,1
1547,LONG,2015-04-10,57.5,1.0,2015-04-13,59.8,1.0,2.3,0.0,0.0,2.3,4.0,Close entry(s) order TEST,TEST,1
1548,LONG,2015-04-15,60.2,1.0,2015-04-16,57.6,1.0,-2.6,0.0,0.0,-2.6,-4.32,Close entry(s) order TEST,TEST,1
1549,LONG,2015-04-17,58.4,1.0,2015-04-20,58.5,1.0,0.1,0.0,0.0,0.1,0.17,Close entry(s) order TEST,TEST,1
1550,LONG,2015-04-21,58.3,1.0,2015-04-22,58.3,1.0,0.0,0.0,0.0,0.0,0.0,Close entry(s) order TEST,TEST,1
1551,LONG,2015-04-23,57.2,1.0,2015-04-24,59.0,1.0,1.8,0.0,0.0,1.8,3.15,Close entry(s) order TEST,TEST,1
1552,LONG,2015-04-27,57.1,1.0,2015-04-28,54.2,1.0,-2.9,0.0,0.0,-2.9,-5.08,Close entry(s) order TEST,TEST,1
1553,LONG,2015-04-29,70.7,1.0,2015-04-30,83.9,1.0,13.2,0.0,0.0,13.2,18.67,Close entry(s) order TEST,TEST,1
1554,LONG,2015-05-04,84.8,1.0,2015-05-05,84.4,1.0,-0.4,0.0,0.0,-0.4,-0.47,Close entry(s) order TEST,TEST,1
1555,LONG,2015-05-06,84.8,1.0,2015-05-07,83.8,1.0,-1.0,0.0,0.0,-1.0,-1.18,Close entry(s) order TEST,TEST,1
1556,LONG,2015-05-08,84.7,1.0,2015-05-11,81.3,1.0,-3.4,0.0,0.0,-3.4,-4.01,Close entry(s) order TEST,TEST,1
1557,LONG,2015-05-12,83.0,1.0,2015-05-13,83.2,1.0,0.2,0.0,0.0,0.2,0.24,Close entry(s) order TEST,TEST,1
1558,LONG,2015-05-14,83.5,1.0,2015-05-15,91.0,1.0,7.5,0.0,0.0,7.5,8.98,Close entry(s) order TEST,TEST,1
1559,LONG,2015-05-18,90.5,1.0,2015-05-19,91.7,1.0,1.2,0.0,0.0,1.2,1.33,Close entry(s) order TEST,TEST,1
1560,LONG,2015-05-20,93.0,1.0,2015-05-21,90.2,1.0,-2.8,0.0,0.0,-2.8,-3.01,Close entry(s) order TEST,TEST,1
1561,LONG,2015-05-22,88.2,1.0,2015-05-25,85.0,1.0,-3.2,0.0,0.0,-3.2,-3.63,Close entry(s) order TEST,TEST,1
1562,LONG,2015-05-26,83.8,1.0,2015-05-27,84.3,1.0,0.5,0.0,0.0,0.5,0.6,Close entry(s) order TEST,TEST,1
1563,LONG,2015-05-28,83.4,1.0,2015-05-29,82.6,1.0,-0.8,0.0,0.0,-0.8,-0.96,Close entry(s) order TEST,TEST,1
1564,LONG,2015-06-01,83.5,1.0,2015-06-02,81.6,1.0,-1.9,0.0,0.0,-1.9,-2.28,Close entry(s) order TEST,TEST,1
1565,LONG,2015-06-03,80.2,1.0,2015-06-04,77.5,1.0,-2.7,0.0,0.0,-2.7,-3.37,Close entry(s) order TEST,TEST,1
1566,LONG,2015-06-05,77.8,1.0,2015-06-08,76.6,1.0,-1.2,0.0,0.0,-1.2,-1.54,Close entry(s) order TEST,TEST,1
1567,LONG,2015-06-09,78.8,1.0,2015-06-10,77.5,1.0,-1.3,0.0,0.0,-1.3,-1.65,Close entry(s) order TEST,TEST,1
1568,LONG,2015-06-11,76.8,1.0,2015-06-12,74.0,1.0,-2.8,0.0,0.0,-2.8,-3.65,Close entry(s) order TEST,TEST,1
1569,LONG,2015-06-15,74.0,1.0,2015-06-16,77.7,1.0,3.7,0.0,0.0,3.7,5.0,Close entry(s) order TEST,TEST,1
1570,LONG,2015-06-17,76.4,1.0,2015-06-18,76.8,1.0,0.4,0.0,0.0,0.4,0.52,Close entry(s) order TEST,TEST,1
1571,LONG,2015-06-19,76.9,1.0,2015-06-22,78.7,1.0,1.8,0.0,0.0,1.8,2.34,Close entry(s) order TEST,TEST,1
1572,LONG,2015-06-23,79.1,1.0,2015-06-24,83.0,1.0,3.9,0.0,0.0,3.9,4.93,Close entry(s) order TEST,TEST,1
1573,LONG,2015-06-25,85.4,1.0,2015-06-26,95.3,1.0,9.9,0.0,0.0,9.9,11.59,Close entry(s) order TEST,TEST,1
1574,LONG,2015-06-29,101.0,1.0,2015-06-30,103.0,1.0,2.0,0.0,0.0,2.0,1.98,Close entry(s) order TEST,TEST,1
1575,LONG,2015-07-01,114.4,1.0,2015-07-02,111.7,1.0,-2.7,0.0,0.0,-2.7,-2.36,Close entry(s) order TEST,TEST,1
1576,LONG,2015-07-03,113.8,1.0,2015-07-06,111.0,1.0,-2.8,0.0,0.0,-2.8,-2.46,Close entry(s) order TEST,TEST,1
1577,LONG,2015-07-07,125.7,1.0,2015-07-08,134.0,1.0,8.3,0.0,0.0,8.3,6.6,Close entry(s) order TEST,TEST,1
1578,LONG,2015-07-09,132.9,1.0,2015-07-10,125.4,1.0,-7.5,0.0,0.0,-7.5,-5.64,Close entry(s) order TEST,TEST,1
1579,LONG,2015-07-13,125.2,1.0,2015-07-14,130.2,1.0,5.0,0.0,0.0,5.0,3.99,Close entry(s) order TEST,TEST,1
1580,LONG,2015-07-15,128.4,1.0,2015-07-16,130.1,1.0,1.7,0.0,0.0,1.7,1.32,Close entry(s) order TEST,TEST,1
1581,LONG,2015-07-17,134.6,1.0,2015-07-20,130.6,1.0,-4.0,0.0,0.0,-4.0,-2.97,Close entry(s) order TEST,TEST,1
1582,LONG,2015-07-21,145.6,1.0,2015-07-22,131.1,1.0,-14.5,0.0,0.0,-14.5,-9.96,Close entry(s) order TEST,TEST,1
1583,LONG,2015-07-23,136.0,1.0,2015-07-24,138.5,1.0,2.5,0.0,0.0,2.5,1.84,Close entry(s) order TEST,TEST,1
1584,LONG,2015-07-27,133.0,1.0,2015-07-28,130.1,1.0,-2.9,0.0,0.0,-2.9,-2.18,Close entry(s) order TEST,TEST,1
1585,LONG,2015-07-29,132.0,1.0,2015-07-30,137.8,1.0,5.8,0.0,0.0,5.8,4.39,Close entry(s) order TEST,TEST,1
1586,LONG,2015-07-31,137.9,1.0,2015-08-03,146.3,1.0,8.4,0.0,0.0,8.4,6.09,Close entry(s) order TEST,TEST,1
1587,LONG,2015-08-04,148.4,1.0,2015-08-05,146.0,1.0,-2.4,0.0,0.0,-2.4,-1.62,Close entry(s) order TEST,TEST,1
1588,LONG,2015-08-06,151.3,1.0,2015-08-07,145.6,1.0,-5.7,0.0,0.0,-5.7,-3.77,Close entry(s) order TEST,TEST,1
1589,LONG,2015-08-10,144.8,1.0,2015-08-11,137.5,1.0,-7.3,0.0,0.0,-7.3,-5.04,Close entry(s) order TEST,TEST,1
1590,LONG,2015-08-12,135.0,1.0,2015-08-13,131.9,1.0,-3.1,0.0,0.0,-3.1,-2.3,Close entry(s) order TEST,TEST,1
1591,LONG,2015-08-14,121.1,1.0,2015-08-17,128.9,1.0,7.8,0.0,0.0,7.8,6.44,Close entry(s) order TEST,TEST,1
1592,LONG,2015-08-18,132.3,1.0,2015-08-19,131.6,1.0,-0.7,0.0,0.0,-0.7,-0.53,Close entry(s) order TEST,TEST,1
1593,LONG,2015-08-20,130.0,1.0,2015-08-21,126.9,1.0,-3.1,0.0,0.0,-3.1,-2.38,Close entry(s) order TEST,TEST,1
1594,LONG,2015-08-24,118.9,1.0,2015-08-25,106.0,1.0,-12.9,0.0,0.0,-12.9,-10.85,Close entry(s) order TEST,TEST,1
1595,LONG,2015-08-26,108.0,1.0,2015-08-27,114.9,1.0,6.9,0.0,0.0,6.9,6.39,Close entry(s) order TEST,TEST,1
1596,LONG,2015-08-28,118.0,1.0,2015-08-31,112.1,1.0,-5.9,0.0,0.0,-5.9,-5.0,Close entry(s) order TEST,TEST,1
1597,LONG,2015-09-01,110.8,1.0,2015-09-02,106.3,1.0,-4.5,0.0,0.0,-4.5,-4.06,Close entry(s) order TEST,TEST,1
1598,LONG,2015-09-03,108.1,1.0,2015-09-04,109.7,1.0,1.6,0.0,0.0,1.6,1.48,Close entry(s) order TEST,TEST,1
1599,LONG,2015-09-07,102.0,1.0,2015-09-08,92.4,1.0,-9.6,0.0,0.0,-9.6,-9.41,Close entry(s) order TEST,TEST,1
1600,LONG,2015-09-09,94.0,1.0,2015-09-10,95.5,1.0,1.5,0.0,0.0,1.5,1.6,Close entry(s) order TEST,TEST,1
1601,LONG,2015-09-11,106.9,1.0,2015-09-14,108.7,1.0,1.8,0.0,0.0,1.8,1.68,Close entry(s) order TEST,TEST,1
1602,LONG,2015-09-15,116.3,1.0,2015-09-16,116.8,1.0,0.5,0.0,0.0,0.5,0.43,Close entry(s) order TEST,TEST,1
1603,LONG,2015-09-18,114.4,1.0,2015-09-21,107.5,1.0,-6.9,0.0,0.0,-6.9,-6.03,Close entry(s) order TEST,TEST,1
1604,LONG,2015-09-22,113.5,1.0,2015-09-23,108.3,1.0,-5.2,0.0,0.0,-5.2,-4.58,Close entry(s) order TEST,TEST,1
1605,LONG,2015-09-24,117.5,1.0,2015-09-28,116.0,1.0,-1.5,0.0,0.0,-1.5,-1.28,Close entry(s) order TEST,TEST,1
1606,LONG,2015-09-29,109.9,1.0,2015-09-30,109.5,1.0,-0.4,0.0,0.0,-0.4,-0.36,Close entry(s) order TEST,TEST,1
1607,LONG,2015-10-01,116.0,1.0,2015-10-05,112.5,1.0,-3.5,0.0,0.0,-3.5,-3.02,Close entry(s) order TEST,TEST,1
1608,LONG,2015-10-06,119.3,1.0,2015-10-07,117.0,1.0,-2.3,0.0,0.0,-2.3,-1.93,Close entry(s) order TEST,TEST,1
1609,LONG,2015-10-08,122.0,1.0,2015-10-09,119.9,1.0,-2.1,0.0,0.0,-2.1,-1.72,Close entry(s) order TEST,TEST,1
1610,LONG,2015-10-12,116.9,1.0,2015-10-13,115.9,1.0,-1.0,0.0,0.0,-1.0,-0.86,Close entry(s) order TEST,TEST,1
1611,LONG,2015-10-14,113.3,1.0,2015-10-15,112.7,1.0,-0.6,0.0,0.0,-0.6,-0.53,Close entry(s) order TEST,TEST,1
1612,LONG,2015-10-16,111.0,1.0,2015-10-19,108.8,1.0,-2.2,0.0,0.0,-2.2,-1.98,Close entry(s) order TEST,TEST,1
1613,LONG,2015-10-20,112.9,1.0,2015-10-21,115.3,1.0,2.4,0.0,0.0,2.4,2.13,Close entry(s) order TEST,TEST,1
1614,LONG,2015-10-23,114.0,1.0,2015-10-26,111.5,1.0,-2.5,0.0,0.0,-2.5,-2.19,Close entry(s) order TEST,TEST,1
1615,LONG,2015-10-27,108.8,1.0,2015-10-28,107.1,1.0,-1.7,0.0,0.0,-1.7,-1.56,Close entry(s) order TEST,TEST,1
1616,LONG,2015-10-29,107.4,1.0,2015-10-30,105.5,1.0,-1.9,0.0,0.0,-1.9,-1.77,Close entry(s) order TEST,TEST,1
1617,LONG,2015-11-02,101.9,1.0,2015-11-03,100.9,1.0,-1.0,0.0,0.0,-1.0,-0.98,Close entry(s) order TEST,TEST,1
1618,LONG,2015-11-04,102.3,1.0,2015-11-05,100.2,1.0,-2.1,0.0,0.0,-2.1,-2.05,Close entry(s) order TEST,TEST,1
1619,LONG,2015-11-06,96.9,1.0,2015-11-09,94.0,1.0,-2.9,0.0,0.0,-2.9,-2.99,Close entry(s) order TEST,TEST,1
1620,LONG,2015-11-10,99.3,1.0,2015-11-11,99.1,1.0,-0.2,0.0,0.0,-0.2,-0.2,Close entry(s) order TEST,TEST,1
1621,LONG,2015-11-13,99.8,1.0,2015-11-16,108.0,1.0,8.2,0.0,0.0,8.2,8.22,Close entry(s) order TEST,TEST,1
1622,LONG,2015-11-17,107.6,1.0,2015-11-18,104.1,1.0,-3.5,0.0,0.0,-3.5,-3.25,Close entry(s) order TEST,TEST,1
1623,LONG,2015-11-19,100.0,1.0,2015-11-20,97.0,1.0,-3.0,0.0,0.0,-3.0,-3.0,Close entry(s) order TEST,TEST,1
1624,LONG,2015-11-23,95.0,1.0,2015-11-24,96.0,1.0,1.0,0.0,0.0,1.0,1.05,Close entry(s) order TEST,TEST,1
1625,LONG,2015-11-26,100.5,1.0,2015-11-27,103.3,1.0,2.8,0.0,0.0,2.8,2.79,Close entry(s) order TEST,TEST,1
1626,LONG,2015-11-30,108.1,1.0,2015-12-01,118.3,1.0,10.2,0.0,0.0,10.2,9.44,Close entry(s) order TEST,TEST,1
1627,LONG,2015-12-02,115.8,1.0,2015-12-03,112.9,1.0,-2.9,0.0,0.0,-2.9,-2.5,Close entry(s) order TEST,TEST,1
1628,LONG,2015-12-04,111.0,1.0,2015-12-07,110.0,1.0,-1.0,0.0,0.0,-1.0,-0.9,Close entry(s) order TEST,TEST,1
1629,LONG,2015-12-08,110.1,1.0,2015-12-09,109.0,1.0,-1.1,0.0,0.0,-1.1,-1.0,Close entry(s) order TEST,TEST,1
1630,LONG,2015-12-10,103.0,1.0,2015-12-11,105.8,1.0,2.8,0.0,0.0,2.8,2.72,Close entry(s) order TEST,TEST,1
1631,LONG,2015-12-14,102.3,1.0,2015-12-15,105.0,1.0,2.7,0.0,0.0,2.7,2.64,Close entry(s) order TEST,TEST,1
1632,LONG,2015-12-16,105.0,1.0,2015-12-17,108.5,1.0,3.5,0.0,0.0,3.5,3.33,Close entry(s) order TEST,TEST,1
1633,LONG,2015-12-18,113.3,1.0,2015-12-21,110.5,1.0,-2.8,0.0,0.0,-2.8,-2.47,Close entry(s) order TEST,TEST,1
1634,LONG,2015-12-22,111.1,1.0,2015-12-23,112.2,1.0,1.1,0.0,0.0,1.1,0.99,Close entry(s) order TEST,TEST,1
1635,LONG,2015-12-24,110.9,1.0,2015-12-28,112.6,1.0,1.7,0.0,0.0,1.7,1.53,Close entry(s) order TEST,TEST,1
1636,LONG,2015-12-29,116.0,1.0,2015-12-30,115.1,1.0,-0.9,0.0,0.0,-0.9,-0.78,Close entry(s) order TEST,TEST,1
1637,LONG,2015-12-31,116.5,1.0,2016-01-01,116.0,1.0,-0.5,0.0,0.0,-0.5,-0.43,Close entry(s) order TEST,TEST,1
1638,LONG,2016-01-04,113.0,1.0,2016-01-05,108.1,1.0,-4.9,0.0,0.0,-4.9,-4.34,Close entry(s) order TEST,TEST,1
1639,LONG,2016-01-06,113.8,1.0,2016-01-07,110.7,1.0,-3.1,0.0,0.0,-3.1,-2.72,Close entry(s) order TEST,TEST,1
1640,LONG,2016-01-08,109.0,1.0,2016-01-11,108.9,1.0,-0.1,0.0,0.0,-0.1,-0.09,Close entry(s) order TEST,TEST,1
1641,LONG,2016-01-12,108.3,1.0,2016-01-13,107.2,1.0,-1.1,0.0,0.0,-1.1,-1.02,Close entry(s) order TEST,TEST,1
1642,LONG,2016-01-14,99.2,1.0,2016-01-15,99.3,1.0,0.1,0.0,0.0,0.1,0.1,Close entry(s) order TEST,TEST,1
1643,LONG,2016-01-18,90.1,1.0,2016-01-19,83.3,1.0,-6.8,0.0,0.0,-6.8,-7.55,Close entry(s) order TEST,TEST,1
1644,LONG,2016-01-20,87.0,1.0,2016-01-21,86.1,1.0,-0.9,0.0,0.0,-0.9,-1.03,Close entry(s) order TEST,TEST,1
1645,LONG,2016-01-22,86.8,1.0,2016-01-25,88.9,1.0,2.1,0.0,0.0,2.1,2.42,Close entry(s) order TEST,TEST,1
1646,LONG,2016-01-27,93.0,1.0,2016-01-28,95.3,1.0,2.3,0.0,0.0,2.3,2.47,Close entry(s) order TEST,TEST,1
1647,LONG,2016-01-29,96.8,1.0,2016-02-01,101.4,1.0,4.6,0.0,0.0,4.6,4.75,Close entry(s) order TEST,TEST,1
1648,LONG,2016-02-02,102.6,1.0,2016-02-03,97.3,1.0,-5.3,0.0,0.0,-5.3,-5.17,Close entry(s) order TEST,TEST,1
1649,LONG,2016-02-04,95.5,1.0,2016-02-05,91.8,1.0,-3.7,0.0,0.0,-3.7,-3.87,Close entry(s) order TEST,TEST,1
1650,LONG,2016-02-08,94.7,1.0,2016-02-09,90.6,1.0,-4.1,0.0,0.0,-4.1,-4.33,Close entry(s) order TEST,TEST,1
1651,LONG,2016-02-10,90.4,1.0,2016-02-11,94.4,1.0,4.0,0.0,0.0,4.0,4.42,Close entry(s) order TEST,TEST,1
1652,LONG,2016-02-12,89.0,1.0,2016-02-15,85.2,1.0,-3.8,0.0,0.0,-3.8,-4.27,Close entry(s) order TEST,TEST,1
1653,LONG,2016-02-16,91.2,1.0,2016-02-17,89.4,1.0,-1.8,0.0,0.0,-1.8,-1.97,Close entry(s) order TEST,TEST,1
1654,LONG,2016-02-18,86.5,1.0,2016-02-19,83.7,1.0,-2.8,0.0,0.0,-2.8,-3.24,Close entry(s) order TEST,TEST,1
1655,LONG,2016-02-22,84.0,1.0,2016-02-23,86.3,1.0,2.3,0.0,0.0,2.3,2.74,Close entry(s) order TEST,TEST,1
1656,LONG,2016-02-24,83.2,1.0,2016-02-25,79.4,1.0,-3.8,0.0,0.0,-3.8,-4.57,Close entry(s) order TEST,TEST,1
1657,LONG,2016-02-26,81.5,1.0,2016-02-29,79.4,1.0,-2.1,0.0,0.0,-2.1,-2.58,Close entry(s) order TEST,TEST,1
1658,LONG,2016-03-01,79.7,1.0,2016-03-02,84.4,1.0,4.7,0.0,0.0,4.7,5.9,Close entry(s) order TEST,TEST,1
1659,LONG,2016-03-03,87.7,1.0,2016-03-04,88.7,1.0,1.0,0.0,0.0,1.0,1.14,Close entry(s) order TEST,TEST,1
1660,LONG,2016-03-08,88.8,1.0,2016-03-09,91.0,1.0,2.2,0.0,0.0,2.2,2.48,Close entry(s) order TEST,TEST,1
1661,LONG,2016-03-10,88.7,1.0,2016-03-11,94.7,1.0,6.0,0.0,0.0,6.0,6.76,Close entry(s) order TEST,TEST,1
1662,LONG,2016-03-14,98.3,1.0,2016-03-15,97.6,1.0,-0.7,0.0,0.0,-0.7,-0.71,Close entry(s) order TEST,TEST,1
1663,LONG,2016-03-16,96.1,1.0,2016-03-17,98.5,1.0,2.4,0.0,0.0,2.4,2.5,Close entry(s) order TEST,TEST,1
1664,LONG,2016-03-18,99.0,1.0,2016-03-21,99.5,1.0,0.5,0.0,0.0,0.5,0.51,Close entry(s) order TEST,TEST,1
1665,LONG,2016-03-22,98.0,1.0,2016-03-23,97.4,1.0,-0.6,0.0,0.0,-0.6,-0.61,Close entry(s) order TEST,TEST,1
1666,LONG,2016-03-28,103.2,1.0,2016-03-29,97.6,1.0,-5.6,0.0,0.0,-5.6,-5.43,Close entry(s) order TEST,TEST,1
1667,LONG,2016-03-30,95.1,1.0,2016-03-31,98.0,1.0,2.9,0.0,0.0,2.9,3.05,Close entry(s) order TEST,TEST,1
1668,LONG,2016-04-01,98.4,1.0,2016-04-04,97.5,1.0,-0.9,0.0,0.0,-0.9,-0.91,Close entry(s) order TEST,TEST,1
1669,LONG,2016-04-05,97.5,1.0,2016-04-06,97.6,1.0,0.1,0.0,0.0,0.1,0.1,Close entry(s) order TEST,TEST,1
1670,LONG,2016-04-07,100.5,1.0,2016-04-08,99.0,1.0,-1.5,0.0,0.0,-1.5,-1.49,Close entry(s) order TEST,TEST,1
1671,LONG,2016-04-11,104.3,1.0,2016-04-12,103.2,1.0,-1.1,0.0,0.0,-1.1,-1.05,Close entry(s) order TEST,TEST,1
1672,LONG,2016-04-13,103.5,1.0,2016-04-18,103.0,1.0,-0.5,0.0,0.0,-0.5,-0.48,Close entry(s) order TEST,TEST,1
1673,LONG,2016-04-20,106.3,1.0,2016-04-21,104.5,1.0,-1.8,0.0,0.0,-1.8,-1.69,Close entry(s) order TEST,TEST,1
1674,LONG,2016-04-22,110.0,1.0,2016-04-25,107.1,1.0,-2.9,0.0,0.0,-2.9,-2.64,Close entry(s) order TEST,TEST,1
1675,LONG,2016-04-26,108.3,1.0,2016-04-27,110.3,1.0,2.0,0.0,0.0,2.0,1.85,Close entry(s) order TEST,TEST,1
1676,LONG,2016-04-28,112.5,1.0,2016-04-29,107.1,1.0,-5.4,0.0,0.0,-5.4,-4.8,Close entry(s) order TEST,TEST,1
1677,LONG,2016-05-02,110.7,1.0,2016-05-03,110.2,1.0,-0.5,0.0,0.0,-0.5,-0.45,Close entry(s) order TEST,TEST,1
1678,LONG,2016-05-04,105.8,1.0,2016-05-05,106.5,1.0,0.7,0.0,0.0,0.7,0.66,Close entry(s) order TEST,TEST,1
1679,LONG,2016-05-06,102.0,1.0,2016-05-09,102.0,1.0,0.0,0.0,0.0,0.0,0.0,Close entry(s) order TEST,TEST,1
1680,LONG,2016-05-10,103.0,1.0,2016-05-11,104.0,1.0,1.0,0.0,0.0,1.0,0.97,Close entry(s) order TEST,TEST,1
1681,LONG,2016-05-12,106.0,1.0,2016-05-13,104.9,1.0,-1.1,0.0,0.0,-1.1,-1.04,Close entry(s) order TEST,TEST,1
1682,LONG,2016-05-16,104.5,1.0,2016-05-17,104.8,1.0,0.3,0.0,0.0,0.3,0.29,Close entry(s) order TEST,TEST,1
1683,LONG,2016-05-18,102.0,1.0,2016-05-19,103.3,1.0,1.3,0.0,0.0,1.3,1.27,Close entry(s) order TEST,TEST,1
1684,LONG,2016-05-20,100.2,1.0,2016-05-23,100.6,1.0,0.4,0.0,0.0,0.4,0.4,Close entry(s) order TEST,TEST,1
1685,LONG,2016-05-24,87.8,1.0,2016-05-25,82.5,1.0,-5.3,0.0,0.0,-5.3,-6.04,Close entry(s) order TEST,TEST,1
1686,LONG,2016-05-26,82.2,1.0,2016-05-27,79.8,1.0,-2.4,0.0,0.0,-2.4,-2.92,Close entry(s) order TEST,TEST,1
1687,LONG,2016-05-30,81.0,1.0,2016-05-31,80.0,1.0,-1.0,0.0,0.0,-1.0,-1.23,Close entry(s) order TEST,TEST,1
1688,LONG,2016-06-01,78.2,1.0,2016-06-02,75.9,1.0,-2.3,0.0,0.0,-2.3,-2.94,Close entry(s) order TEST,TEST,1
1689,LONG,2016-06-03,75.8,1.0,2016-06-06,71.0,1.0,-4.8,0.0,0.0,-4.8,-6.33,Close entry(s) order TEST,TEST,1
1690,LONG,2016-06-07,71.9,1.0,2016-06-08,70.4,1.0,-1.5,0.0,0.0,-1.5,-2.09,Close entry(s) order TEST,TEST,1
1691,LONG,2016-06-09,70.1,1.0,2016-06-10,72.5,1.0,2.4,0.0,0.0,2.4,3.42,Close entry(s) order TEST,TEST,1
1692,LONG,2016-06-13,74.8,1.0,2016-06-14,73.7,1.0,-1.1,0.0,0.0,-1.1,-1.47,Close entry(s) order TEST,TEST,1
1693,LONG,2016-06-15,75.6,1.0,2016-06-16,75.8,1.0,0.2,0.0,0.0,0.2,0.26,Close entry(s) order TEST,TEST,1
1694,LONG,2016-06-17,75.2,1.0,2016-06-20,76.6,1.0,1.4,0.0,0.0,1.4,1.86,Close entry(s) order TEST,TEST,1
1695,LONG,2016-06-21,77.6,1.0,2016-06-22,83.3,1.0,5.7,0.0,0.0,5.7,7.35,Close entry(s) order TEST,TEST,1
1696,LONG,2016-06-23,84.0,1.0,2016-06-24,81.1,1.0,-2.9,0.0,0.0,-2.9,-3.45,Close entry(s) order TEST,TEST,1
1697,LONG,2016-06-27,81.1,1.0,2016-06-28,83.0,1.0,1.9,0.0,0.0,1.9,2.34,Close entry(s) order TEST,TEST,1
1698,LONG,2016-06-29,81.8,1.0,2016-06-30,80.7,1.0,-1.1,0.0,0.0,-1.1,-1.34,Close entry(s) order TEST,TEST,1
1699,LONG,2016-07-01,79.9,1.0,2016-07-04,80.8,1.0,0.9,0.0,0.0,0.9,1.13,Close entry(s) order TEST,TEST,1
1700,LONG,2016-07-05,81.0,1.0,2016-07-07,82.3,1.0,1.3,0.0,0.0,1.3,1.6,Close entry(s) order TEST,TEST,1
1701,LONG,2016-07-08,81.3,1.0,2016-07-11,83.0,1.0,1.7,0.0,0.0,1.7,2.09,Close entry(s) order TEST,TEST,1
1702,LONG,2016-07-12,84.0,1.0,2016-07-13,83.5,1.0,-0.5,0.0,0.0,-0.5,-0.6,Close entry(s) order TEST,TEST,1
1703,LONG,2016-07-14,84.1,1.0,2016-07-15,89.9,1.0,5.8,0.0,0.0,5.8,6.9,Close entry(s) order TEST,TEST,1
1704,LONG,2016-07-18,87.0,1.0,2016-07-19,85.0,1.0,-2.0,0.0,0.0,-2.0,-2.3,Close entry(s) order TEST,TEST,1
1705,LONG,2016-07-20,84.7,1.0,2016-07-21,83.8,1.0,-0.9,0.0,0.0,-0.9,-1.06,Close entry(s) order TEST,TEST,1
1706,LONG,2016-07-22,88.3,1.0,2016-07-25,87.0,1.0,-1.3,0.0,0.0,-1.3,-1.47,Close entry(s) order TEST,TEST,1
1707,LONG,2016-07-26,89.3,1.0,2016-07-27,89.9,1.0,0.6,0.0,0.0,0.6,0.67,Close entry(s) order TEST,TEST,1
1708,LONG,2016-07-28,89.0,1.0,2016-07-29,88.3,1.0,-0.7,0.0,0.0,-0.7,-0.79,Close entry(s) order TEST,TEST,1
1709,LONG,2016-08-01,87.0,1.0,2016-08-02,88.8,1.0,1.8,0.0,0.0,1.8,2.07,Close entry(s) order TEST,TEST,1
1710,LONG,2016-08-03,85.7,1.0,2016-08-04,84.8,1.0,-0.9,0.0,0.0,-0.9,-1.05,Close entry(s) order TEST,TEST,1
1711,LONG,2016-08-05,82.1,1.0,2016-08-08,83.8,1.0,1.7,0.0,0.0,1.7,2.07,Close entry(s) order TEST,TEST,1
1712,LONG,2016-08-09,84.0,1.0,2016-08-10,83.6,1.0,-0.4,0.0,0.0,-0.4,-0.48,Close entry(s) order TEST,TEST,1
1713,LONG,2016-08-11,82.3,1.0,2016-08-12,81.4,1.0,-0.9,0.0,0.0,-0.9,-1.09,Close entry(s) order TEST,TEST,1
1714,LONG,2016-08-16,81.4,1.0,2016-08-17,81.8,1.0,0.4,0.0,0.0,0.4,0.49,Close entry(s) order TEST,TEST,1
1715,LONG,2016-08-18,84.0,1.0,2016-08-19,87.8,1.0,3.8,0.0,0.0,3.8,4.52,Close entry(s) order TEST,TEST,1
1716,LONG,2016-08-22,88.8,1.0,2016-08-23,82.6,1.0,-6.2,0.0,0.0,-6.2,-6.98,Close entry(s) order TEST,TEST,1
1717,LONG,2016-08-24,83.4,1.0,2016-08-25,83.4,1.0,0.0,0.0,0.0,0.0,0.0,Close entry(s) order TEST,TEST,1
1718,LONG,2016-08-26,83.6,1.0,2016-08-29,83.9,1.0,0.3,0.0,0.0,0.3,0.36,Close entry(s) order TEST,TEST,1
1719,LONG,2016-08-30,80.7,1.0,2016-08-31,81.9,1.0,1.2,0.0,0.0,1.2,1.49,Close entry(s) order TEST,TEST,1
1720,LONG,2016-09-01,82.4,1.0,2016-09-02,81.2,1.0,-1.2,0.0,0.0,-1.2,-1.46,Close entry(s) order TEST,TEST,1
1721,LONG,2016-09-06,82.8,1.0,2016-09-07,82.8,1.0,0.0,0.0,0.0,0.0,0.0,Close entry(s) order TEST,TEST,1
1722,LONG,2016-09-08,81.0,1.0,2016-09-09,80.0,1.0,-1.0,0.0,0.0,-1.0,-1.23,Close entry(s) order TEST,TEST,1
1723,LONG,2016-09-12,76.0,1.0,2016-09-14,76.1,1.0,0.1,0.0,0.0,0.1,0.13,Close entry(s) order TEST,TEST,1
1724,LONG,2016-09-15,78.7,1.0,2016-09-16,77.4,1.0,-1.3,0.0,0.0,-1.3,-1.65,Close entry(s) order TEST,TEST,1
1725,LONG,2016-09-19,73.7,1.0,2016-09-20,75.0,1.0,1.3,0.0,0.0,1.3,1.76,Close entry(s) order TEST,TEST,1
1726,LONG,2016-09-21,75.8,1.0,2016-09-22,77.4,1.0,1.6,0.0,0.0,1.6,2.11,Close entry(s) order TEST,TEST,1
1727,LONG,2016-09-23,77.0,1.0,2016-09-26,74.1,1.0,-2.9,0.0,0.0,-2.9,-3.77,Close entry(s) order TEST,TEST,1
1728,LONG,2016-09-27,75.2,1.0,2016-09-28,73.2,1.0,-2.0,0.0,0.0,-2.0,-2.66,Close entry(s) order TEST,TEST,1
1729,LONG,2016-09-29,76.3,1.0,2016-09-30,70.5,1.0,-5.8,0.0,0.0,-5.8,-7.6,Close entry(s) order TEST,TEST,1
1730,LONG,2016-10-03,70.0,1.0,2016-10-04,71.8,1.0,1.8,0.0,0.0,1.8,2.57,Close entry(s) order TEST,TEST,1
1731,LONG,2016-10-05,72.5,1.0,2016-10-06,75.8,1.0,3.3,0.0,0.0,3.3,4.55,Close entry(s) order TEST,TEST,1
1732,LONG,2016-10-07,73.5,1.0,2016-10-10,72.0,1.0,-1.5,0.0,0.0,-1.5,-2.04,Close entry(s) order TEST,TEST,1
1733,LONG,2016-10-13,72.2,1.0,2016-10-14,71.8,1.0,-0.4,0.0,0.0,-0.4,-0.55,Close entry(s) order TEST,TEST,1
1734,LONG,2016-10-17,71.0,1.0,2016-10-18,70.5,1.0,-0.5,0.0,0.0,-0.5,-0.7,Close entry(s) order TEST,TEST,1
1735,LONG,2016-10-19,71.8,1.0,2016-10-20,71.8,1.0,0.0,0.0,0.0,0.0,0.0,Close entry(s) order TEST,TEST,1
1736,LONG,2016-10-21,73.3,1.0,2016-10-24,72.2,1.0,-1.1,0.0,0.0,-1.1,-1.5,Close entry(s) order TEST,TEST,1
1737,LONG,2016-10-25,73.9,1.0,2016-10-26,71.1,1.0,-2.8,0.0,0.0,-2.8,-3.79,Close entry(s) order TEST,TEST,1
1738,LONG,2016-10-27,71.1,1.0,2016-10-28,71.5,1.0,0.4,0.0,0.0,0.4,0.56,Close entry(s) order TEST,TEST,1
1739,LONG,2016-11-01,72.1,1.0,2016-11-02,69.1,1.0,-3.0,0.0,0.0,-3.0,-4.16,Close entry(s) order TEST,TEST,1
1740,LONG,2016-11-03,68.4,1.0,2016-11-04,69.0,1.0,0.6,0.0,0.0,0.6,0.88,Close entry(s) order TEST,TEST,1
1741,LONG,2016-11-07,67.2,1.0,2016-11-08,66.8,1.0,-0.4,0.0,0.0,-0.4,-0.6,Close entry(s) order TEST,TEST,1
1742,LONG,2016-11-09,55.0,1.0,2016-11-10,63.0,1.0,8.0,0.0,0.0,8.0,14.55,Close entry(s) order TEST,TEST,1
1743,LONG,2016-11-11,74.3,1.0,2016-11-15,73.9,1.0,-0.4,0.0,0.0,-0.4,-0.54,Close entry(s) order TEST,TEST,1
1744,LONG,2016-11-16,73.3,1.0,2016-11-17,73.3,1.0,0.0,0.0,0.0,0.0,0.0,Close entry(s) order TEST,TEST,1
1745,LONG,2016-11-18,69.9,1.0,2016-11-21,70.3,1.0,0.4,0.0,0.0,0.4,0.57,Close entry(s) order TEST,TEST,1
1746,LONG,2016-11-22,70.8,1.0,2016-11-23,72.0,1.0,1.2,0.0,0.0,1.2,1.69,Close entry(s) order TEST,TEST,1
1747,LONG,2016-11-24,70.2,1.0,2016-11-25,71.0,1.0,0.8,0.0,0.0,0.8,1.14,Close entry(s) order TEST,TEST,1
1748,LONG,2016-11-28,72.4,1.0,2016-11-29,71.2,1.0,-1.2,0.0,0.0,-1.2,-1.66,Close entry(s) order TEST,TEST,1
1749,LONG,2016-11-30,71.8,1.0,2016-12-01,81.8,1.0,10.0,0.0,0.0,10.0,13.93,Close entry(s) order TEST,TEST,1
1750,LONG,2016-12-02,82.5,1.0,2016-12-05,81.1,1.0,-1.4,0.0,0.0,-1.4,-1.7,Close entry(s) order TEST,TEST,1
1751,LONG,2016-12-06,76.8,1.0,2016-12-07,78.5,1.0,1.7,0.0,0.0,1.7,2.21,Close entry(s) order TEST,TEST,1
1752,LONG,2016-12-08,78.4,1.0,2016-12-09,78.0,1.0,-0.4,0.0,0.0,-0.4,-0.51,Close entry(s) order TEST,TEST,1
1753,LONG,2016-12-12,78.0,1.0,2016-12-13,77.7,1.0,-0.3,0.0,0.0,-0.3,-0.38,Close entry(s) order TEST,TEST,1
1754,LONG,2016-12-14,75.9,1.0,2016-12-15,75.2,1.0,-0.7,0.0,0.0,-0.7,-0.92,Close entry(s) order TEST,TEST,1
1755,LONG,2016-12-16,77.0,1.0,2016-12-19,78.0,1.0,1.0,0.0,0.0,1.0,1.3,Close entry(s) order TEST,TEST,1
1756,LONG,2016-12-20,76.7,1.0,2016-12-21,77.0,1.0,0.3,0.0,0.0,0.3,0.39,Close entry(s) order TEST,TEST,1
1757,LONG,2016-12-22,80.8,1.0,2016-12-23,81.4,1.0,0.6,0.0,0.0,0.6,0.74,Close entry(s) order TEST,TEST,1
1758,LONG,2016-12-26,79.1,1.0,2016-12-27,73.2,1.0,-5.9,0.0,0.0,-5.9,-7.46,Close entry(s) order TEST,TEST,1
1759,LONG,2016-12-28,75.1,1.0,2016-12-29,74.5,1.0,-0.6,0.0,0.0,-0.6,-0.8,Close entry(s) order TEST,TEST,1
1760,LONG,2016-12-30,75.3,1.0,2017-01-02,75.6,1.0,0.3,0.0,0.0,0.3,0.4,Close entry(s) order TEST,TEST,1
1761,LONG,2017-01-03,76.0,1.0,2017-01-04,76.6,1.0,0.6,0.0,0.0,0.6,0.79,Close entry(s) order TEST,TEST,1
1762,LONG,2017-01-05,77.9,1.0,2017-01-06,78.8,1.0,0.9,0.0,0.0,0.9,1.16,Close entry(s) order TEST,TEST,1
1763,LONG,2017-01-09,79.3,1.0,2017-01-10,80.1,1.0,0.8,0.0,0.0,0.8,1.01,Close entry(s) order TEST,TEST,1
1764,LONG,2017-01-11,81.7,1.0,2017-01-12,82.8,1.0,1.1,0.0,0.0,1.1,1.35,Close entry(s) order TEST,TEST,1
1765,LONG,2017-01-13,83.1,1.0,2017-01-16,83.3,1.0,0.2,0.0,0.0,0.2,0.24,Close entry(s) order TEST,TEST,1
1766,LONG,2017-01-17,81.6,1.0,2017-01-18,81.4,1.0,-0.2,0.0,0.0,-0.2,-0.25,Close entry(s) order TEST,TEST,1
1767,LONG,2017-01-19,80.6,1.0,2017-01-20,81.2,1.0,0.6,0.0,0.0,0.6,0.74,Close entry(s) order TEST,TEST,1
1768,LONG,2017-01-23,82.2,1.0,2017-01-24,80.2,1.0,-2.0,0.0,0.0,-2.0,-2.43,Close entry(s) order TEST,TEST,1
1769,LONG,2017-01-25,79.2,1.0,2017-01-27,85.5,1.0,6.3,0.0,0.0,6.3,7.95,Close entry(s) order TEST,TEST,1
1770,LONG,2017-01-30,87.0,1.0,2017-01-31,85.5,1.0,-1.5,0.0,0.0,-1.5,-1.72,Close entry(s) order TEST,TEST,1
1771,LONG,2017-02-01,83.4,1.0,2017-02-02,84.4,1.0,1.0,0.0,0.0,1.0,1.2,Close entry(s) order TEST,TEST,1
1772,LONG,2017-02-03,83.1,1.0,2017-02-06,83.8,1.0,0.7,0.0,0.0,0.7,0.84,Close entry(s) order TEST,TEST,1
1773,LONG,2017-02-07,83.2,1.0,2017-02-08,83.1,1.0,-0.1,0.0,0.0,-0.1,-0.12,Close entry(s) order TEST,TEST,1
1774,LONG,2017-02-09,83.2,1.0,2017-02-10,88.8,1.0,5.6,0.0,0.0,5.6,6.73,Close entry(s) order TEST,TEST,1
1775,LONG,2017-02-13,82.7,1.0,2017-02-14,82.9,1.0,0.2,0.0,0.0,0.2,0.24,Close entry(s) order TEST,TEST,1
1776,LONG,2017-02-15,80.3,1.0,2017-02-16,81.5,1.0,1.2,0.0,0.0,1.2,1.49,Close entry(s) order TEST,TEST,1
1777,LONG,2017-02-17,82.8,1.0,2017-02-20,82.4,1.0,-0.4,0.0,0.0,-0.4,-0.48,Close entry(s) order TEST,TEST,1
1778,LONG,2017-02-21,86.0,1.0,2017-02-22,85.9,1.0,-0.1,0.0,0.0,-0.1,-0.12,Close entry(s) order TEST,TEST,1
1779,LONG,2017-02-23,84.0,1.0,2017-02-27,83.1,1.0,-0.9,0.0,0.0,-0.9,-1.07,Close entry(s) order TEST,TEST,1
1780,LONG,2017-02-28,83.8,1.0,2017-03-01,84.0,1.0,0.2,0.0,0.0,0.2,0.24,Close entry(s) order TEST,TEST,1
1781,LONG,2017-03-02,85.6,1.0,2017-03-03,84.5,1.0,-1.1,0.0,0.0,-1.1,-1.29,Close entry(s) order TEST,TEST,1
1782,LONG,2017-03-06,86.3,1.0,2017-03-07,87.7,1.0,1.4,0.0,0.0,1.4,1.62,Close entry(s) order TEST,TEST,1
1783,LONG,2017-03-08,87.0,1.0,2017-03-09,85.5,1.0,-1.5,0.0,0.0,-1.5,-1.72,Close entry(s) order TEST,TEST,1
1784,LONG,2017-03-10,84.3,1.0,2017-03-14,86.7,1.0,2.4,0.0,0.0,2.4,2.85,Close entry(s) order TEST,TEST,1
1785,LONG,2017-03-15,84.2,1.0,2017-03-16,84.3,1.0,0.1,0.0,0.0,0.1,0.12,Close entry(s) order TEST,TEST,1
1786,LONG,2017-03-17,85.8,1.0,2017-03-20,84.1,1.0,-1.7,0.0,0.0,-1.7,-1.98,Close entry(s) order TEST,TEST,1
1787,LONG,2017-03-21,84.8,1.0,2017-03-22,83.5,1.0,-1.3,0.0,0.0,-1.3,-1.53,Close entry(s) order TEST,TEST,1
1788,LONG,2017-03-23,84.0,1.0,2017-03-24,84.0,1.0,0.0,0.0,0.0,0.0,0.0,Close entry(s) order TEST,TEST,1
1789,LONG,2017-03-27,86.6,1.0,2017-03-28,82.9,1.0,-3.7,0.0,0.0,-3.7,-4.27,Close entry(s) order TEST,TEST,1
1790,LONG,2017-03-29,83.2,1.0,2017-03-30,82.2,1.0,-1.0,0.0,0.0,-1.0,-1.2,Close entry(s) order TEST,TEST,1
1791,LONG,2017-03-31,82.7,1.0,2017-04-03,82.3,1.0,-0.4,0.0,0.0,-0.4,-0.48,Close entry(s) order TEST,TEST,1
1792,LONG,2017-04-05,83.4,1.0,2017-04-06,84.5,1.0,1.1,0.0,0.0,1.1,1.32,Close entry(s) order TEST,TEST,1
1793,LONG,2017-04-07,83.6,1.0,2017-04-10,85.0,1.0,1.4,0.0,0.0,1.4,1.67,Close entry(s) order TEST,TEST,1
1794,LONG,2017-04-11,84.0,1.0,2017-04-12,83.1,1.0,-0.9,0.0,0.0,-0.9,-1.07,Close entry(s) order TEST,TEST,1
1795,LONG,2017-04-13,83.6,1.0,2017-04-17,82.5,1.0,-1.1,0.0,0.0,-1.1,-1.32,Close entry(s) order TEST,TEST,1
1796,LONG,2017-04-18,83.3,1.0,2017-04-19,82.0,1.0,-1.3,0.0,0.0,-1.3,-1.56,Close entry(s) order TEST,TEST,1
1797,LONG,2017-04-20,82.7,1.0,2017-04-21,81.9,1.0,-0.8,0.0,0.0,-0.8,-0.97,Close entry(s) order TEST,TEST,1
1798,LONG,2017-04-24,82.3,1.0,2017-04-25,82.7,1.0,0.4,0.0,0.0,0.4,0.49,Close entry(s) order TEST,TEST,1
1799,LONG,2017-04-26,84.8,1.0,2017-04-27,84.4,1.0,-0.4,0.0,0.0,-0.4,-0.47,Close entry(s) order TEST,TEST,1
1800,LONG,2017-04-28,83.9,1.0,2017-05-02,83.3,1.0,-0.6,0.0,0.0,-0.6,-0.72,Close entry(s) order TEST,TEST,1
1801,LONG,2017-05-03,82.9,1.0,2017-05-04,81.9,1.0,-1.0,0.0,0.0,-1.0,-1.21,Close entry(s) order TEST,TEST,1
1802,LONG,2017-05-05,81.9,1.0,2017-05-08,81.9,1.0,0.0,0.0,0.0,0.0,0.0,Close entry(s) order TEST,TEST,1
1803,LONG,2017-05-09,89.7,1.0,2017-05-10,88.2,1.0,-1.5,0.0,0.0,-1.5,-1.67,Close entry(s) order TEST,TEST,1
1804,LONG,2017-05-11,87.8,1.0,2017-05-12,84.8,1.0,-3.0,0.0,0.0,-3.0,-3.42,Close entry(s) order TEST,TEST,1
1805,LONG,2017-05-15,88.9,1.0,2017-05-16,90.6,1.0,1.7,0.0,0.0,1.7,1.91,Close entry(s) order TEST,TEST,1
1806,LONG,2017-05-17,89.0,1.0,2017-05-18,92.1,1.0,3.1,0.0,0.0,3.1,3.48,Close entry(s) order TEST,TEST,1
1807,LONG,2017-05-19,90.3,1.0,2017-05-22,92.4,1.0,2.1,0.0,0.0,2.1,2.33,Close entry(s) order TEST,TEST,1
1808,LONG,2017-05-23,89.3,1.0,2017-05-24,87.5,1.0,-1.8,0.0,0.0,-1.8,-2.02,Close entry(s) order TEST,TEST,1
1809,LONG,2017-05-25,84.3,1.0,2017-05-26,89.9,1.0,5.6,0.0,0.0,5.6,6.64,Close entry(s) order TEST,TEST,1
1810,LONG,2017-05-29,89.0,1.0,2017-05-30,87.3,1.0,-1.7,0.0,0.0,-1.7,-1.91,Close entry(s) order TEST,TEST,1
1811,LONG,2017-05-31,87.1,1.0,2017-06-01,86.6,1.0,-0.5,0.0,0.0,-0.5,-0.57,Close entry(s) order TEST,TEST,1
1812,LONG,2017-06-02,88.8,1.0,2017-06-05,94.0,1.0,5.2,0.0,0.0,5.2,5.86,Close entry(s) order TEST,TEST,1
1813,LONG,2017-06-06,96.0,1.0,2017-06-07,96.5,1.0,0.5,0.0,0.0,0.5,0.52,Close entry(s) order TEST,TEST,1
1814,LONG,2017-06-08,95.3,1.0,2017-06-09,97.9,1.0,2.6,0.0,0.0,2.6,2.73,Close entry(s) order TEST,TEST,1
1815,LONG,2017-06-12,95.2,1.0,2017-06-13,100.5,1.0,5.3,0.0,0.0,5.3,5.57,Close entry(s) order TEST,TEST,1
1816,LONG,2017-06-14,97.7,1.0,2017-06-15,99.0,1.0,1.3,0.0,0.0,1.3,1.33,Close entry(s) order TEST,TEST,1
1817,LONG,2017-06-16,98.5,1.0,2017-06-19,97.5,1.0,-1.0,0.0,0.0,-1.0,-1.02,Close entry(s) order TEST,TEST,1
1818,LONG,2017-06-20,96.0,1.0,2017-06-21,96.8,1.0,0.8,0.0,0.0,0.8,0.83,Close entry(s) order TEST,TEST,1
1819,LONG,2017-06-22,99.2,1.0,2017-06-23,97.1,1.0,-2.1,0.0,0.0,-2.1,-2.12,Close entry(s) order TEST,TEST,1
1820,LONG,2017-06-27,101.5,1.0,2017-06-28,101.0,1.0,-0.5,0.0,0.0,-0.5,-0.49,Close entry(s) order TEST,TEST,1
1821,LONG,2017-06-29,107.8,1.0,2017-06-30,105.9,1.0,-1.9,0.0,0.0,-1.9,-1.76,Close entry(s) order TEST,TEST,1
1822,LONG,2017-07-03,105.0,1.0,2017-07-04,107.3,1.0,2.3,0.0,0.0,2.3,2.19,Close entry(s) order TEST,TEST,1
1823,LONG,2017-07-05,106.0,1.0,2017-07-06,109.0,1.0,3.0,0.0,0.0,3.0,2.83,Close entry(s) order TEST,TEST,1
1824,LONG,2017-07-07,106.0,1.0,2017-07-10,107.1,1.0,1.1,0.0,0.0,1.1,1.04,Close entry(s) order TEST,TEST,1
1825,LONG,2017-07-11,107.8,1.0,2017-07-12,108.7,1.0,0.9,0.0,0.0,0.9,0.83,Close entry(s) order TEST,TEST,1
1826,LONG,2017-07-13,108.1,1.0,2017-07-14,107.5,1.0,-0.6,0.0,0.0,-0.6,-0.56,Close entry(s) order TEST,TEST,1
1827,LONG,2017-07-17,106.3,1.0,2017-07-18,106.4,1.0,0.1,0.0,0.0,0.1,0.09,Close entry(s) order TEST,TEST,1
1828,LONG,2017-07-19,109.0,1.0,2017-07-20,113.5,1.0,4.5,0.0,0.0,4.5,4.13,Close entry(s) order TEST,TEST,1
1829,LONG,2017-07-21,115.0,1.0,2017-07-24,126.0,1.0,11.0,0.0,0.0,11.0,9.57,Close entry(s) order TEST,TEST,1
1830,LONG,2017-07-25,134.4,1.0,2017-07-26,131.5,1.0,-2.9,0.0,0.0,-2.9,-2.16,Close entry(s) order TEST,TEST,1
1831,LONG,2017-07-27,130.5,1.0,2017-07-28,126.5,1.0,-4.0,0.0,0.0,-4.0,-3.07,Close entry(s) order TEST,TEST,1
1832,LONG,2017-07-31,128.9,1.0,2017-08-01,129.9,1.0,1.0,0.0,0.0,1.0,0.78,Close entry(s) order TEST,TEST,1
1833,LONG,2017-08-02,127.0,1.0,2017-08-03,129.5,1.0,2.5,0.0,0.0,2.5,1.97,Close entry(s) order TEST,TEST,1
1834,LONG,2017-08-04,126.7,1.0,2017-08-07,130.7,1.0,4.0,0.0,0.0,4.0,3.16,Close entry(s) order TEST,TEST,1
1835,LONG,2017-08-08,131.0,1.0,2017-08-09,126.8,1.0,-4.2,0.0,0.0,-4.2,-3.21,Close entry(s) order TEST,TEST,1
1836,LONG,2017-08-10,125.2,1.0,2017-08-11,110.8,1.0,-14.4,0.0,0.0,-14.4,-11.5,Close entry(s) order TEST,TEST,1
1837,LONG,2017-08-14,119.3,1.0,2017-08-16,121.3,1.0,2.0,0.0,0.0,2.0,1.68,Close entry(s) order TEST,TEST,1
1838,LONG,2017-08-17,123.0,1.0,2017-08-18,120.8,1.0,-2.2,0.0,0.0,-2.2,-1.79,Close entry(s) order TEST,TEST,1
1839,LONG,2017-08-21,124.7,1.0,2017-08-22,128.4,1.0,3.7,0.0,0.0,3.7,2.97,Close entry(s) order TEST,TEST,1
1840,LONG,2017-08-23,128.2,1.0,2017-08-24,132.0,1.0,3.8,0.0,0.0,3.8,2.96,Close entry(s) order TEST,TEST,1
1841,LONG,2017-08-28,134.1,1.0,2017-08-29,134.1,1.0,0.0,0.0,0.0,0.0,0.0,Close entry(s) order TEST,TEST,1
1842,LONG,2017-08-30,134.6,1.0,2017-08-31,137.7,1.0,3.1,0.0,0.0,3.1,2.3,Close entry(s) order TEST,TEST,1
1843,LONG,2017-09-01,141.0,1.0,2017-09-04,138.9,1.0,-2.1,0.0,0.0,-2.1,-1.49,Close entry(s) order TEST,TEST,1
1844,LONG,2017-09-05,140.0,1.0,2017-09-06,138.5,1.0,-1.5,0.0,0.0,-1.5,-1.07,Close entry(s) order TEST,TEST,1
1845,LONG,2017-09-07,141.1,1.0,2017-09-08,144.2,1.0,3.1,0.0,0.0,3.1,2.2,Close entry(s) order TEST,TEST,1
1846,LONG,2017-09-11,141.4,1.0,2017-09-12,139.0,1.0,-2.4,0.0,0.0,-2.4,-1.7,Close entry(s) order TEST,TEST,1
1847,LONG,2017-09-13,140.0,1.0,2017-09-14,137.0,1.0,-3.0,0.0,0.0,-3.0,-2.14,Close entry(s) order TEST,TEST,1
1848,LONG,2017-09-15,139.0,1.0,2017-09-18,139.5,1.0,0.5,0.0,0.0,0.5,0.36,Close entry(s) order TEST,TEST,1
1849,LONG,2017-09-19,138.6,1.0,2017-09-20,142.4,1.0,3.8,0.0,0.0,3.8,2.74,Close entry(s) order TEST,TEST,1
1850,LONG,2017-09-21,139.1,1.0,2017-09-22,135.1,1.0,-4.0,0.0,0.0,-4.0,-2.88,Close entry(s) order TEST,TEST,1
1851,LONG,2017-09-25,130.1,1.0,2017-09-26,126.0,1.0,-4.1,0.0,0.0,-4.1,-3.15,Close entry(s) order TEST,TEST,1
1852,LONG,2017-09-27,127.0,1.0,2017-09-28,123.5,1.0,-3.5,0.0,0.0,-3.5,-2.76,Close entry(s) order TEST,TEST,1
1853,LONG,2017-09-29,128.0,1.0,2017-10-03,133.5,1.0,5.5,0.0,0.0,5.5,4.3,Close entry(s) order TEST,TEST,1
1854,LONG,2017-10-04,132.6,1.0,2017-10-05,134.0,1.0,1.4,0.0,0.0,1.4,1.06,Close entry(s) order TEST,TEST,1
1855,LONG,2017-10-06,137.1,1.0,2017-10-09,138.0,1.0,0.9,0.0,0.0,0.9,0.66,Close entry(s) order TEST,TEST,1
1856,LONG,2017-10-10,138.5,1.0,2017-10-11,139.6,1.0,1.1,0.0,0.0,1.1,0.79,Close entry(s) order TEST,TEST,1
1857,LONG,2017-10-12,137.0,1.0,2017-10-13,140.3,1.0,3.3,0.0,0.0,3.3,2.41,Close entry(s) order TEST,TEST,1
1858,LONG,2017-10-16,138.6,1.0,2017-10-17,135.3,1.0,-3.3,0.0,0.0,-3.3,-2.38,Close entry(s) order TEST,TEST,1
1859,LONG,2017-10-18,135.0,1.0,2017-10-19,134.5,1.0,-0.5,0.0,0.0,-0.5,-0.37,Close entry(s) order TEST,TEST,1
1860,LONG,2017-10-23,136.9,1.0,2017-10-24,133.6,1.0,-3.3,0.0,0.0,-3.3,-2.41,Close entry(s) order TEST,TEST,1
1861,LONG,2017-10-25,136.0,1.0,2017-10-26,134.6,1.0,-1.4,0.0,0.0,-1.4,-1.03,Close entry(s) order TEST,TEST,1
1862,LONG,2017-10-27,147.0,1.0,2017-10-30,147.7,1.0,0.7,0.0,0.0,0.7,0.48,Close entry(s) order TEST,TEST,1
1863,LONG,2017-10-31,145.0,1.0,2017-11-01,148.7,1.0,3.7,0.0,0.0,3.7,2.55,Close entry(s) order TEST,TEST,1
1864,LONG,2017-11-02,150.3,1.0,2017-11-03,160.1,1.0,9.8,0.0,0.0,9.8,6.52,Close entry(s) order TEST,TEST,1
1865,LONG,2017-11-06,158.0,1.0,2017-11-07,154.1,1.0,-3.9,0.0,0.0,-3.9,-2.47,Close entry(s) order TEST,TEST,1
1866,LONG,2017-11-08,145.3,1.0,2017-11-09,144.9,1.0,-0.4,0.0,0.0,-0.4,-0.28,Close entry(s) order TEST,TEST,1
1867,LONG,2017-11-10,140.3,1.0,2017-11-13,142.9,1.0,2.6,0.0,0.0,2.6,1.85,Close entry(s) order TEST,TEST,1
1868,LONG,2017-11-14,139.9,1.0,2017-11-15,136.4,1.0,-3.5,0.0,0.0,-3.5,-2.5,Close entry(s) order TEST,TEST,1
1869,LONG,2017-11-16,140.4,1.0,2017-11-17,132.9,1.0,-7.5,0.0,0.0,-7.5,-5.34,Close entry(s) order TEST,TEST,1
1870,LONG,2017-11-20,130.7,1.0,2017-11-21,128.9,1.0,-1.8,0.0,0.0,-1.8,-1.38,Close entry(s) order TEST,TEST,1
1871,LONG,2017-11-22,133.0,1.0,2017-11-23,135.6,1.0,2.6,0.0,0.0,2.6,1.95,Close entry(s) order TEST,TEST,1
1872,LONG,2017-11-24,139.5,1.0,2017-11-27,134.7,1.0,-4.8,0.0,0.0,-4.8,-3.44,Close entry(s) order TEST,TEST,1
1873,LONG,2017-11-28,134.0,1.0,2017-11-29,132.6,1.0,-1.4,0.0,0.0,-1.4,-1.04,Close entry(s) order TEST,TEST,1
1874,LONG,2017-11-30,129.9,1.0,2017-12-01,128.6,1.0,-1.3,0.0,0.0,-1.3,-1.0,Close entry(s) order TEST,TEST,1
1875,LONG,2017-12-04,128.0,1.0,2017-12-05,126.5,1.0,-1.5,0.0,0.0,-1.5,-1.17,Close entry(s) order TEST,TEST,1
1876,LONG,2017-12-06,127.9,1.0,2017-12-07,131.8,1.0,3.9,0.0,0.0,3.9,3.05,Close entry(s) order TEST,TEST,1
1877,LONG,2017-12-08,130.3,1.0,2017-12-11,129.6,1.0,-0.7,0.0,0.0,-0.7,-0.54,Close entry(s) order TEST,TEST,1
1878,LONG,2017-12-12,131.7,1.0,2017-12-13,130.5,1.0,-1.2,0.0,0.0,-1.2,-0.91,Close entry(s) order TEST,TEST,1
1879,LONG,2017-12-14,130.8,1.0,2017-12-15,133.9,1.0,3.1,0.0,0.0,3.1,2.37,Close entry(s) order TEST,TEST,1
1880,LONG,2017-12-18,131.0,1.0,2017-12-19,132.8,1.0,1.8,0.0,0.0,1.8,1.37,Close entry(s) order TEST,TEST,1
1881,LONG,2017-12-20,134.0,1.0,2017-12-21,134.9,1.0,0.9,0.0,0.0,0.9,0.67,Close entry(s) order TEST,TEST,1
1882,LONG,2017-12-22,138.7,1.0,2017-12-26,151.0,1.0,12.3,0.0,0.0,12.3,8.87,Close entry(s) order TEST,TEST,1
1883,LONG,2017-12-27,142.9,1.0,2017-12-28,139.0,1.0,-3.9,0.0,0.0,-3.9,-2.73,Close entry(s) order TEST,TEST,1
1884,LONG,2017-12-29,137.0,1.0,2018-01-01,136.0,1.0,-1.0,0.0,0.0,-1.0,-0.73,Close entry(s) order TEST,TEST,1
1885,LONG,2018-01-02,139.6,1.0,2018-01-03,137.0,1.0,-2.6,0.0,0.0,-2.6,-1.86,Close entry(s) order TEST,TEST,1
1886,LONG,2018-01-04,143.8,1.0,2018-01-05,145.9,1.0,2.1,0.0,0.0,2.1,1.46,Close entry(s) order TEST,TEST,1
1887,LONG,2018-01-08,153.0,1.0,2018-01-09,155.1,1.0,2.1,0.0,0.0,2.1,1.37,Close entry(s) order TEST,TEST,1
1888,LONG,2018-01-10,152.2,1.0,2018-01-11,154.1,1.0,1.9,0.0,0.0,1.9,1.25,Close entry(s) order TEST,TEST,1
1889,LONG,2018-01-12,158.9,1.0,2018-01-15,173.9,1.0,15.0,0.0,0.0,15.0,9.44,Close entry(s) order TEST,TEST,1
1890,LONG,2018-01-16,189.0,1.0,2018-01-17,172.9,1.0,-16.1,0.0,0.0,-16.1,-8.52,Close entry(s) order TEST,TEST,1
1891,LONG,2018-01-18,187.0,1.0,2018-01-19,178.0,1.0,-9.0,0.0,0.0,-9.0,-4.81,Close entry(s) order TEST,TEST,1
1892,LONG,2018-01-22,191.6,1.0,2018-01-23,192.1,1.0,0.5,0.0,0.0,0.5,0.26,Close entry(s) order TEST,TEST,1
1893,LONG,2018-01-24,191.0,1.0,2018-01-25,182.0,1.0,-9.0,0.0,0.0,-9.0,-4.71,Close entry(s) order TEST,TEST,1
1894,LONG,2018-01-29,178.0,1.0,2018-01-30,172.9,1.0,-5.1,0.0,0.0,-5.1,-2.87,Close entry(s) order TEST,TEST,1
1895,LONG,2018-01-31,167.9,1.0,2018-02-01,160.0,1.0,-7.9,0.0,0.0,-7.9,-4.71,Close entry(s) order TEST,TEST,1
1896,LONG,2018-02-02,165.8,1.0,2018-02-05,151.0,1.0,-14.8,0.0,0.0,-14.8,-8.93,Close entry(s) order TEST,TEST,1
1897,LONG,2018-02-06,141.0,1.0,2018-02-07,154.5,1.0,13.5,0.0,0.0,13.5,9.57,Close entry(s) order TEST,TEST,1
1898,LONG,2018-02-08,158.0,1.0,2018-02-09,160.0,1.0,2.0,0.0,0.0,2.0,1.27,Close entry(s) order TEST,TEST,1
1899,LONG,2018-02-12,166.4,1.0,2018-02-14,165.9,1.0,-0.5,0.0,0.0,-0.5,-0.3,Close entry(s) order TEST,TEST,1
1900,LONG,2018-02-15,175.0,1.0,2018-02-16,170.5,1.0,-4.5,0.0,0.0,-4.5,-2.57,Close entry(s) order TEST,TEST,1
1901,LONG,2018-02-19,161.0,1.0,2018-02-20,154.8,1.0,-6.2,0.0,0.0,-6.2,-3.85,Close entry(s) order TEST,TEST,1
1902,LONG,2018-02-21,155.6,1.0,2018-02-22,157.5,1.0,1.9,0.0,0.0,1.9,1.22,Close entry(s) order TEST,TEST,1
1903,LONG,2018-02-23,162.0,1.0,2018-02-26,169.4,1.0,7.4,0.0,0.0,7.4,4.57,Close entry(s) order TEST,TEST,1
1904,LONG,2018-02-27,170.4,1.0,2018-02-28,171.5,1.0,1.1,0.0,0.0,1.1,0.65,Close entry(s) order TEST,TEST,1
1905,LONG,2018-03-01,173.6,1.0,2018-03-05,175.1,1.0,1.5,0.0,0.0,1.5,0.86,Close entry(s) order TEST,TEST,1
1906,LONG,2018-03-06,172.1,1.0,2018-03-07,170.2,1.0,-1.9,0.0,0.0,-1.9,-1.1,Close entry(s) order TEST,TEST,1
1907,LONG,2018-03-08,168.1,1.0,2018-03-09,167.0,1.0,-1.1,0.0,0.0,-1.1,-0.65,Close entry(s) order TEST,TEST,1
1908,LONG,2018-03-12,167.4,1.0,2018-03-13,160.0,1.0,-7.4,0.0,0.0,-7.4,-4.42,Close entry(s) order TEST,TEST,1
1909,LONG,2018-03-14,159.7,1.0,2018-03-15,155.9,1.0,-3.8,0.0,0.0,-3.8,-2.38,Close entry(s) order TEST,TEST,1
1910,LONG,2018-03-16,157.6,1.0,2018-03-19,152.0,1.0,-5.6,0.0,0.0,-5.6,-3.55,Close entry(s) order TEST,TEST,1
1911,LONG,2018-03-20,146.3,1.0,2018-03-21,147.0,1.0,0.7,0.0,0.0,0.7,0.48,Close entry(s) order TEST,TEST,1
1912,LONG,2018-03-22,140.4,1.0,2018-03-23,127.9,1.0,-12.5,0.0,0.0,-12.5,-8.9,Close entry(s) order TEST,TEST,1
1913,LONG,2018-03-26,131.0,1.0,2018-03-27,131.9,1.0,0.9,0.0,0.0,0.9,0.69,Close entry(s) order TEST,TEST,1
1914,LONG,2018-03-28,133.9,1.0,2018-04-02,136.0,1.0,2.1,0.0,0.0,2.1,1.57,Close entry(s) order TEST,TEST,1
1915,LONG,2018-04-03,134.8,1.0,2018-04-04,141.0,1.0,6.2,0.0,0.0,6.2,4.6,Close entry(s) order TEST,TEST,1
1916,LONG,2018-04-05,138.6,1.0,2018-04-06,140.0,1.0,1.4,0.0,0.0,1.4,1.01,Close entry(s) order TEST,TEST,1
1917,LONG,2018-04-09,138.9,1.0,2018-04-10,142.0,1.0,3.1,0.0,0.0,3.1,2.23,Close entry(s) order TEST,TEST,1
1918,LONG,2018-04-11,146.7,1.0,2018-04-12,146.4,1.0,-0.3,0.0,0.0,-0.3,-0.2,Close entry(s) order TEST,TEST,1
1919,LONG,2018-04-13,148.5,1.0,2018-04-16,151.6,1.0,3.1,0.0,0.0,3.1,2.09,Close entry(s) order TEST,TEST,1
1920,LONG,2018-04-17,152.7,1.0,2018-04-18,146.9,1.0,-5.8,0.0,0.0,-5.8,-3.8,Close entry(s) order TEST,TEST,1
1921,LONG,2018-04-19,144.6,1.0,2018-04-20,151.0,1.0,6.4,0.0,0.0,6.4,4.43,Close entry(s) order TEST,TEST,1
1922,LONG,2018-04-23,148.7,1.0,2018-04-24,148.9,1.0,0.2,0.0,0.0,0.2,0.13,Close entry(s) order TEST,TEST,1
1923,LONG,2018-04-25,144.9,1.0,2018-04-26,137.9,1.0,-7.0,0.0,0.0,-7.0,-4.83,Close entry(s) order TEST,TEST,1
1924,LONG,2018-04-27,137.4,1.0,2018-04-30,135.9,1.0,-1.5,0.0,0.0,-1.5,-1.09,Close entry(s) order TEST,TEST,1
1925,LONG,2018-05-02,142.4,1.0,2018-05-03,139.5,1.0,-2.9,0.0,0.0,-2.9,-2.04,Close entry(s) order TEST,TEST,1
1926,LONG,2018-05-04,142.2,1.0,2018-05-07,137.1,1.0,-5.1,0.0,0.0,-5.1,-3.59,Close entry(s) order TEST,TEST,1
1927,LONG,2018-05-08,150.8,1.0,2018-05-09,146.0,1.0,-4.8,0.0,0.0,-4.8,-3.18,Close entry(s) order TEST,TEST,1
1928,LONG,2018-05-10,144.8,1.0,2018-05-11,142.5,1.0,-2.3,0.0,0.0,-2.3,-1.59,Close entry(s) order TEST,TEST,1
1929,LONG,2018-05-14,144.9,1.0,2018-05-15,134.1,1.0,-10.8,0.0,0.0,-10.8,-7.45,Close entry(s) order TEST,TEST,1
1930,LONG,2018-05-16,136.7,1.0,2018-05-17,138.4,1.0,1.7,0.0,0.0,1.7,1.24,Close entry(s) order TEST,TEST,1
1931,LONG,2018-05-18,137.6,1.0,2018-05-21,132.1,1.0,-5.5,0.0,0.0,-5.5,-4.0,Close entry(s) order TEST,TEST,1
1932,LONG,2018-05-22,129.3,1.0,2018-05-23,131.6,1.0,2.3,0.0,0.0,2.3,1.78,Close entry(s) order TEST,TEST,1
1933,LONG,2018-05-24,129.6,1.0,2018-05-25,133.8,1.0,4.2,0.0,0.0,4.2,3.24,Close entry(s) order TEST,TEST,1
1934,LONG,2018-05-28,138.4,1.0,2018-05-29,138.1,1.0,-0.3,0.0,0.0,-0.3,-0.22,Close entry(s) order TEST,TEST,1
1935,LONG,2018-05-30,137.0,1.0,2018-05-31,137.1,1.0,0.1,0.0,0.0,0.1,0.07,Close entry(s) order TEST,TEST,1
1936,LONG,2018-06-01,132.3,1.0,2018-06-04,134.0,1.0,1.7,0.0,0.0,1.7,1.28,Close entry(s) order TEST,TEST,1
1937,LONG,2018-06-05,129.0,1.0,2018-06-06,119.0,1.0,-10.0,0.0,0.0,-10.0,-7.75,Close entry(s) order TEST,TEST,1
1938,LONG,2018-06-07,131.6,1.0,2018-06-08,134.0,1.0,2.4,0.0,0.0,2.4,1.82,Close entry(s) order TEST,TEST,1
1939,LONG,2018-06-11,134.6,1.0,2018-06-12,139.0,1.0,4.4,0.0,0.0,4.4,3.27,Close entry(s) order TEST,TEST,1
1940,LONG,2018-06-13,137.5,1.0,2018-06-14,133.6,1.0,-3.9,0.0,0.0,-3.9,-2.84,Close entry(s) order TEST,TEST,1
1941,LONG,2018-06-15,133.3,1.0,2018-06-18,134.5,1.0,1.2,0.0,0.0,1.2,0.9,Close entry(s) order TEST,TEST,1
1942,LONG,2018-06-19,128.9,1.0,2018-06-20,124.2,1.0,-4.7,0.0,0.0,-4.7,-3.65,Close entry(s) order TEST,TEST,1
1943,LONG,2018-06-21,122.9,1.0,2018-06-22,123.8,1.0,0.9,0.0,0.0,0.9,0.73,Close entry(s) order TEST,TEST,1
1944,LONG,2018-06-25,123.0,1.0,2018-06-26,121.9,1.0,-1.1,0.0,0.0,-1.1,-0.89,Close entry(s) order TEST,TEST,1
1945,LONG,2018-06-27,117.6,1.0,2018-06-28,115.5,1.0,-2.1,0.0,0.0,-2.1,-1.79,Close entry(s) order TEST,TEST,1
1946,LONG,2018-06-29,115.0,1.0,2018-07-02,119.5,1.0,4.5,0.0,0.0,4.5,3.91,Close entry(s) order TEST,TEST,1
1947,LONG,2018-07-03,113.0,1.0,2018-07-04,116.3,1.0,3.3,0.0,0.0,3.3,2.92,Close entry(s) order TEST,TEST,1
1948,LONG,2018-07-05,120.0,1.0,2018-07-06,122.6,1.0,2.6,0.0,0.0,2.6,2.17,Close entry(s) order TEST,TEST,1
1949,LONG,2018-07-09,121.6,1.0,2018-07-10,122.0,1.0,0.4,0.0,0.0,0.4,0.33,Close entry(s) order TEST,TEST,1
1950,LONG,2018-07-11,122.1,1.0,2018-07-12,122.4,1.0,0.3,0.0,0.0,0.3,0.25,Close entry(s) order TEST,TEST,1
1951,LONG,2018-07-13,121.8,1.0,2018-07-16,117.9,1.0,-3.9,0.0,0.0,-3.9,-3.2,Close entry(s) order TEST,TEST,1
1952,LONG,2018-07-17,108.0,1.0,2018-07-18,108.5,1.0,0.5,0.0,0.0,0.5,0.46,Close entry(s) order TEST,TEST,1
1953,LONG,2018-07-19,106.2,1.0,2018-07-20,105.7,1.0,-0.5,0.0,0.0,-0.5,-0.47,Close entry(s) order TEST,TEST,1
1954,LONG,2018-07-23,109.0,1.0,2018-07-24,108.9,1.0,-0.1,0.0,0.0,-0.1,-0.09,Close entry(s) order TEST,TEST,1
1955,LONG,2018-07-25,116.3,1.0,2018-07-26,112.7,1.0,-3.6,0.0,0.0,-3.6,-3.1,Close entry(s) order TEST,TEST,1
1956,LONG,2018-07-27,129.0,1.0,2018-07-30,124.3,1.0,-4.7,0.0,0.0,-4.7,-3.64,Close entry(s) order TEST,TEST,1
1957,LONG,2018-07-31,122.0,1.0,2018-08-01,126.0,1.0,4.0,0.0,0.0,4.0,3.28,Close entry(s) order TEST,TEST,1
1958,LONG,2018-08-02,125.3,1.0,2018-08-03,125.7,1.0,0.4,0.0,0.0,0.4,0.32,Close entry(s) order TEST,TEST,1
1959,LONG,2018-08-06,126.5,1.0,2018-08-07,126.8,1.0,0.3,0.0,0.0,0.3,0.24,Close entry(s) order TEST,TEST,1
1960,LONG,2018-08-08,124.1,1.0,2018-08-09,128.0,1.0,3.9,0.0,0.0,3.9,3.14,Close entry(s) order TEST,TEST,1
1961,LONG,2018-08-10,127.6,1.0,2018-08-13,129.0,1.0,1.4,0.0,0.0,1.4,1.1,Close entry(s) order TEST,TEST,1
1962,LONG,2018-08-14,127.0,1.0,2018-08-16,126.8,1.0,-0.2,0.0,0.0,-0.2,-0.16,Close entry(s) order TEST,TEST,1
1963,LONG,2018-08-17,126.8,1.0,2018-08-20,127.0,1.0,0.2,0.0,0.0,0.2,0.16,Close entry(s) order TEST,TEST,1
1964,LONG,2018-08-21,141.3,1.0,2018-08-23,150.5,1.0,9.2,0.0,0.0,9.2,6.51,Close entry(s) order TEST,TEST,1
1965,LONG,2018-08-24,156.5,1.0,2018-08-27,164.3,1.0,7.8,0.0,0.0,7.8,4.98,Close entry(s) order TEST,TEST,1
1966,LONG,2018-08-28,163.6,1.0,2018-08-29,166.1,1.0,2.5,0.0,0.0,2.5,1.53,Close entry(s) order TEST,TEST,1
1967,LONG,2018-08-30,160.7,1.0,2018-08-31,160.9,1.0,0.2,0.0,0.0,0.2,0.12,Close entry(s) order TEST,TEST,1
1968,LONG,2018-09-03,167.6,1.0,2018-09-04,176.0,1.0,8.4,0.0,0.0,8.4,5.01,Close entry(s) order TEST,TEST,1
1969,LONG,2018-09-05,174.0,1.0,2018-09-06,179.6,1.0,5.6,0.0,0.0,5.6,3.22,Close entry(s) order TEST,TEST,1
1970,LONG,2018-09-07,178.7,1.0,2018-09-10,177.4,1.0,-1.3,0.0,0.0,-1.3,-0.73,Close entry(s) order TEST,TEST,1
1971,LONG,2018-09-11,176.6,1.0,2018-09-12,168.0,1.0,-8.6,0.0,0.0,-8.6,-4.87,Close entry(s) order TEST,TEST,1
1972,LONG,2018-09-14,175.5,1.0,2018-09-17,169.3,1.0,-6.2,0.0,0.0,-6.2,-3.53,Close entry(s) order TEST,TEST,1
1973,LONG,2018-09-18,171.0,1.0,2018-09-19,170.3,1.0,-0.7,0.0,0.0,-0.7,-0.41,Close entry(s) order TEST,TEST,1
1974,LONG,2018-09-21,167.3,1.0,2018-09-24,162.0,1.0,-5.3,0.0,0.0,-5.3,-3.17,Close entry(s) order TEST,TEST,1
1975,LONG,2018-09-25,155.9,1.0,2018-09-26,150.1,1.0,-5.8,0.0,0.0,-5.8,-3.72,Close entry(s) order TEST,TEST,1
1976,LONG,2018-09-27,150.9,1.0,2018-09-28,143.1,1.0,-7.8,0.0,0.0,-7.8,-5.17,Close entry(s) order TEST,TEST,1
1977,LONG,2018-10-01,125.0,1.0,2018-10-03,131.9,1.0,6.9,0.0,0.0,6.9,5.52,Close entry(s) order TEST,TEST,1
1978,LONG,2018-10-04,137.0,1.0,2018-10-05,131.8,1.0,-5.2,0.0,0.0,-5.2,-3.8,Close entry(s) order TEST,TEST,1
1979,LONG,2018-10-08,125.3,1.0,2018-10-09,132.5,1.0,7.2,0.0,0.0,7.2,5.75,Close entry(s) order TEST,TEST,1
1980,LONG,2018-10-10,134.9,1.0,2018-10-11,136.0,1.0,1.1,0.0,0.0,1.1,0.82,Close entry(s) order TEST,TEST,1
1981,LONG,2018-10-12,137.9,1.0,2018-10-15,149.1,1.0,11.2,0.0,0.0,11.2,8.12,Close entry(s) order TEST,TEST,1
1982,LONG,2018-10-16,149.6,1.0,2018-10-17,151.9,1.0,2.3,0.0,0.0,2.3,1.54,Close entry(s) order TEST,TEST,1
1983,LONG,2018-10-19,137.0,1.0,2018-10-22,131.9,1.0,-5.1,0.0,0.0,-5.1,-3.72,Close entry(s) order TEST,TEST,1
1984,LONG,2018-10-23,128.0,1.0,2018-10-24,125.2,1.0,-2.8,0.0,0.0,-2.8,-2.19,Close entry(s) order TEST,TEST,1
1985,LONG,2018-10-25,123.2,1.0,2018-10-26,120.1,1.0,-3.1,0.0,0.0,-3.1,-2.52,Close entry(s) order TEST,TEST,1
1986,LONG,2018-10-29,120.0,1.0,2018-10-30,129.6,1.0,9.6,0.0,0.0,9.6,8.0,Close entry(s) order TEST,TEST,1
1987,LONG,2018-10-31,134.0,1.0,2018-11-01,137.8,1.0,3.8,0.0,0.0,3.8,2.84,Close entry(s) order TEST,TEST,1
1988,LONG,2018-11-02,142.1,1.0,2018-11-05,141.7,1.0,-0.4,0.0,0.0,-0.4,-0.28,Close entry(s) order TEST,TEST,1
1989,LONG,2018-11-06,142.5,1.0,2018-11-07,148.0,1.0,5.5,0.0,0.0,5.5,3.86,Close entry(s) order TEST,TEST,1
1990,LONG,2018-11-09,152.0,1.0,2018-11-12,152.6,1.0,0.6,0.0,0.0,0.6,0.39,Close entry(s) order TEST,TEST,1
1991,LONG,2018-11-13,147.6,1.0,2018-11-14,149.3,1.0,1.7,0.0,0.0,1.7,1.15,Close entry(s) order TEST,TEST,1
1992,LONG,2018-11-15,142.2,1.0,2018-11-16,148.6,1.0,6.4,0.0,0.0,6.4,4.5,Close entry(s) order TEST,TEST,1
1993,LONG,2018-11-19,154.6,1.0,2018-11-20,155.9,1.0,1.3,0.0,0.0,1.3,0.84,Close entry(s) order TEST,TEST,1
1994,LONG,2018-11-21,162.6,1.0,2018-11-22,157.0,1.0,-5.6,0.0,0.0,-5.6,-3.44,Close entry(s) order TEST,TEST,1
1995,LONG,2018-11-26,159.4,1.0,2018-11-27,157.1,1.0,-2.3,0.0,0.0,-2.3,-1.44,Close entry(s) order TEST,TEST,1
1996,LONG,2018-11-28,161.0,1.0,2018-11-29,161.9,1.0,0.9,0.0,0.0,0.9,0.56,Close entry(s) order TEST,TEST,1
1997,LONG,2018-11-30,157.5,1.0,2018-12-03,154.9,1.0,-2.6,0.0,0.0,-2.6,-1.65,Close entry(s) order TEST,TEST,1
1998,LONG,2018-12-04,154.8,1.0,2018-12-05,154.3,1.0,-0.5,0.0,0.0,-0.5,-0.32,Close entry(s) order TEST,TEST,1
1999,LONG,2018-12-06,147.8,1.0,2018-12-07,149.9,1.0,2.1,0.0,0.0,2.1,1.42,Close entry(s) order TEST,TEST,1
2000,LONG,2018-12-10,145.1,1.0,2018-12-11,143.0,1.0,-2.1,0.0,0.0,-2.1,-1.45,Close entry(s) order TEST,TEST,1
2001,LONG,2018-12-12,151.0,1.0,2018-12-13,159.0,1.0,8.0,0.0,0.0,8.0,5.3,Close entry(s) order TEST,TEST,1
2002,LONG,2018-12-14,154.0,1.0,2018-12-17,155.6,1.0,1.6,0.0,0.0,1.6,1.04,Close entry(s) order TEST,TEST,1
2003,LONG,2018-12-18,155.0,1.0,2018-12-19,151.4,1.0,-3.6,0.0,0.0,-3.6,-2.32,Close entry(s) order TEST,TEST,1
2004,LONG,2018-12-20,147.5,1.0,2018-12-21,151.0,1.0,3.5,0.0,0.0,3.5,2.37,Close entry(s) order TEST,TEST,1
2005,LONG,2018-12-24,148.4,1.0,2018-12-26,144.8,1.0,-3.6,0.0,0.0,-3.6,-2.43,Close entry(s) order TEST,TEST,1
2006,LONG,2018-12-27,143.0,1.0,2018-12-28,138.1,1.0,-4.9,0.0,0.0,-4.9,-3.43,Close entry(s) order TEST,TEST,1
2007,LONG,2018-12-31,141.6,1.0,2019-01-01,138.6,1.0,-3.0,0.0,0.0,-3.0,-2.12,Close entry(s) order TEST,TEST,1
2008,LONG,2019-01-02,139.1,1.0,2019-01-03,136.0,1.0,-3.1,0.0,0.0,-3.1,-2.23,Close entry(s) order TEST,TEST,1
2009,LONG,2019-01-04,133.1,1.0,2019-01-07,134.4,1.0,1.3,0.0,0.0,1.3,0.98,Close entry(s) order TEST,TEST,1
2010,LONG,2019-01-08,138.8,1.0,2019-01-09,135.3,1.0,-3.5,0.0,0.0,-3.5,-2.52,Close entry(s) order TEST,TEST,1
2011,LONG,2019-01-10,134.6,1.0,2019-01-11,135.9,1.0,1.3,0.0,0.0,1.3,0.97,Close entry(s) order TEST,TEST,1
2012,LONG,2019-01-14,138.6,1.0,2019-01-15,135.4,1.0,-3.2,0.0,0.0,-3.2,-2.31,Close entry(s) order TEST,TEST,1
2013,LONG,2019-01-16,132.1,1.0,2019-01-17,129.0,1.0,-3.1,0.0,0.0,-3.1,-2.35,Close entry(s) order TEST,TEST,1
2014,LONG,2019-01-18,125.0,1.0,2019-01-21,120.0,1.0,-5.0,0.0,0.0,-5.0,-4.0,Close entry(s) order TEST,TEST,1
2015,LONG,2019-01-22,117.2,1.0,2019-01-23,116.2,1.0,-1.0,0.0,0.0,-1.0,-0.85,Close entry(s) order TEST,TEST,1
2016,LONG,2019-01-24,115.3,1.0,2019-01-25,112.0,1.0,-3.3,0.0,0.0,-3.3,-2.86,Close entry(s) order TEST,TEST,1
2017,LONG,2019-01-28,106.3,1.0,2019-01-29,107.7,1.0,1.4,0.0,0.0,1.4,1.32,Close entry(s) order TEST,TEST,1
2018,LONG,2019-01-30,109.0,1.0,2019-01-31,105.1,1.0,-3.9,0.0,0.0,-3.9,-3.58,Close entry(s) order TEST,TEST,1
2019,LONG,2019-02-01,105.2,1.0,2019-02-04,105.0,1.0,-0.2,0.0,0.0,-0.2,-0.19,Close entry(s) order TEST,TEST,1
2020,LONG,2019-02-05,102.7,1.0,2019-02-06,103.0,1.0,0.3,0.0,0.0,0.3,0.29,Close entry(s) order TEST,TEST,1
2021,LONG,2019-02-07,102.9,1.0,2019-02-08,102.0,1.0,-0.9,0.0,0.0,-0.9,-0.87,Close entry(s) order TEST,TEST,1
2022,LONG,2019-02-11,100.0,1.0,2019-02-12,95.1,1.0,-4.9,0.0,0.0,-4.9,-4.9,Close entry(s) order TEST,TEST,1
2023,LONG,2019-02-13,97.6,1.0,2019-02-14,98.2,1.0,0.6,0.0,0.0,0.6,0.61,Close entry(s) order TEST,TEST,1
2024,LONG,2019-02-15,95.2,1.0,2019-02-18,92.5,1.0,-2.7,0.0,0.0,-2.7,-2.84,Close entry(s) order TEST,TEST,1
2025,LONG,2019-02-19,90.8,1.0,2019-02-20,99.0,1.0,8.2,0.0,0.0,8.2,9.03,Close entry(s) order TEST,TEST,1
2026,LONG,2019-02-21,101.5,1.0,2019-02-22,107.0,1.0,5.5,0.0,0.0,5.5,5.42,Close entry(s) order TEST,TEST,1
2027,LONG,2019-02-25,113.3,1.0,2019-02-26,108.1,1.0,-5.2,0.0,0.0,-5.2,-4.59,Close entry(s) order TEST,TEST,1
2028,LONG,2019-02-27,111.3,1.0,2019-02-28,107.0,1.0,-4.3,0.0,0.0,-4.3,-3.86,Close entry(s) order TEST,TEST,1
2029,LONG,2019-03-01,109.3,1.0,2019-03-05,116.4,1.0,7.1,0.0,0.0,7.1,6.5,Close entry(s) order TEST,TEST,1
2030,LONG,2019-03-06,121.9,1.0,2019-03-07,118.5,1.0,-3.4,0.0,0.0,-3.4,-2.79,Close entry(s) order TEST,TEST,1
2031,LONG,2019-03-08,120.2,1.0,2019-03-11,116.3,1.0,-3.9,0.0,0.0,-3.9,-3.24,Close entry(s) order TEST,TEST,1
2032,LONG,2019-03-12,127.0,1.0,2019-03-13,124.0,1.0,-3.0,0.0,0.0,-3.0,-2.36,Close entry(s) order TEST,TEST,1
2033,LONG,2019-03-14,119.5,1.0,2019-03-15,121.8,1.0,2.3,0.0,0.0,2.3,1.92,Close entry(s) order TEST,TEST,1
2034,LONG,2019-03-18,120.9,1.0,2019-03-19,117.0,1.0,-3.9,0.0,0.0,-3.9,-3.23,Close entry(s) order TEST,TEST,1
2035,LONG,2019-03-20,120.8,1.0,2019-03-22,118.3,1.0,-2.5,0.0,0.0,-2.5,-2.07,Close entry(s) order TEST,TEST,1
2036,LONG,2019-03-25,117.0,1.0,2019-03-26,119.8,1.0,2.8,0.0,0.0,2.8,2.39,Close entry(s) order TEST,TEST,1
2037,LONG,2019-03-27,125.6,1.0,2019-03-28,134.6,1.0,9.0,0.0,0.0,9.0,7.17,Close entry(s) order TEST,TEST,1
2038,LONG,2019-03-29,132.9,1.0,2019-04-01,143.0,1.0,10.1,0.0,0.0,10.1,7.6,Close entry(s) order TEST,TEST,1
2039,LONG,2019-04-02,146.3,1.0,2019-04-03,143.6,1.0,-2.7,0.0,0.0,-2.7,-1.85,Close entry(s) order TEST,TEST,1
2040,LONG,2019-04-04,145.8,1.0,2019-04-05,148.2,1.0,2.4,0.0,0.0,2.4,1.65,Close entry(s) order TEST,TEST,1
2041,LONG,2019-04-08,146.6,1.0,2019-04-09,144.1,1.0,-2.5,0.0,0.0,-2.5,-1.71,Close entry(s) order TEST,TEST,1
2042,LONG,2019-04-10,138.1,1.0,2019-04-11,144.1,1.0,6.0,0.0,0.0,6.0,4.34,Close entry(s) order TEST,TEST,1
2043,LONG,2019-04-12,136.3,1.0,2019-04-15,137.1,1.0,0.8,0.0,0.0,0.8,0.59,Close entry(s) order TEST,TEST,1
2044,LONG,2019-04-16,140.9,1.0,2019-04-18,141.1,1.0,0.2,0.0,0.0,0.2,0.14,Close entry(s) order TEST,TEST,1
2045,LONG,2019-04-22,135.8,1.0,2019-04-23,135.2,1.0,-0.6,0.0,0.0,-0.6,-0.44,Close entry(s) order TEST,TEST,1
2046,LONG,2019-04-24,133.7,1.0,2019-04-25,137.9,1.0,4.2,0.0,0.0,4.2,3.14,Close entry(s) order TEST,TEST,1
2047,LONG,2019-04-26,133.3,1.0,2019-04-30,132.9,1.0,-0.4,0.0,0.0,-0.4,-0.3,Close entry(s) order TEST,TEST,1
2048,LONG,2019-05-02,133.0,1.0,2019-05-03,132.0,1.0,-1.0,0.0,0.0,-1.0,-0.75,Close entry(s) order TEST,TEST,1
2049,LONG,2019-05-06,130.0,1.0,2019-05-07,133.9,1.0,3.9,0.0,0.0,3.9,3.0,Close entry(s) order TEST,TEST,1
2050,LONG,2019-05-08,129.7,1.0,2019-05-09,132.1,1.0,2.4,0.0,0.0,2.4,1.85,Close entry(s) order TEST,TEST,1
2051,LONG,2019-05-10,143.2,1.0,2019-05-13,144.0,1.0,0.8,0.0,0.0,0.8,0.56,Close entry(s) order TEST,TEST,1
2052,LONG,2019-05-14,139.8,1.0,2019-05-15,130.0,1.0,-9.8,0.0,0.0,-9.8,-7.01,Close entry(s) order TEST,TEST,1
2053,LONG,2019-05-16,133.2,1.0,2019-05-17,129.0,1.0,-4.2,0.0,0.0,-4.2,-3.15,Close entry(s) order TEST,TEST,1
2054,LONG,2019-05-20,134.3,1.0,2019-05-21,138.6,1.0,4.3,0.0,0.0,4.3,3.2,Close entry(s) order TEST,TEST,1
2055,LONG,2019-05-22,134.5,1.0,2019-05-23,138.0,1.0,3.5,0.0,0.0,3.5,2.6,Close entry(s) order TEST,TEST,1
2056,LONG,2019-05-24,137.6,1.0,2019-05-27,144.5,1.0,6.9,0.0,0.0,6.9,5.01,Close entry(s) order TEST,TEST,1
2057,LONG,2019-05-28,142.9,1.0,2019-05-29,149.5,1.0,6.6,0.0,0.0,6.6,4.62,Close entry(s) order TEST,TEST,1
2058,LONG,2019-05-30,146.0,1.0,2019-05-31,142.2,1.0,-3.8,0.0,0.0,-3.8,-2.6,Close entry(s) order TEST,TEST,1
2059,LONG,2019-06-03,141.1,1.0,2019-06-04,144.6,1.0,3.5,0.0,0.0,3.5,2.48,Close entry(s) order TEST,TEST,1
2060,LONG,2019-06-06,142.4,1.0,2019-06-07,138.4,1.0,-4.0,0.0,0.0,-4.0,-2.81,Close entry(s) order TEST,TEST,1
2061,LONG,2019-06-10,139.9,1.0,2019-06-11,140.4,1.0,0.5,0.0,0.0,0.5,0.36,Close entry(s) order TEST,TEST,1
2062,LONG,2019-06-12,139.9,1.0,2019-06-13,139.5,1.0,-0.4,0.0,0.0,-0.4,-0.29,Close entry(s) order TEST,TEST,1
2063,LONG,2019-06-14,142.5,1.0,2019-06-17,142.0,1.0,-0.5,0.0,0.0,-0.5,-0.35,Close entry(s) order TEST,TEST,1
2064,LONG,2019-06-18,138.6,1.0,2019-06-19,139.4,1.0,0.8,0.0,0.0,0.8,0.58,Close entry(s) order TEST,TEST,1
2065,LONG,2019-06-20,137.6,1.0,2019-06-21,138.4,1.0,0.8,0.0,0.0,0.8,0.58,Close entry(s) order TEST,TEST,1
2066,LONG,2019-06-24,141.9,1.0,2019-06-25,135.1,1.0,-6.8,0.0,0.0,-6.8,-4.79,Close entry(s) order TEST,TEST,1
2067,LONG,2019-06-26,138.5,1.0,2019-06-27,140.6,1.0,2.1,0.0,0.0,2.1,1.52,Close entry(s) order TEST,TEST,1
2068,LONG,2019-06-28,140.0,1.0,2019-07-01,140.3,1.0,0.3,0.0,0.0,0.3,0.21,Close entry(s) order TEST,TEST,1
2069,LONG,2019-07-02,148.0,1.0,2019-07-03,145.0,1.0,-3.0,0.0,0.0,-3.0,-2.03,Close entry(s) order TEST,TEST,1
2070,LONG,2019-07-04,143.4,1.0,2019-07-05,147.4,1.0,4.0,0.0,0.0,4.0,2.79,Close entry(s) order TEST,TEST,1
2071,LONG,2019-07-08,140.0,1.0,2019-07-09,141.8,1.0,1.8,0.0,0.0,1.8,1.29,Close entry(s) order TEST,TEST,1
2072,LONG,2019-07-10,138.6,1.0,2019-07-11,138.0,1.0,-0.6,0.0,0.0,-0.6,-0.43,Close entry(s) order TEST,TEST,1
2073,LONG,2019-07-12,137.0,1.0,2019-07-15,138.4,1.0,1.4,0.0,0.0,1.4,1.02,Close entry(s) order TEST,TEST,1
2074,LONG,2019-07-16,136.4,1.0,2019-07-17,136.4,1.0,0.0,0.0,0.0,0.0,0.0,Close entry(s) order TEST,TEST,1
2075,LONG,2019-07-18,135.9,1.0,2019-07-19,135.2,1.0,-0.7,0.0,0.0,-0.7,-0.52,Close entry(s) order TEST,TEST,1
2076,LONG,2019-07-22,129.8,1.0,2019-07-23,126.0,1.0,-3.8,0.0,0.0,-3.8,-2.93,Close entry(s) order TEST,TEST,1
2077,LONG,2019-07-24,126.3,1.0,2019-07-25,122.8,1.0,-3.5,0.0,0.0,-3.5,-2.77,Close entry(s) order TEST,TEST,1
2078,LONG,2019-07-26,122.4,1.0,2019-07-29,119.8,1.0,-2.6,0.0,0.0,-2.6,-2.12,Close entry(s) order TEST,TEST,1
2079,LONG,2019-07-30,112.0,1.0,2019-07-31,107.7,1.0,-4.3,0.0,0.0,-4.3,-3.84,Close entry(s) order TEST,TEST,1
2080,LONG,2019-08-01,112.0,1.0,2019-08-02,113.7,1.0,1.7,0.0,0.0,1.7,1.52,Close entry(s) order TEST,TEST,1
2081,LONG,2019-08-05,120.0,1.0,2019-08-06,114.7,1.0,-5.3,0.0,0.0,-5.3,-4.42,Close entry(s) order TEST,TEST,1
2082,LONG,2019-08-07,115.2,1.0,2019-08-08,118.1,1.0,2.9,0.0,0.0,2.9,2.52,Close entry(s) order TEST,TEST,1
2083,LONG,2019-08-09,118.0,1.0,2019-08-13,116.8,1.0,-1.2,0.0,0.0,-1.2,-1.02,Close entry(s) order TEST,TEST,1
2084,LONG,2019-08-14,114.9,1.0,2019-08-16,118.9,1.0,4.0,0.0,0.0,4.0,3.48,Close entry(s) order TEST,TEST,1
2085,LONG,2019-08-19,115.8,1.0,2019-08-20,116.0,1.0,0.2,0.0,0.0,0.2,0.17,Close entry(s) order TEST,TEST,1
2086,LONG,2019-08-21,114.5,1.0,2019-08-22,112.6,1.0,-1.9,0.0,0.0,-1.9,-1.66,Close entry(s) order TEST,TEST,1
2087,LONG,2019-08-23,107.8,1.0,2019-08-26,114.7,1.0,6.9,0.0,0.0,6.9,6.4,Close entry(s) order TEST,TEST,1
2088,LONG,2019-08-27,115.2,1.0,2019-08-28,115.7,1.0,0.5,0.0,0.0,0.5,0.43,Close entry(s) order TEST,TEST,1
2089,LONG,2019-08-29,117.2,1.0,2019-08-30,119.8,1.0,2.6,0.0,0.0,2.6,2.22,Close entry(s) order TEST,TEST,1
2090,LONG,2019-09-03,120.8,1.0,2019-09-04,119.7,1.0,-1.1,0.0,0.0,-1.1,-0.91,Close entry(s) order TEST,TEST,1
2091,LONG,2019-09-05,121.2,1.0,2019-09-06,125.5,1.0,4.3,0.0,0.0,4.3,3.55,Close entry(s) order TEST,TEST,1
2092,LONG,2019-09-09,129.7,1.0,2019-09-11,127.3,1.0,-2.4,0.0,0.0,-2.4,-1.85,Close entry(s) order TEST,TEST,1
2093,LONG,2019-09-12,133.0,1.0,2019-09-13,135.0,1.0,2.0,0.0,0.0,2.0,1.5,Close entry(s) order TEST,TEST,1
2094,LONG,2019-09-16,129.9,1.0,2019-09-17,134.6,1.0,4.7,0.0,0.0,4.7,3.62,Close entry(s) order TEST,TEST,1
2095,LONG,2019-09-18,130.0,1.0,2019-09-19,132.2,1.0,2.2,0.0,0.0,2.2,1.69,Close entry(s) order TEST,TEST,1
2096,LONG,2019-09-20,127.0,1.0,2019-09-23,134.9,1.0,7.9,0.0,0.0,7.9,6.22,Close entry(s) order TEST,TEST,1
2097,LONG,2019-09-24,137.8,1.0,2019-09-25,138.9,1.0,1.1,0.0,0.0,1.1,0.8,Close entry(s) order TEST,TEST,1
2098,LONG,2019-09-26,136.8,1.0,2019-09-27,138.9,1.0,2.1,0.0,0.0,2.1,1.54,Close entry(s) order TEST,TEST,1
2099,LONG,2019-09-30,139.3,1.0,2019-10-01,134.4,1.0,-4.9,0.0,0.0,-4.9,-3.52,Close entry(s) order TEST,TEST,1
2100,LONG,2019-10-03,125.3,1.0,2019-10-04,125.8,1.0,0.5,0.0,0.0,0.5,0.4,Close entry(s) order TEST,TEST,1
2101,LONG,2019-10-07,125.0,1.0,2019-10-09,123.0,1.0,-2.0,0.0,0.0,-2.0,-1.6,Close entry(s) order TEST,TEST,1
2102,LONG,2019-10-10,125.7,1.0,2019-10-11,131.6,1.0,5.9,0.0,0.0,5.9,4.69,Close entry(s) order TEST,TEST,1
2103,LONG,2019-10-14,129.8,1.0,2019-10-15,129.1,1.0,-0.7,0.0,0.0,-0.7,-0.54,Close entry(s) order TEST,TEST,1
2104,LONG,2019-10-16,133.0,1.0,2019-10-17,134.0,1.0,1.0,0.0,0.0,1.0,0.75,Close entry(s) order TEST,TEST,1
2105,LONG,2019-10-18,130.7,1.0,2019-10-22,130.2,1.0,-0.5,0.0,0.0,-0.5,-0.38,Close entry(s) order TEST,TEST,1
2106,LONG,2019-10-23,140.0,1.0,2019-10-24,144.9,1.0,4.9,0.0,0.0,4.9,3.5,Close entry(s) order TEST,TEST,1
2107,LONG,2019-10-25,144.4,1.0,2019-10-29,146.8,1.0,2.4,0.0,0.0,2.4,1.66,Close entry(s) order TEST,TEST,1
2108,LONG,2019-10-30,150.0,1.0,2019-10-31,148.9,1.0,-1.1,0.0,0.0,-1.1,-0.73,Close entry(s) order TEST,TEST,1
2109,LONG,2019-11-01,148.4,1.0,2019-11-04,147.4,1.0,-1.0,0.0,0.0,-1.0,-0.67,Close entry(s) order TEST,TEST,1
2110,LONG,2019-11-05,141.8,1.0,2019-11-06,137.9,1.0,-3.9,0.0,0.0,-3.9,-2.75,Close entry(s) order TEST,TEST,1
2111,LONG,2019-11-07,142.0,1.0,2019-11-08,141.5,1.0,-0.5,0.0,0.0,-0.5,-0.35,Close entry(s) order TEST,TEST,1
2112,LONG,2019-11-11,138.0,1.0,2019-11-13,140.4,1.0,2.4,0.0,0.0,2.4,1.74,Close entry(s) order TEST,TEST,1
2113,LONG,2019-11-14,139.6,1.0,2019-11-15,137.6,1.0,-2.0,0.0,0.0,-2.0,-1.43,Close entry(s) order TEST,TEST,1
2114,LONG,2019-11-18,136.3,1.0,2019-11-19,135.4,1.0,-0.9,0.0,0.0,-0.9,-0.66,Close entry(s) order TEST,TEST,1
2115,LONG,2019-11-20,138.0,1.0,2019-11-21,137.2,1.0,-0.8,0.0,0.0,-0.8,-0.58,Close entry(s) order TEST,TEST,1
2116,LONG,2019-11-22,137.1,1.0,2019-11-25,136.3,1.0,-0.8,0.0,0.0,-0.8,-0.58,Close entry(s) order TEST,TEST,1
2117,LONG,2019-11-26,136.9,1.0,2019-11-27,136.8,1.0,-0.1,0.0,0.0,-0.1,-0.07,Close entry(s) order TEST,TEST,1
2118,LONG,2019-11-28,134.3,1.0,2019-11-29,135.0,1.0,0.7,0.0,0.0,0.7,0.52,Close entry(s) order TEST,TEST,1
2119,LONG,2019-12-02,138.5,1.0,2019-12-03,140.4,1.0,1.9,0.0,0.0,1.9,1.37,Close entry(s) order TEST,TEST,1
2120,LONG,2019-12-04,138.4,1.0,2019-12-05,137.8,1.0,-0.6,0.0,0.0,-0.6,-0.43,Close entry(s) order TEST,TEST,1
2121,LONG,2019-12-06,135.6,1.0,2019-12-09,135.3,1.0,-0.3,0.0,0.0,-0.3,-0.22,Close entry(s) order TEST,TEST,1
2122,LONG,2019-12-10,134.7,1.0,2019-12-11,133.1,1.0,-1.6,0.0,0.0,-1.6,-1.19,Close entry(s) order TEST,TEST,1
2123,LONG,2019-12-12,136.6,1.0,2019-12-13,136.8,1.0,0.2,0.0,0.0,0.2,0.15,Close entry(s) order TEST,TEST,1
2124,LONG,2019-12-16,139.5,1.0,2019-12-17,139.5,1.0,0.0,0.0,0.0,0.0,0.0,Close entry(s) order TEST,TEST,1
2125,LONG,2019-12-18,137.3,1.0,2019-12-19,133.4,1.0,-3.9,0.0,0.0,-3.9,-2.84,Close entry(s) order TEST,TEST,1
2126,LONG,2019-12-20,133.4,1.0,2019-12-23,133.5,1.0,0.1,0.0,0.0,0.1,0.07,Close entry(s) order TEST,TEST,1
2127,LONG,2019-12-24,132.7,1.0,2019-12-26,132.3,1.0,-0.4,0.0,0.0,-0.4,-0.3,Close entry(s) order TEST,TEST,1
2128,LONG,2019-12-27,132.4,1.0,2019-12-30,132.1,1.0,-0.3,0.0,0.0,-0.3,-0.23,Close entry(s) order TEST,TEST,1
2129,LONG,2019-12-31,143.4,1.0,2020-01-01,143.6,1.0,0.2,0.0,0.0,0.2,0.14,Close entry(s) order TEST,TEST,1
2130,LONG,2020-01-02,147.9,1.0,2020-01-03,145.5,1.0,-2.4,0.0,0.0,-2.4,-1.62,Close entry(s) order TEST,TEST,1
2131,LONG,2020-01-06,149.7,1.0,2020-01-07,146.0,1.0,-3.7,0.0,0.0,-3.7,-2.47,Close entry(s) order TEST,TEST,1
2132,LONG,2020-01-08,147.1,1.0,2020-01-09,152.9,1.0,5.8,0.0,0.0,5.8,3.94,Close entry(s) order TEST,TEST,1
2133,LONG,2020-01-10,160.5,1.0,2020-01-13,168.4,1.0,7.9,0.0,0.0,7.9,4.92,Close entry(s) order TEST,TEST,1
2134,LONG,2020-01-14,172.1,1.0,2020-01-15,171.1,1.0,-1.0,0.0,0.0,-1.0,-0.58,Close entry(s) order TEST,TEST,1
2135,LONG,2020-01-16,176.9,1.0,2020-01-17,182.8,1.0,5.9,0.0,0.0,5.9,3.34,Close entry(s) order TEST,TEST,1
2136,LONG,2020-01-20,181.0,1.0,2020-01-21,170.7,1.0,-10.3,0.0,0.0,-10.3,-5.69,Close entry(s) order TEST,TEST,1
2137,LONG,2020-01-22,169.6,1.0,2020-01-23,167.1,1.0,-2.5,0.0,0.0,-2.5,-1.47,Close entry(s) order TEST,TEST,1
2138,LONG,2020-01-24,170.4,1.0,2020-01-27,170.5,1.0,0.1,0.0,0.0,0.1,0.06,Close entry(s) order TEST,TEST,1
2139,LONG,2020-01-28,179.9,1.0,2020-01-29,176.9,1.0,-3.0,0.0,0.0,-3.0,-1.67,Close entry(s) order TEST,TEST,1
2140,LONG,2020-01-30,178.4,1.0,2020-01-31,171.0,1.0,-7.4,0.0,0.0,-7.4,-4.15,Close entry(s) order TEST,TEST,1
2141,LONG,2020-02-01,170.0,1.0,2020-02-03,164.2,1.0,-5.8,0.0,0.0,-5.8,-3.41,Close entry(s) order TEST,TEST,1
2142,LONG,2020-02-04,178.6,1.0,2020-02-05,189.5,1.0,10.9,0.0,0.0,10.9,6.1,Close entry(s) order TEST,TEST,1
2143,LONG,2020-02-06,192.0,1.0,2020-02-07,199.4,1.0,7.4,0.0,0.0,7.4,3.85,Close entry(s) order TEST,TEST,1
2144,LONG,2020-02-10,222.9,1.0,2020-02-11,221.5,1.0,-1.4,0.0,0.0,-1.4,-0.63,Close entry(s) order TEST,TEST,1
2145,LONG,2020-02-12,213.8,1.0,2020-02-13,213.4,1.0,-0.4,0.0,0.0,-0.4,-0.19,Close entry(s) order TEST,TEST,1
2146,LONG,2020-02-14,209.4,1.0,2020-02-17,208.6,1.0,-0.8,0.0,0.0,-0.8,-0.38,Close entry(s) order TEST,TEST,1
2147,LONG,2020-02-18,202.9,1.0,2020-02-19,209.3,1.0,6.4,0.0,0.0,6.4,3.15,Close entry(s) order TEST,TEST,1
2148,LONG,2020-02-20,209.5,1.0,2020-02-24,202.0,1.0,-7.5,0.0,0.0,-7.5,-3.58,Close entry(s) order TEST,TEST,1
2149,LONG,2020-02-25,204.1,1.0,2020-02-26,190.3,1.0,-13.8,0.0,0.0,-13.8,-6.76,Close entry(s) order TEST,TEST,1
2150,LONG,2020-02-27,195.7,1.0,2020-02-28,194.0,1.0,-1.7,0.0,0.0,-1.7,-0.87,Close entry(s) order TEST,TEST,1
2151,LONG,2020-03-02,190.2,1.0,2020-03-03,172.0,1.0,-18.2,0.0,0.0,-18.2,-9.57,Close entry(s) order TEST,TEST,1
2152,LONG,2020-03-04,173.9,1.0,2020-03-05,169.7,1.0,-4.2,0.0,0.0,-4.2,-2.42,Close entry(s) order TEST,TEST,1
2153,LONG,2020-03-06,156.9,1.0,2020-03-09,146.5,1.0,-10.4,0.0,0.0,-10.4,-6.63,Close entry(s) order TEST,TEST,1
2154,LONG,2020-03-11,120.3,1.0,2020-03-12,109.0,1.0,-11.3,0.0,0.0,-11.3,-9.39,Close entry(s) order TEST,TEST,1
2155,LONG,2020-03-13,96.7,1.0,2020-03-16,90.3,1.0,-6.4,0.0,0.0,-6.4,-6.62,Close entry(s) order TEST,TEST,1
2156,LONG,2020-03-17,88.8,1.0,2020-03-18,86.4,1.0,-2.4,0.0,0.0,-2.4,-2.7,Close entry(s) order TEST,TEST,1
2157,LONG,2020-03-19,74.9,1.0,2020-03-20,74.5,1.0,-0.4,0.0,0.0,-0.4,-0.53,Close entry(s) order TEST,TEST,1
2158,LONG,2020-03-23,68.4,1.0,2020-03-24,65.0,1.0,-3.4,0.0,0.0,-3.4,-4.97,Close entry(s) order TEST,TEST,1
2159,LONG,2020-03-25,61.8,1.0,2020-03-26,64.0,1.0,2.2,0.0,0.0,2.2,3.56,Close entry(s) order TEST,TEST,1
2160,LONG,2020-03-27,69.0,1.0,2020-03-30,62.0,1.0,-7.0,0.0,0.0,-7.0,-10.14,Close entry(s) order TEST,TEST,1
2161,LONG,2020-03-31,63.3,1.0,2020-04-01,63.0,1.0,-0.3,0.0,0.0,-0.3,-0.47,Close entry(s) order TEST,TEST,1
2162,LONG,2020-04-03,63.9,1.0,2020-04-07,67.5,1.0,3.6,0.0,0.0,3.6,5.63,Close entry(s) order TEST,TEST,1
2163,LONG,2020-04-08,65.2,1.0,2020-04-09,66.5,1.0,1.3,0.0,0.0,1.3,1.99,Close entry(s) order TEST,TEST,1
2164,LONG,2020-04-13,70.9,1.0,2020-04-15,70.4,1.0,-0.5,0.0,0.0,-0.5,-0.71,Close entry(s) order TEST,TEST,1
2165,LONG,2020-04-16,67.7,1.0,2020-04-17,69.4,1.0,1.7,0.0,0.0,1.7,2.51,Close entry(s) order TEST,TEST,1
2166,LONG,2020-04-20,69.0,1.0,2020-04-21,68.9,1.0,-0.1,0.0,0.0,-0.1,-0.14,Close entry(s) order TEST,TEST,1
2167,LONG,2020-04-22,64.2,1.0,2020-04-23,66.4,1.0,2.2,0.0,0.0,2.2,3.43,Close entry(s) order TEST,TEST,1
2168,LONG,2020-04-24,68.3,1.0,2020-04-27,65.4,1.0,-2.9,0.0,0.0,-2.9,-4.25,Close entry(s) order TEST,TEST,1
2169,LONG,2020-04-28,66.7,1.0,2020-04-29,65.5,1.0,-1.2,0.0,0.0,-1.2,-1.8,Close entry(s) order TEST,TEST,1
2170,LONG,2020-04-30,66.5,1.0,2020-05-04,63.5,1.0,-3.0,0.0,0.0,-3.0,-4.51,Close entry(s) order TEST,TEST,1
2171,LONG,2020-05-05,61.1,1.0,2020-05-06,62.2,1.0,1.1,0.0,0.0,1.1,1.8,Close entry(s) order TEST,TEST,1
2172,LONG,2020-05-07,59.8,1.0,2020-05-08,61.4,1.0,1.6,0.0,0.0,1.6,2.68,Close entry(s) order TEST,TEST,1
2173,LONG,2020-05-11,63.5,1.0,2020-05-12,60.7,1.0,-2.8,0.0,0.0,-2.8,-4.41,Close entry(s) order TEST,TEST,1
2174,LONG,2020-05-13,63.8,1.0,2020-05-14,61.0,1.0,-2.8,0.0,0.0,-2.8,-4.39,Close entry(s) order TEST,TEST,1
2175,LONG,2020-05-15,61.8,1.0,2020-05-18,60.3,1.0,-1.5,0.0,0.0,-1.5,-2.43,Close entry(s) order TEST,TEST,1
2176,LONG,2020-05-19,57.5,1.0,2020-05-20,56.5,1.0,-1.0,0.0,0.0,-1.0,-1.74,Close entry(s) order TEST,TEST,1
2177,LONG,2020-05-21,57.0,1.0,2020-05-22,57.0,1.0,0.0,0.0,0.0,0.0,0.0,Close entry(s) order TEST,TEST,1
2178,LONG,2020-05-26,56.5,1.0,2020-05-27,55.4,1.0,-1.1,0.0,0.0,-1.1,-1.95,Close entry(s) order TEST,TEST,1
2179,LONG,2020-05-28,56.0,1.0,2020-05-29,58.5,1.0,2.5,0.0,0.0,2.5,4.46,Close entry(s) order TEST,TEST,1
2180,LONG,2020-06-01,62.9,1.0,2020-06-02,66.0,1.0,3.1,0.0,0.0,3.1,4.93,Close entry(s) order TEST,TEST,1
2181,LONG,2020-06-03,69.3,1.0,2020-06-04,71.7,1.0,2.4,0.0,0.0,2.4,3.46,Close entry(s) order TEST,TEST,1
2182,LONG,2020-06-05,71.9,1.0,2020-06-08,78.3,1.0,6.4,0.0,0.0,6.4,8.9,Close entry(s) order TEST,TEST,1
2183,LONG,2020-06-09,82.3,1.0,2020-06-10,84.0,1.0,1.7,0.0,0.0,1.7,2.07,Close entry(s) order TEST,TEST,1
2184,LONG,2020-06-11,78.5,1.0,2020-06-12,71.6,1.0,-6.9,0.0,0.0,-6.9,-8.79,Close entry(s) order TEST,TEST,1
2185,LONG,2020-06-15,75.6,1.0,2020-06-16,80.8,1.0,5.2,0.0,0.0,5.2,6.88,Close entry(s) order TEST,TEST,1
2186,LONG,2020-06-17,84.3,1.0,2020-06-18,84.3,1.0,0.0,0.0,0.0,0.0,0.0,Close entry(s) order TEST,TEST,1
2187,LONG,2020-06-19,83.0,1.0,2020-06-22,81.9,1.0,-1.1,0.0,0.0,-1.1,-1.33,Close entry(s) order TEST,TEST,1
2188,LONG,2020-06-23,81.3,1.0,2020-06-24,89.4,1.0,8.1,0.0,0.0,8.1,9.96,Close entry(s) order TEST,TEST,1
2189,LONG,2020-06-25,82.8,1.0,2020-06-26,85.4,1.0,2.6,0.0,0.0,2.6,3.14,Close entry(s) order TEST,TEST,1
2190,LONG,2020-06-29,83.9,1.0,2020-06-30,81.3,1.0,-2.6,0.0,0.0,-2.6,-3.1,Close entry(s) order TEST,TEST,1
2191,LONG,2020-07-01,80.1,1.0,2020-07-02,81.0,1.0,0.9,0.0,0.0,0.9,1.12,Close entry(s) order TEST,TEST,1
2192,LONG,2020-07-03,81.3,1.0,2020-07-06,80.2,1.0,-1.1,0.0,0.0,-1.1,-1.35,Close entry(s) order TEST,TEST,1
2193,LONG,2020-07-07,83.7,1.0,2020-07-08,82.6,1.0,-1.1,0.0,0.0,-1.1,-1.31,Close entry(s) order TEST,TEST,1
2194,LONG,2020-07-09,86.0,1.0,2020-07-10,88.4,1.0,2.4,0.0,0.0,2.4,2.79,Close entry(s) order TEST,TEST,1
2195,LONG,2020-07-13,87.8,1.0,2020-07-14,85.0,1.0,-2.8,0.0,0.0,-2.8,-3.19,Close entry(s) order TEST,TEST,1
2196,LONG,2020-07-15,82.9,1.0,2020-07-16,80.1,1.0,-2.8,0.0,0.0,-2.8,-3.38,Close entry(s) order TEST,TEST,1
2197,LONG,2020-07-17,82.9,1.0,2020-07-20,82.8,1.0,-0.1,0.0,0.0,-0.1,-0.12,Close entry(s) order TEST,TEST,1
2198,LONG,2020-07-21,82.8,1.0,2020-07-22,82.6,1.0,-0.2,0.0,0.0,-0.2,-0.24,Close entry(s) order TEST,TEST,1
2199,LONG,2020-07-23,81.9,1.0,2020-07-24,81.5,1.0,-0.4,0.0,0.0,-0.4,-0.49,Close entry(s) order TEST,TEST,1
2200,LONG,2020-07-27,81.1,1.0,2020-07-28,80.3,1.0,-0.8,0.0,0.0,-0.8,-0.99,Close entry(s) order TEST,TEST,1
2201,LONG,2020-07-29,84.7,1.0,2020-07-30,83.3,1.0,-1.4,0.0,0.0,-1.4,-1.65,Close entry(s) order TEST,TEST,1
2202,LONG,2020-07-31,84.2,1.0,2020-08-03,87.9,1.0,3.7,0.0,0.0,3.7,4.39,Close entry(s) order TEST,TEST,1
2203,LONG,2020-08-04,96.8,1.0,2020-08-05,101.5,1.0,4.7,0.0,0.0,4.7,4.86,Close entry(s) order TEST,TEST,1
2204,LONG,2020-08-06,99.7,1.0,2020-08-07,101.8,1.0,2.1,0.0,0.0,2.1,2.11,Close entry(s) order TEST,TEST,1
2205,LONG,2020-08-10,103.7,1.0,2020-08-11,103.7,1.0,0.0,0.0,0.0,0.0,0.0,Close entry(s) order TEST,TEST,1
2206,LONG,2020-08-12,109.9,1.0,2020-08-13,113.5,1.0,3.6,0.0,0.0,3.6,3.28,Close entry(s) order TEST,TEST,1
2207,LONG,2020-08-14,112.0,1.0,2020-08-17,108.0,1.0,-4.0,0.0,0.0,-4.0,-3.57,Close entry(s) order TEST,TEST,1
2208,LONG,2020-08-18,110.4,1.0,2020-08-19,115.8,1.0,5.4,0.0,0.0,5.4,4.89,Close entry(s) order TEST,TEST,1
2209,LONG,2020-08-20,114.0,1.0,2020-08-21,117.8,1.0,3.8,0.0,0.0,3.8,3.33,Close entry(s) order TEST,TEST,1
2210,LONG,2020-08-24,116.2,1.0,2020-08-25,118.8,1.0,2.6,0.0,0.0,2.6,2.24,Close entry(s) order TEST,TEST,1
2211,LONG,2020-08-26,115.5,1.0,2020-08-27,115.8,1.0,0.3,0.0,0.0,0.3,0.26,Close entry(s) order TEST,TEST,1
2212,LONG,2020-08-28,116.1,1.0,2020-08-31,114.1,1.0,-2.0,0.0,0.0,-2.0,-1.72,Close entry(s) order TEST,TEST,1
2213,LONG,2020-09-01,104.1,1.0,2020-09-02,108.1,1.0,4.0,0.0,0.0,4.0,3.84,Close entry(s) order TEST,TEST,1
2214,LONG,2020-09-03,109.6,1.0,2020-09-04,105.5,1.0,-4.1,0.0,0.0,-4.1,-3.74,Close entry(s) order TEST,TEST,1
2215,LONG,2020-09-07,106.8,1.0,2020-09-08,106.0,1.0,-0.8,0.0,0.0,-0.8,-0.75,Close entry(s) order TEST,TEST,1
2216,LONG,2020-09-09,98.6,1.0,2020-09-10,96.9,1.0,-1.7,0.0,0.0,-1.7,-1.72,Close entry(s) order TEST,TEST,1
2217,LONG,2020-09-11,99.4,1.0,2020-09-14,100.1,1.0,0.7,0.0,0.0,0.7,0.7,Close entry(s) order TEST,TEST,1
2218,LONG,2020-09-15,108.1,1.0,2020-09-16,109.0,1.0,0.9,0.0,0.0,0.9,0.83,Close entry(s) order TEST,TEST,1
2219,LONG,2020-09-17,109.6,1.0,2020-09-18,112.8,1.0,3.2,0.0,0.0,3.2,2.92,Close entry(s) order TEST,TEST,1
2220,LONG,2020-09-21,115.4,1.0,2020-09-22,107.2,1.0,-8.2,0.0,0.0,-8.2,-7.11,Close entry(s) order TEST,TEST,1
2221,LONG,2020-09-23,105.0,1.0,2020-09-24,97.7,1.0,-7.3,0.0,0.0,-7.3,-6.95,Close entry(s) order TEST,TEST,1
2222,LONG,2020-09-25,100.0,1.0,2020-09-28,105.0,1.0,5.0,0.0,0.0,5.0,5.0,Close entry(s) order TEST,TEST,1
2223,LONG,2020-09-29,110.0,1.0,2020-09-30,113.7,1.0,3.7,0.0,0.0,3.7,3.36,Close entry(s) order TEST,TEST,1
2224,LONG,2020-10-01,115.0,1.0,2020-10-05,113.0,1.0,-2.0,0.0,0.0,-2.0,-1.74,Close entry(s) order TEST,TEST,1
2225,LONG,2020-10-06,119.0,1.0,2020-10-07,119.7,1.0,0.7,0.0,0.0,0.7,0.59,Close entry(s) order TEST,TEST,1
2226,LONG,2020-10-08,118.0,1.0,2020-10-09,114.7,1.0,-3.3,0.0,0.0,-3.3,-2.8,Close entry(s) order TEST,TEST,1
2227,LONG,2020-10-12,115.0,1.0,2020-10-13,106.9,1.0,-8.1,0.0,0.0,-8.1,-7.04,Close entry(s) order TEST,TEST,1
2228,LONG,2020-10-14,107.0,1.0,2020-10-15,113.0,1.0,6.0,0.0,0.0,6.0,5.61,Close entry(s) order TEST,TEST,1
2229,LONG,2020-10-16,109.0,1.0,2020-10-19,115.8,1.0,6.8,0.0,0.0,6.8,6.24,Close entry(s) order TEST,TEST,1
2230,LONG,2020-10-20,114.8,1.0,2020-10-21,113.9,1.0,-0.9,0.0,0.0,-0.9,-0.78,Close entry(s) order TEST,TEST,1
2231,LONG,2020-10-22,109.1,1.0,2020-10-23,117.6,1.0,8.5,0.0,0.0,8.5,7.79,Close entry(s) order TEST,TEST,1
2232,LONG,2020-10-26,118.3,1.0,2020-10-27,114.0,1.0,-4.3,0.0,0.0,-4.3,-3.63,Close entry(s) order TEST,TEST,1
2233,LONG,2020-10-28,114.8,1.0,2020-10-29,112.6,1.0,-2.2,0.0,0.0,-2.2,-1.92,Close entry(s) order TEST,TEST,1
2234,LONG,2020-10-30,114.2,1.0,2020-11-02,108.0,1.0,-6.2,0.0,0.0,-6.2,-5.43,Close entry(s) order TEST,TEST,1
2235,LONG,2020-11-03,102.7,1.0,2020-11-04,102.0,1.0,-0.7,0.0,0.0,-0.7,-0.68,Close entry(s) order TEST,TEST,1
2236,LONG,2020-11-05,102.4,1.0,2020-11-06,101.8,1.0,-0.6,0.0,0.0,-0.6,-0.59,Close entry(s) order TEST,TEST,1
2237,LONG,2020-11-09,101.5,1.0,2020-11-10,104.5,1.0,3.0,0.0,0.0,3.0,2.96,Close entry(s) order TEST,TEST,1
2238,LONG,2020-11-11,102.6,1.0,2020-11-12,101.9,1.0,-0.7,0.0,0.0,-0.7,-0.68,Close entry(s) order TEST,TEST,1
2239,LONG,2020-11-13,102.0,1.0,2020-11-14,102.0,1.0,0.0,0.0,0.0,0.0,0.0,Close entry(s) order TEST,TEST,1
2240,LONG,2020-11-17,102.2,1.0,2020-11-18,107.0,1.0,4.8,0.0,0.0,4.8,4.7,Close entry(s) order TEST,TEST,1
2241,LONG,2020-11-19,109.0,1.0,2020-11-20,108.8,1.0,-0.2,0.0,0.0,-0.2,-0.18,Close entry(s) order TEST,TEST,1
2242,LONG,2020-11-23,113.8,1.0,2020-11-24,112.0,1.0,-1.8,0.0,0.0,-1.8,-1.58,Close entry(s) order TEST,TEST,1
2243,LONG,2020-11-25,112.3,1.0,2020-11-26,116.1,1.0,3.8,0.0,0.0,3.8,3.38,Close entry(s) order TEST,TEST,1
2244,LONG,2020-11-27,116.0,1.0,2020-12-01,118.2,1.0,2.2,0.0,0.0,2.2,1.9,Close entry(s) order TEST,TEST,1
2245,LONG,2020-12-02,126.6,1.0,2020-12-03,127.3,1.0,0.7,0.0,0.0,0.7,0.55,Close entry(s) order TEST,TEST,1
2246,LONG,2020-12-04,129.1,1.0,2020-12-07,126.7,1.0,-2.4,0.0,0.0,-2.4,-1.86,Close entry(s) order TEST,TEST,1
2247,LONG,2020-12-08,130.0,1.0,2020-12-09,126.3,1.0,-3.7,0.0,0.0,-3.7,-2.85,Close entry(s) order TEST,TEST,1
2248,LONG,2020-12-10,125.6,1.0,2020-12-11,132.9,1.0,7.3,0.0,0.0,7.3,5.81,Close entry(s) order TEST,TEST,1
2249,LONG,2020-12-14,134.8,1.0,2020-12-15,130.0,1.0,-4.8,0.0,0.0,-4.8,-3.56,Close entry(s) order TEST,TEST,1
2250,LONG,2020-12-16,140.0,1.0,2020-12-17,137.6,1.0,-2.4,0.0,0.0,-2.4,-1.71,Close entry(s) order TEST,TEST,1
2251,LONG,2020-12-18,135.8,1.0,2020-12-21,131.5,1.0,-4.3,0.0,0.0,-4.3,-3.17,Close entry(s) order TEST,TEST,1
2252,LONG,2020-12-22,119.0,1.0,2020-12-23,126.4,1.0,7.4,0.0,0.0,7.4,6.22,Close entry(s) order TEST,TEST,1
2253,LONG,2020-12-24,127.5,1.0,2020-12-28,130.0,1.0,2.5,0.0,0.0,2.5,1.96,Close entry(s) order TEST,TEST,1
2254,LONG,2020-12-29,134.9,1.0,2020-12-30,131.2,1.0,-3.7,0.0,0.0,-3.7,-2.74,Close entry(s) order TEST,TEST,1
2255,LONG,2020-12-31,136.4,1.0,2021-01-01,132.5,1.0,-3.9,0.0,0.0,-3.9,-2.86,Close entry(s) order TEST,TEST,1
2256,LONG,2021-01-04,132.6,1.0,2021-01-05,132.3,1.0,-0.3,0.0,0.0,-0.3,-0.23,Close entry(s) order TEST,TEST,1
2257,LONG,2021-01-06,134.0,1.0,2021-01-07,133.2,1.0,-0.8,0.0,0.0,-0.8,-0.6,Close entry(s) order TEST,TEST,1
2258,LONG,2021-01-08,143.4,1.0,2021-01-11,143.8,1.0,0.4,0.0,0.0,0.4,0.28,Close entry(s) order TEST,TEST,1
2259,LONG,2021-01-12,139.5,1.0,2021-01-13,140.0,1.0,0.5,0.0,0.0,0.5,0.36,Close entry(s) order TEST,TEST,1
2260,LONG,2021-01-14,141.0,1.0,2021-01-15,137.3,1.0,-3.7,0.0,0.0,-3.7,-2.62,Close entry(s) order TEST,TEST,1
2261,LONG,2021-01-18,135.0,1.0,2021-01-19,129.7,1.0,-5.3,0.0,0.0,-5.3,-3.93,Close entry(s) order TEST,TEST,1
2262,LONG,2021-01-20,133.7,1.0,2021-01-21,134.5,1.0,0.8,0.0,0.0,0.8,0.6,Close entry(s) order TEST,TEST,1
2263,LONG,2021-01-22,133.8,1.0,2021-01-25,129.9,1.0,-3.9,0.0,0.0,-3.9,-2.91,Close entry(s) order TEST,TEST,1
2264,LONG,2021-01-27,124.0,1.0,2021-01-28,126.2,1.0,2.2,0.0,0.0,2.2,1.77,Close entry(s) order TEST,TEST,1
2265,LONG,2021-01-29,124.4,1.0,2021-02-01,120.1,1.0,-4.3,0.0,0.0,-4.3,-3.46,Close entry(s) order TEST,TEST,1
2266,LONG,2021-02-02,125.0,1.0,2021-02-03,124.5,1.0,-0.5,0.0,0.0,-0.5,-0.4,Close entry(s) order TEST,TEST,1
2267,LONG,2021-02-04,126.5,1.0,2021-02-05,129.0,1.0,2.5,0.0,0.0,2.5,1.98,Close entry(s) order TEST,TEST,1
2268,LONG,2021-02-08,127.2,1.0,2021-02-09,126.5,1.0,-0.7,0.0,0.0,-0.7,-0.55,Close entry(s) order TEST,TEST,1
2269,LONG,2021-02-10,123.1,1.0,2021-02-11,123.0,1.0,-0.1,0.0,0.0,-0.1,-0.08,Close entry(s) order TEST,TEST,1
2270,LONG,2021-02-12,125.0,1.0,2021-02-15,123.0,1.0,-2.0,0.0,0.0,-2.0,-1.6,Close entry(s) order TEST,TEST,1
2271,LONG,2021-02-16,124.9,1.0,2021-02-17,126.0,1.0,1.1,0.0,0.0,1.1,0.88,Close entry(s) order TEST,TEST,1
2272,LONG,2021-02-18,125.4,1.0,2021-02-19,126.7,1.0,1.3,0.0,0.0,1.3,1.04,Close entry(s) order TEST,TEST,1
2273,LONG,2021-02-22,125.8,1.0,2021-02-23,123.1,1.0,-2.7,0.0,0.0,-2.7,-2.15,Close entry(s) order TEST,TEST,1
2274,LONG,2021-02-24,122.5,1.0,2021-02-25,126.4,1.0,3.9,0.0,0.0,3.9,3.18,Close entry(s) order TEST,TEST,1
2275,LONG,2021-02-26,129.0,1.0,2021-03-01,131.6,1.0,2.6,0.0,0.0,2.6,2.02,Close entry(s) order TEST,TEST,1
2276,LONG,2021-03-02,133.1,1.0,2021-03-03,134.4,1.0,1.3,0.0,0.0,1.3,0.98,Close entry(s) order TEST,TEST,1
2277,LONG,2021-03-04,131.0,1.0,2021-03-05,138.0,1.0,7.0,0.0,0.0,7.0,5.34,Close entry(s) order TEST,TEST,1
2278,LONG,2021-03-08,134.2,1.0,2021-03-09,137.6,1.0,3.4,0.0,0.0,3.4,2.53,Close entry(s) order TEST,TEST,1
2279,LONG,2021-03-10,133.8,1.0,2021-03-12,137.5,1.0,3.7,0.0,0.0,3.7,2.77,Close entry(s) order TEST,TEST,1
2280,LONG,2021-03-15,133.1,1.0,2021-03-16,131.4,1.0,-1.7,0.0,0.0,-1.7,-1.28,Close entry(s) order TEST,TEST,1
2281,LONG,2021-03-17,130.6,1.0,2021-03-18,129.5,1.0,-1.1,0.0,0.0,-1.1,-0.84,Close entry(s) order TEST,TEST,1
2282,LONG,2021-03-19,134.0,1.0,2021-03-22,134.9,1.0,0.9,0.0,0.0,0.9,0.67,Close entry(s) order TEST,TEST,1
2283,LONG,2021-03-23,136.0,1.0,2021-03-24,134.1,1.0,-1.9,0.0,0.0,-1.9,-1.4,Close entry(s) order TEST,TEST,1
2284,LONG,2021-03-25,131.7,1.0,2021-03-26,134.9,1.0,3.2,0.0,0.0,3.2,2.43,Close entry(s) order TEST,TEST,1
2285,LONG,2021-03-30,135.6,1.0,2021-03-31,134.5,1.0,-1.1,0.0,0.0,-1.1,-0.81,Close entry(s) order TEST,TEST,1
2286,LONG,2021-04-01,140.7,1.0,2021-04-05,148.5,1.0,7.8,0.0,0.0,7.8,5.54,Close entry(s) order TEST,TEST,1
2287,LONG,2021-04-06,139.0,1.0,2021-04-07,142.3,1.0,3.3,0.0,0.0,3.3,2.37,Close entry(s) order TEST,TEST,1
2288,LONG,2021-04-08,150.9,1.0,2021-04-09,154.0,1.0,3.1,0.0,0.0,3.1,2.05,Close entry(s) order TEST,TEST,1
2289,LONG,2021-04-12,155.0,1.0,2021-04-13,150.1,1.0,-4.9,0.0,0.0,-4.9,-3.16,Close entry(s) order TEST,TEST,1
2290,LONG,2021-04-15,148.6,1.0,2021-04-16,145.9,1.0,-2.7,0.0,0.0,-2.7,-1.82,Close entry(s) order TEST,TEST,1
2291,LONG,2021-04-19,139.6,1.0,2021-04-20,139.0,1.0,-0.6,0.0,0.0,-0.6,-0.43,Close entry(s) order TEST,TEST,1
2292,LONG,2021-04-22,136.9,1.0,2021-04-23,136.3,1.0,-0.6,0.0,0.0,-0.6,-0.44,Close entry(s) order TEST,TEST,1
2293,LONG,2021-04-26,140.0,1.0,2021-04-27,145.8,1.0,5.8,0.0,0.0,5.8,4.14,Close entry(s) order TEST,TEST,1
2294,LONG,2021-04-28,154.0,1.0,2021-04-29,149.5,1.0,-4.5,0.0,0.0,-4.5,-2.92,Close entry(s) order TEST,TEST,1
2295,LONG,2021-04-30,144.6,1.0,2021-05-03,143.4,1.0,-1.2,0.0,0.0,-1.2,-0.83,Close entry(s) order TEST,TEST,1
2296,LONG,2021-05-04,146.9,1.0,2021-05-05,140.4,1.0,-6.5,0.0,0.0,-6.5,-4.42,Close entry(s) order TEST,TEST,1
2297,LONG,2021-05-06,141.9,1.0,2021-05-07,145.0,1.0,3.1,0.0,0.0,3.1,2.18,Close entry(s) order TEST,TEST,1
2298,LONG,2021-05-10,146.9,1.0,2021-05-11,146.7,1.0,-0.2,0.0,0.0,-0.2,-0.14,Close entry(s) order TEST,TEST,1
2299,LONG,2021-05-12,145.3,1.0,2021-05-14,145.7,1.0,0.4,0.0,0.0,0.4,0.28,Close entry(s) order TEST,TEST,1
2300,LONG,2021-05-17,144.0,1.0,2021-05-18,143.0,1.0,-1.0,0.0,0.0,-1.0,-0.69,Close entry(s) order TEST,TEST,1
2301,LONG,2021-05-19,142.0,1.0,2021-05-20,144.8,1.0,2.8,0.0,0.0,2.8,1.97,Close entry(s) order TEST,TEST,1
2302,LONG,2021-05-21,142.6,1.0,2021-05-24,149.0,1.0,6.4,0.0,0.0,6.4,4.49,Close entry(s) order TEST,TEST,1
2303,LONG,2021-05-25,150.0,1.0,2021-05-26,144.2,1.0,-5.8,0.0,0.0,-5.8,-3.87,Close entry(s) order TEST,TEST,1
2304,LONG,2021-05-27,144.8,1.0,2021-05-28,149.9,1.0,5.1,0.0,0.0,5.1,3.52,Close entry(s) order TEST,TEST,1
2305,LONG,2021-05-31,150.2,1.0,2021-06-01,153.0,1.0,2.8,0.0,0.0,2.8,1.86,Close entry(s) order TEST,TEST,1
2306,LONG,2021-06-02,145.9,1.0,2021-06-03,150.6,1.0,4.7,0.0,0.0,4.7,3.22,Close entry(s) order TEST,TEST,1
2307,LONG,2021-06-04,150.3,1.0,2021-06-07,153.7,1.0,3.4,0.0,0.0,3.4,2.26,Close entry(s) order TEST,TEST,1
2308,LONG,2021-06-08,156.1,1.0,2021-06-09,165.0,1.0,8.9,0.0,0.0,8.9,5.7,Close entry(s) order TEST,TEST,1
2309,LONG,2021-06-10,158.3,1.0,2021-06-11,156.4,1.0,-1.9,0.0,0.0,-1.9,-1.2,Close entry(s) order TEST,TEST,1
2310,LONG,2021-06-14,153.5,1.0,2021-06-15,150.4,1.0,-3.1,0.0,0.0,-3.1,-2.02,Close entry(s) order TEST,TEST,1
2311,LONG,2021-06-16,155.0,1.0,2021-06-17,150.9,1.0,-4.1,0.0,0.0,-4.1,-2.65,Close entry(s) order TEST,TEST,1
2312,LONG,2021-06-18,147.1,1.0,2021-06-21,141.9,1.0,-5.2,0.0,0.0,-5.2,-3.54,Close entry(s) order TEST,TEST,1
2313,LONG,2021-06-22,146.0,1.0,2021-06-23,151.6,1.0,5.6,0.0,0.0,5.6,3.84,Close entry(s) order TEST,TEST,1
2314,LONG,2021-06-24,149.4,1.0,2021-06-25,148.5,1.0,-0.9,0.0,0.0,-0.9,-0.6,Close entry(s) order TEST,TEST,1
2315,LONG,2021-06-28,147.3,1.0,2021-06-29,145.0,1.0,-2.3,0.0,0.0,-2.3,-1.56,Close entry(s) order TEST,TEST,1
2316,LONG,2021-06-30,145.9,1.0,2021-07-01,143.5,1.0,-2.4,0.0,0.0,-2.4,-1.64,Close entry(s) order TEST,TEST,1
2317,LONG,2021-07-02,143.9,1.0,2021-07-05,141.0,1.0,-2.9,0.0,0.0,-2.9,-2.02,Close entry(s) order TEST,TEST,1
2318,LONG,2021-07-06,140.0,1.0,2021-07-07,139.8,1.0,-0.2,0.0,0.0,-0.2,-0.14,Close entry(s) order TEST,TEST,1
2319,LONG,2021-07-08,137.5,1.0,2021-07-09,138.9,1.0,1.4,0.0,0.0,1.4,1.02,Close entry(s) order TEST,TEST,1
2320,LONG,2021-07-12,141.0,1.0,2021-07-13,149.9,1.0,8.9,0.0,0.0,8.9,6.31,Close entry(s) order TEST,TEST,1
2321,LONG,2021-07-14,157.5,1.0,2021-07-15,158.6,1.0,1.1,0.0,0.0,1.1,0.7,Close entry(s) order TEST,TEST,1
2322,LONG,2021-07-16,154.0,1.0,2021-07-19,150.8,1.0,-3.2,0.0,0.0,-3.2,-2.08,Close entry(s) order TEST,TEST,1
2323,LONG,2021-07-20,147.0,1.0,2021-07-22,144.1,1.0,-2.9,0.0,0.0,-2.9,-1.97,Close entry(s) order TEST,TEST,1
2324,LONG,2021-07-23,145.2,1.0,2021-07-26,147.0,1.0,1.8,0.0,0.0,1.8,1.24,Close entry(s) order TEST,TEST,1
2325,LONG,2021-07-27,146.3,1.0,2021-07-28,150.4,1.0,4.1,0.0,0.0,4.1,2.8,Close entry(s) order TEST,TEST,1
2326,LONG,2021-07-29,149.5,1.0,2021-07-30,143.0,1.0,-6.5,0.0,0.0,-6.5,-4.35,Close entry(s) order TEST,TEST,1
2327,LONG,2021-08-02,140.0,1.0,2021-08-03,138.1,1.0,-1.9,0.0,0.0,-1.9,-1.36,Close entry(s) order TEST,TEST,1
2328,LONG,2021-08-04,140.4,1.0,2021-08-05,137.7,1.0,-2.7,0.0,0.0,-2.7,-1.92,Close entry(s) order TEST,TEST,1
2329,LONG,2021-08-06,133.7,1.0,2021-08-09,132.8,1.0,-0.9,0.0,0.0,-0.9,-0.67,Close entry(s) order TEST,TEST,1
2330,LONG,2021-08-10,129.8,1.0,2021-08-11,124.8,1.0,-5.0,0.0,0.0,-5.0,-3.85,Close entry(s) order TEST,TEST,1
2331,LONG,2021-08-12,127.6,1.0,2021-08-13,130.1,1.0,2.5,0.0,0.0,2.5,1.96,Close entry(s) order TEST,TEST,1
2332,LONG,2021-08-16,125.3,1.0,2021-08-17,124.9,1.0,-0.4,0.0,0.0,-0.4,-0.32,Close entry(s) order TEST,TEST,1
2333,LONG,2021-08-18,119.0,1.0,2021-08-20,114.0,1.0,-5.0,0.0,0.0,-5.0,-4.2,Close entry(s) order TEST,TEST,1
2334,LONG,2021-08-23,112.2,1.0,2021-08-24,110.8,1.0,-1.4,0.0,0.0,-1.4,-1.25,Close entry(s) order TEST,TEST,1
2335,LONG,2021-08-25,116.0,1.0,2021-08-26,120.4,1.0,4.4,0.0,0.0,4.4,3.79,Close entry(s) order TEST,TEST,1
2336,LONG,2021-08-27,117.4,1.0,2021-08-30,119.3,1.0,1.9,0.0,0.0,1.9,1.62,Close entry(s) order TEST,TEST,1
2337,LONG,2021-08-31,119.9,1.0,2021-09-01,118.3,1.0,-1.6,0.0,0.0,-1.6,-1.33,Close entry(s) order TEST,TEST,1
2338,LONG,2021-09-02,116.3,1.0,2021-09-03,118.1,1.0,1.8,0.0,0.0,1.8,1.55,Close entry(s) order TEST,TEST,1
2339,LONG,2021-09-06,118.5,1.0,2021-09-07,118.2,1.0,-0.3,0.0,0.0,-0.3,-0.25,Close entry(s) order TEST,TEST,1
2340,LONG,2021-09-08,118.2,1.0,2021-09-09,118.7,1.0,0.5,0.0,0.0,0.5,0.42,Close entry(s) order TEST,TEST,1
2341,LONG,2021-09-13,125.5,1.0,2021-09-14,123.5,1.0,-2.0,0.0,0.0,-2.0,-1.59,Close entry(s) order TEST,TEST,1
2342,LONG,2021-09-15,124.8,1.0,2021-09-16,124.9,1.0,0.1,0.0,0.0,0.1,0.08,Close entry(s) order TEST,TEST,1
2343,LONG,2021-09-17,124.8,1.0,2021-09-20,122.0,1.0,-2.8,0.0,0.0,-2.8,-2.24,Close entry(s) order TEST,TEST,1
2344,LONG,2021-09-21,125.0,1.0,2021-09-22,126.9,1.0,1.9,0.0,0.0,1.9,1.52,Close entry(s) order TEST,TEST,1
2345,LONG,2021-09-23,126.0,1.0,2021-09-24,128.0,1.0,2.0,0.0,0.0,2.0,1.59,Close entry(s) order TEST,TEST,1
2346,LONG,2021-09-27,129.0,1.0,2021-09-28,126.3,1.0,-2.7,0.0,0.0,-2.7,-2.09,Close entry(s) order TEST,TEST,1
2347,LONG,2021-09-29,126.7,1.0,2021-09-30,129.0,1.0,2.3,0.0,0.0,2.3,1.82,Close entry(s) order TEST,TEST,1
2348,LONG,2021-10-01,144.0,1.0,2021-10-04,144.3,1.0,0.3,0.0,0.0,0.3,0.21,Close entry(s) order TEST,TEST,1
2349,LONG,2021-10-05,142.0,1.0,2021-10-06,149.0,1.0,7.0,0.0,0.0,7.0,4.93,Close entry(s) order TEST,TEST,1
2350,LONG,2021-10-07,146.1,1.0,2021-10-08,146.1,1.0,0.0,0.0,0.0,0.0,0.0,Close entry(s) order TEST,TEST,1
2351,LONG,2021-10-11,146.9,1.0,2021-10-12,147.9,1.0,1.0,0.0,0.0,1.0,0.68,Close entry(s) order TEST,TEST,1
2352,LONG,2021-10-13,144.8,1.0,2021-10-14,148.4,1.0,3.6,0.0,0.0,3.6,2.49,Close entry(s) order TEST,TEST,1
2353,LONG,2021-10-18,149.5,1.0,2021-10-19,149.9,1.0,0.4,0.0,0.0,0.4,0.27,Close entry(s) order TEST,TEST,1
2354,LONG,2021-10-20,140.0,1.0,2021-10-21,136.2,1.0,-3.8,0.0,0.0,-3.8,-2.71,Close entry(s) order TEST,TEST,1
2355,LONG,2021-10-22,128.0,1.0,2021-10-25,138.3,1.0,10.3,0.0,0.0,10.3,8.05,Close entry(s) order TEST,TEST,1
2356,LONG,2021-10-26,133.4,1.0,2021-10-27,133.4,1.0,0.0,0.0,0.0,0.0,0.0,Close entry(s) order TEST,TEST,1
2357,LONG,2021-10-28,130.9,1.0,2021-10-29,123.1,1.0,-7.8,0.0,0.0,-7.8,-5.96,Close entry(s) order TEST,TEST,1
2358,LONG,2021-11-01,135.0,1.0,2021-11-02,132.2,1.0,-2.8,0.0,0.0,-2.8,-2.07,Close entry(s) order TEST,TEST,1
2359,LONG,2021-11-03,129.3,1.0,2021-11-04,129.5,1.0,0.2,0.0,0.0,0.2,0.15,Close entry(s) order TEST,TEST,1
2360,LONG,2021-11-08,132.4,1.0,2021-11-09,128.8,1.0,-3.6,0.0,0.0,-3.6,-2.72,Close entry(s) order TEST,TEST,1
2361,LONG,2021-11-10,132.1,1.0,2021-11-11,133.9,1.0,1.8,0.0,0.0,1.8,1.36,Close entry(s) order TEST,TEST,1
2362,LONG,2021-11-12,141.7,1.0,2021-11-15,146.5,1.0,4.8,0.0,0.0,4.8,3.39,Close entry(s) order TEST,TEST,1
2363,LONG,2021-11-16,141.3,1.0,2021-11-17,143.7,1.0,2.4,0.0,0.0,2.4,1.7,Close entry(s) order TEST,TEST,1
2364,LONG,2021-11-18,160.3,1.0,2021-11-22,154.5,1.0,-5.8,0.0,0.0,-5.8,-3.62,Close entry(s) order TEST,TEST,1
2365,LONG,2021-11-23,146.1,1.0,2021-11-24,150.1,1.0,4.0,0.0,0.0,4.0,2.74,Close entry(s) order TEST,TEST,1
2366,LONG,2021-11-25,155.0,1.0,2021-11-26,163.1,1.0,8.1,0.0,0.0,8.1,5.23,Close entry(s) order TEST,TEST,1
2367,LONG,2021-11-29,171.4,1.0,2021-11-30,171.6,1.0,0.2,0.0,0.0,0.2,0.12,Close entry(s) order TEST,TEST,1
2368,LONG,2021-12-01,166.0,1.0,2021-12-02,166.2,1.0,0.2,0.0,0.0,0.2,0.12,Close entry(s) order TEST,TEST,1
2369,LONG,2021-12-03,171.5,1.0,2021-12-06,165.0,1.0,-6.5,0.0,0.0,-6.5,-3.79,Close entry(s) order TEST,TEST,1
2370,LONG,2021-12-07,166.0,1.0,2021-12-08,164.9,1.0,-1.1,0.0,0.0,-1.1,-0.66,Close entry(s) order TEST,TEST,1
2371,LONG,2021-12-09,177.6,1.0,2021-12-10,176.8,1.0,-0.8,0.0,0.0,-0.8,-0.45,Close entry(s) order TEST,TEST,1
2372,LONG,2021-12-13,185.0,1.0,2021-12-14,186.0,1.0,1.0,0.0,0.0,1.0,0.54,Close entry(s) order TEST,TEST,1
2373,LONG,2021-12-15,189.7,1.0,2021-12-16,181.6,1.0,-8.1,0.0,0.0,-8.1,-4.27,Close entry(s) order TEST,TEST,1
2374,LONG,2021-12-17,171.8,1.0,2021-12-20,164.8,1.0,-7.0,0.0,0.0,-7.0,-4.07,Close entry(s) order TEST,TEST,1
2375,LONG,2021-12-21,155.9,1.0,2021-12-22,162.1,1.0,6.2,0.0,0.0,6.2,3.98,Close entry(s) order TEST,TEST,1
2376,LONG,2021-12-23,169.0,1.0,2021-12-24,175.9,1.0,6.9,0.0,0.0,6.9,4.08,Close entry(s) order TEST,TEST,1
2377,LONG,2021-12-27,169.4,1.0,2021-12-28,176.4,1.0,7.0,0.0,0.0,7.0,4.13,Close entry(s) order TEST,TEST,1
2378,LONG,2021-12-29,178.4,1.0,2021-12-30,179.9,1.0,1.5,0.0,0.0,1.5,0.84,Close entry(s) order TEST,TEST,1
2379,LONG,2021-12-31,176.0,1.0,2022-01-03,177.0,1.0,1.0,0.0,0.0,1.0,0.57,Close entry(s) order TEST,TEST,1
2380,LONG,2022-01-04,178.5,1.0,2022-01-05,185.0,1.0,6.5,0.0,0.0,6.5,3.64,Close entry(s) order TEST,TEST,1
2381,LONG,2022-01-06,178.5,1.0,2022-01-07,180.0,1.0,1.5,0.0,0.0,1.5,0.84,Close entry(s) order TEST,TEST,1
2382,LONG,2022-01-10,179.9,1.0,2022-01-11,180.6,1.0,0.7,0.0,0.0,0.7,0.39,Close entry(s) order TEST,TEST,1
2383,LONG,2022-01-12,180.1,1.0,2022-01-13,184.6,1.0,4.5,0.0,0.0,4.5,2.5,Close entry(s) order TEST,TEST,1
2384,LONG,2022-01-14,185.5,1.0,2022-01-17,191.9,1.0,6.4,0.0,0.0,6.4,3.45,Close entry(s) order TEST,TEST,1
2385,LONG,2022-01-18,196.5,1.0,2022-01-19,185.0,1.0,-11.5,0.0,0.0,-11.5,-5.85,Close entry(s) order TEST,TEST,1
2386,LONG,2022-01-20,182.6,1.0,2022-01-21,184.8,1.0,2.2,0.0,0.0,2.2,1.2,Close entry(s) order TEST,TEST,1
2387,LONG,2022-01-24,179.3,1.0,2022-01-25,170.8,1.0,-8.5,0.0,0.0,-8.5,-4.74,Close entry(s) order TEST,TEST,1
2388,LONG,2022-01-27,175.9,1.0,2022-01-28,179.6,1.0,3.7,0.0,0.0,3.7,2.1,Close entry(s) order TEST,TEST,1
2389,LONG,2022-01-31,183.9,1.0,2022-02-01,187.0,1.0,3.1,0.0,0.0,3.1,1.69,Close entry(s) order TEST,TEST,1
2390,LONG,2022-02-02,189.2,1.0,2022-02-03,187.1,1.0,-2.1,0.0,0.0,-2.1,-1.11,Close entry(s) order TEST,TEST,1
2391,LONG,2022-02-04,190.0,1.0,2022-02-07,191.0,1.0,1.0,0.0,0.0,1.0,0.53,Close entry(s) order TEST,TEST,1
2392,LONG,2022-02-08,181.8,1.0,2022-02-09,179.9,1.0,-1.9,0.0,0.0,-1.9,-1.05,Close entry(s) order TEST,TEST,1
2393,LONG,2022-02-10,182.0,1.0,2022-02-11,176.0,1.0,-6.0,0.0,0.0,-6.0,-3.3,Close entry(s) order TEST,TEST,1
2394,LONG,2022-02-14,169.0,1.0,2022-02-15,158.7,1.0,-10.3,0.0,0.0,-10.3,-6.09,Close entry(s) order TEST,TEST,1
2395,LONG,2022-02-16,162.0,1.0,2022-02-17,164.9,1.0,2.9,0.0,0.0,2.9,1.79,Close entry(s) order TEST,TEST,1
2396,LONG,2022-02-18,153.6,1.0,2022-02-21,151.1,1.0,-2.5,0.0,0.0,-2.5,-1.63,Close entry(s) order TEST,TEST,1
2397,LONG,2022-02-22,142.5,1.0,2022-02-23,147.0,1.0,4.5,0.0,0.0,4.5,3.16,Close entry(s) order TEST,TEST,1
2398,LONG,2022-02-24,142.0,1.0,2022-02-25,142.5,1.0,0.5,0.0,0.0,0.5,0.35,Close entry(s) order TEST,TEST,1
2399,LONG,2022-02-28,141.9,1.0,2022-03-02,142.2,1.0,0.3,0.0,0.0,0.3,0.21,Close entry(s) order TEST,TEST,1
2400,LONG,2022-03-03,149.0,1.0,2022-03-04,147.7,1.0,-1.3,0.0,0.0,-1.3,-0.87,Close entry(s) order TEST,TEST,1
2401,LONG,2022-03-07,140.2,1.0,2022-03-08,139.9,1.0,-0.3,0.0,0.0,-0.3,-0.21,Close entry(s) order TEST,TEST,1
2402,LONG,2022-03-09,141.9,1.0,2022-03-10,151.0,1.0,9.1,0.0,0.0,9.1,6.41,Close entry(s) order TEST,TEST,1
2403,LONG,2022-03-11,148.8,1.0,2022-03-14,149.9,1.0,1.1,0.0,0.0,1.1,0.74,Close entry(s) order TEST,TEST,1
2404,LONG,2022-03-15,147.1,1.0,2022-03-16,144.9,1.0,-2.2,0.0,0.0,-2.2,-1.5,Close entry(s) order TEST,TEST,1
2405,LONG,2022-03-17,144.9,1.0,2022-03-21,145.8,1.0,0.9,0.0,0.0,0.9,0.62,Close entry(s) order TEST,TEST,1
2406,LONG,2022-03-22,151.4,1.0,2022-03-23,145.9,1.0,-5.5,0.0,0.0,-5.5,-3.63,Close entry(s) order TEST,TEST,1
2407,LONG,2022-03-24,147.5,1.0,2022-03-25,155.4,1.0,7.9,0.0,0.0,7.9,5.36,Close entry(s) order TEST,TEST,1
2408,LONG,2022-03-28,153.6,1.0,2022-03-29,153.0,1.0,-0.6,0.0,0.0,-0.6,-0.39,Close entry(s) order TEST,TEST,1
2409,LONG,2022-03-30,166.1,1.0,2022-03-31,162.4,1.0,-3.7,0.0,0.0,-3.7,-2.23,Close entry(s) order TEST,TEST,1
2410,LONG,2022-04-01,168.4,1.0,2022-04-04,182.4,1.0,14.0,0.0,0.0,14.0,8.31,Close entry(s) order TEST,TEST,1
2411,LONG,2022-04-05,186.0,1.0,2022-04-06,185.9,1.0,-0.1,0.0,0.0,-0.1,-0.05,Close entry(s) order TEST,TEST,1
2412,LONG,2022-04-07,198.9,1.0,2022-04-08,202.8,1.0,3.9,0.0,0.0,3.9,1.96,Close entry(s) order TEST,TEST,1
2413,LONG,2022-04-11,194.6,1.0,2022-04-12,193.7,1.0,-0.9,0.0,0.0,-0.9,-0.46,Close entry(s) order TEST,TEST,1
2414,LONG,2022-04-13,199.6,1.0,2022-04-18,213.0,1.0,13.4,0.0,0.0,13.4,6.71,Close entry(s) order TEST,TEST,1
2415,LONG,2022-04-19,213.0,1.0,2022-04-20,203.6,1.0,-9.4,0.0,0.0,-9.4,-4.41,Close entry(s) order TEST,TEST,1
2416,LONG,2022-04-21,204.9,1.0,2022-04-22,218.5,1.0,13.6,0.0,0.0,13.6,6.64,Close entry(s) order TEST,TEST,1
2417,LONG,2022-04-25,208.2,1.0,2022-04-26,211.9,1.0,3.7,0.0,0.0,3.7,1.78,Close entry(s) order TEST,TEST,1
2418,LONG,2022-04-27,210.0,1.0,2022-04-28,207.5,1.0,-2.5,0.0,0.0,-2.5,-1.19,Close entry(s) order TEST,TEST,1
2419,LONG,2022-04-29,209.7,1.0,2022-05-02,202.1,1.0,-7.6,0.0,0.0,-7.6,-3.62,Close entry(s) order TEST,TEST,1
2420,LONG,2022-05-04,201.4,1.0,2022-05-05,203.2,1.0,1.8,0.0,0.0,1.8,0.89,Close entry(s) order TEST,TEST,1
2421,LONG,2022-05-06,193.8,1.0,2022-05-09,197.7,1.0,3.9,0.0,0.0,3.9,2.01,Close entry(s) order TEST,TEST,1
2422,LONG,2022-05-10,188.9,1.0,2022-05-11,170.0,1.0,-18.9,0.0,0.0,-18.9,-10.01,Close entry(s) order TEST,TEST,1
2423,LONG,2022-05-12,166.6,1.0,2022-05-13,172.0,1.0,5.4,0.0,0.0,5.4,3.24,Close entry(s) order TEST,TEST,1
2424,LONG,2022-05-16,183.9,1.0,2022-05-17,187.0,1.0,3.1,0.0,0.0,3.1,1.69,Close entry(s) order TEST,TEST,1
2425,LONG,2022-05-18,192.1,1.0,2022-05-19,197.0,1.0,4.9,0.0,0.0,4.9,2.55,Close entry(s) order TEST,TEST,1
2426,LONG,2022-05-20,211.0,1.0,2022-05-23,246.9,1.0,35.9,0.0,0.0,35.9,17.01,Close entry(s) order TEST,TEST,1
2427,LONG,2022-05-24,224.7,1.0,2022-05-25,215.0,1.0,-9.7,0.0,0.0,-9.7,-4.32,Close entry(s) order TEST,TEST,1
2428,LONG,2022-05-26,197.9,1.0,2022-05-27,206.0,1.0,8.1,0.0,0.0,8.1,4.09,Close entry(s) order TEST,TEST,1
2429,LONG,2022-05-30,208.9,1.0,2022-05-31,219.8,1.0,10.9,0.0,0.0,10.9,5.22,Close entry(s) order TEST,TEST,1
2430,LONG,2022-06-01,226.0,1.0,2022-06-02,232.2,1.0,6.2,0.0,0.0,6.2,2.74,Close entry(s) order TEST,TEST,1
2431,LONG,2022-06-03,233.3,1.0,2022-06-06,225.0,1.0,-8.3,0.0,0.0,-8.3,-3.56,Close entry(s) order TEST,TEST,1
2432,LONG,2022-06-07,232.9,1.0,2022-06-08,235.4,1.0,2.5,0.0,0.0,2.5,1.07,Close entry(s) order TEST,TEST,1
2433,LONG,2022-06-09,231.9,1.0,2022-06-10,233.0,1.0,1.1,0.0,0.0,1.1,0.47,Close entry(s) order TEST,TEST,1
2434,LONG,2022-06-13,230.0,1.0,2022-06-14,216.0,1.0,-14.0,0.0,0.0,-14.0,-6.09,Close entry(s) order TEST,TEST,1
2435,LONG,2022-06-15,220.6,1.0,2022-06-16,217.4,1.0,-3.2,0.0,0.0,-3.2,-1.45,Close entry(s) order TEST,TEST,1
2436,LONG,2022-06-17,200.1,1.0,2022-06-20,206.0,1.0,5.9,0.0,0.0,5.9,2.95,Close entry(s) order TEST,TEST,1
2437,LONG,2022-06-21,189.9,1.0,2022-06-22,196.6,1.0,6.7,0.0,0.0,6.7,3.53,Close entry(s) order TEST,TEST,1
2438,LONG,2022-06-23,200.4,1.0,2022-06-24,201.9,1.0,1.5,0.0,0.0,1.5,0.75,Close entry(s) order TEST,TEST,1
2439,LONG,2022-06-27,220.0,1.0,2022-06-28,217.5,1.0,-2.5,0.0,0.0,-2.5,-1.14,Close entry(s) order TEST,TEST,1
2440,LONG,2022-06-29,223.0,1.0,2022-06-30,223.0,1.0,0.0,0.0,0.0,0.0,0.0,Close entry(s) order TEST,TEST,1
2441,LONG,2022-07-01,217.0,1.0,2022-07-04,214.6,1.0,-2.4,0.0,0.0,-2.4,-1.11,Close entry(s) order TEST,TEST,1
2442,LONG,2022-07-05,213.5,1.0,2022-07-06,209.8,1.0,-3.7,0.0,0.0,-3.7,-1.73,Close entry(s) order TEST,TEST,1
2443,LONG,2022-07-07,222.9,1.0,2022-07-08,227.1,1.0,4.2,0.0,0.0,4.2,1.88,Close entry(s) order TEST,TEST,1
2444,LONG,2022-07-11,218.9,1.0,2022-07-12,222.4,1.0,3.5,0.0,0.0,3.5,1.6,Close entry(s) order TEST,TEST,1
2445,LONG,2022-07-13,215.1,1.0,2022-07-14,211.4,1.0,-3.7,0.0,0.0,-3.7,-1.72,Close entry(s) order TEST,TEST,1
2446,LONG,2022-07-15,210.5,1.0,2022-07-18,211.6,1.0,1.1,0.0,0.0,1.1,0.52,Close entry(s) order TEST,TEST,1
2447,LONG,2022-07-19,213.6,1.0,2022-07-20,219.0,1.0,5.4,0.0,0.0,5.4,2.53,Close entry(s) order TEST,TEST,1
2448,LONG,2022-07-21,212.9,1.0,2022-07-22,212.3,1.0,-0.6,0.0,0.0,-0.6,-0.28,Close entry(s) order TEST,TEST,1
2449,LONG,2022-07-25,209.0,1.0,2022-07-26,208.5,1.0,-0.5,0.0,0.0,-0.5,-0.24,Close entry(s) order TEST,TEST,1
2450,LONG,2022-07-27,211.4,1.0,2022-07-28,211.9,1.0,0.5,0.0,0.0,0.5,0.24,Close entry(s) order TEST,TEST,1
2451,LONG,2022-07-29,214.0,1.0,2022-08-01,227.6,1.0,13.6,0.0,0.0,13.6,6.36,Close entry(s) order TEST,TEST,1
2452,LONG,2022-08-02,232.8,1.0,2022-08-03,227.0,1.0,-5.8,0.0,0.0,-5.8,-2.49,Close entry(s) order TEST,TEST,1
2453,LONG,2022-08-04,225.0,1.0,2022-08-05,209.1,1.0,-15.9,0.0,0.0,-15.9,-7.07,Close entry(s) order TEST,TEST,1
2454,LONG,2022-08-08,206.0,1.0,2022-08-10,210.9,1.0,4.9,0.0,0.0,4.9,2.38,Close entry(s) order TEST,TEST,1
2455,LONG,2022-08-11,207.6,1.0,2022-08-12,207.9,1.0,0.3,0.0,0.0,0.3,0.14,Close entry(s) order TEST,TEST,1
2456,LONG,2022-08-16,211.1,1.0,2022-08-17,227.7,1.0,16.6,0.0,0.0,16.6,7.86,Close entry(s) order TEST,TEST,1
2457,LONG,2022-08-18,226.1,1.0,2022-08-19,227.3,1.0,1.2,0.0,0.0,1.2,0.53,Close entry(s) order TEST,TEST,1
2458,LONG,2022-08-22,221.6,1.0,2022-08-23,216.7,1.0,-4.9,0.0,0.0,-4.9,-2.21,Close entry(s) order TEST,TEST,1
2459,LONG,2022-08-24,235.0,1.0,2022-08-25,234.8,1.0,-0.2,0.0,0.0,-0.2,-0.09,Close entry(s) order TEST,TEST,1
2460,LONG,2022-08-26,230.2,1.0,2022-08-29,222.6,1.0,-7.6,0.0,0.0,-7.6,-3.3,Close entry(s) order TEST,TEST,1
2461,LONG,2022-08-30,226.0,1.0,2022-09-01,226.8,1.0,0.8,0.0,0.0,0.8,0.35,Close entry(s) order TEST,TEST,1
2462,LONG,2022-09-02,228.9,1.0,2022-09-05,242.6,1.0,13.7,0.0,0.0,13.7,5.99,Close entry(s) order TEST,TEST,1
2463,LONG,2022-09-06,256.6,1.0,2022-09-07,251.7,1.0,-4.9,0.0,0.0,-4.9,-1.91,Close entry(s) order TEST,TEST,1
2464,LONG,2022-09-08,248.5,1.0,2022-09-09,257.6,1.0,9.1,0.0,0.0,9.1,3.66,Close entry(s) order TEST,TEST,1
2465,LONG,2022-09-12,248.3,1.0,2022-09-13,251.3,1.0,3.0,0.0,0.0,3.0,1.21,Close entry(s) order TEST,TEST,1
2466,LONG,2022-09-14,242.2,1.0,2022-09-15,244.9,1.0,2.7,0.0,0.0,2.7,1.11,Close entry(s) order TEST,TEST,1
2467,LONG,2022-09-16,263.0,1.0,2022-09-19,254.0,1.0,-9.0,0.0,0.0,-9.0,-3.42,Close entry(s) order TEST,TEST,1
2468,LONG,2022-09-20,268.9,1.0,2022-09-21,273.3,1.0,4.4,0.0,0.0,4.4,1.64,Close entry(s) order TEST,TEST,1
2469,LONG,2022-09-22,284.5,1.0,2022-09-23,295.0,1.0,10.5,0.0,0.0,10.5,3.69,Close entry(s) order TEST,TEST,1
2470,LONG,2022-09-26,277.9,1.0,2022-09-27,267.6,1.0,-10.3,0.0,0.0,-10.3,-3.71,Close entry(s) order TEST,TEST,1
2471,LONG,2022-09-28,272.2,1.0,2022-09-29,270.0,1.0,-2.2,0.0,0.0,-2.2,-0.81,Close entry(s) order TEST,TEST,1
2472,LONG,2022-09-30,268.0,1.0,2022-10-03,264.5,1.0,-3.5,0.0,0.0,-3.5,-1.31,Close entry(s) order TEST,TEST,1
2473,LONG,2022-10-04,258.1,1.0,2022-10-06,262.0,1.0,3.9,0.0,0.0,3.9,1.51,Close entry(s) order TEST,TEST,1
2474,LONG,2022-10-07,276.9,1.0,2022-10-10,270.5,1.0,-6.4,0.0,0.0,-6.4,-2.31,Close entry(s) order TEST,TEST,1
2475,LONG,2022-10-11,270.2,1.0,2022-10-12,253.1,1.0,-17.1,0.0,0.0,-17.1,-6.33,Close entry(s) order TEST,TEST,1
2476,LONG,2022-10-13,244.0,1.0,2022-10-14,247.9,1.0,3.9,0.0,0.0,3.9,1.6,Close entry(s) order TEST,TEST,1
2477,LONG,2022-10-17,238.0,1.0,2022-10-18,236.3,1.0,-1.7,0.0,0.0,-1.7,-0.71,Close entry(s) order TEST,TEST,1
2478,LONG,2022-10-19,227.5,1.0,2022-10-20,226.1,1.0,-1.4,0.0,0.0,-1.4,-0.62,Close entry(s) order TEST,TEST,1
2479,LONG,2022-10-21,230.4,1.0,2022-10-24,226.5,1.0,-3.9,0.0,0.0,-3.9,-1.69,Close entry(s) order TEST,TEST,1
2480,LONG,2022-10-25,225.3,1.0,2022-10-27,224.1,1.0,-1.2,0.0,0.0,-1.2,-0.53,Close entry(s) order TEST,TEST,1
2481,LONG,2022-10-28,224.9,1.0,2022-10-31,220.1,1.0,-4.8,0.0,0.0,-4.8,-2.13,Close entry(s) order TEST,TEST,1
2482,LONG,2022-11-01,221.5,1.0,2022-11-02,220.5,1.0,-1.0,0.0,0.0,-1.0,-0.45,Close entry(s) order TEST,TEST,1
2483,LONG,2022-11-03,218.3,1.0,2022-11-04,218.0,1.0,-0.3,0.0,0.0,-0.3,-0.14,Close entry(s) order TEST,TEST,1
2484,LONG,2022-11-07,228.5,1.0,2022-11-09,229.7,1.0,1.2,0.0,0.0,1.2,0.53,Close entry(s) order TEST,TEST,1
2485,LONG,2022-11-10,230.0,1.0,2022-11-11,235.5,1.0,5.5,0.0,0.0,5.5,2.39,Close entry(s) order TEST,TEST,1
2486,LONG,2022-11-14,229.0,1.0,2022-11-15,231.9,1.0,2.9,0.0,0.0,2.9,1.27,Close entry(s) order TEST,TEST,1
2487,LONG,2022-11-16,230.0,1.0,2022-11-17,230.4,1.0,0.4,0.0,0.0,0.4,0.17,Close entry(s) order TEST,TEST,1
2488,LONG,2022-11-18,238.4,1.0,2022-11-21,237.9,1.0,-0.5,0.0,0.0,-0.5,-0.21,Close entry(s) order TEST,TEST,1
2489,LONG,2022-11-22,230.3,1.0,2022-11-23,236.6,1.0,6.3,0.0,0.0,6.3,2.74,Close entry(s) order TEST,TEST,1
2490,LONG,2022-11-24,234.6,1.0,2022-11-25,231.9,1.0,-2.7,0.0,0.0,-2.7,-1.15,Close entry(s) order TEST,TEST,1
2491,LONG,2022-11-28,239.6,1.0,2022-11-29,248.4,1.0,8.8,0.0,0.0,8.8,3.67,Close entry(s) order TEST,TEST,1
2492,LONG,2022-11-30,246.6,1.0,2022-12-01,250.5,1.0,3.9,0.0,0.0,3.9,1.58,Close entry(s) order TEST,TEST,1
2493,LONG,2022-12-02,245.4,1.0,2022-12-05,250.3,1.0,4.9,0.0,0.0,4.9,2.0,Close entry(s) order TEST,TEST,1
2494,LONG,2022-12-06,254.1,1.0,2022-12-07,247.4,1.0,-6.7,0.0,0.0,-6.7,-2.64,Close entry(s) order TEST,TEST,1
2495,LONG,2022-12-08,245.1,1.0,2022-12-09,247.0,1.0,1.9,0.0,0.0,1.9,0.78,Close entry(s) order TEST,TEST,1
2496,LONG,2022-12-12,244.5,1.0,2022-12-13,247.6,1.0,3.1,0.0,0.0,3.1,1.27,Close entry(s) order TEST,TEST,1
2497,LONG,2022-12-14,243.1,1.0,2022-12-15,244.1,1.0,1.0,0.0,0.0,1.0,0.41,Close entry(s) order TEST,TEST,1
2498,LONG,2022-12-16,233.0,1.0,2022-12-19,232.9,1.0,-0.1,0.0,0.0,-0.1,-0.04,Close entry(s) order TEST,TEST,1
2499,LONG,2022-12-20,230.6,1.0,2022-12-21,226.3,1.0,-4.3,0.0,0.0,-4.3,-1.86,Close entry(s) order TEST,TEST,1
2500,LONG,2022-12-22,220.9,1.0,2022-12-23,216.4,1.0,-4.5,0.0,0.0,-4.5,-2.04,Close entry(s) order TEST,TEST,1
2501,LONG,2022-12-26,203.9,1.0,2022-12-27,218.0,1.0,14.1,0.0,0.0,14.1,6.92,Close entry(s) order TEST,TEST,1
2502,LONG,2022-12-28,226.4,1.0,2022-12-29,227.6,1.0,1.2,0.0,0.0,1.2,0.53,Close entry(s) order TEST,TEST,1
2503,LONG,2022-12-30,227.4,1.0,2023-01-02,232.6,1.0,5.2,0.0,0.0,5.2,2.29,Close entry(s) order TEST,TEST,1
2504,LONG,2023-01-03,238.1,1.0,2023-01-04,234.0,1.0,-4.1,0.0,0.0,-4.1,-1.72,Close entry(s) order TEST,TEST,1
2505,LONG,2023-01-05,229.1,1.0,2023-01-06,226.6,1.0,-2.5,0.0,0.0,-2.5,-1.09,Close entry(s) order TEST,TEST,1
2506,LONG,2023-01-09,220.7,1.0,2023-01-10,221.0,1.0,0.3,0.0,0.0,0.3,0.14,Close entry(s) order TEST,TEST,1
2507,LONG,2023-01-11,218.4,1.0,2023-01-12,217.8,1.0,-0.6,0.0,0.0,-0.6,-0.27,Close entry(s) order TEST,TEST,1
2508,LONG,2023-01-13,216.4,1.0,2023-01-16,217.0,1.0,0.6,0.0,0.0,0.6,0.28,Close entry(s) order TEST,TEST,1
2509,LONG,2023-01-17,216.6,1.0,2023-01-18,216.3,1.0,-0.3,0.0,0.0,-0.3,-0.14,Close entry(s) order TEST,TEST,1
2510,LONG,2023-01-19,224.1,1.0,2023-01-20,226.1,1.0,2.0,0.0,0.0,2.0,0.89,Close entry(s) order TEST,TEST,1
2511,LONG,2023-01-23,227.0,1.0,2023-01-24,228.4,1.0,1.4,0.0,0.0,1.4,0.62,Close entry(s) order TEST,TEST,1
2512,LONG,2023-01-25,225.4,1.0,2023-01-27,220.5,1.0,-4.9,0.0,0.0,-4.9,-2.17,Close entry(s) order TEST,TEST,1
2513,LONG,2023-01-30,205.9,1.0,2023-01-31,204.9,1.0,-1.0,0.0,0.0,-1.0,-0.49,Close entry(s) order TEST,TEST,1
2514,LONG,2023-02-01,211.8,1.0,2023-02-02,203.3,1.0,-8.5,0.0,0.0,-8.5,-4.01,Close entry(s) order TEST,TEST,1
2515,LONG,2023-02-03,215.0,1.0,2023-02-06,193.3,1.0,-21.7,0.0,0.0,-21.7,-10.09,Close entry(s) order TEST,TEST,1
2516,LONG,2023-02-07,196.4,1.0,2023-02-08,203.0,1.0,6.6,0.0,0.0,6.6,3.36,Close entry(s) order TEST,TEST,1
2517,LONG,2023-02-09,202.5,1.0,2023-02-10,199.0,1.0,-3.5,0.0,0.0,-3.5,-1.73,Close entry(s) order TEST,TEST,1
2518,LONG,2023-02-13,207.1,1.0,2023-02-14,202.5,1.0,-4.6,0.0,0.0,-4.6,-2.22,Close entry(s) order TEST,TEST,1
2519,LONG,2023-02-15,194.6,1.0,2023-02-16,198.6,1.0,4.0,0.0,0.0,4.0,2.06,Close entry(s) order TEST,TEST,1
2520,LONG,2023-02-17,194.7,1.0,2023-02-20,195.8,1.0,1.1,0.0,0.0,1.1,0.56,Close entry(s) order TEST,TEST,1
2521,LONG,2023-02-21,195.0,1.0,2023-02-22,192.1,1.0,-2.9,0.0,0.0,-2.9,-1.49,Close entry(s) order TEST,TEST,1
2522,LONG,2023-02-23,188.4,1.0,2023-02-24,187.0,1.0,-1.4,0.0,0.0,-1.4,-0.74,Close entry(s) order TEST,TEST,1
2523,LONG,2023-02-27,185.4,1.0,2023-02-28,181.0,1.0,-4.4,0.0,0.0,-4.4,-2.37,Close entry(s) order TEST,TEST,1
2524,LONG,2023-03-01,184.1,1.0,2023-03-02,192.1,1.0,8.0,0.0,0.0,8.0,4.35,Close entry(s) order TEST,TEST,1
2525,LONG,2023-03-03,194.3,1.0,2023-03-06,200.0,1.0,5.7,0.0,0.0,5.7,2.93,Close entry(s) order TEST,TEST,1
2526,LONG,2023-03-08,204.5,1.0,2023-03-09,204.7,1.0,0.2,0.0,0.0,0.2,0.1,Close entry(s) order TEST,TEST,1
2527,LONG,2023-03-10,207.0,1.0,2023-03-13,212.9,1.0,5.9,0.0,0.0,5.9,2.85,Close entry(s) order TEST,TEST,1
2528,LONG,2023-03-14,201.4,1.0,2023-03-15,202.0,1.0,0.6,0.0,0.0,0.6,0.3,Close entry(s) order TEST,TEST,1
2529,LONG,2023-03-16,200.2,1.0,2023-03-17,199.1,1.0,-1.1,0.0,0.0,-1.1,-0.55,Close entry(s) order TEST,TEST,1
2530,LONG,2023-03-20,198.8,1.0,2023-03-21,196.2,1.0,-2.6,0.0,0.0,-2.6,-1.31,Close entry(s) order TEST,TEST,1
2531,LONG,2023-03-22,195.3,1.0,2023-03-23,198.6,1.0,3.3,0.0,0.0,3.3,1.69,Close entry(s) order TEST,TEST,1
2532,LONG,2023-03-24,199.0,1.0,2023-03-27,198.1,1.0,-0.9,0.0,0.0,-0.9,-0.45,Close entry(s) order TEST,TEST,1
2533,LONG,2023-03-28,191.6,1.0,2023-03-29,187.0,1.0,-4.6,0.0,0.0,-4.6,-2.4,Close entry(s) order TEST,TEST,1
2534,LONG,2023-03-31,200.0,1.0,2023-04-03,201.0,1.0,1.0,0.0,0.0,1.0,0.5,Close entry(s) order TEST,TEST,1
2535,LONG,2023-04-05,209.5,1.0,2023-04-06,214.4,1.0,4.9,0.0,0.0,4.9,2.34,Close entry(s) order TEST,TEST,1
2536,LONG,2023-04-10,219.4,1.0,2023-04-11,212.6,1.0,-6.8,0.0,0.0,-6.8,-3.1,Close entry(s) order TEST,TEST,1
2537,LONG,2023-04-12,214.6,1.0,2023-04-13,215.9,1.0,1.3,0.0,0.0,1.3,0.61,Close entry(s) order TEST,TEST,1
2538,LONG,2023-04-17,222.3,1.0,2023-04-18,219.9,1.0,-2.4,0.0,0.0,-2.4,-1.08,Close entry(s) order TEST,TEST,1
2539,LONG,2023-04-19,215.9,1.0,2023-04-20,222.0,1.0,6.1,0.0,0.0,6.1,2.83,Close entry(s) order TEST,TEST,1
2540,LONG,2023-04-21,217.5,1.0,2023-04-24,215.2,1.0,-2.3,0.0,0.0,-2.3,-1.06,Close entry(s) order TEST,TEST,1
2541,LONG,2023-04-25,219.9,1.0,2023-04-26,218.1,1.0,-1.8,0.0,0.0,-1.8,-0.82,Close entry(s) order TEST,TEST,1
2542,LONG,2023-04-27,221.3,1.0,2023-04-28,221.0,1.0,-0.3,0.0,0.0,-0.3,-0.14,Close entry(s) order TEST,TEST,1
2543,LONG,2023-05-02,226.3,1.0,2023-05-03,229.0,1.0,2.7,0.0,0.0,2.7,1.19,Close entry(s) order TEST,TEST,1
2544,LONG,2023-05-04,233.4,1.0,2023-05-05,235.5,1.0,2.1,0.0,0.0,2.1,0.9,Close entry(s) order TEST,TEST,1
2545,LONG,2023-05-08,230.9,1.0,2023-05-09,232.7,1.0,1.8,0.0,0.0,1.8,0.78,Close entry(s) order TEST,TEST,1
2546,LONG,2023-05-10,227.4,1.0,2023-05-11,225.1,1.0,-2.3,0.0,0.0,-2.3,-1.01,Close entry(s) order TEST,TEST,1
2547,LONG,2023-05-12,227.1,1.0,2023-05-15,225.0,1.0,-2.1,0.0,0.0,-2.1,-0.92,Close entry(s) order TEST,TEST,1
2548,LONG,2023-05-16,231.6,1.0,2023-05-17,230.4,1.0,-1.2,0.0,0.0,-1.2,-0.52,Close entry(s) order TEST,TEST,1
2549,LONG,2023-05-18,236.8,1.0,2023-05-19,234.7,1.0,-2.1,0.0,0.0,-2.1,-0.89,Close entry(s) order TEST,TEST,1
2550,LONG,2023-05-22,238.3,1.0,2023-05-23,242.0,1.0,3.7,0.0,0.0,3.7,1.55,Close entry(s) order TEST,TEST,1
2551,LONG,2023-05-24,239.9,1.0,2023-05-25,240.9,1.0,1.0,0.0,0.0,1.0,0.42,Close entry(s) order TEST,TEST,1
2552,LONG,2023-05-26,238.9,1.0,2023-05-29,243.9,1.0,5.0,0.0,0.0,5.0,2.09,Close entry(s) order TEST,TEST,1
2553,LONG,2023-05-30,246.4,1.0,2023-05-31,250.0,1.0,3.6,0.0,0.0,3.6,1.46,Close entry(s) order TEST,TEST,1
2554,LONG,2023-06-01,253.6,1.0,2023-06-02,263.0,1.0,9.4,0.0,0.0,9.4,3.71,Close entry(s) order TEST,TEST,1
2555,LONG,2023-06-05,270.0,1.0,2023-06-06,264.3,1.0,-5.7,0.0,0.0,-5.7,-2.11,Close entry(s) order TEST,TEST,1
2556,LONG,2023-06-07,271.0,1.0,2023-06-08,282.0,1.0,11.0,0.0,0.0,11.0,4.06,Close entry(s) order TEST,TEST,1
2557,LONG,2023-06-09,272.3,1.0,2023-06-12,273.8,1.0,1.5,0.0,0.0,1.5,0.55,Close entry(s) order TEST,TEST,1
2558,LONG,2023-06-13,273.0,1.0,2023-06-14,269.5,1.0,-3.5,0.0,0.0,-3.5,-1.28,Close entry(s) order TEST,TEST,1
2559,LONG,2023-06-15,270.9,1.0,2023-06-16,266.8,1.0,-4.1,0.0,0.0,-4.1,-1.51,Close entry(s) order TEST,TEST,1
2560,LONG,2023-06-19,269.3,1.0,2023-06-20,265.6,1.0,-3.7,0.0,0.0,-3.7,-1.37,Close entry(s) order TEST,TEST,1
2561,LONG,2023-06-21,266.3,1.0,2023-06-22,268.3,1.0,2.0,0.0,0.0,2.0,0.75,Close entry(s) order TEST,TEST,1
2562,LONG,2023-06-23,268.1,1.0,2023-06-26,262.3,1.0,-5.8,0.0,0.0,-5.8,-2.16,Close entry(s) order TEST,TEST,1
2563,LONG,2023-06-27,263.0,1.0,2023-06-28,263.0,1.0,0.0,0.0,0.0,0.0,0.0,Close entry(s) order TEST,TEST,1
2564,LONG,2023-06-30,263.3,1.0,2023-07-03,262.0,1.0,-1.3,0.0,0.0,-1.3,-0.49,Close entry(s) order TEST,TEST,1
2565,LONG,2023-07-04,270.4,1.0,2023-07-05,267.5,1.0,-2.9,0.0,0.0,-2.9,-1.07,Close entry(s) order TEST,TEST,1
2566,LONG,2023-07-06,285.3,1.0,2023-07-07,286.9,1.0,1.6,0.0,0.0,1.6,0.56,Close entry(s) order TEST,TEST,1
2567,LONG,2023-07-10,295.3,1.0,2023-07-11,309.8,1.0,14.5,0.0,0.0,14.5,4.91,Close entry(s) order TEST,TEST,1
2568,LONG,2023-07-12,304.3,1.0,2023-07-13,303.0,1.0,-1.3,0.0,0.0,-1.3,-0.43,Close entry(s) order TEST,TEST,1
2569,LONG,2023-07-14,301.2,1.0,2023-07-17,304.5,1.0,3.3,0.0,0.0,3.3,1.1,Close entry(s) order TEST,TEST,1
2570,LONG,2023-07-18,311.0,1.0,2023-07-19,305.3,1.0,-5.7,0.0,0.0,-5.7,-1.83,Close entry(s) order TEST,TEST,1
2571,LONG,2023-07-20,322.5,1.0,2023-07-21,321.0,1.0,-1.5,0.0,0.0,-1.5,-0.47,Close entry(s) order TEST,TEST,1
2572,LONG,2023-07-24,321.0,1.0,2023-07-25,321.0,1.0,0.0,0.0,0.0,0.0,0.0,Close entry(s) order TEST,TEST,1
2573,LONG,2023-07-26,315.4,1.0,2023-07-27,312.5,1.0,-2.9,0.0,0.0,-2.9,-0.92,Close entry(s) order TEST,TEST,1
2574,LONG,2023-07-28,319.0,1.0,2023-07-31,317.8,1.0,-1.2,0.0,0.0,-1.2,-0.38,Close entry(s) order TEST,TEST,1
2575,LONG,2023-08-01,323.5,1.0,2023-08-02,326.6,1.0,3.1,0.0,0.0,3.1,0.96,Close entry(s) order TEST,TEST,1
2576,LONG,2023-08-03,326.1,1.0,2023-08-04,333.0,1.0,6.9,0.0,0.0,6.9,2.12,Close entry(s) order TEST,TEST,1
2577,LONG,2023-08-07,325.0,1.0,2023-08-08,325.6,1.0,0.6,0.0,0.0,0.6,0.18,Close entry(s) order TEST,TEST,1
2578,LONG,2023-08-09,335.5,1.0,2023-08-10,334.0,1.0,-1.5,0.0,0.0,-1.5,-0.45,Close entry(s) order TEST,TEST,1
2579,LONG,2023-08-11,336.6,1.0,2023-08-14,327.5,1.0,-9.1,0.0,0.0,-9.1,-2.7,Close entry(s) order TEST,TEST,1
2580,LONG,2023-08-16,325.0,1.0,2023-08-17,319.3,1.0,-5.7,0.0,0.0,-5.7,-1.75,Close entry(s) order TEST,TEST,1
2581,LONG,2023-08-18,316.6,1.0,2023-08-21,313.4,1.0,-3.2,0.0,0.0,-3.2,-1.01,Close entry(s) order TEST,TEST,1
2582,LONG,2023-08-22,318.0,1.0,2023-08-23,324.1,1.0,6.1,0.0,0.0,6.1,1.92,Close entry(s) order TEST,TEST,1
2583,LONG,2023-08-24,322.5,1.0,2023-08-25,323.4,1.0,0.9,0.0,0.0,0.9,0.28,Close entry(s) order TEST,TEST,1
2584,LONG,2023-08-28,318.0,1.0,2023-08-29,319.4,1.0,1.4,0.0,0.0,1.4,0.44,Close entry(s) order TEST,TEST,1
2585,LONG,2023-08-30,319.9,1.0,2023-08-31,336.8,1.0,16.9,0.0,0.0,16.9,5.28,Close entry(s) order TEST,TEST,1
2586,LONG,2023-09-01,328.6,1.0,2023-09-04,340.4,1.0,11.8,0.0,0.0,11.8,3.59,Close entry(s) order TEST,TEST,1
2587,LONG,2023-09-05,337.4,1.0,2023-09-06,334.8,1.0,-2.6,0.0,0.0,-2.6,-0.77,Close entry(s) order TEST,TEST,1
2588,LONG,2023-09-07,344.2,1.0,2023-09-08,356.0,1.0,11.8,0.0,0.0,11.8,3.43,Close entry(s) order TEST,TEST,1
2589,LONG,2023-09-11,383.8,1.0,2023-09-12,386.1,1.0,2.3,0.0,0.0,2.3,0.6,Close entry(s) order TEST,TEST,1
2590,LONG,2023-09-13,358.2,1.0,2023-09-14,362.0,1.0,3.8,0.0,0.0,3.8,1.06,Close entry(s) order TEST,TEST,1
2591,LONG,2023-09-15,386.0,1.0,2023-09-18,395.0,1.0,9.0,0.0,0.0,9.0,2.33,Close entry(s) order TEST,TEST,1
2592,LONG,2023-09-20,395.0,1.0,2023-09-21,397.4,1.0,2.4,0.0,0.0,2.4,0.61,Close entry(s) order TEST,TEST,1
2593,LONG,2023-09-22,395.4,1.0,2023-09-25,389.8,1.0,-5.6,0.0,0.0,-5.6,-1.42,Close entry(s) order TEST,TEST,1
2594,LONG,2023-09-26,400.0,1.0,2023-09-27,396.5,1.0,-3.5,0.0,0.0,-3.5,-0.88,Close entry(s) order TEST,TEST,1
2595,LONG,2023-09-28,398.0,1.0,2023-09-29,393.0,1.0,-5.0,0.0,0.0,-5.0,-1.26,Close entry(s) order TEST,TEST,1
2596,LONG,2023-10-03,394.4,1.0,2023-10-04,387.5,1.0,-6.9,0.0,0.0,-6.9,-1.75,Close entry(s) order TEST,TEST,1
2597,LONG,2023-10-05,381.5,1.0,2023-10-06,388.7,1.0,7.2,0.0,0.0,7.2,1.89,Close entry(s) order TEST,TEST,1
2598,LONG,2023-10-09,380.0,1.0,2023-10-10,384.1,1.0,4.1,0.0,0.0,4.1,1.08,Close entry(s) order TEST,TEST,1
2599,LONG,2023-10-11,392.0,1.0,2023-10-12,410.4,1.0,18.4,0.0,0.0,18.4,4.69,Close entry(s) order TEST,TEST,1
2600,LONG,2023-10-13,420.0,1.0,2023-10-16,440.5,1.0,20.5,0.0,0.0,20.5,4.88,Close entry(s) order TEST,TEST,1
2601,LONG,2023-10-17,448.0,1.0,2023-10-18,452.5,1.0,4.5,0.0,0.0,4.5,1.0,Close entry(s) order TEST,TEST,1
2602,LONG,2023-10-19,451.0,1.0,2023-10-20,440.7,1.0,-10.3,0.0,0.0,-10.3,-2.28,Close entry(s) order TEST,TEST,1
2603,LONG,2023-10-23,439.5,1.0,2023-10-25,415.0,1.0,-24.5,0.0,0.0,-24.5,-5.57,Close entry(s) order TEST,TEST,1
2604,LONG,2023-10-26,400.1,1.0,2023-10-27,402.9,1.0,2.8,0.0,0.0,2.8,0.7,Close entry(s) order TEST,TEST,1
2605,LONG,2023-10-30,407.0,1.0,2023-10-31,416.4,1.0,9.4,0.0,0.0,9.4,2.31,Close entry(s) order TEST,TEST,1
2606,LONG,2023-11-01,427.0,1.0,2023-11-02,436.0,1.0,9.0,0.0,0.0,9.0,2.11,Close entry(s) order TEST,TEST,1
2607,LONG,2023-11-03,438.0,1.0,2023-11-06,459.9,1.0,21.9,0.0,0.0,21.9,5.0,Close entry(s) order TEST,TEST,1
2608,LONG,2023-11-07,447.6,1.0,2023-11-08,454.8,1.0,7.2,0.0,0.0,7.2,1.61,Close entry(s) order TEST,TEST,1
2609,LONG,2023-11-09,480.0,1.0,2023-11-10,481.7,1.0,1.7,0.0,0.0,1.7,0.35,Close entry(s) order TEST,TEST,1
2610,LONG,2023-11-12,493.7,1.0,2023-11-13,531.0,1.0,37.3,0.0,0.0,37.3,7.56,Close entry(s) order TEST,TEST,1
2611,LONG,2023-11-15,530.2,1.0,2023-11-16,524.1,1.0,-6.1,0.0,0.0,-6.1,-1.15,Close entry(s) order TEST,TEST,1
2612,LONG,2023-11-17,548.7,1.0,2023-11-20,548.8,1.0,0.1,0.0,0.0,0.1,0.02,Close entry(s) order TEST,TEST,1
2613,LONG,2023-11-21,539.0,1.0,2023-11-22,552.8,1.0,13.8,0.0,0.0,13.8,2.56,Close entry(s) order TEST,TEST,1
2614,LONG,2023-11-23,542.4,1.0,2023-11-24,526.3,1.0,-16.1,0.0,0.0,-16.1,-2.97,Close entry(s) order TEST,TEST,1
2615,LONG,2023-11-28,525.8,1.0,2023-11-29,522.0,1.0,-3.8,0.0,0.0,-3.8,-0.72,Close entry(s) order TEST,TEST,1
2616,LONG,2023-11-30,528.0,1.0,2023-12-01,530.8,1.0,2.8,0.0,0.0,2.8,0.53,Close entry(s) order TEST,TEST,1
2617,LONG,2023-12-04,537.4,1.0,2023-12-05,534.7,1.0,-2.7,0.0,0.0,-2.7,-0.5,Close entry(s) order TEST,TEST,1
2618,LONG,2023-12-06,565.0,1.0,2023-12-07,554.9,1.0,-10.1,0.0,0.0,-10.1,-1.79,Close entry(s) order TEST,TEST,1
2619,LONG,2023-12-08,535.8,1.0,2023-12-11,541.1,1.0,5.3,0.0,0.0,5.3,0.99,Close entry(s) order TEST,TEST,1
2620,LONG,2023-12-12,531.0,1.0,2023-12-13,548.1,1.0,17.1,0.0,0.0,17.1,3.22,Close entry(s) order TEST,TEST,1
2621,LONG,2023-12-14,540.0,1.0,2023-12-15,535.8,1.0,-4.2,0.0,0.0,-4.2,-0.78,Close entry(s) order TEST,TEST,1
2622,LONG,2023-12-18,534.0,1.0,2023-12-19,534.0,1.0,0.0,0.0,0.0,0.0,0.0,Close entry(s) order TEST,TEST,1
2623,LONG,2023-12-20,542.3,1.0,2023-12-21,510.0,1.0,-32.3,0.0,0.0,-32.3,-5.96,Close entry(s) order TEST,TEST,1
2624,LONG,2023-12-22,519.0,1.0,2023-12-26,530.5,1.0,11.5,0.0,0.0,11.5,2.22,Close entry(s) order TEST,TEST,1
2625,LONG,2023-12-27,545.8,1.0,2023-12-28,552.0,1.0,6.2,0.0,0.0,6.2,1.14,Close entry(s) order TEST,TEST,1
2626,LONG,2023-12-29,542.0,1.0,2024-01-01,548.0,1.0,6.0,0.0,0.0,6.0,1.11,Close entry(s) order TEST,TEST,1
2627,LONG,2024-01-02,574.9,1.0,2024-01-03,566.5,1.0,-8.4,0.0,0.0,-8.4,-1.46,Close entry(s) order TEST,TEST,1
2628,LONG,2024-01-04,559.3,1.0,2024-01-05,558.5,1.0,-0.8,0.0,0.0,-0.8,-0.14,Close entry(s) order TEST,TEST,1
2629,LONG,2024-01-08,560.2,1.0,2024-01-09,563.5,1.0,3.3,0.0,0.0,3.3,0.59,Close entry(s) order TEST,TEST,1
2630,LONG,2024-01-10,537.3,1.0,2024-01-11,551.7,1.0,14.4,0.0,0.0,14.4,2.68,Close entry(s) order TEST,TEST,1
2631,LONG,2024-01-12,543.2,1.0,2024-01-15,535.0,1.0,-8.2,0.0,0.0,-8.2,-1.51,Close entry(s) order TEST,TEST,1
2632,LONG,2024-01-16,531.0,1.0,2024-01-17,539.0,1.0,8.0,0.0,0.0,8.0,1.51,Close entry(s) order TEST,TEST,1
2633,LONG,2024-01-18,585.0,1.0,2024-01-19,605.2,1.0,20.2,0.0,0.0,20.2,3.45,Close entry(s) order TEST,TEST,1
2634,LONG,2024-01-20,602.1,1.0,2024-01-23,593.0,1.0,-9.1,0.0,0.0,-9.1,-1.51,Close entry(s) order TEST,TEST,1
2635,LONG,2024-01-24,589.9,1.0,2024-01-25,591.0,1.0,1.1,0.0,0.0,1.1,0.19,Close entry(s) order TEST,TEST,1
2636,LONG,2024-01-29,585.0,1.0,2024-01-30,583.8,1.0,-1.2,0.0,0.0,-1.2,-0.21,Close entry(s) order TEST,TEST,1
2637,LONG,2024-01-31,585.2,1.0,2024-02-01,590.0,1.0,4.8,0.0,0.0,4.8,0.82,Close entry(s) order TEST,TEST,1
2638,LONG,2024-02-02,597.0,1.0,2024-02-05,590.0,1.0,-7.0,0.0,0.0,-7.0,-1.17,Close entry(s) order TEST,TEST,1
2639,LONG,2024-02-06,599.0,1.0,2024-02-07,605.2,1.0,6.2,0.0,0.0,6.2,1.04,Close entry(s) order TEST,TEST,1
2640,LONG,2024-02-08,590.7,1.0,2024-02-09,579.0,1.0,-11.7,0.0,0.0,-11.7,-1.98,Close entry(s) order TEST,TEST,1
2641,LONG,2024-02-12,560.1,1.0,2024-02-13,540.1,1.0,-20.0,0.0,0.0,-20.0,-3.57,Close entry(s) order TEST,TEST,1
2642,LONG,2024-02-14,540.0,1.0,2024-02-15,564.4,1.0,24.4,0.0,0.0,24.4,4.52,Close entry(s) order TEST,TEST,1
2643,LONG,2024-02-16,568.4,1.0,2024-02-19,548.4,1.0,-20.0,0.0,0.0,-20.0,-3.52,Close entry(s) order TEST,TEST,1
2644,LONG,2024-02-20,550.0,1.0,2024-02-21,542.2,1.0,-7.8,0.0,0.0,-7.8,-1.42,Close entry(s) order TEST,TEST,1
2645,LONG,2024-02-22,530.1,1.0,2024-02-23,544.8,1.0,14.7,0.0,0.0,14.7,2.77,Close entry(s) order TEST,TEST,1
2646,LONG,2024-02-26,562.0,1.0,2024-02-27,562.0,1.0,0.0,0.0,0.0,0.0,0.0,Close entry(s) order TEST,TEST,1
2647,LONG,2024-02-28,555.0,1.0,2024-02-29,525.0,1.0,-30.0,0.0,0.0,-30.0,-5.41,Close entry(s) order TEST,TEST,1
2648,LONG,2024-03-01,521.5,1.0,2024-03-02,534.8,1.0,13.3,0.0,0.0,13.3,2.55,Close entry(s) order TEST,TEST,1
2649,LONG,2024-03-04,543.0,1.0,2024-03-05,540.1,1.0,-2.9,0.0,0.0,-2.9,-0.53,Close entry(s) order TEST,TEST,1
2650,LONG,2024-03-06,537.3,1.0,2024-03-07,542.7,1.0,5.4,0.0,0.0,5.4,1.01,Close entry(s) order TEST,TEST,1
2651,LONG,2024-03-11,547.8,1.0,2024-03-12,542.0,1.0,-5.8,0.0,0.0,-5.8,-1.06,Close entry(s) order TEST,TEST,1
2652,LONG,2024-03-13,528.5,1.0,2024-03-14,480.1,1.0,-48.4,0.0,0.0,-48.4,-9.16,Close entry(s) order TEST,TEST,1
2653,LONG,2024-03-15,510.8,1.0,2024-03-18,512.1,1.0,1.3,0.0,0.0,1.3,0.25,Close entry(s) order TEST,TEST,1
2654,LONG,2024-03-19,518.8,1.0,2024-03-20,501.0,1.0,-17.8,0.0,0.0,-17.8,-3.43,Close entry(s) order TEST,TEST,1
2655,LONG,2024-03-21,514.2,1.0,2024-03-22,526.4,1.0,12.2,0.0,0.0,12.2,2.37,Close entry(s) order TEST,TEST,1
2656,LONG,2024-03-26,532.1,1.0,2024-03-27,527.0,1.0,-5.1,0.0,0.0,-5.1,-0.96,Close entry(s) order TEST,TEST,1
2657,LONG,2024-03-28,515.5,1.0,2024-04-01,528.0,1.0,12.5,0.0,0.0,12.5,2.42,Close entry(s) order TEST,TEST,1
2658,LONG,2024-04-02,558.0,1.0,2024-04-03,555.5,1.0,-2.5,0.0,0.0,-2.5,-0.45,Close entry(s) order TEST,TEST,1
2659,LONG,2024-04-04,562.3,1.0,2024-04-05,583.5,1.0,21.2,0.0,0.0,21.2,3.77,Close entry(s) order TEST,TEST,1
2660,LONG,2024-04-08,581.0,1.0,2024-04-09,582.7,1.0,1.7,0.0,0.0,1.7,0.29,Close entry(s) order TEST,TEST,1
2661,LONG,2024-04-10,574.0,1.0,2024-04-12,567.0,1.0,-7.0,0.0,0.0,-7.0,-1.22,Close entry(s) order TEST,TEST,1
2662,LONG,2024-04-15,540.0,1.0,2024-04-16,554.0,1.0,14.0,0.0,0.0,14.0,2.59,Close entry(s) order TEST,TEST,1
2663,LONG,2024-04-18,557.0,1.0,2024-04-19,532.0,1.0,-25.0,0.0,0.0,-25.0,-4.49,Close entry(s) order TEST,TEST,1
2664,LONG,2024-04-22,539.5,1.0,2024-04-23,558.8,1.0,19.3,0.0,0.0,19.3,3.58,Close entry(s) order TEST,TEST,1
2665,LONG,2024-04-24,575.0,1.0,2024-04-25,575.0,1.0,0.0,0.0,0.0,0.0,0.0,Close entry(s) order TEST,TEST,1
2666,LONG,2024-04-26,579.8,1.0,2024-04-29,579.0,1.0,-0.8,0.0,0.0,-0.8,-0.14,Close entry(s) order TEST,TEST,1
2667,LONG,2024-04-30,571.0,1.0,2024-05-02,565.0,1.0,-6.0,0.0,0.0,-6.0,-1.05,Close entry(s) order TEST,TEST,1
2668,LONG,2024-05-03,610.0,1.0,2024-05-06,604.9,1.0,-5.1,0.0,0.0,-5.1,-0.84,Close entry(s) order TEST,TEST,1
2669,LONG,2024-05-07,582.0,1.0,2024-05-08,581.0,1.0,-1.0,0.0,0.0,-1.0,-0.17,Close entry(s) order TEST,TEST,1
2670,LONG,2024-05-09,596.4,1.0,2024-05-10,562.3,1.0,-34.1,0.0,0.0,-34.1,-5.72,Close entry(s) order TEST,TEST,1
2671,LONG,2024-05-13,571.0,1.0,2024-05-14,585.0,1.0,14.0,0.0,0.0,14.0,2.45,Close entry(s) order TEST,TEST,1
2672,LONG,2024-05-15,598.0,1.0,2024-05-16,604.5,1.0,6.5,0.0,0.0,6.5,1.09,Close entry(s) order TEST,TEST,1
2673,LONG,2024-05-17,605.0,1.0,2024-05-18,614.2,1.0,9.2,0.0,0.0,9.2,1.52,Close entry(s) order TEST,TEST,1
2674,LONG,2024-05-21,631.0,1.0,2024-05-22,615.0,1.0,-16.0,0.0,0.0,-16.0,-2.54,Close entry(s) order TEST,TEST,1
2675,LONG,2024-05-23,605.0,1.0,2024-05-24,605.0,1.0,0.0,0.0,0.0,0.0,0.0,Close entry(s) order TEST,TEST,1
2676,LONG,2024-05-27,612.0,1.0,2024-05-28,610.9,1.0,-1.1,0.0,0.0,-1.1,-0.18,Close entry(s) order TEST,TEST,1
2677,LONG,2024-05-29,592.0,1.0,2024-05-30,599.9,1.0,7.9,0.0,0.0,7.9,1.33,Close entry(s) order TEST,TEST,1
2678,LONG,2024-05-31,575.1,1.0,2024-06-03,575.9,1.0,0.8,0.0,0.0,0.8,0.14,Close entry(s) order TEST,TEST,1
2679,LONG,2024-06-04,555.0,1.0,2024-06-05,489.3,1.0,-65.7,0.0,0.0,-65.7,-11.84,Close entry(s) order TEST,TEST,1
2680,LONG,2024-06-06,497.0,1.0,2024-06-07,517.2,1.0,20.2,0.0,0.0,20.2,4.06,Close entry(s) order TEST,TEST,1
2681,LONG,2024-06-10,535.0,1.0,2024-06-11,530.0,1.0,-5.0,0.0,0.0,-5.0,-0.93,Close entry(s) order TEST,TEST,1
2682,LONG,2024-06-12,527.0,1.0,2024-06-13,545.0,1.0,18.0,0.0,0.0,18.0,3.42,Close entry(s) order TEST,TEST,1
2683,LONG,2024-06-14,543.8,1.0,2024-06-18,543.0,1.0,-0.8,0.0,0.0,-0.8,-0.15,Close entry(s) order TEST,TEST,1
2684,LONG,2024-06-19,542.7,1.0,2024-06-20,528.0,1.0,-14.7,0.0,0.0,-14.7,-2.71,Close entry(s) order TEST,TEST,1
2685,LONG,2024-06-21,527.0,1.0,2024-06-24,520.0,1.0,-7.0,0.0,0.0,-7.0,-1.33,Close entry(s) order TEST,TEST,1
2686,LONG,2024-06-25,518.0,1.0,2024-06-26,541.8,1.0,23.8,0.0,0.0,23.8,4.59,Close entry(s) order TEST,TEST,1
2687,LONG,2024-06-27,564.9,1.0,2024-06-28,549.9,1.0,-15.0,0.0,0.0,-15.0,-2.66,Close entry(s) order TEST,TEST,1
2688,LONG,2024-07-01,549.0,1.0,2024-07-02,563.0,1.0,14.0,0.0,0.0,14.0,2.55,Close entry(s) order TEST,TEST,1
2689,LONG,2024-07-03,575.0,1.0,2024-07-04,596.5,1.0,21.5,0.0,0.0,21.5,3.74,Close entry(s) order TEST,TEST,1
2690,LONG,2024-07-05,605.1,1.0,2024-07-08,618.5,1.0,13.4,0.0,0.0,13.4,2.21,Close entry(s) order TEST,TEST,1
2691,LONG,2024-07-09,617.6,1.0,2024-07-10,650.5,1.0,32.9,0.0,0.0,32.9,5.33,Close entry(s) order TEST,TEST,1
2692,LONG,2024-07-11,653.0,1.0,2024-07-12,670.0,1.0,17.0,0.0,0.0,17.0,2.6,Close entry(s) order TEST,TEST,1
2693,LONG,2024-07-15,657.3,1.0,2024-07-16,637.0,1.0,-20.3,0.0,0.0,-20.3,-3.09,Close entry(s) order TEST,TEST,1
2694,LONG,2024-07-18,645.0,1.0,2024-07-19,658.2,1.0,13.2,0.0,0.0,13.2,2.05,Close entry(s) order TEST,TEST,1
2695,LONG,2024-07-22,634.0,1.0,2024-07-23,660.0,1.0,26.0,0.0,0.0,26.0,4.1,Close entry(s) order TEST,TEST,1
2696,LONG,2024-07-24,646.8,1.0,2024-07-25,662.0,1.0,15.2,0.0,0.0,15.2,2.35,Close entry(s) order TEST,TEST,1
2697,LONG,2024-07-26,642.0,1.0,2024-07-29,654.0,1.0,12.0,0.0,0.0,12.0,1.87,Close entry(s) order TEST,TEST,1
2698,LONG,2024-07-30,648.0,1.0,2024-07-31,647.9,1.0,-0.1,0.0,0.0,-0.1,-0.02,Close entry(s) order TEST,TEST,1
2699,LONG,2024-08-01,644.0,1.0,2024-08-02,635.0,1.0,-9.0,0.0,0.0,-9.0,-1.4,Close entry(s) order TEST,TEST,1
2700,LONG,2024-08-05,636.5,1.0,2024-08-06,636.0,1.0,-0.5,0.0,0.0,-0.5,-0.08,Close entry(s) order TEST,TEST,1
2701,LONG,2024-08-07,648.0,1.0,2024-08-08,636.0,1.0,-12.0,0.0,0.0,-12.0,-1.85,Close entry(s) order TEST,TEST,1
2702,LONG,2024-08-09,655.0,1.0,2024-08-12,645.0,1.0,-10.0,0.0,0.0,-10.0,-1.53,Close entry(s) order TEST,TEST,1
2703,LONG,2024-08-13,697.0,1.0,2024-08-14,675.0,1.0,-22.0,0.0,0.0,-22.0,-3.16,Close entry(s) order TEST,TEST,1
2704,LONG,2024-08-16,665.0,1.0,2024-08-19,712.0,1.0,47.0,0.0,0.0,47.0,7.07,Close entry(s) order TEST,TEST,1
2705,LONG,2024-08-20,719.0,1.0,2024-08-21,710.0,1.0,-9.0,0.0,0.0,-9.0,-1.25,Close entry(s) order TEST,TEST,1
2706,LONG,2024-08-22,720.0,1.0,2024-08-23,721.0,1.0,1.0,0.0,0.0,1.0,0.14,Close entry(s) order TEST,TEST,1
2707,LONG,2024-08-26,729.9,1.0,2024-08-27,735.0,1.0,5.1,0.0,0.0,5.1,0.7,Close entry(s) order TEST,TEST,1
2708,LONG,2024-08-28,717.5,1.0,2024-08-29,706.0,1.0,-11.5,0.0,0.0,-11.5,-1.6,Close entry(s) order TEST,TEST,1
2709,LONG,2024-08-30,709.3,1.0,2024-09-02,713.4,1.0,4.1,0.0,0.0,4.1,0.58,Close entry(s) order TEST,TEST,1
2710,LONG,2024-09-03,700.3,1.0,2024-09-04,695.6,1.0,-4.7,0.0,0.0,-4.7,-0.67,Close entry(s) order TEST,TEST,1
2711,LONG,2024-09-05,700.0,1.0,2024-09-06,704.0,1.0,4.0,0.0,0.0,4.0,0.57,Close entry(s) order TEST,TEST,1
2712,LONG,2024-09-09,681.0,1.0,2024-09-10,689.2,1.0,8.2,0.0,0.0,8.2,1.2,Close entry(s) order TEST,TEST,1
2713,LONG,2024-09-11,690.6,1.0,2024-09-12,686.0,1.0,-4.6,0.0,0.0,-4.6,-0.67,Close entry(s) order TEST,TEST,1
2714,LONG,2024-09-13,687.0,1.0,2024-09-16,688.9,1.0,1.9,0.0,0.0,1.9,0.28,Close entry(s) order TEST,TEST,1
2715,LONG,2024-09-17,680.0,1.0,2024-09-18,688.1,1.0,8.1,0.0,0.0,8.1,1.19,Close entry(s) order TEST,TEST,1
2716,LONG,2024-09-19,683.1,1.0,2024-09-20,660.0,1.0,-23.1,0.0,0.0,-23.1,-3.38,Close entry(s) order TEST,TEST,1
2717,LONG,2024-09-23,700.0,1.0,2024-09-24,685.0,1.0,-15.0,0.0,0.0,-15.0,-2.14,Close entry(s) order TEST,TEST,1
2718,LONG,2024-09-25,719.6,1.0,2024-09-26,715.8,1.0,-3.8,0.0,0.0,-3.8,-0.53,Close entry(s) order TEST,TEST,1
2719,LONG,2024-09-27,727.0,1.0,2024-09-30,743.4,1.0,16.4,0.0,0.0,16.4,2.26,Close entry(s) order TEST,TEST,1
2720,LONG,2024-10-01,767.0,1.0,2024-10-03,742.5,1.0,-24.5,0.0,0.0,-24.5,-3.19,Close entry(s) order TEST,TEST,1
2721,LONG,2024-10-04,736.0,1.0,2024-10-07,720.2,1.0,-15.8,0.0,0.0,-15.8,-2.15,Close entry(s) order TEST,TEST,1
2722,LONG,2024-10-08,674.0,1.0,2024-10-09,690.0,1.0,16.0,0.0,0.0,16.0,2.37,Close entry(s) order TEST,TEST,1
2723,LONG,2024-10-10,701.0,1.0,2024-10-11,693.0,1.0,-8.0,0.0,0.0,-8.0,-1.14,Close entry(s) order TEST,TEST,1
2724,LONG,2024-10-14,701.5,1.0,2024-10-15,715.0,1.0,13.5,0.0,0.0,13.5,1.92,Close entry(s) order TEST,TEST,1
2725,LONG,2024-10-16,710.2,1.0,2024-10-17,721.6,1.0,11.4,0.0,0.0,11.4,1.61,Close entry(s) order TEST,TEST,1
2726,LONG,2024-10-18,720.1,1.0,2024-10-21,715.6,1.0,-4.5,0.0,0.0,-4.5,-0.62,Close entry(s) order TEST,TEST,1
2727,LONG,2024-10-22,715.5,1.0,2024-10-23,668.0,1.0,-47.5,0.0,0.0,-47.5,-6.64,Close entry(s) order TEST,TEST,1
2728,LONG,2024-10-24,711.0,1.0,2024-10-25,717.6,1.0,6.6,0.0,0.0,6.6,0.93,Close entry(s) order TEST,TEST,1
2729,LONG,2024-10-28,690.0,1.0,2024-10-29,720.0,1.0,30.0,0.0,0.0,30.0,4.35,Close entry(s) order TEST,TEST,1
2730,LONG,2024-10-30,725.4,1.0,2024-10-31,721.5,1.0,-3.9,0.0,0.0,-3.9,-0.54,Close entry(s) order TEST,TEST,1
2731,LONG,2024-11-01,732.0,1.0,2024-11-04,745.0,1.0,13.0,0.0,0.0,13.0,1.78,Close entry(s) order TEST,TEST,1
2732,LONG,2024-11-05,731.7,1.0,2024-11-06,755.9,1.0,24.2,0.0,0.0,24.2,3.31,Close entry(s) order TEST,TEST,1
2733,LONG,2024-11-07,784.9,1.0,2024-11-08,799.0,1.0,14.1,0.0,0.0,14.1,1.8,Close entry(s) order TEST,TEST,1
2734,LONG,2024-11-11,727.7,1.0,2024-11-12,746.0,1.0,18.3,0.0,0.0,18.3,2.51,Close entry(s) order TEST,TEST,1
2735,LONG,2024-11-13,728.0,1.0,2024-11-14,689.0,1.0,-39.0,0.0,0.0,-39.0,-5.36,Close entry(s) order TEST,TEST,1
2736,LONG,2024-11-18,680.0,1.0,2024-11-19,680.0,1.0,0.0,0.0,0.0,0.0,0.0,Close entry(s) order TEST,TEST,1
2737,LONG,2024-11-21,682.7,1.0,2024-11-22,698.4,1.0,15.7,0.0,0.0,15.7,2.3,Close entry(s) order TEST,TEST,1
2738,LONG,2024-11-25,725.0,1.0,2024-11-26,743.0,1.0,18.0,0.0,0.0,18.0,2.48,Close entry(s) order TEST,TEST,1
2739,LONG,2024-11-27,750.5,1.0,2024-11-28,759.1,1.0,8.6,0.0,0.0,8.6,1.15,Close entry(s) order TEST,TEST,1
2740,LONG,2024-11-29,779.0,1.0,2024-12-02,780.0,1.0,1.0,0.0,0.0,1.0,0.13,Close entry(s) order TEST,TEST,1
2741,LONG,2024-12-03,789.0,1.0,2024-12-04,788.5,1.0,-0.5,0.0,0.0,-0.5,-0.06,Close entry(s) order TEST,TEST,1
2742,LONG,2024-12-05,791.5,1.0,2024-12-06,788.0,1.0,-3.5,0.0,0.0,-3.5,-0.44,Close entry(s) order TEST,TEST,1
2743,LONG,2024-12-09,812.9,1.0,2024-12-10,802.0,1.0,-10.9,0.0,0.0,-10.9,-1.34,Close entry(s) order TEST,TEST,1
2744,LONG,2024-12-11,797.5,1.0,2024-12-12,804.0,1.0,6.5,0.0,0.0,6.5,0.82,Close entry(s) order TEST,TEST,1
2745,LONG,2024-12-13,797.4,1.0,2024-12-16,782.1,1.0,-15.3,0.0,0.0,-15.3,-1.92,Close entry(s) order TEST,TEST,1
2746,LONG,2024-12-17,802.0,1.0,2024-12-18,791.0,1.0,-11.0,0.0,0.0,-11.0,-1.37,Close entry(s) order TEST,TEST,1
2747,LONG,2024-12-19,800.0,1.0,2024-12-20,777.9,1.0,-22.1,0.0,0.0,-22.1,-2.76,Close entry(s) order TEST,TEST,1
2748,LONG,2024-12-23,771.6,1.0,2024-12-24,769.0,1.0,-2.6,0.0,0.0,-2.6,-0.34,Close entry(s) order TEST,TEST,1
2749,LONG,2024-12-26,799.0,1.0,2024-12-27,793.5,1.0,-5.5,0.0,0.0,-5.5,-0.69,Close entry(s) order TEST,TEST,1
2750,LONG,2024-12-30,810.2,1.0,2024-12-31,802.7,1.0,-7.5,0.0,0.0,-7.5,-0.93,Close entry(s) order TEST,TEST,1
2751,LONG,2025-01-01,813.0,1.0,2025-01-02,811.0,1.0,-2.0,0.0,0.0,-2.0,-0.25,Close entry(s) order TEST,TEST,1
2752,LONG,2025-01-03,820.0,1.0,2025-01-06,817.0,1.0,-3.0,0.0,0.0,-3.0,-0.37,Close entry(s) order TEST,TEST,1
2753,LONG,2025-01-07,778.8,1.0,2025-01-08,795.0,1.0,16.2,0.0,0.0,16.2,2.08,Close entry(s) order TEST,TEST,1
2754,LONG,2025-01-09,789.8,1.0,2025-01-10,771.6,1.0,-18.2,0.0,0.0,-18.2,-2.3,Close entry(s) order TEST,TEST,1
2755,LONG,2025-01-13,751.0,1.0,2025-01-14,720.0,1.0,-31.0,0.0,0.0,-31.0,-4.13,Close entry(s) order TEST,TEST,1
2756,LONG,2025-01-15,745.0,1.0,2025-01-16,761.8,1.0,16.8,0.0,0.0,16.8,2.26,Close entry(s) order TEST,TEST,1
2757,LONG,2025-01-17,768.0,1.0,2025-01-20,791.5,1.0,23.5,0.0,0.0,23.5,3.06,Close entry(s) order TEST,TEST,1
2758,LONG,2025-01-21,798.5,1.0,2025-01-22,792.0,1.0,-6.5,0.0,0.0,-6.5,-0.81,Close entry(s) order TEST,TEST,1
2759,LONG,2025-01-23,773.6,1.0,2025-01-24,800.6,1.0,27.0,0.0,0.0,27.0,3.49,Close entry(s) order TEST,TEST,1
2760,LONG,2025-01-27,771.0,1.0,2025-01-28,735.0,1.0,-36.0,0.0,0.0,-36.0,-4.67,Close entry(s) order TEST,TEST,1
2761,LONG,2025-01-29,717.7,1.0,2025-01-30,743.0,1.0,25.3,0.0,0.0,25.3,3.53,Close entry(s) order TEST,TEST,1
2762,LONG,2025-01-31,730.1,1.0,2025-02-01,742.0,1.0,11.9,0.0,0.0,11.9,1.63,Close entry(s) order TEST,TEST,1
2763,LONG,2025-02-03,730.3,1.0,2025-02-04,734.0,1.0,3.7,0.0,0.0,3.7,0.51,Close entry(s) order TEST,TEST,1
2764,LONG,2025-02-05,724.0,1.0,2025-02-06,740.0,1.0,16.0,0.0,0.0,16.0,2.21,Close entry(s) order TEST,TEST,1
2765,LONG,2025-02-07,743.0,1.0,2025-02-10,787.0,1.0,44.0,0.0,0.0,44.0,5.92,Close entry(s) order TEST,TEST,1
2766,LONG,2025-02-11,766.4,1.0,2025-02-12,778.4,1.0,12.0,0.0,0.0,12.0,1.57,Close entry(s) order TEST,TEST,1
2767,LONG,2025-02-13,779.0,1.0,2025-02-14,800.0,1.0,21.0,0.0,0.0,21.0,2.7,Close entry(s) order TEST,TEST,1
2768,LONG,2025-02-17,737.5,1.0,2025-02-18,736.5,1.0,-1.0,0.0,0.0,-1.0,-0.14,Close entry(s) order TEST,TEST,1
2769,LONG,2025-02-19,710.6,1.0,2025-02-20,726.0,1.0,15.4,0.0,0.0,15.4,2.17,Close entry(s) order TEST,TEST,1
2770,LONG,2025-02-21,768.6,1.0,2025-02-24,767.3,1.0,-1.3,0.0,0.0,-1.3,-0.17,Close entry(s) order TEST,TEST,1
2771,LONG,2025-02-25,760.0,1.0,2025-02-27,762.0,1.0,2.0,0.0,0.0,2.0,0.26,Close entry(s) order TEST,TEST,1
2772,LONG,2025-02-28,747.2,1.0,2025-03-03,738.0,1.0,-9.2,0.0,0.0,-9.2,-1.23,Close entry(s) order TEST,TEST,1
2773,LONG,2025-03-04,685.0,1.0,2025-03-05,735.0,1.0,50.0,0.0,0.0,50.0,7.3,Close entry(s) order TEST,TEST,1
2774,LONG,2025-03-06,758.5,1.0,2025-03-07,785.0,1.0,26.5,0.0,0.0,26.5,3.49,Close entry(s) order TEST,TEST,1
2775,LONG,2025-03-10,796.0,1.0,2025-03-11,790.0,1.0,-6.0,0.0,0.0,-6.0,-0.75,Close entry(s) order TEST,TEST,1
2776,LONG,2025-03-12,822.0,1.0,2025-03-13,822.0,1.0,0.0,0.0,0.0,0.0,0.0,Close entry(s) order TEST,TEST,1
2777,LONG,2025-03-17,825.6,1.0,2025-03-18,813.5,1.0,-12.1,0.0,0.0,-12.1,-1.47,Close entry(s) order TEST,TEST,1
2778,LONG,2025-03-19,816.3,1.0,2025-03-20,814.4,1.0,-1.9,0.0,0.0,-1.9,-0.23,Close entry(s) order TEST,TEST,1
2779,LONG,2025-03-21,875.5,1.0,2025-03-24,885.0,1.0,9.5,0.0,0.0,9.5,1.09,Close entry(s) order TEST,TEST,1
2780,LONG,2025-03-25,872.9,1.0,2025-03-26,828.1,1.0,-44.8,0.0,0.0,-44.8,-5.13,Close entry(s) order TEST,TEST,1
2781,LONG,2025-03-27,826.9,1.0,2025-03-28,875.3,1.0,48.4,0.0,0.0,48.4,5.85,Close entry(s) order TEST,TEST,1
2782,LONG,2025-04-01,861.0,1.0,2025-04-02,850.2,1.0,-10.8,0.0,0.0,-10.8,-1.25,Close entry(s) order TEST,TEST,1
2783,LONG,2025-04-03,844.5,1.0,2025-04-04,855.0,1.0,10.5,0.0,0.0,10.5,1.24,Close entry(s) order TEST,TEST,1
2784,LONG,2025-04-07,664.3,1.0,2025-04-08,796.3,1.0,132.0,0.0,0.0,132.0,19.87,Close entry(s) order TEST,TEST,1
2785,LONG,2025-04-09,768.8,1.0,2025-04-11,770.0,1.0,1.2,0.0,0.0,1.2,0.16,Close entry(s) order TEST,TEST,1
2786,LONG,2025-04-15,764.9,1.0,2025-04-16,778.8,1.0,13.9,0.0,0.0,13.9,1.82,Close entry(s) order TEST,TEST,1
2787,LONG,2025-04-17,792.9,1.0,2025-04-21,779.9,1.0,-13.0,0.0,0.0,-13.0,-1.64,Close entry(s) order TEST,TEST,1
2788,LONG,2025-04-22,787.0,1.0,2025-04-23,780.0,1.0,-7.0,0.0,0.0,-7.0,-0.89,Close entry(s) order TEST,TEST,1
2789,LONG,2025-04-24,774.1,1.0,2025-04-25,789.5,1.0,15.4,0.0,0.0,15.4,1.99,Close entry(s) order TEST,TEST,1
2790,LONG,2025-04-28,756.8,1.0,2025-04-29,778.0,1.0,21.2,0.0,0.0,21.2,2.8,Close entry(s) order TEST,TEST,1
2791,LONG,2025-04-30,770.0,1.0,2025-05-02,774.9,1.0,4.9,0.0,0.0,4.9,0.64,Close entry(s) order TEST,TEST,1
2792,LONG,2025-05-05,760.8,1.0,2025-05-06,767.6,1.0,6.8,0.0,0.0,6.8,0.89,Close entry(s) order TEST,TEST,1
2793,LONG,2025-05-07,755.1,1.0,2025-05-08,766.0,1.0,10.9,0.0,0.0,10.9,1.44,Close entry(s) order TEST,TEST,1
2794,LONG,2025-05-09,725.0,1.0,2025-05-12,751.0,1.0,26.0,0.0,0.0,26.0,3.59,Close entry(s) order TEST,TEST,1
2795,LONG,2025-05-13,760.3,1.0,2025-05-14,767.0,1.0,6.7,0.0,0.0,6.7,0.88,Close entry(s) order TEST,TEST,1
2796,LONG,2025-05-15,775.0,1.0,2025-05-16,789.0,1.0,14.0,0.0,0.0,14.0,1.81,Close entry(s) order TEST,TEST,1
2797,LONG,2025-05-19,777.0,1.0,2025-05-20,792.5,1.0,15.5,0.0,0.0,15.5,1.99,Close entry(s) order TEST,TEST,1
2798,LONG,2025-05-21,779.0,1.0,2025-05-22,771.0,1.0,-8.0,0.0,0.0,-8.0,-1.03,Close entry(s) order TEST,TEST,1
2799,LONG,2025-05-23,761.1,1.0,2025-05-26,762.1,1.0,1.0,0.0,0.0,1.0,0.13,Close entry(s) order TEST,TEST,1
2800,LONG,2025-05-27,776.5,1.0,2025-05-28,790.5,1.0,14.0,0.0,0.0,14.0,1.8,Close entry(s) order TEST,TEST,1
2801,LONG,2025-05-29,833.0,1.0,2025-05-30,896.0,1.0,63.0,0.0,0.0,63.0,7.56,Close entry(s) order TEST,TEST,1
2802,LONG,2025-06-02,930.0,1.0,2025-06-03,935.0,1.0,5.0,0.0,0.0,5.0,0.54,Close entry(s) order TEST,TEST,1
2803,LONG,2025-06-04,920.0,1.0,2025-06-05,922.0,1.0,2.0,0.0,0.0,2.0,0.22,Close entry(s) order TEST,TEST,1
2804,LONG,2025-06-06,965.0,1.0,2025-06-09,967.0,1.0,2.0,0.0,0.0,2.0,0.21,Close entry(s) order TEST,TEST,1
2805,LONG,2025-06-10,959.1,1.0,2025-06-11,965.0,1.0,5.9,0.0,0.0,5.9,0.62,Close entry(s) order TEST,TEST,1
2806,LONG,2025-06-12,957.8,1.0,2025-06-13,906.4,1.0,-51.4,0.0,0.0,-51.4,-5.37,Close entry(s) order TEST,TEST,1
2807,LONG,2025-06-16,909.8,1.0,2025-06-17,918.0,1.0,8.2,0.0,0.0,8.2,0.9,Close entry(s) order TEST,TEST,1
2808,LONG,2025-06-18,914.0,1.0,2025-06-19,919.0,1.0,5.0,0.0,0.0,5.0,0.55,Close entry(s) order TEST,TEST,1
2809,LONG,2025-06-20,887.0,1.0,2025-06-23,907.0,1.0,20.0,0.0,0.0,20.0,2.25,Close entry(s) order TEST,TEST,1
2810,LONG,2025-06-24,895.9,1.0,2025-06-25,922.0,1.0,26.1,0.0,0.0,26.1,2.91,Close entry(s) order TEST,TEST,1
2811,LONG,2025-06-26,940.0,1.0,2025-06-27,942.5,1.0,2.5,0.0,0.0,2.5,0.27,Close entry(s) order TEST,TEST,1
2812,LONG,2025-06-30,943.3,1.0,2025-07-01,932.0,1.0,-11.3,0.0,0.0,-11.3,-1.2,Close entry(s) order TEST,TEST,1
2813,LONG,2025-07-02,919.0,1.0,2025-07-03,942.0,1.0,23.0,0.0,0.0,23.0,2.5,Close entry(s) order TEST,TEST,1
2814,LONG,2025-07-04,925.0,1.0,2025-07-07,930.0,1.0,5.0,0.0,0.0,5.0,0.54,Close entry(s) order TEST,TEST,1
2815,LONG,2025-07-08,926.0,1.0,2025-07-09,919.9,1.0,-6.1,0.0,0.0,-6.1,-0.66,Close entry(s) order TEST,TEST,1
2816,LONG,2025-07-10,943.5,1.0,2025-07-11,934.0,1.0,-9.5,0.0,0.0,-9.5,-1.01,Close entry(s) order TEST,TEST,1
2817,LONG,2025-07-14,912.0,1.0,2025-07-15,920.0,1.0,8.0,0.0,0.0,8.0,0.88,Close entry(s) order TEST,TEST,1
2818,LONG,2025-07-16,908.0,1.0,2025-07-17,909.4,1.0,1.4,0.0,0.0,1.4,0.15,Close entry(s) order TEST,TEST,1
2819,LONG,2025-07-18,935.0,1.0,2025-07-21,918.9,1.0,-16.1,0.0,0.0,-16.1,-1.72,Close entry(s) order TEST,TEST,1
2820,LONG,2025-07-22,934.9,1.0,2025-07-23,920.0,1.0,-14.9,0.0,0.0,-14.9,-1.59,Close entry(s) order TEST,TEST,1
2821,LONG,2025-07-24,923.0,1.0,2025-07-25,904.5,1.0,-18.5,0.0,0.0,-18.5,-2.0,Close entry(s) order TEST,TEST,1
2822,LONG,2025-07-28,887.7,1.0,2025-07-29,863.0,1.0,-24.7,0.0,0.0,-24.7,-2.78,Close entry(s) order TEST,TEST,1
2823,LONG,2025-07-30,925.0,1.0,2025-07-31,922.8,1.0,-2.2,0.0,0.0,-2.2,-0.24,Close entry(s) order TEST,TEST,1
2824,LONG,2025-08-01,929.7,1.0,2025-08-04,900.7,1.0,-29.0,0.0,0.0,-29.0,-3.12,Close entry(s) order TEST,TEST,1
2825,LONG,2025-08-05,893.0,1.0,2025-08-06,880.2,1.0,-12.8,0.0,0.0,-12.8,-1.43,Close entry(s) order TEST,TEST,1
2826,LONG,2025-08-07,870.0,1.0,2025-08-08,876.0,1.0,6.0,0.0,0.0,6.0,0.69,Close entry(s) order TEST,TEST,1
2827,LONG,2025-08-11,866.6,1.0,2025-08-12,870.0,1.0,3.4,0.0,0.0,3.4,0.39,Close entry(s) order TEST,TEST,1
2828,LONG,2025-08-13,885.0,1.0,2025-08-14,888.2,1.0,3.2,0.0,0.0,3.2,0.36,Close entry(s) order TEST,TEST,1
2829,LONG,2025-08-18,884.0,1.0,2025-08-19,884.0,1.0,0.0,0.0,0.0,0.0,0.0,Close entry(s) order TEST,TEST,1
2830,LONG,2025-08-20,886.0,1.0,2025-08-21,876.0,1.0,-10.0,0.0,0.0,-10.0,-1.13,Close entry(s) order TEST,TEST,1
2831,LONG,2025-08-22,895.0,1.0,2025-08-25,900.0,1.0,5.0,0.0,0.0,5.0,0.56,Close entry(s) order TEST,TEST,1
2832,LONG,2025-08-26,880.0,1.0,2025-08-28,865.2,1.0,-14.8,0.0,0.0,-14.8,-1.68,Close entry(s) order TEST,TEST,1
2833,LONG,2025-08-29,873.5,1.0,2025-09-01,837.0,1.0,-36.5,0.0,0.0,-36.5,-4.18,Close entry(s) order TEST,TEST,1
2834,LONG,2025-09-02,847.0,1.0,2025-09-03,822.6,1.0,-24.4,0.0,0.0,-24.4,-2.88,Close entry(s) order TEST,TEST,1
2835,LONG,2025-09-04,860.0,1.0,2025-09-05,842.1,1.0,-17.9,0.0,0.0,-17.9,-2.08,Close entry(s) order TEST,TEST,1
2836,LONG,2025-09-08,853.4,1.0,2025-09-09,859.5,1.0,6.1,0.0,0.0,6.1,0.71,Close entry(s) order TEST,TEST,1
2837,LONG,2025-09-10,890.0,1.0,2025-09-11,884.0,1.0,-6.0,0.0,0.0,-6.0,-0.67,Close entry(s) order TEST,TEST,1
2838,LONG,2025-09-12,873.9,1.0,2025-09-15,879.8,1.0,5.9,0.0,0.0,5.9,0.68,Close entry(s) order TEST,TEST,1
2839,LONG,2025-09-16,925.0,1.0,2025-09-17,908.0,1.0,-17.0,0.0,0.0,-17.0,-1.84,Close entry(s) order TEST,TEST,1
2840,LONG,2025-09-18,897.5,1.0,2025-09-19,898.0,1.0,0.5,0.0,0.0,0.5,0.06,Close entry(s) order TEST,TEST,1
2841,LONG,2025-09-22,905.9,1.0,2025-09-23,889.3,1.0,-16.6,0.0,0.0,-16.6,-1.83,Close entry(s) order TEST,TEST,1
2842,LONG,2025-09-24,880.0,1.0,2025-09-25,879.7,1.0,-0.3,0.0,0.0,-0.3,-0.03,Close entry(s) order TEST,TEST,1
2843,LONG,2025-09-26,865.2,1.0,2025-09-29,860.9,1.0,-4.3,0.0,0.0,-4.3,-0.5,Close entry(s) order TEST,TEST,1
2844,LONG,2025-09-30,847.0,1.0,2025-10-01,851.4,1.0,4.4,0.0,0.0,4.4,0.52,Close entry(s) order TEST,TEST,1
2845,LONG,2025-10-03,852.7,1.0,2025-10-06,863.6,1.0,10.9,0.0,0.0,10.9,1.28,Close entry(s) order TEST,TEST,1
2846,LONG,2025-10-07,852.0,1.0,2025-10-08,870.0,1.0,18.0,0.0,0.0,18.0,2.11,Close entry(s) order TEST,TEST,1
2847,LONG,2025-10-09,861.3,1.0,2025-10-10,858.5,1.0,-2.8,0.0,0.0,-2.8,-0.33,Close entry(s) order TEST,TEST,1
2848,LONG,2025-10-13,836.0,1.0,2025-10-14,853.1,1.0,17.1,0.0,0.0,17.1,2.05,Close entry(s) order TEST,TEST,1
2849,LONG,2025-10-15,825.0,1.0,2025-10-16,830.0,1.0,5.0,0.0,0.0,5.0,0.61,Close entry(s) order TEST,TEST,1
2850,LONG,2025-10-17,840.0,1.0,2025-10-20,835.0,1.0,-5.0,0.0,0.0,-5.0,-0.6,Close entry(s) order TEST,TEST,1
2851,LONG,2025-10-21,840.0,1.0,2025-10-23,860.0,1.0,20.0,0.0,0.0,20.0,2.38,Close entry(s) order TEST,TEST,1
2852,LONG,2025-10-24,845.0,1.0,2025-10-27,841.2,1.0,-3.8,0.0,0.0,-3.8,-0.45,Close entry(s) order TEST,TEST,1
2853,LONG,2025-10-28,875.0,1.0,2025-10-29,891.0,1.0,16.0,0.0,0.0,16.0,1.83,Close entry(s) order TEST,TEST,1
2854,LONG,2025-10-30,915.0,1.0,2025-10-31,945.0,1.0,30.0,0.0,0.0,30.0,3.28,Close entry(s) order TEST,TEST,1
2855,LONG,2025-11-03,970.0,1.0,2025-11-04,940.4,1.0,-29.6,0.0,0.0,-29.6,-3.05,Close entry(s) order TEST,TEST,1
2856,LONG,2025-11-06,910.0,1.0,2025-11-07,898.2,1.0,-11.8,0.0,0.0,-11.8,-1.3,Close entry(s) order TEST,TEST,1
2857,LONG,2025-11-10,912.0,1.0,2025-11-11,912.0,1.0,0.0,0.0,0.0,0.0,0.0,Close entry(s) order TEST,TEST,1
2858,LONG,2025-11-12,920.0,1.0,2025-11-13,925.0,1.0,5.0,0.0,0.0,5.0,0.54,Close entry(s) order TEST,TEST,1
2859,LONG,2025-11-14,925.0,1.0,2025-11-17,927.7,1.0,2.7,0.0,0.0,2.7,0.29,Close entry(s) order TEST,TEST,1
2860,LONG,2025-11-18,911.9,1.0,2025-11-19,908.5,1.0,-3.4,0.0,0.0,-3.4,-0.37,Close entry(s) order TEST,TEST,1
2861,LONG,2025-11-20,890.5,1.0,2025-11-21,880.0,1.0,-10.5,0.0,0.0,-10.5,-1.18,Close entry(s) order TEST,TEST,1
2862,LONG,2025-11-24,868.7,1.0,2025-11-25,849.0,1.0,-19.7,0.0,0.0,-19.7,-2.27,Close entry(s) order TEST,TEST,1
2863,LONG,2025-11-26,866.0,1.0,2025-11-27,879.7,1.0,13.7,0.0,0.0,13.7,1.58,Close entry(s) order TEST,TEST,1
2864,LONG,2025-11-28,875.0,1.0,2025-12-01,857.0,1.0,-18.0,0.0,0.0,-18.0,-2.06,Close entry(s) order TEST,TEST,1
2865,LONG,2025-12-02,862.0,1.0,2025-12-03,845.5,1.0,-16.5,0.0,0.0,-16.5,-1.91,Close entry(s) order TEST,TEST,1
2866,LONG,2025-12-04,833.2,1.0,2025-12-05,830.0,1.0,-3.2,0.0,0.0,-3.2,-0.38,Close entry(s) order TEST,TEST,1
2867,LONG,2025-12-08,829.0,1.0,2025-12-09,805.0,1.0,-24.0,0.0,0.0,-24.0,-2.9,Close entry(s) order TEST,TEST,1
2868,LONG,2025-12-10,811.0,1.0,2025-12-11,800.1,1.0,-10.9,0.0,0.0,-10.9,-1.34,Close entry(s) order TEST,TEST,1
2869,LONG,2025-12-12,795.9,1.0,2025-12-15,795.4,1.0,-0.5,0.0,0.0,-0.5,-0.06,Close entry(s) order TEST,TEST,1
2870,LONG,2025-12-16,793.0,1.0,2025-12-17,806.0,1.0,13.0,0.0,0.0,13.0,1.64,Close entry(s) order TEST,TEST,1
2871,LONG,2025-12-18,789.5,1.0,2025-12-19,783.0,1.0,-6.5,0.0,0.0,-6.5,-0.82,Close entry(s) order TEST,TEST,1
2872,LONG,2025-12-22,796.4,1.0,2025-12-23,806.0,1.0,9.6,0.0,0.0,9.6,1.21,Close entry(s) order TEST,TEST,1
2873,LONG,2025-12-24,818.9,1.0,2025-12-26,812.5,1.0,-6.4,0.0,0.0,-6.4,-0.78,Close entry(s) order TEST,TEST,1
2874,LONG,2025-12-29,807.0,1.0,2025-12-30,826.9,1.0,19.9,0.0,0.0,19.9,2.47,Close entry(s) order TEST,TEST,1
2875,LONG,2025-12-31,792.0,1.0,2026-01-01,812.0,1.0,20.0,0.0,0.0,20.0,2.53,Close entry(s) order TEST,TEST,1
2876,LONG,2026-01-02,800.0,1.0,2026-01-05,817.8,1.0,17.8,0.0,0.0,17.8,2.23,Close entry(s) order TEST,TEST,1
2877,LONG,2026-01-06,805.0,1.0,2026-01-07,796.0,1.0,-9.0,0.0,0.0,-9.0,-1.12,Close entry(s) order TEST,TEST,1
2878,LONG,2026-01-08,794.5,1.0,2026-01-09,765.9,1.0,-28.6,0.0,0.0,-28.6,-3.6,Close entry(s) order TEST,TEST,1
2879,LONG,2026-01-12,757.1,1.0,2026-01-13,742.2,1.0,-14.9,0.0,0.0,-14.9,-1.97,Close entry(s) order TEST,TEST,1
2880,LONG,2026-01-14,740.7,1.0,2026-01-16,738.6,1.0,-2.1,0.0,0.0,-2.1,-0.28,Close entry(s) order TEST,TEST,1
2881,LONG,2026-01-19,736.9,1.0,2026-01-20,790.8,1.0,53.9,0.0,0.0,53.9,7.31,Close entry(s) order TEST,TEST,1
2882,LONG,2026-01-21,755.1,1.0,2026-01-22,756.1,1.0,1.0,0.0,0.0,1.0,0.13,Close entry(s) order TEST,TEST,1
2883,LONG,2026-01-23,759.8,1.0,2026-01-27,740.1,1.0,-19.7,0.0,0.0,-19.7,-2.59,Close entry(s) order TEST,TEST,1
2884,LONG,2026-01-28,728.8,1.0,2026-01-29,754.0,1.0,25.2,0.0,0.0,25.2,3.46,Close entry(s) order TEST,TEST,1
2885,LONG,2026-01-30,738.0,1.0,2026-02-01,725.0,1.0,-13.0,0.0,0.0,-13.0,-1.76,Close entry(s) order TEST,TEST,1
2886,LONG,2026-02-02,733.9,1.0,2026-02-03,800.0,1.0,66.1,0.0,0.0,66.1,9.01,Close entry(s) order TEST,TEST,1
2887,LONG,2026-02-04,808.0,1.0,2026-02-05,815.7,1.0,7.7,0.0,0.0,7.7,0.95,Close entry(s) order TEST,TEST,1
2888,LONG,2026-02-06,838.7,1.0,2026-02-09,837.5,1.0,-1.2,0.0,0.0,-1.2,-0.14,Close entry(s) order TEST,TEST,1
2889,LONG,2026-02-10,832.4,1.0,2026-02-11,834.2,1.0,1.8,0.0,0.0,1.8,0.22,Close entry(s) order TEST,TEST,1
2890,LONG,2026-02-12,834.2,1.0,2026-02-13,830.0,1.0,-4.2,0.0,0.0,-4.2,-0.5,Close entry(s) order TEST,TEST,1
2891,LONG,2026-02-16,802.6,1.0,2026-02-17,808.0,1.0,5.4,0.0,0.0,5.4,0.67,Close entry(s) order TEST,TEST,1
2892,LONG,2026-02-18,807.3,1.0,2026-02-19,809.2,1.0,1.9,0.0,0.0,1.9,0.24,Close entry(s) order TEST,TEST,1
2893,LONG,2026-02-20,785.2,1.0,2026-02-23,795.0,1.0,9.8,0.0,0.0,9.8,1.25,Close entry(s) order TEST,TEST,1
2894,LONG,2026-02-24,783.5,1.0,2026-02-25,776.4,1.0,-7.1,0.0,0.0,-7.1,-0.91,Close entry(s) order TEST,TEST,1
2895,LONG,2026-02-26,801.6,1.0,2026-02-27,828.0,1.0,26.4,0.0,0.0,26.4,3.29,Close entry(s) order TEST,TEST,1
2896,LONG,2026-03-02,780.0,1.0,2026-03-04,800.0,1.0,20.0,0.0,0.0,20.0,2.56,Close entry(s) order TEST,TEST,1
2897,LONG,2026-03-05,807.4,1.0,2026-03-06,816.0,1.0,8.6,0.0,0.0,8.6,1.07,Close entry(s) order TEST,TEST,1
2898,LONG,2026-03-09,800.0,1.0,2026-03-10,791.0,1.0,-9.0,0.0,0.0,-9.0,-1.12,Close entry(s) order TEST,TEST,1
2899,LONG,2026-03-11,820.5,1.0,2026-03-12,823.0,1.0,2.5,0.0,0.0,2.5,0.3,Close entry(s) order TEST,TEST,1
2900,LONG,2026-03-13,836.0,1.0,2026-03-16,800.0,1.0,-36.0,0.0,0.0,-36.0,-4.31,Close entry(s) order TEST,TEST,1
2901,LONG,2026-03-17,804.2,1.0,2026-03-18,815.0,1.0,10.8,0.0,0.0,10.8,1.34,Close entry(s) order TEST,TEST,1
2902,LONG,2026-03-19,810.0,1.0,2026-03-20,804.5,1.0,-5.5,0.0,0.0,-5.5,-0.68,Close entry(s) order TEST,TEST,1
2903,LONG,2026-03-23,800.0,1.0,2026-03-24,795.0,1.0,-5.0,0.0,0.0,-5.0,-0.62,Close entry(s) order TEST,TEST,1
2904,LONG,2026-03-25,815.0,1.0,2026-03-27,831.0,1.0,16.0,0.0,0.0,16.0,1.96,Close entry(s) order TEST,TEST,1
2905,LONG,2026-03-30,817.4,1.0,2026-04-01,825.8,1.0,8.4,0.0,0.0,8.4,1.03,Close entry(s) order TEST,TEST,1
2906,LONG,2026-04-02,819.9,1.0,2026-04-06,850.0,1.0,30.1,0.0,0.0,30.1,3.67,Close entry(s) order TEST,TEST,1
2907,LONG,2026-04-07,862.6,1.0,2026-04-08,910.0,1.0,47.4,0.0,0.0,47.4,5.5,Close entry(s) order TEST,TEST,1
2908,LONG,2026-04-09,920.0,1.0,2026-04-10,955.0,1.0,35.0,0.0,0.0,35.0,3.8,Close entry(s) order TEST,TEST,1
2909,LONG,2026-04-13,941.0,1.0,2026-04-15,1022.5,1.0,81.5,0.0,0.0,81.5,8.66,Close entry(s) order TEST,TEST,1
2910,LONG,2026-04-16,1065.0,1.0,2026-04-17,1080.0,1.0,15.0,0.0,0.0,15.0,1.41,Close entry(s) order TEST,TEST,1
2911,LONG,2026-04-20,1077.0,1.0,2026-04-21,1080.1,1.0,3.1,0.0,0.0,3.1,0.29,Close entry(s) order TEST,TEST,1
2912,LONG,2026-04-22,1112.0,1.0,2026-04-23,1130.0,1.0,18.0,0.0,0.0,18.0,1.62,Close entry(s) order TEST,TEST,1
2913,LONG,2026-04-24,1210.0,1.0,2026-04-27,1224.5,1.0,14.5,0.0,0.0,14.5,1.2,Close entry(s) order TEST,TEST,1
2914,LONG,2026-04-28,1225.0,1.0,2026-04-29,1240.0,1.0,15.0,0.0,0.0,15.0,1.22,Close entry(s) order TEST,TEST,1
2915,LONG,2026-04-30,1262.0,1.0,2026-05-04,1285.0,1.0,23.0,0.0,0.0,23.0,1.82,Close entry(s) order TEST,TEST,1
2916,LONG,2026-05-05,1238.0,1.0,2026-05-06,1261.9,1.0,23.9,0.0,0.0,23.9,1.93,Close entry(s) order TEST,TEST,1
2917,LONG,2026-05-07,1289.0,1.0,2026-05-08,1299.0,1.0,10.0,0.0,0.0,10.0,0.78,Close entry(s) order TEST,TEST,1
2918,LONG,2026-05-11,1288.0,1.0,2026-05-12,1330.9,1.0,42.9,0.0,0.0,42.9,3.33,Close entry(s) order TEST,TEST,1
2919,LONG,2026-05-13,1318.0,1.0,2026-05-14,1360.0,1.0,42.0,0.0,0.0,42.0,3.19,Close entry(s) order TEST,TEST,1
2920,LONG,2026-05-15,1374.8,1.0,2026-05-18,1309.0,1.0,-65.8,0.0,0.0,-65.8,-4.79,Close entry(s) order TEST,TEST,1
2921,LONG,2026-05-19,1300.1,1.0,2026-05-20,1278.2,1.0,-21.9,0.0,0.0,-21.9,-1.68,Close entry(s) order TEST,TEST,1
2922,LONG,2026-05-21,1320.0,1.0,2026-05-22,1281.9,1.0,-38.1,0.0,0.0,-38.1,-2.89,Close entry(s) order TEST,TEST,1
2923,LONG,2026-05-25,1284.9,1.0,2026-05-26,1294.9,1.0,10.0,0.0,0.0,10.0,0.78,Close entry(s) order TEST,TEST,1
2924,LONG,2026-05-27,1319.0,1.0,2026-05-29,1369.2,1.0,50.2,0.0,0.0,50.2,3.81,Close entry(s) order TEST,TEST,1
2925,LONG,2026-06-01,1380.1,1.0,2026-06-02,1373.1,1.0,-7.0,0.0,0.0,-7.0,-0.51,Close entry(s) order TEST,TEST,1
2926,LONG,2026-06-03,1385.1,1.0,2026-06-04,1418.5,1.0,33.4,0.0,0.0,33.4,2.41,Close entry(s) order TEST,TEST,1
2927,LONG,2026-06-05,1402.7,1.0,2026-06-08,1360.0,1.0,-42.7,0.0,0.0,-42.7,-3.04,Close entry(s) order TEST,TEST,1
2928,LONG,2026-06-09,1348.0,1.0,2026-06-10,1418.0,1.0,70.0,0.0,0.0,70.0,5.19,Close entry(s) order TEST,TEST,1
2929,LONG,2026-06-11,1370.0,1.0,2026-06-12,1400.0,1.0,30.0,0.0,0.0,30.0,2.19,Close entry(s) order TEST,TEST,1
2930,LONG,2026-06-15,1420.0,1.0,2026-06-16,1398.0,1.0,-22.0,0.0,0.0,-22.0,-1.55,Close entry(s) order TEST,TEST,1
2931,LONG,2026-06-17,1374.7,1.0,2026-06-18,1394.4,1.0,19.7,0.0,0.0,19.7,1.43,Close entry(s) order TEST,TEST,1
2932,LONG,2026-06-19,1389.0,1.0,2026-06-22,1426.3,1.0,37.3,0.0,0.0,37.3,2.69,Close entry(s) order TEST,TEST,1
2933,LONG,2026-06-23,1418.8,1.0,2026-06-24,1400.0,1.0,-18.8,0.0,0.0,-18.8,-1.33,Close entry(s) order TEST,TEST,1
2934,LONG,2026-06-25,1420.9,1.0,2026-06-29,1465.0,1.0,44.1,0.0,0.0,44.1,3.1,Close entry(s) order TEST,TEST,1
2935,LONG,2026-06-30,1520.0,1.0,2026-07-01,1530.1,1.0,10.1,0.0,0.0,10.1,0.66,Close entry(s) order TEST,TEST,1
2936,LONG,2026-07-02,1490.0,1.0,2026-07-03,1498.8,1.0,8.8,0.0,0.0,8.8,0.59,Close entry(s) order TEST,TEST,1
2937,LONG,2026-07-06,1425.0,1.0,2026-07-07,1544.9,1.0,119.9,0.0,0.0,119.9,8.41,Close entry(s) order TEST,TEST,1
2938,LONG,2026-07-08,1540.0,1.0,2026-07-09,1525.0,1.0,-15.0,0.0,0.0,-15.0,-0.97,Close entry(s) order TEST,TEST,1
2939,LONG,2026-07-10,1617.8,1.0,2026-07-13,1601.7,1.0,-16.1,0.0,0.0,-16.1,-1.0,Close entry(s) order TEST,TEST,1
2940,LONG,2026-07-14,1637.2,1.0,2026-07-15,1693.0,1.0,55.8,0.0,0.0,55.8,3.41,Close entry(s) order TEST,TEST,1
2941,LONG,2026-07-16,1694.0,1.0,2026-07-17,1695.0,1.0,1.0,0.0,0.0,1.0,0.06,Close entry(s) order TEST,TEST,1
2942,LONG,2026-07-20,1585.0,1.0,2026-07-21,1625.0,1.0,40.0,0.0,0.0,40.0,2.52,Close entry(s) order TEST,TEST,1
2943,LONG,2026-07-22,1632.6,1.0,2026-07-23,1611.8,1.0,-20.8,0.0,0.0,-20.8,-1.27,Close entry(s) order TEST,TEST,1
2944,LONG,2026-07-24,1596.8,1.0,2026-07-27,1665.0,1.0,68.2,0.0,0.0,68.2,4.27,Close entry(s) order TEST,TEST,1
2945,LONG,2026-07-28,1619.9,1.0,2026-07-29,1645.0,1.0,25.1,0.0,0.0,25.1,1.55,Close entry(s) order TEST,TEST,1
2946,LONG,2026-07-30,1700.0,1.0,2026-07-31,1668.4,1.0,-31.6,0.0,0.0,-31.6,-1.86,Close entry(s) order TEST,TEST,1
2947,LONG,2026-08-03,1672.0,1.0,2026-08-04,1706.0,1.0,34.0,0.0,0.0,34.0,2.03,Close entry(s) order TEST,TEST,1
2948,LONG,2026-08-05,1738.8,1.0,2026-08-06,1800.0,1.0,61.2,0.0,0.0,61.2,3.52,Close entry(s) order TEST,TEST,1
2949,LONG,2026-08-07,1821.8,1.0,2026-08-10,1848.1,1.0,26.3,0.0,0.0,26.3,1.44,Close entry(s) order TEST,TEST,1
2950,LONG,2026-08-11,1848.1,1.0,2026-08-12,1844.4,1.0,-3.7,0.0,0.0,-3.7,-0.2,Close entry(s) order TEST,TEST,1
2951,LONG,2026-08-13,1869.6,1.0,2026-08-14,1889.8,1.0,20.2,0.0,0.0,20.2,1.08,Close entry(s) order TEST,TEST,1
2952,LONG,2026-08-17,1873.3,1.0,2026-08-18,1886.6,1.0,13.3,0.0,0.0,13.3,0.71,Close entry(s) order TEST,TEST,1
2953,LONG,2026-08-19,1929.2,1.0,2026-08-20,1990.0,1.0,60.8,0.0,0.0,60.8,3.15,Close entry(s) order TEST,TEST,1
2954,LONG,2026-08-21,2175.0,1.0,2026-08-24,2290.0,1.0,115.0,0.0,0.0,115.0,5.29,Close entry(s) order TEST,TEST,1
